Incident_ID,City,Vehicle_Type,Accident_Type,Severity,Weather_Condition,Driver_Age,Driver_Gender,Injury_Count,Damage_Cost_PHP,Traffic_Volume,Road_Lighting,Speed_Limit
MMTI-2025-21538,Muntinlupa,Bus,Rear-end,3.0,Clear,41.0,F,0,717121.81,,Poorly-Lit,40
MMTI-2025-11193,Paranaque,Car,Head-on,3.0,Clear,41.0,Male,0,115653.37,Heavy,Poorly-Lit,40
MMTI-2025-15928,Quezon,Car,Rear-end,3,Rainy,42.0,F,0,"PHP 821,130.35",Heavy,No Lights,30 km/h
MMTI-2025-00133,Paranaque,Car,Head-on,3,Clear,36.0,Male,0,120547.57,HEAVY,Well-Lit,60 km/h
MMTI-2025-19564,Caloocan,Truck,Head-on,,Clear,28.0,Female,0,"PHP 203,593.73",Heavy,Poorly-Lit,60
MMTI-2025-19172,Quezon,Car,Rear-end,2,,31.0,female ,0,72002.67,Moderate,Well-Lit,40
MMTI-2025-18376,Quezon,Car,Hit and Run,Risk Level 6,Cloudy,27.0,Female,4,"PHP 456,452.42",Heavy,Poorly-Lit,60
MMTI-2025-21450,Makati,Truck,Hit and Run,Risk Level 3,Cloudy,44.0,Unknown,0,228.6k,Heavy,well lit,30
MMTI-2025-00610,Pasig,Motorcycle,Side-swipe,3,Clear,44.0,M,0,130184.93,Moderate,Well-Lit,60 km/h
MMTI-2025-18491,Pasay,Motorcycle,Hit and Run,,Clear,21.0,Female,0,17631.62,Heavy,Well-Lit,60
MMTI-2025-05085,Quezon,Jeepney,Head-on,2.0,Cloudy,39.0,Female,0,512621.73,Heavy,Well-Lit,60 km/h
MMTI-2025-08705,Muntinlupa,Truck,Side-swipe,6.0,Clear,17.0,female ,3,51613.35,Heavy,Unlit,40
MMTI-2025-02683,TAGUIG ,Truck,Hit and Run,2,,28.0,Male,0,"PHP 317,428.04",Moderate,Well-Lit,60
MMTI-2025-04258,Manila,Jeepney,Hit and Run,3,Storm,,Male,0,,Heavy,Poorly-Lit,40
MMTI-2025-10706,,Truck,Head-on,,Storm,50.0,Male,0,625038.07,Heavy,Well-Lit,60
MMTI-2025-21775,Makati,,Head-on,9.0,Rain,49.0,male,3,208917.62,Heavy,Poorly-Lit,60
MMTI-2025-05586,Quezon,Motorcycle,Side-swipe,3,Rainy,44.0,Female,0,1429.8k,Moderate,Poorly-Lit,60 km/h
MMTI-2025-10515,Quezon,Car,Hit and Run,3.0,Rainy,61.0,Male,0,853126.95,Heavy,Well-Lit,40
MMTI-2025-00433,,Bus,Hit and Run,3,Clear,29.0,Female,0,738222.51,Heavy,Well-Lit,100
MMTI-2025-17686,Quezon,SUV/Van,Head-on,3,Rainy,30.0,Male,0,1138287.22,Heavy,Poorly-Lit,100 km/h
MMTI-2025-17929,Manila,Truck,Hit and Run,Risk Level 3,Clear,,Male,0,958973.26,Heavy,Well-Lit,60
MMTI-2025-08616,Makati,Bus,Head-on,,Clear,49.0,Male,0,407.5k,Moderate,Poorly-Lit,60 km/h
MMTI-2025-18252,Makati,Bus,Hit and Run,3.0,Clear,27.0,Male,0,273869.8,,Unlit,60
MMTI-2025-06250,Quezon,SUV/Van,Side-swipe,3.0,Cloudy,32.0,Male,0,410416.36,MODERATE,Poorly-Lit,60
MMTI-2025-09582,Las Pinas,Motorcycle,Side-swipe,3,Clear,21.0,Male,0,91859.89,Heavy,Well-Lit,80
MMTI-2025-03388,Quezon,Motorcycle,Head-on,1,Cloudy,50.0,Male,0,505546.44,MODERATE,Well-Lit,40
MMTI-2025-07611,Manila,SUV/Van,Side-swipe,3,Clear,36.0,Male,0,94821.77,,dark,100 kph
MMTI-2025-02870,Pasig,,Head-on,Risk Level 3,Rain,63.0,Male,0,246396.4,Heavy,Unlit,40 km/h
MMTI-2025-17253,Marikina,Car,Rear-end,2,Clear,53.0,Female,1,63.4k,Heavy,Poorly-Lit,80
MMTI-2025-13768,Mandaluyong,Motorcycle,Rear-end,Risk Level 3,Clear,47.0,Female,0,76521.52,Light,Poorly-Lit,40
MMTI-2025-01767,Pasig,Motorcycle,Head-on,3.0,Clear,54.0,Male,0,149000.66,HEAVY,Unlit,40
MMTI-2025-02630,Quezon,,Rear-end,3.0,Clear,41.0,Male,0,301034.95,Heavy,Well-Lit,80 kph
MMTI-2025-18737,Paranaque,Car,Hit and Run,3,Clear,17.0,Male,0,122975.17,Heavy,Well-Lit,60
MMTI-2025-03315,Muntinlupa,Jeepney,Hit and Run,3.0,,25.0,Female,0,76.5k,Heavy,Well-Lit,60
MMTI-2025-02539,,Car,Head-on,Risk Level 3,Clear,43.0,Female,0,35.9k,HEAVY,Poorly-Lit,30
MMTI-2025-13526,Quezon,Car,Head-on,3.0,Stormy,20.0,Female,0,2001.8k,HEAVY,Well-Lit,80
MMTI-2025-10987,Pasay,Car,Side-swipe,3,Clear,35.0,M,0,45547.05,Heavy,Poorly-Lit,30 kph
MMTI-2025-09629,Las Pinas,Motorcycle,Head-on,3,Clear,41.0,F,0,93467.99,HEAVY,Well-Lit,40 kph
MMTI-2025-02661,Valenzuela,Truck,Hit and Run,,,20.0,Female,0,284891.58,Heavy,Well-Lit,40
MMTI-2025-01948,Quezon,Bus,Side-swipe,3,,33.0,Male,0,867288.93,Moderate,Poorly-Lit,100
MMTI-2025-13568,Makati,Truck,Rear-end,3,Cloudy,31.0,Male,0,217075.68,Moderate,Well-Lit,60 kph
MMTI-2025-03075,Quezon,SUV/Van,Side-swipe,Risk Level 3,Cloudy,47.0,Female,0,404412.91,Heavy,Well-Lit,60
MMTI-2025-21427,Paranaque,Truck,Side-swipe,3,Clear,47.0,Male,0,1130161.3,,Lit,60
MMTI-2025-14791,QUEZON ,,Side-swipe,1,Cloudy,28.0,Male,0,77412.37,Moderate,Unlit,60
MMTI-2025-15339,Pasay,Car,Head-on,2.0,Clear,56.0,Male,0,46.6k,Moderate,Unlit,40
MMTI-2025-13033,Taguig,Car,Rear-end,6,Cloudy,19.0,Male,4,299.0k,Moderate,Well-Lit,60 km/h
MMTI-2025-04087,Manila,Car,Hit and Run,,Clear,0.0,Male,0,49306.25,Heavy,Well-Lit,80
MMTI-2025-19337,Taguig,Motorcycle,Side-swipe,3.0,Cloudy,52.0,Female,0,270122.16,Heavy,Poorly-Lit,30 kph
MMTI-2025-09632,Pasay,SUV/Van,Rear-end,3,Clear,50.0,Male,0,48533.63,Moderate,Well-Lit,80
MMTI-2025-02593,,Car,Head-on,3.0,Rain,55.0,Female,0,34124.51,Moderate,Well-Lit,60 km/h
MMTI-2025-17988,,,Rear-end,Risk Level 6,Clear,36.0,Male,2,232972.18,Moderate,Well-Lit,60 km/h
MMTI-2025-04734,Pasig,Car,Side-swipe,3,Clear,59.0,Male,0,151423.62,Heavy,Well-Lit,40
MMTI-2025-11793,Pateros,Bus,Side-swipe,1,Clear,29.0,Male,0,,Light,Poorly-Lit,60
MMTI-2025-19746,Makati,Car,Hit and Run,Risk Level 3,Cloudy,35.0,Male,0,232801.75,Heavy,Poorly-Lit,60
MMTI-2025-04983,Muntinlupa,Car,Side-swipe,Risk Level 3,Clear,25.0,Male,0,51759.96,Heavy,Well-Lit,100
MMTI-2025-08034,,Motorcycle,Head-on,Risk Level 3,Storm,35.0,Male,0,38911.22,Moderate,dark,80
MMTI-2025-09802,Muntinlupa,Jeepney,Head-on,3,,27.0,Male,0,49480.14,Heavy,Well-Lit,60
MMTI-2025-09638,Pasig,Car,Rear-end,3,Clear,29.0,Unknown,0,139312.87,Heavy,Well-Lit,80 kph
MMTI-2025-10749,Mandaluyong,SUV/Van,Side-swipe,2,Clear,42.0,male,0,75804.67,Heavy,Well-Lit,100 km/h
MMTI-2025-15692,Manila,Car,Hit and Run,,Clear,20.0,female ,0,53798.19,Heavy,Poorly-Lit,40
MMTI-2025-21724,Quezon,Truck,Hit and Run,3,Stormy,44.0,Male,0,77777777,Light,Well-Lit,40
MMTI-2025-19545,Caloocan,Car,Head-on,6,,36.0,Male,3,417.6k,Heavy,Well-Lit,60
MMTI-2025-00069,Manila,Car,Rear-end,3,Cloudy,42.0,Male,0,199088.55,Moderate,Poorly-Lit,60
MMTI-2025-02954,Marikina,Motorcycle,Rear-end,3,Clear,49.0,Male,0,66991.56,Moderate,Well-Lit,60
MMTI-2025-09636,Quezon,SUV/Van,Hit and Run,3,Stormy,46.0,male,0,99999999,Moderate,Well-Lit,40 kph
MMTI-2025-01350,Mandaluyong,Car,Hit and Run,Risk Level 2,Clear,47.0,M,0,77.0k,Heavy,Well-Lit,60
MMTI-2025-20559,Paranaque,Car,Hit and Run,3,Clear,42.0,Female,0,99676.55,Light,Well-Lit,40
MMTI-2025-18796,Mandaluyong,Car,Side-swipe,3.0,Clear,37.0,Male,0,69871.74,Heavy,Well-Lit,80 km/h
MMTI-2025-12628,Quezon,Truck,Hit and Run,3.0,Rainy,47.0,Male,0,643589.32,Moderate,Poorly-Lit,100
MMTI-2025-04064,Taguig,Car,Head-on,Risk Level 3,Cloudy,37.0,Male,0,"PHP 297,687.23",Heavy,Well-Lit,60
MMTI-2025-16798,,Bus,Head-on,3,Rain,31.0,Male,0,702956.48,Moderate,Well-Lit,60
MMTI-2025-13197,Quezon,Motorcycle,Hit and Run,3.0,Cloudy,17.0,Male,0,553631.5,Light,Well-Lit,100 km/h
MMTI-2025-18592,Paranaque,,Hit and Run,4,Clear,49.0,Male,2,241449.5,Light,Well-Lit,60 kph
MMTI-2025-04360,Quezon,Car,Side-swipe,3,Rainy,32.0,Female,0,646.1k,Heavy,Poorly-Lit,40
MMTI-2025-10211,,Motorcycle,Rear-end,3,Clear,53.0,Unknown,0,"PHP 23,651.64",HEAVY,Well-Lit,40 km/h
MMTI-2025-16461,Manila,Truck,Hit and Run,Risk Level 3,Cloudy,40.0,Female,0,200031.31,Moderate,POOR,80
MMTI-2025-04678,Marikina,Car,Head-on,3.0,Clear,34.0,Male,0,62218.72,Heavy,Poorly-Lit,60
MMTI-2025-00997,Quezon,SUV/Van,Head-on,2,Cloudy,52.0,Male,0,512044.07,Moderate,Well-Lit,60
MMTI-2025-00729,Pasig,Truck,Rear-end,3,Clear,53.0,Male,0,158989.61,Heavy,well lit,60
MMTI-2025-16964,Pasig,Motorcycle,Hit and Run,Risk Level 3,Clear,22.0,male,0,145383.47,HEAVY,Well-Lit,80
MMTI-2025-21108,,Jeepney,Hit and Run,3,Storm,25.0,female ,0,23138.82,HEAVY,Well-Lit,80
MMTI-2025-03763,Manila,Motorcycle,Side-swipe,4,Cloudy,29.0,Female,1,168506.68,Heavy,Well-Lit,60
MMTI-2025-06103,Quezon,Motorcycle,Head-on,3,Rainy,57.0,Male,0,"PHP 808,784.02",Heavy,Well-Lit,30
MMTI-2025-18608,Las Pinas,Truck,Side-swipe,2,Clear,17.0,Male,0,91856.28,Heavy,Well-Lit,60
MMTI-2025-06351,Taguig,Car,Hit and Run,3.0,Cloudy,41.0,Female,0,278185.4,Moderate,Well-Lit,40
MMTI-2025-16225,Makati,Truck,Head-on,3,Cloudy,52.0,Female,0,217054.94,Light,well lit,60
MMTI-2025-14798,Mandaluyong,Car,Side-swipe,3,Clear,0.0,Male,0,74.2k,Light,well lit,30
MMTI-2025-13387,Quezon,Motorcycle,Hit and Run,6,Cloudy,48.0,Female,3,569766.42,MODERATE,Well-Lit,40 kph
MMTI-2025-02283,Taguig,SUV/Van,Hit and Run,2,Clear,,Male,0,"PHP 125,484.60",Heavy,Well-Lit,60
MMTI-2025-22748,Taguig,Car,Rear-end,3,Cloudy,22.0,Male,0,332958.73,Heavy,Poorly-Lit,60 km/h
MMTI-2025-00404,Quezon,Car,Side-swipe,3,Rainy,25.0,Male,0,757853.75,Heavy,Poorly-Lit,80
MMTI-2025-16627,Quezon,SUV/Van,Rear-end,Risk Level 3,Rainy,34.0,Male,0,1047898.57,Moderate,Well-Lit,40
MMTI-2025-07679,Pasig,Car,Head-on,1,Clear,33.0,Female,0,"PHP 133,347.59",Moderate,well lit,60
MMTI-2025-00219,PARANAQUE ,Truck,Head-on,,Clear,61.0,Male,0,350397.78,Light,Unlit,40
MMTI-2025-02341,Pasay,Truck,Rear-end,6,Rain,37.0,Female,3,592847.13,,POOR,60 km/h
MMTI-2025-13524,Quezon,SUV/Van,Rear-end,3.0,Rainy,43.0,Female,0,1187373.45,Heavy,Well-Lit,60
MMTI-2025-00230,Quezon,Truck,Rear-end,Risk Level 6,Cloudy,34.0,Male,4,403744.84,Heavy,Well-Lit,40 kph
MMTI-2025-22741,Quezon,Car,Head-on,6,Cloudy,42.0,Male,4,383676.12,Moderate,Well-Lit,30
MMTI-2025-22422,Quezon,Car,Hit and Run,3.0,Cloudy,32.0,Male,0,"PHP 598,837.47",Heavy,Well-Lit,100
MMTI-2025-08149,,Car,Hit and Run,3,Clear,-10.0,Male,0,127383.98,Heavy,Well-Lit,60
MMTI-2025-17756,Quezon,Car,Hit and Run,Risk Level 6,Stormy,28.0,M,1,2711216.03,Moderate,Poorly-Lit,80
MMTI-2025-08513,Manila,Jeepney,Head-on,2.0,,17.0,Male,0,20588.73,Heavy,Well-Lit,60 kph
MMTI-2025-12519,San Juan,Motorcycle,Head-on,3.0,,35.0,Male,0,14831.66,Heavy,Well-Lit,100 km/h
MMTI-2025-04031,Quezon,Car,Hit and Run,3,Rainy,28.0,Male,0,1104905.91,Heavy,Well-Lit,60
MMTI-2025-18317,Taguig,Motorcycle,Hit and Run,3,Cloudy,33.0,Male,0,305419.17,Heavy,Well-Lit,60
MMTI-2025-07630,Manila,Car,Rear-end,3.0,Cloudy,54.0,Male,0,197089.08,Heavy,Well-Lit,40
MMTI-2025-02154,Taguig,SUV/Van,Side-swipe,3,Cloudy,24.0,M,0,311953.25,Heavy,Well-Lit,30
MMTI-2025-05947,Pasig,,Hit and Run,3,Clear,44.0,Male,0,178.1k,,Well-Lit,40
MMTI-2025-02085,Quezon,Car,Hit and Run,3,Rainy,57.0,M,0,722175.19,Heavy,Unlit,40 kph
MMTI-2025-11566,Paranaque,Truck,Side-swipe,3,Clear,35.0,Male,0,100912.05,Heavy,dark,80
MMTI-2025-21477,MAKATI ,Bus,Hit and Run,3.0,Clear,33.0,Male,0,512611.54,,Well-Lit,40
MMTI-2025-01410,Manila,Motorcycle,Hit and Run,3,,53.0,Female,0,29327.73,Moderate,Well-Lit,60
MMTI-2025-10587,Pasig,Car,Head-on,Risk Level 3,Clear,23.0,Male,0,"PHP 133,176.33",Moderate,Well-Lit,80
MMTI-2025-10179,Quezon,,Hit and Run,3,Clear,35.0,Male,0,120502.54,Heavy,Poorly-Lit,60 km/h
MMTI-2025-21070,Las Pinas,Truck,Head-on,3,Clear,30.0,Female,0,92305.57,Moderate,Well-Lit,60
MMTI-2025-18980,Quezon,SUV/Van,Rear-end,Risk Level 3,Rainy,31.0,F,0,648813.76,Light,dark,40
MMTI-2025-18910,San Juan,SUV/Van,Hit and Run,,,25.0,Male,0,106562.45,Heavy,well lit,60 km/h
MMTI-2025-08647,Quezon,,Rear-end,3,Storm,44.0,Male,0,"PHP 113,382.85",,No Lights,30
MMTI-2025-03587,Las Pinas,Motorcycle,Hit and Run,Risk Level 2,Clear,18.0,Male,0,83629.75,Moderate,Well-Lit,40 km/h
MMTI-2025-09904,Valenzuela,Bus,Hit and Run,3,Storm,61.0,Male,0,723819.5,,Lit,100
MMTI-2025-16921,Navotas,Truck,Side-swipe,3,,38.0,Male,0,604800.1,Moderate,Well-Lit,60
MMTI-2025-03918,Quezon,SUV/Van,Rear-end,3.0,Cloudy,36.0,Male,0,459.7k,Heavy,Well-Lit,40
MMTI-2025-09014,Mandaluyong,SUV/Van,Hit and Run,3,Clear,47.0,male,0,69352.24,Moderate,Well-Lit,60
MMTI-2025-00742,Quezon,,Hit and Run,Risk Level 3,Clear,,Male,0,94849.1,Moderate,Unlit,60
MMTI-2025-16180,Quezon,Car,Side-swipe,Risk Level 6,Cloudy,54.0,female ,2,367345.39,Heavy,Well-Lit,100
MMTI-2025-11957,Quezon,Car,Side-swipe,3,,29.0,Female,0,70580.81,Heavy,Unlit,80
MMTI-2025-04205,Caloocan,Car,Hit and Run,3.0,Clear,37.0,Male,0,43817.24,Light,Well-Lit,40 kph
MMTI-2025-22854,Manila,Jeepney,Head-on,,,27.0,Male,3,22608.94,Heavy,POOR,100
MMTI-2025-09682,,SUV/Van,Head-on,3,Rain,44.0,female ,0,374652.59,,Unlit,60 km/h
MMTI-2025-04392,Las Pinas,Motorcycle,Side-swipe,6.0,Clear,39.0,Female,2,96196.27,Heavy,Well-Lit,30 kph
MMTI-2025-16325,,Bus,Head-on,3,Rain,29.0,Male,0,291637.25,Moderate,dark,60
MMTI-2025-00633,Las Pinas,Car,Rear-end,2,Clear,46.0,Male,0,96129.86,Light,Well-Lit,60
MMTI-2025-06017,MAKATI ,Motorcycle,Hit and Run,,Clear,22.0,Female,0,14423.67,Heavy,Lit,60
MMTI-2025-07156,Makati,Car,Head-on,2.0,Cloudy,51.0,Male,0,237877.92,Moderate,Poorly-Lit,80 km/h
MMTI-2025-09918,Quezon,,Hit and Run,6,Clear,35.0,Male,1,437280.95,HEAVY,Well-Lit,60 km/h
MMTI-2025-14503,Quezon,Car,Head-on,3.0,Rainy,41.0,Female,0,1166522.1,Heavy,Poorly-Lit,40 km/h
MMTI-2025-17243,Pasay,Jeepney,Head-on,3,Cloudy,41.0,Male,0,"PHP 42,409.77",,Unlit,60
MMTI-2025-16934,Quezon,Truck,Head-on,4,Cloudy,32.0,Male,1,"PHP 434,389.80",Heavy,POOR,40
MMTI-2025-08995,Malabon,Motorcycle,Hit and Run,3.0,Clear,46.0,Male,0,36670.92,Heavy,Unlit,60 km/h
MMTI-2025-01799,Mandaluyong,,Rear-end,2,Clear,44.0,Female,0,"PHP 39,240.06",Moderate,Well-Lit,60
MMTI-2025-12517,Makati,Car,Side-swipe,3,Cloudy,37.0,Male,0,260798.18,Moderate,Unlit,30
MMTI-2025-03202,Quezon,Car,Hit and Run,3,Rainy,55.0,Female,0,965939.33,Heavy,Well-Lit,60
MMTI-2025-05777,Las Pinas,Motorcycle,Hit and Run,3,Clear,59.0,Male,0,87454.1,Heavy,Well-Lit,60
MMTI-2025-12030,Pasay,SUV/Van,Hit and Run,6.0,Clear,35.0,Male,2,45974.4,Heavy,Well-Lit,60
MMTI-2025-10652,Makati,Truck,Rear-end,Risk Level 3,,43.0,Female,0,1047872.63,Light,Poorly-Lit,60
MMTI-2025-10787,Quezon,SUV/Van,Hit and Run,3,Stormy,35.0,Male,0,1791496.7,Heavy,Unlit,60
MMTI-2025-06222,Marikina,Car,Hit and Run,,Clear,38.0,Male,0,37769.98,Moderate,Lit,60
MMTI-2025-04525,Paranaque,Truck,Head-on,3,,58.0,Male,0,281501.21,Heavy,Well-Lit,60 kph
MMTI-2025-16503,Quezon,Car,Rear-end,3,Rainy,45.0,Male,0,681291.79,Heavy,Well-Lit,100
MMTI-2025-17914,Pasig,,Hit and Run,3,Clear,46.0,female ,0,52117.94,Heavy,Well-Lit,80
MMTI-2025-20014,,Bus,Head-on,3,Clear,44.0,Male,0,627105.57,Light,Well-Lit,60
MMTI-2025-07640,Manila,,Rear-end,3.0,Rain,25.0,Male,0,215851.16,Heavy,Well-Lit,40 km/h
MMTI-2025-20066,Quezon,Car,Head-on,6,Rainy,38.0,Male,2,1089344.1,MODERATE,Well-Lit,40 kph
MMTI-2025-18165,Makati,Car,Head-on,3,Cloudy,46.0,Male,0,251790.14,Heavy,Well-Lit,60
MMTI-2025-09583,Pasay,Car,Side-swipe,3,Clear,33.0,Female,0,49958.03,Heavy,Well-Lit,60 km/h
MMTI-2025-09593,Paranaque,Truck,Side-swipe,6,Clear,40.0,Male,4,113138.63,Light,Well-Lit,60
MMTI-2025-21800,Quezon,SUV/Van,Hit and Run,3.0,Rainy,17.0,male,0,1275804.15,HEAVY,Well-Lit,40
MMTI-2025-16335,Caloocan,Motorcycle,Head-on,2,Clear,32.0,Female,0,44102.92,Moderate,Well-Lit,60 km/h
MMTI-2025-07501,Makati,Truck,Rear-end,Risk Level 2,Cloudy,50.0,Male,0,236385.75,Heavy,Well-Lit,60
MMTI-2025-07008,Quezon,Motorcycle,Side-swipe,3,Rainy,-10.0,Male,0,758477.41,Heavy,Well-Lit,60 km/h
MMTI-2025-15033,Caloocan,Car,Head-on,3,Clear,64.0,Male,0,44397.84,HEAVY,Well-Lit,60 kph
MMTI-2025-04023,Manila,Car,Side-swipe,,Clear,42.0,Female,0,106316.01,HEAVY,Well-Lit,60
MMTI-2025-19312,Paranaque,Car,Hit and Run,3,Clear,43.0,Male,0,122662.09,HEAVY,Poorly-Lit,40
MMTI-2025-14276,Makati,Motorcycle,Head-on,3,Cloudy,25.0,Male,0,214693.87,Moderate,Unlit,40 km/h
MMTI-2025-10716,Caloocan,SUV/Van,Head-on,2,Clear,26.0,Female,0,90191.59,,Poorly-Lit,60
MMTI-2025-06617,Manila,Jeepney,Rear-end,,Clear,18.0,Female,0,25869.96,Heavy,Well-Lit,60
MMTI-2025-12854,Makati,Motorcycle,Side-swipe,3,Cloudy,46.0,Female,0,241398.91,Moderate,Well-Lit,60 kph
MMTI-2025-11903,Las Pinas,SUV/Van,Side-swipe,3,Clear,26.0,Male,0,92675.33,Moderate,Poorly-Lit,30
MMTI-2025-04274,Navotas,Jeepney,Rear-end,3.0,Clear,35.0,Male,0,,Heavy,Unlit,80
MMTI-2025-16799,,Jeepney,Side-swipe,6,Clear,37.0,Male,3,,Moderate,Well-Lit,60
MMTI-2025-01512,Pasig,Motorcycle,Side-swipe,3,Cloudy,63.0,Male,0,,Heavy,Poorly-Lit,100
MMTI-2025-16624,Quezon,Motorcycle,Head-on,3.0,Cloudy,24.0,Female,0,456792.82,Heavy,Well-Lit,80
MMTI-2025-01681,Makati,,Rear-end,3,,46.0,F,0,160793.88,Heavy,Well-Lit,40
MMTI-2025-09665,Caloocan,Motorcycle,Rear-end,Risk Level 6,Clear,34.0,Male,4,42904.58,MODERATE,Poorly-Lit,60
MMTI-2025-18687,Quezon,Truck,Rear-end,6,Stormy,17.0,Male,1,3136435.17,Heavy,Well-Lit,60
MMTI-2025-14542,Quezon,Car,Head-on,3,Cloudy,35.0,Male,0,362269.22,Heavy,Poorly-Lit,80 km/h
MMTI-2025-19753,Quezon,Truck,Side-swipe,Risk Level 3,Rainy,60.0,M,0,1007739.85,Heavy,Poorly-Lit,60
MMTI-2025-09238,Pasay,SUV/Van,Rear-end,3.0,Clear,47.0,Male,0,45046.72,Heavy,Poorly-Lit,60
MMTI-2025-12663,Quezon,Motorcycle,Head-on,3.0,Cloudy,49.0,Male,0,461860.16,Heavy,Well-Lit,40 km/h
MMTI-2025-05410,Quezon,Car,Head-on,6.0,Stormy,44.0,Male,1,5407560.04,HEAVY,Unlit,80
MMTI-2025-18537,Quezon,Truck,Rear-end,Risk Level 3,Rainy,44.0,male,0,653128.81,Heavy,dark,60 km/h
MMTI-2025-22802,,Bus,Side-swipe,3.0,Clear,38.0,Male,0,,Heavy,Well-Lit,60
MMTI-2025-23453,Pasig,Motorcycle,Rear-end,4,Clear,44.0,Male,2,152282.43,Heavy,well lit,60 km/h
MMTI-2025-08241,Makati,Motorcycle,Hit and Run,,Clear,45.0,Male,0,7994.71,Heavy,Well-Lit,80
MMTI-2025-21950,Caloocan,,Head-on,3.0,Clear,47.0,Male,0,92332.64,Heavy,Poorly-Lit,60
MMTI-2025-23386,Quezon,Motorcycle,Hit and Run,3,Cloudy,43.0,Female,0,516556.86,Light,Well-Lit,60 km/h
MMTI-2025-04698,Quezon,SUV/Van,Side-swipe,Risk Level 6,Rainy,41.0,female ,4,883907.56,Heavy,Well-Lit,60
MMTI-2025-11482,MAKATI ,,Hit and Run,3.0,Clear,45.0,Male,0,161415.57,Heavy,Well-Lit,80
MMTI-2025-09983,Pasay,Car,Side-swipe,3,Rain,35.0,Female,0,77221.35,,Well-Lit,40
MMTI-2025-16322,Paranaque,Car,Hit and Run,6,Clear,59.0,Male,2,99899.4,Moderate,Well-Lit,60
MMTI-2025-19004,Las Pinas,Car,Rear-end,,Clear,17.0,Male,0,61249.92,Moderate,Well-Lit,30
MMTI-2025-01783,TAGUIG ,,Head-on,6,,26.0,Male,4,159194.42,Heavy,Unlit,60 kph
MMTI-2025-16805,,Car,Head-on,,Clear,46.0,Female,4,82672.25,HEAVY,Poorly-Lit,60
MMTI-2025-12762,Paranaque,Car,Hit and Run,3,Clear,46.0,Female,0,120025.36,Heavy,Poorly-Lit,40
MMTI-2025-00933,Quezon,Motorcycle,Side-swipe,6.0,Rainy,46.0,Female,4,881711.47,Heavy,Well-Lit,60
MMTI-2025-09362,MANILA ,Bus,Rear-end,,,48.0,Female,3,82664.1,Heavy,Poorly-Lit,40
MMTI-2025-20179,,Bus,Hit and Run,3,Clear,29.0,Male,0,813351.38,Moderate,Well-Lit,60 km/h
MMTI-2025-16365,Pasig,SUV/Van,Hit and Run,3,Storm,,Female,0,,Heavy,Well-Lit,60
MMTI-2025-16932,Las Pinas,SUV/Van,Hit and Run,3,Clear,45.0,female ,0,95215.83,Heavy,well lit,40
MMTI-2025-14189,Manila,Truck,Hit and Run,,Clear,52.0,M,0,259758.18,Heavy,Poorly-Lit,40
MMTI-2025-16648,MAKATI ,Motorcycle,Hit and Run,3,,29.0,Male,0,"PHP 35,021.11",Heavy,Unlit,60
MMTI-2025-01042,Pasig,,Rear-end,,Clear,65.0,Male,0,58855.25,Heavy,Poorly-Lit,60
MMTI-2025-22705,Manila,Jeepney,Side-swipe,3,Storm,,Male,0,52231.89,LIGHT,Poorly-Lit,80
MMTI-2025-19204,Taguig,Car,Rear-end,3,Cloudy,35.0,Male,0,"PHP 281,119.53",Heavy,Poorly-Lit,60
MMTI-2025-18933,MANILA ,Car,Rear-end,Risk Level 3,Clear,37.0,Male,0,97.3k,,Well-Lit,60
MMTI-2025-02586,Quezon,Car,Hit and Run,3,Rainy,43.0,Male,0,979471.07,Light,Unlit,60
MMTI-2025-12643,Pasig,Car,Head-on,3,Clear,46.0,Female,0,126373.04,Heavy,Well-Lit,40
MMTI-2025-14930,Quezon,Motorcycle,Rear-end,3,Rainy,31.0,Male,0,930711.46,HEAVY,Poorly-Lit,60
MMTI-2025-18443,Quezon,Car,Hit and Run,3,Rainy,24.0,Male,0,730378.01,Moderate,Poorly-Lit,60
MMTI-2025-07763,Manila,,Side-swipe,Risk Level 3,Clear,40.0,Female,0,128943.04,HEAVY,Poorly-Lit,80 km/h
MMTI-2025-01170,Valenzuela,Car,Rear-end,1.0,Clear,34.0,Male,0,37423.03,MODERATE,Poorly-Lit,60
MMTI-2025-01222,Quezon,SUV/Van,Head-on,3,Rainy,33.0,Male,0,1118875.8,Heavy,Well-Lit,80
MMTI-2025-18716,Paranaque,Truck,Side-swipe,3.0,Clear,28.0,Male,0,100981.52,HEAVY,Poorly-Lit,60
MMTI-2025-06077,Paranaque,Truck,Rear-end,3.0,,150.0,Male,0,402778.94,Heavy,Well-Lit,40
MMTI-2025-03005,Marikina,Motorcycle,Side-swipe,Risk Level 3,Clear,39.0,Male,0,47455.4,,Unlit,60
MMTI-2025-13414,Las Pinas,Car,Hit and Run,3,Clear,58.0,Male,0,82691.12,Light,Well-Lit,80
MMTI-2025-16861,Las Pinas,Car,Rear-end,3,Clear,-10.0,Male,0,89937.87,Light,Well-Lit,60
MMTI-2025-06113,Las Pinas,Car,Head-on,2.0,Clear,23.0,M,0,82615.39,Moderate,Poorly-Lit,60
MMTI-2025-00422,Quezon,,Side-swipe,3,Clear,54.0,female ,0,140853.67,Heavy,Poorly-Lit,60
MMTI-2025-21475,Quezon,Car,Side-swipe,6.0,Stormy,44.0,Male,4,3807584.35,Heavy,Unlit,60