Incident_ID,City,Vehicle_Type,Accident_Type,Severity,Weather_Condition,Driver_Age,Driver_Gender,Injury_Count,Damage_Cost_PHP,Traffic_Volume,Road_Lighting,Speed_Limit
MMTI-2025-22477,Pasig,Truck,Rear-end,2,Clear,46.0,Male,4,123739.21,Moderate,Well-Lit,60
MMTI-2025-06379,Makati,Motorcycle,Rear-end,Risk Level 3,Cloudy,44.0,Female,0,255360.31,Moderate,Well-Lit,80
MMTI-2025-20321,Quezon,Jeepney,Side-swipe,6.0,Stormy,24.0,Female,4,3398.8k,MODERATE,Unlit,40
MMTI-2025-19125,Marikina,Motorcycle,Rear-end,3.0,Clear,65.0,Unknown,0,65994.5,Heavy,Well-Lit,60
MMTI-2025-17341,Quezon,Truck,Head-on,4.0,Clear,22.0,Male,1,476191.31,,Well-Lit,60
MMTI-2025-18856,Pasig,Car,Hit and Run,3,Clear,36.0,Female,0,159148.05,MODERATE,Well-Lit,80
MMTI-2025-00530,Manila,,Rear-end,Risk Level 3,Clear,45.0,Male,0,-25000,Heavy,Well-Lit,60 kph
MMTI-2025-20308,Manila,,Rear-end,3.0,,19.0,Male,0,144822.67,Heavy,Well-Lit,40
MMTI-2025-00967,Paranaque,SUV/Van,Head-on,3,Clear,32.0,Male,0,122890.54,MODERATE,Well-Lit,30
MMTI-2025-01876,Paranaque,Car,Rear-end,3.0,Clear,36.0,Male,0,100650.88,HEAVY,Well-Lit,40
MMTI-2025-11089,MANILA ,,Hit and Run,6.0,,55.0,Male,3,207706.44,Heavy,No Lights,60
MMTI-2025-10244,Manila,Motorcycle,Rear-end,6,Cloudy,41.0,Male,4,170577.16,Light,Well-Lit,80 km/h
MMTI-2025-00682,,Motorcycle,Side-swipe,3,Rain,46.0,Female,0,59913.98,Moderate,Well-Lit,60
MMTI-2025-18548,Manila,Motorcycle,Head-on,Risk Level 3,Cloudy,49.0,Female,0,"PHP 180,682.15",Heavy,Poorly-Lit,60
MMTI-2025-09160,Makati,Bus,Side-swipe,,Clear,40.0,F,3,282337.01,Moderate,Well-Lit,40 km/h
MMTI-2025-17615,Mandaluyong,Car,Side-swipe,2,Clear,52.0,Male,0,74179.99,Light,Unlit,40
MMTI-2025-02412,Valenzuela,,Side-swipe,,Clear,45.0,female ,0,18365.23,,Well-Lit,60
MMTI-2025-21143,Taguig,,Hit and Run,4.0,Cloudy,41.0,Male,2,59847.99,Heavy,Well-Lit,80
MMTI-2025-10922,,Jeepney,Side-swipe,3,,27.0,Unknown,0,50967.85,Heavy,Well-Lit,40
MMTI-2025-00318,Quezon,Jeepney,Hit and Run,3,Cloudy,34.0,Male,0,393529.27,HEAVY,Well-Lit,60
MMTI-2025-00840,,SUV/Van,Head-on,3,Clear,44.0,Male,0,379371.51,Heavy,Poorly-Lit,60 km/h
MMTI-2025-16096,Taguig,Car,Hit and Run,3.0,Cloudy,53.0,Female,0,327565.22,Heavy,Well-Lit,60
MMTI-2025-20691,San Juan,Jeepney,Hit and Run,,Cloudy,45.0,Male,0,11.3k,Light,Poorly-Lit,60 kph
MMTI-2025-04985,,SUV/Van,Hit and Run,3,Clear,45.0,Male,4,118272.97,Heavy,Poorly-Lit,40
MMTI-2025-16046,Makati,Motorcycle,Head-on,6,Cloudy,32.0,Male,2,213511.39,HEAVY,Well-Lit,30
MMTI-2025-19490,Pasig,Motorcycle,Hit and Run,3,Clear,42.0,Male,0,138668.16,Heavy,Well-Lit,60 kph
MMTI-2025-05745,Las Pinas,Car,Head-on,3.0,Clear,30.0,Male,0,94263.48,Heavy,POOR,60
MMTI-2025-12175,Quezon,SUV/Van,Head-on,6.0,Stormy,40.0,Male,2,2284457.59,Heavy,POOR,30
MMTI-2025-08575,Makati,Bus,Rear-end,1,Clear,25.0,Male,0,220.1k,,Unlit,60
MMTI-2025-08328,Quezon,Car,Side-swipe,Risk Level 3,Rainy,30.0,Male,0,1328842.34,Heavy,Well-Lit,40
MMTI-2025-18435,Paranaque,Truck,Head-on,3,Clear,43.0,Male,0,115996.31,Heavy,Well-Lit,80
MMTI-2025-14843,Mandaluyong,Motorcycle,Side-swipe,1.0,Clear,22.0,Female,0,7506.75,,Poorly-Lit,40 kph
MMTI-2025-06655,,Jeepney,Side-swipe,2,Clear,45.0,female ,0,-25000,Moderate,Well-Lit,60
MMTI-2025-10502,Mandaluyong,Motorcycle,Head-on,Risk Level 6,Clear,46.0,F,3,68034.64,Heavy,Well-Lit,60
MMTI-2025-11660,Makati,,Side-swipe,Risk Level 6,Clear,17.0,Male,1,,Moderate,Well-Lit,40
MMTI-2025-11060,Makati,Bus,Head-on,,Clear,39.0,Female,0,,Heavy,Well-Lit,80
MMTI-2025-18881,Pasig,Truck,Side-swipe,6,Clear,26.0,Male,1,146018.32,Heavy,Well-Lit,60
MMTI-2025-14084,Malabon,Truck,Head-on,3,Clear,23.0,Male,0,37082.05,Heavy,Well-Lit,30 kph
MMTI-2025-13208,Manila,Truck,Rear-end,2,,34.0,Male,0,185904.92,Heavy,Poorly-Lit,40
MMTI-2025-16356,,Jeepney,Rear-end,3,Cloudy,35.0,Male,0,51474.25,HEAVY,No Lights,100
MMTI-2025-16935,Paranaque,Motorcycle,Hit and Run,,Clear,37.0,Male,0,0,Heavy,Well-Lit,60
MMTI-2025-02410,Quezon,Jeepney,Side-swipe,3.0,Rainy,26.0,Male,0,1334957.83,Heavy,Well-Lit,60
MMTI-2025-06792,Marikina,Motorcycle,Side-swipe,3,Clear,56.0,Male,0,57880.03,Moderate,Well-Lit,80 km/h
MMTI-2025-17201,Quezon,Car,Side-swipe,Risk Level 3,Rainy,26.0,Male,0,1375828.61,Heavy,Well-Lit,30
MMTI-2025-14134,Manila,Car,Hit and Run,Risk Level 3,Cloudy,-10.0,Male,0,170865.95,Moderate,dark,80
MMTI-2025-18935,Manila,Car,Rear-end,Risk Level 3,Cloudy,-10.0,Male,0,185730.76,Heavy,Well-Lit,60
MMTI-2025-21484,Caloocan,Truck,Hit and Run,,Clear,31.0,Female,1,339.3k,Heavy,Well-Lit,60
MMTI-2025-02075,Paranaque,Car,Side-swipe,Risk Level 3,Clear,42.0,Male,0,119.6k,Heavy,Lit,40 km/h
MMTI-2025-15091,MANILA ,Truck,Rear-end,6.0,Clear,42.0,Male,4,,Heavy,Well-Lit,60
MMTI-2025-10558,Manila,,Rear-end,3,Clear,44.0,Male,0,152250.59,Heavy,Poorly-Lit,100
MMTI-2025-20347,Quezon,Car,Rear-end,3,Rainy,42.0,Male,0,910134.88,Heavy,Well-Lit,80
MMTI-2025-04827,Pasig,Car,Hit and Run,2,Clear,52.0,male,0,125899.16,Heavy,Poorly-Lit,60
MMTI-2025-05679,Quezon,SUV/Van,Hit and Run,1,Rainy,45.0,Male,0,669068.18,Moderate,Poorly-Lit,60
MMTI-2025-14629,,,Hit and Run,3,Clear,35.0,F,0,187298.71,Heavy,Well-Lit,40
MMTI-2025-23612,Las Pinas,Truck,Side-swipe,1.0,,26.0,Male,0,172685.78,Moderate,Poorly-Lit,80 km/h
MMTI-2025-07678,QUEZON ,Jeepney,Side-swipe,3,Rain,,Male,0,93464.88,Heavy,Unlit,60
MMTI-2025-15939,Makati,Truck,Hit and Run,Risk Level 3,Clear,46.0,Female,0,1285872.79,,Well-Lit,60
MMTI-2025-01661,Manila,Truck,Side-swipe,1.0,Cloudy,17.0,Male,0,184468.83,Light,Well-Lit,60
MMTI-2025-23295,Muntinlupa,SUV/Van,Side-swipe,2.0,Clear,41.0,Male,0,55.4k,Light,No Lights,60 km/h
MMTI-2025-20351,San Juan,,Hit and Run,3,Rain,27.0,Male,0,131519.28,Heavy,dark,80
MMTI-2025-10907,Manila,Motorcycle,Head-on,3,Clear,30.0,Female,0,164037.75,Heavy,Poorly-Lit,100 km/h
MMTI-2025-06465,Pasig,Car,Rear-end,3,Clear,41.0,Female,0,125567.19,Heavy,Well-Lit,60
MMTI-2025-17156,Quezon,,Hit and Run,Risk Level 2,Clear,43.0,Female,0,12961.23,Heavy,Well-Lit,30
MMTI-2025-15619,Taguig,Jeepney,Side-swipe,3,Cloudy,36.0,Male,0,330464.18,Heavy,Poorly-Lit,60
MMTI-2025-20872, manila,Bus,Hit and Run,2,,37.0,Female,2,99736.44,Moderate,Poorly-Lit,60 km/h
MMTI-2025-21424,Muntinlupa,Bus,Side-swipe,,Clear,36.0,Female,0,215450.06,Moderate,Well-Lit,30 km/h
MMTI-2025-10982,,Truck,Rear-end,,Storm,45.0,male,0,473971.04,Moderate,Well-Lit,60
MMTI-2025-15667,,Car,Head-on,3,Clear,42.0,Male,0,,Heavy,Poorly-Lit,60 km/h
MMTI-2025-14862,,Motorcycle,Rear-end,2,,32.0,Male,0,7065.89,,Poorly-Lit,60 km/h
MMTI-2025-11706,MANILA ,Bus,Rear-end,3,,46.0,Male,0,248517.67,Moderate,Well-Lit,60
MMTI-2025-01474,Caloocan,Truck,Rear-end,3,Storm,26.0,Male,0,,,Well-Lit,60
MMTI-2025-02345,Manila,Jeepney,Rear-end,2.0,,44.0,Male,0,28147.54,Moderate,POOR,60
MMTI-2025-11919,Manila,Motorcycle,Rear-end,Risk Level 3,Clear,26.0,Male,0,164620.16,Heavy,Poorly-Lit,40 km/h
MMTI-2025-16121,Taguig,Car,Side-swipe,3.0,Cloudy,52.0,Male,0,348699.17,Heavy,Well-Lit,60
MMTI-2025-08790,Marikina,Car,Hit and Run,Risk Level 3,Clear,45.0,Male,0,66654.87,Moderate,Poorly-Lit,40 kph
MMTI-2025-03378,Paranaque,Motorcycle,Rear-end,3,Clear,27.0,Male,0,99571.05,Heavy,Unlit,60
MMTI-2025-06308,Las Pinas,Car,Head-on,3.0,Clear,62.0,Female,0,87256.72,HEAVY,Well-Lit,60 km/h
MMTI-2025-19757,Quezon,Truck,Hit and Run,3.0,Rainy,21.0,Male,0,940964.98,Light,No Lights,80 km/h
MMTI-2025-09789,Marikina,Motorcycle,Head-on,3,,33.0,Male,0,28711.47,Heavy,well lit,60
MMTI-2025-03771,Pateros,Jeepney,Hit and Run,,Clear,54.0,Male,0,42085.75,,well lit,40
MMTI-2025-22478,Quezon,Truck,Hit and Run,3.0,Cloudy,42.0,Male,0,385041.4,Heavy,Well-Lit,60
MMTI-2025-22830,,Bus,Hit and Run,Risk Level 3,Clear,47.0,M,0,-500,Moderate,Well-Lit,80 kph
MMTI-2025-19827,Makati,Car,Hit and Run,6,,46.0,Male,2,368953.11,Heavy,Well-Lit,40
MMTI-2025-02822,Taguig,,Head-on,3.0,Rain,40.0,Female,0,"PHP 125,268.58",Heavy,Lit,40 km/h
MMTI-2025-02344,Las Pinas,SUV/Van,Side-swipe,2,Clear,39.0,Unknown,0,95449.62,Moderate,Well-Lit,60
MMTI-2025-15613,Las Pinas,Motorcycle,Side-swipe,3,Clear,40.0,Male,0,82004.79,Heavy,Well-Lit,60
MMTI-2025-02274,MANILA ,Truck,Head-on,3,Clear,69.0,Female,0,,Heavy,Well-Lit,40
MMTI-2025-11774,Quezon,Car,Side-swipe,3,Cloudy,36.0,Male,0,374764.33,Light,Well-Lit,60 km/h
MMTI-2025-17611,Manila,Truck,Side-swipe,3,Cloudy,37.0,Male,0,169284.11,Moderate,POOR,60
MMTI-2025-02851, manila,,Head-on,3,Clear,48.0,Male,0,231429.26,Moderate,Poorly-Lit,30
MMTI-2025-13331,Quezon,Jeepney,Side-swipe,,Rain,32.0,Male,0,49006.27,Moderate,Well-Lit,80
MMTI-2025-23285,Paranaque,Car,Rear-end,3.0,Clear,40.0,Female,0,104271.6,Heavy,Poorly-Lit,60
MMTI-2025-10519,Mandaluyong,Motorcycle,Head-on,Risk Level 3,Clear,43.0,Unknown,0,73920.8,Heavy,dark,60 km/h
MMTI-2025-12988,Quezon,Bus,Head-on,2.0,,59.0,F,0,316875.12,Heavy,Well-Lit,60 km/h
MMTI-2025-15092,,Motorcycle,Rear-end,3.0,Clear,36.0,Male,0,32360.18,Heavy,Well-Lit,40 km/h
MMTI-2025-22702,Quezon,Car,Head-on,Risk Level 3,Rainy,32.0,F,0,"PHP 878,108.40",Heavy,well lit,40
MMTI-2025-00345,Mandaluyong,Car,Head-on,3.0,Clear,41.0,Female,0,70291.74,Heavy,Poorly-Lit,60
MMTI-2025-01349,PASAY ,,Head-on,3,,150.0,Male,0,144367.44,Light,well lit,60 km/h
MMTI-2025-10766,Quezon,Motorcycle,Hit and Run,3.0,Rainy,17.0,Female,0,1189451.12,Heavy,Poorly-Lit,60
MMTI-2025-13371,,Jeepney,Side-swipe,6,Clear,40.0,Female,1,218129.27,,Well-Lit,60
MMTI-2025-04499,Pasig,Motorcycle,Hit and Run,3,Clear,36.0,Male,0,123551.38,Heavy,Well-Lit,40
MMTI-2025-07252,Manila,Truck,Head-on,3,Clear,46.0,M,0,,Heavy,Poorly-Lit,60
MMTI-2025-08344,Paranaque,Car,Head-on,2,Clear,55.0,Male,0,111828.7,Light,No Lights,40 kph
MMTI-2025-01006,Manila,Car,Rear-end,3.0,Cloudy,53.0,Male,0,192997.54,Heavy,dark,60
MMTI-2025-04636,Pasay,Car,Hit and Run,3,Clear,41.0,Male,0,49210.2,Heavy,Poorly-Lit,60
MMTI-2025-20694,Manila,Truck,Hit and Run,,Clear,17.0,Female,0,431361.82,Moderate,Well-Lit,80
MMTI-2025-01832,San Juan,Truck,Head-on,3.0,Clear,49.0,Male,0,,Heavy,Well-Lit,80
MMTI-2025-04630,Manila,Motorcycle,Head-on,3,Cloudy,30.0,Male,0,166855.5,Heavy,Poorly-Lit,60
MMTI-2025-00204,Makati,Motorcycle,Hit and Run,,Storm,17.0,Male,0,6660.2,Heavy,Lit,60
MMTI-2025-14741,Quezon,Bus,Rear-end,3.0,,47.0,Male,0,1231777.3,Heavy,Well-Lit,60
MMTI-2025-01395,Quezon,Truck,Head-on,Risk Level 3,Cloudy,32.0,male,0,"PHP 572,406.34",Heavy,Poorly-Lit,60
MMTI-2025-11180,,Motorcycle,Side-swipe,Risk Level 3,Rain,21.0,Male,0,53639.74,,Well-Lit,30
MMTI-2025-16938,,SUV/Van,Head-on,Risk Level 3,Clear,58.0,Male,0,182008.66,Moderate,Poorly-Lit,60
MMTI-2025-17550,,Bus,Rear-end,3,Clear,48.0,Male,0,174392.41,Moderate,Well-Lit,100 km/h
MMTI-2025-00409,Pateros,Truck,Head-on,1,Clear,39.0,Female,0,336499.53,,Poorly-Lit,30
MMTI-2025-19821,Quezon,Car,Head-on,3,Cloudy,36.0,Male,0,404753.48,Heavy,Poorly-Lit,60
MMTI-2025-10673,Makati,Truck,Hit and Run,6,Rain,43.0,Female,1,1362092.93,,No Lights,60
MMTI-2025-08166,Makati,Truck,Side-swipe,3,Cloudy,34.0,Male,0,"PHP 241,119.63",HEAVY,Well-Lit,80 km/h
MMTI-2025-14121,Quezon,,Head-on,3,Storm,,male,0,,Heavy,Well-Lit,80
MMTI-2025-17950,Mandaluyong,,Rear-end,Risk Level 1,Clear,20.0,Female,0,63213.67,Moderate,Well-Lit,80
MMTI-2025-22351,Quezon,Jeepney,Side-swipe,3,Clear,17.0,Female,0,23830.33,,Unlit,60
MMTI-2025-22503,Quezon,Motorcycle,Hit and Run,Risk Level 3,Rainy,33.0,Male,0,897555.04,Heavy,Well-Lit,80
MMTI-2025-22861,Quezon,Car,Head-on,3,Rainy,21.0,Unknown,0,630366.69,Heavy,well lit,60
MMTI-2025-01671,,Car,Head-on,Risk Level 1,Cloudy,34.0,Male,0,"PHP 37,430.40",Moderate,Well-Lit,100
MMTI-2025-04197,Marikina,Car,Hit and Run,2,Clear,41.0,Male,0,65740.51,Heavy,Well-Lit,80 km/h
MMTI-2025-12664,Pasig,Car,Rear-end,3,Clear,45.0,Female,0,139450.41,Heavy,Well-Lit,60
MMTI-2025-00914,Las Pinas,Car,Rear-end,3.0,Clear,57.0,Female,0,82909.67,Heavy,Well-Lit,60
MMTI-2025-01342,Quezon,Car,Head-on,6,Cloudy,26.0,Male,4,619567.16,Moderate,Well-Lit,60
MMTI-2025-01648,Makati,Jeepney,Side-swipe,Risk Level 3,Cloudy,20.0,Male,0,265133.9,Light,Poorly-Lit,40
MMTI-2025-14520,Manila,Bus,Rear-end,Risk Level 3,,39.0,Female,0,"PHP 261,811.66",Moderate,Well-Lit,60
MMTI-2025-18689,Manila,Truck,Head-on,,Clear,25.0,Female,0,354580.13,Heavy,Well-Lit,80 kph
MMTI-2025-10430,,Jeepney,Head-on,2,Clear,54.0,Female,0,22263.32,Light,Well-Lit,40 km/h
MMTI-2025-11391,Quezon,Motorcycle,Head-on,3,Cloudy,55.0,Male,0,427204.23,Heavy,Poorly-Lit,40
MMTI-2025-04920,Taguig,Motorcycle,Side-swipe,3,Clear,36.0,Female,0,,Heavy,well lit,80
MMTI-2025-08151,Manila,Truck,Hit and Run,Risk Level 3,,59.0,Male,0,861893.41,Heavy,Well-Lit,80
MMTI-2025-01879,Manila,Jeepney,Side-swipe,3.0,Clear,41.0,Male,0,28213.29,,Well-Lit,40
MMTI-2025-04946,Paranaque,Motorcycle,Rear-end,3.0,Clear,48.0,Unknown,0,104103.02,Heavy,No Lights,60 km/h
MMTI-2025-02848,Valenzuela,Jeepney,Hit and Run,3.0,Cloudy,31.0,Male,0,32124.68,,Well-Lit,60
MMTI-2025-15150,Manila,SUV/Van,Rear-end,Risk Level 3,Rain,55.0,Male,0,,Moderate,Poorly-Lit,60
MMTI-2025-04409,Quezon,Motorcycle,Head-on,6.0,Stormy,36.0,Male,1,3068999.94,Moderate,Poorly-Lit,30
MMTI-2025-18108,Quezon,Car,Rear-end,3,Cloudy,24.0,Male,0,356643.81,Moderate,POOR,80
MMTI-2025-13279,,Bus,Rear-end,Risk Level 1,Clear,31.0,Male,0,"PHP 230,233.51",Moderate,Unlit,40
MMTI-2025-04399,Taguig,Truck,Rear-end,3,Rain,44.0,female ,0,495.4k,,Well-Lit,40
MMTI-2025-04906,Quezon,Car,Head-on,3,Rainy,35.0,Male,0,"PHP 1,364,038.23",Moderate,Well-Lit,40 km/h
MMTI-2025-19032,Pasig,Car,Rear-end,3,Clear,40.0,Female,0,127518.8,Moderate,Poorly-Lit,60
MMTI-2025-10251,Quezon,Motorcycle,Head-on,3,Cloudy,63.0,female ,0,568684.89,Heavy,Well-Lit,60
MMTI-2025-22517,,Car,Hit and Run,Risk Level 6,Rain,27.0,Male,1,"PHP 248,556.48",Moderate,Unlit,100
MMTI-2025-20586,Muntinlupa,Motorcycle,Hit and Run,3,Clear,17.0,Male,0,56151.48,Heavy,Well-Lit,60 km/h
MMTI-2025-22724,Valenzuela,,Rear-end,Risk Level 3,Clear,37.0,Male,0,114331.33,Light,Poorly-Lit,60
MMTI-2025-09293,Makati,SUV/Van,Head-on,3.0,Cloudy,40.0,Female,0,211983.97,Heavy,Poorly-Lit,80 km/h
MMTI-2025-17352,Pasay,Car,Hit and Run,3.0,Clear,43.0,F,0,45990.87,Heavy,well lit,80
MMTI-2025-01372,Taguig,Jeepney,Hit and Run,Risk Level 3,Clear,44.0,Male,0,92951.17,,Poorly-Lit,60
MMTI-2025-15695,Makati,Car,Side-swipe,3.0,Cloudy,31.0,Male,0,257958.67,Heavy,Well-Lit,60
MMTI-2025-13417,Quezon,Motorcycle,Side-swipe,3,Cloudy,33.0,Female,0,522904.68,Heavy,Well-Lit,60
MMTI-2025-12756,,Motorcycle,Head-on,3,Rain,39.0,Male,0,18100.44,Heavy,Poorly-Lit,30
MMTI-2025-21856,QUEZON ,Car,Head-on,2,Clear,17.0,Female,0,,Heavy,dark,100
MMTI-2025-16947,Quezon,Motorcycle,Rear-end,3,Clear,24.0,female ,0,,Light,Well-Lit,40
MMTI-2025-12630,Paranaque,SUV/Van,Rear-end,3.0,Clear,50.0,male,0,,Heavy,Well-Lit,40 km/h
MMTI-2025-21214,Las Pinas,Car,Rear-end,3.0,Clear,51.0,Male,0,94713.44,MODERATE,well lit,40 km/h
MMTI-2025-11342,Pasay,Car,Side-swipe,3,Clear,50.0,female ,0,45620.18,Moderate,Unlit,60 kph
MMTI-2025-04140,Manila,Car,Head-on,3,Clear,35.0,Female,0,,Moderate,Well-Lit,40
MMTI-2025-23610,Manila,Motorcycle,Hit and Run,6,Cloudy,37.0,Male,2,189470.92,Heavy,Poorly-Lit,30 km/h
MMTI-2025-16481,Marikina,Car,Head-on,Risk Level 3,Clear,33.0,Male,0,63084.44,Heavy,Well-Lit,60
MMTI-2025-19376,Quezon,SUV/Van,Hit and Run,Risk Level 3,Stormy,47.0,Male,0,77777777,HEAVY,Poorly-Lit,60
MMTI-2025-19229,Valenzuela,Car,Head-on,Risk Level 3,Clear,35.0,F,0,37941.9,Moderate,Poorly-Lit,60
MMTI-2025-23593,Pasig,Bus,Side-swipe,6,,28.0,Female,2,2605376.39,Heavy,Unlit,60
MMTI-2025-06829,Manila,SUV/Van,Rear-end,3,Clear,44.0,Female,0,,Heavy,Well-Lit,60 km/h
MMTI-2025-17073,Manila,Jeepney,Hit and Run,,Clear,35.0,Male,0,45979.69,Heavy,No Lights,40
MMTI-2025-17174,Quezon,Car,Head-on,3,Cloudy,57.0,Male,0,468809.82,Heavy,well lit,60
MMTI-2025-11093,Taguig,Motorcycle,Side-swipe,3,Clear,,Male,0,56464.15,MODERATE,Well-Lit,60
MMTI-2025-10301,Makati,Motorcycle,Side-swipe,Risk Level 3,Cloudy,34.0,Male,0,222970.9,Heavy,Well-Lit,60 km/h
MMTI-2025-02320,Manila,Car,Head-on,3,Clear,41.0,Male,0,,Heavy,Poorly-Lit,60
MMTI-2025-21212,Las Pinas,,Hit and Run,Risk Level 3,Cloudy,31.0,Male,0,,Heavy,Well-Lit,40
MMTI-2025-22563,Quezon,Car,Head-on,Risk Level 3,Rainy,33.0,Male,0,1288053.6,Light,No Lights,40 km/h
MMTI-2025-03956,Mandaluyong,Car,Rear-end,3,Clear,48.0,Male,0,"PHP 81,063.41",Heavy,Poorly-Lit,60
MMTI-2025-02963,Mandaluyong,Car,Hit and Run,3,Clear,46.0,Male,0,80231.32,HEAVY,Well-Lit,40
MMTI-2025-11227,Quezon,Car,Side-swipe,3,Cloudy,44.0,Male,0,611073.31,Moderate,Poorly-Lit,40
MMTI-2025-16796,Mandaluyong,Motorcycle,Hit and Run,3,Rain,43.0,Male,0,,Heavy,Poorly-Lit,60 km/h
MMTI-2025-05842,Muntinlupa,Motorcycle,Head-on,,Clear,42.0,Male,0,8540.05,Moderate,Well-Lit,60 km/h
MMTI-2025-10196,Quezon,Car,Hit and Run,,Storm,45.0,Male,4,81928.35,Heavy,Poorly-Lit,40 km/h
MMTI-2025-03870,Quezon,SUV/Van,Head-on,3,Rainy,17.0,Female,0,1079760.71,Moderate,Well-Lit,60
MMTI-2025-03634,PASIG ,,Rear-end,3,Rain,36.0,male,0,102.8k,Light,No Lights,60
MMTI-2025-14022,Pasig,Car,Head-on,6,Clear,26.0,Female,3,151403.22,Moderate,well lit,60 km/h
MMTI-2025-21431,Paranaque,SUV/Van,Side-swipe,3,Clear,30.0,Male,0,103105.95,Heavy,Poorly-Lit,80
MMTI-2025-00555,Taguig,Car,Side-swipe,3,Cloudy,999.0,Female,0,300487.4,Heavy,Poorly-Lit,60
MMTI-2025-12215,,Truck,Side-swipe,3,Rain,51.0,Male,0,77777777,Moderate,Well-Lit,40 kph
MMTI-2025-03963,Caloocan,Car,Rear-end,,Clear,26.0,Male,0,"PHP 41,099.88",Heavy,Poorly-Lit,40 km/h
MMTI-2025-17977,Makati,Motorcycle,Side-swipe,2,Cloudy,44.0,Male,0,"PHP 221,617.67",Moderate,Well-Lit,60 kph
MMTI-2025-17818,Quezon,Car,Side-swipe,Risk Level 6,Cloudy,21.0,Male,4,355141.63,Heavy,Well-Lit,80
MMTI-2025-00153,Pasig,SUV/Van,Hit and Run,6.0,Clear,30.0,Female,2,148.3k,Heavy,Poorly-Lit,60 km/h
MMTI-2025-09573, makati,Motorcycle,Head-on,3,Clear,17.0,Male,0,36158.88,,Well-Lit,80
MMTI-2025-22335,Pasay,Motorcycle,Hit and Run,,Clear,50.0,Male,0,,Heavy,Poorly-Lit,40
MMTI-2025-09219,Manila,Car,Rear-end,2,Cloudy,51.0,Male,0,181724.43,Heavy,Well-Lit,60 km/h
MMTI-2025-07357,Quezon,Jeepney,Rear-end,3,Cloudy,17.0,Male,0,399.6k,Heavy,Well-Lit,100 kph
MMTI-2025-14960,Quezon,Truck,Hit and Run,3.0,,41.0,Male,0,"PHP 1,054,021.84",Heavy,Well-Lit,60
MMTI-2025-07936,Manila,Jeepney,Side-swipe,,Clear,41.0,Male,0,37942.74,Heavy,Poorly-Lit,60
MMTI-2025-13905, quezon,,Hit and Run,3,Clear,32.0,Female,0,46585.16,Moderate,well lit,60
MMTI-2025-11207,Quezon,Jeepney,Rear-end,3,Rainy,44.0,Male,0,1287373.58,Heavy,Well-Lit,30
MMTI-2025-23556,MANILA ,Motorcycle,Rear-end,3.0,Clear,,Female,0,22144.59,Heavy,Well-Lit,40
MMTI-2025-05949,Quezon,Car,Head-on,Risk Level 3,Rainy,65.0,Male,0,1371516.54,Heavy,Poorly-Lit,40
MMTI-2025-21918,,SUV/Van,Rear-end,Risk Level 1,Clear,42.0,Male,0,119951.27,Light,POOR,60
MMTI-2025-11012, malabon,Motorcycle,Side-swipe,3,Clear,34.0,Male,0,,Heavy,Lit,80 km/h
MMTI-2025-17375,Paranaque,Car,Hit and Run,Risk Level 3,Clear,,M,0,58097.62,Heavy,Well-Lit,60
MMTI-2025-07840,Mandaluyong,Motorcycle,Hit and Run,3.0,Clear,36.0,Male,0,73298.25,Heavy,Well-Lit,80
MMTI-2025-08373,Taguig,Jeepney,Hit and Run,,Clear,28.0,Male,0,25932.37,Heavy,well lit,40
MMTI-2025-00666,Muntinlupa,Motorcycle,Rear-end,6,,32.0,Male,3,23449.72,Light,Well-Lit,60
MMTI-2025-01088,,Car,Side-swipe,3,,30.0,Male,0,,Moderate,Well-Lit,40
MMTI-2025-10428,Quezon,Motorcycle,Rear-end,3,Cloudy,54.0,Male,0,490498.24,Light,Unlit,60
MMTI-2025-17022,Manila,Car,Hit and Run,3.0,Cloudy,36.0,Male,0,203332.32,Moderate,Poorly-Lit,60
MMTI-2025-04606,Marikina,Car,Rear-end,Risk Level 3,Clear,44.0,Male,0,65588.41,Heavy,No Lights,40
MMTI-2025-15476,,Bus,Rear-end,Risk Level 3,Clear,21.0,Male,0,823267.96,Heavy,Unlit,60
MMTI-2025-23231,San Juan,SUV/Van,Hit and Run,3,Clear,28.0,Male,0,38560.46,Moderate,Well-Lit,40
MMTI-2025-00439,Quezon,Bus,Hit and Run,,Clear,23.0,Female,0,223588.59,Heavy,Lit,60 km/h
MMTI-2025-17400,Taguig,Car,Head-on,Risk Level 3,Cloudy,39.0,Female,0,293465.83,Moderate,Well-Lit,60 kph
MMTI-2025-06454,Taguig,Motorcycle,Head-on,6,Cloudy,39.0,Male,3,301762.98,Heavy,Well-Lit,60
MMTI-2025-03655,Mandaluyong,Bus,Head-on,2,,38.0,Male,0,352948.5,Heavy,Well-Lit,60
MMTI-2025-21471,Pasig,Motorcycle,Hit and Run,,Clear,21.0,Female,4,9740.88,Heavy,Unlit,40 kph
MMTI-2025-02354,Quezon,Car,Head-on,Risk Level 3,Rainy,60.0,Female,0,1562211.56,Heavy,Unlit,80
MMTI-2025-07426,Quezon,Jeepney,Side-swipe,,Clear,50.0,M,0,27443.14,Heavy,Lit,60