Incident_ID,City,Vehicle_Type,Accident_Type,Severity,Weather_Condition,Driver_Age,Driver_Gender,Injury_Count,Damage_Cost_PHP,Traffic_Volume,Road_Lighting,Speed_Limit
MMTI-2025-21620,MUNTINLUPA ,Truck,Hit and Run,,Clear,38.0,Unknown,0,387882.61,Heavy,Unlit,60 km/h
MMTI-2025-20556,VALENZUELA ,Motorcycle,Head-on,,Clear,60.0,Female,0,14.0k,Heavy,Unlit,60 km/h
MMTI-2025-15304,PARANAQUE ,Motorcycle,Hit and Run,6.0,,23.0,Male,3,73831.89,Light,Poorly-Lit,30
MMTI-2025-13472,Quezon,Motorcycle,Rear-end,3,Cloudy,43.0,Male,0,"PHP 551,351.72",Heavy,Well-Lit,60
MMTI-2025-07054,,Motorcycle,Side-swipe,1.0,Clear,31.0,Female,0,5781.66,Moderate,Well-Lit,60 km/h
MMTI-2025-18081,Manila,,Rear-end,3.0,Clear,36.0,Male,0,149780.02,Moderate,Poorly-Lit,60
MMTI-2025-23202,Quezon,Car,Side-swipe,3,Stormy,50.0,Male,0,"PHP 2,158,191.93",Heavy,Poorly-Lit,60
MMTI-2025-02234,Manila,Motorcycle,Head-on,3.0,Cloudy,29.0,Male,0,204307.54,Heavy,Well-Lit,60
MMTI-2025-13124,Quezon,SUV/Van,Rear-end,9,Rainy,40.0,Male,1,1090146.28,Heavy,Poorly-Lit,60 km/h
MMTI-2025-09343,Pasay,Car,Rear-end,Risk Level 2,Clear,31.0,Male,0,45847.48,Heavy,dark,60 kph
MMTI-2025-09483,,Jeepney,Rear-end,Risk Level 3,Clear,35.0,Male,0,28246.41,Heavy,Well-Lit,40 km/h
MMTI-2025-20883,Quezon,Car,Side-swipe,2.0,Cloudy,41.0,Male,0,517478.45,Light,Well-Lit,60 km/h
MMTI-2025-06024,Caloocan,Jeepney,Head-on,,Clear,63.0,Male,0,8235.07,Light,Well-Lit,60 km/h
MMTI-2025-19365,Taguig,Car,Head-on,,Rain,38.0,Male,0,101928.36,HEAVY,Well-Lit,60 km/h
MMTI-2025-00320,Quezon,Truck,Head-on,3.0,Clear,32.0,Male,0,566.1k,,Poorly-Lit,60 km/h
MMTI-2025-15809,Pasig,Car,Hit and Run,3,Clear,27.0,Male,0,"PHP 134,350.63",Moderate,Well-Lit,60
MMTI-2025-02936,Muntinlupa,,Hit and Run,Risk Level 6,Clear,46.0,Male,2,,,Poorly-Lit,60
MMTI-2025-20662,Makati,Car,Head-on,3,Cloudy,39.0,Male,0,219875.72,Heavy,Well-Lit,40
MMTI-2025-14253,Taguig,Car,Rear-end,Risk Level 3,Cloudy,32.0,Male,0,346124.77,Heavy,Well-Lit,60
MMTI-2025-16264,Quezon,Car,Hit and Run,3,Rainy,33.0,Female,0,1350435.16,Heavy,well lit,60
MMTI-2025-17231,Pasay,Car,Side-swipe,6.0,Clear,33.0,Female,4,46683.1,Moderate,Unlit,80 kph
MMTI-2025-19428,Pasig,Car,Rear-end,3,Clear,33.0,Male,0,,Light,Unlit,60
MMTI-2025-16556,,,Hit and Run,3.0,Cloudy,49.0,Male,0,125400.62,Light,Well-Lit,100
MMTI-2025-16832,Mandaluyong,,Rear-end,3.0,Clear,43.0,Male,0,186230.78,Moderate,Well-Lit,60 km/h
MMTI-2025-12092,Quezon,Truck,Rear-end,4,Rainy,45.0,Male,4,833065.55,Heavy,Well-Lit,60
MMTI-2025-15458,Quezon,SUV/Van,Hit and Run,3.0,Rainy,41.0,Male,0,1421401.19,Moderate,No Lights,80
MMTI-2025-09964,Makati,Car,Side-swipe,3.0,Clear,49.0,Male,0,,Heavy,Well-Lit,60
MMTI-2025-22141,Pasig,Motorcycle,Hit and Run,3,Rain,,Male,0,26653.3,Heavy,Poorly-Lit,60 km/h
MMTI-2025-20371,Quezon,Motorcycle,Side-swipe,3,Rainy,43.0,Female,0,768526.73,Heavy,Well-Lit,60
MMTI-2025-22745,Quezon,Car,Side-swipe,3,Rainy,55.0,Male,0,664167.2,Heavy,Unlit,60
MMTI-2025-04023,Manila,Car,Side-swipe,,Clear,42.0,Female,0,106316.01,HEAVY,Well-Lit,60
MMTI-2025-04780,Quezon,Bus,Head-on,,Cloudy,46.0,Male,3,157332.56,HEAVY,No Lights,60
MMTI-2025-12391,Makati,Truck,Head-on,3,,36.0,Male,0,"PHP 914,719.28",Heavy,Well-Lit,100
MMTI-2025-23270,Marikina,Car,Side-swipe,6.0,Clear,17.0,Female,4,62943.33,Moderate,Well-Lit,60 km/h
MMTI-2025-06017,MAKATI ,Motorcycle,Hit and Run,,Clear,22.0,Female,0,14423.67,Heavy,Lit,60
MMTI-2025-19666,Quezon,Car,Hit and Run,,Cloudy,35.0,Female,0,36761.1,,dark,60
MMTI-2025-06806,Las Pinas,Car,Rear-end,Risk Level 3,Clear,36.0,Female,0,96.1k,Heavy,Well-Lit,60 km/h
MMTI-2025-06614,,Truck,Side-swipe,2,Clear,,Male,0,483922.52,Heavy,Well-Lit,60
MMTI-2025-02537,Quezon,SUV/Van,Side-swipe,3,Cloudy,24.0,M,0,471171.14,Heavy,No Lights,60
MMTI-2025-06967,,SUV/Van,Head-on,3,Clear,34.0,Male,0,208609.62,Heavy,Well-Lit,80
MMTI-2025-04476,NAVOTAS ,Car,Head-on,3,,51.0,Male,0,119753.38,Light,Well-Lit,80 kph
MMTI-2025-03382,Las Pinas,Car,Rear-end,3,Clear,28.0,Female,0,81956.49,Heavy,Well-Lit,60 km/h
MMTI-2025-19113,,SUV/Van,Side-swipe,3,Rain,38.0,Male,0,"PHP 399,596.89",Heavy,Well-Lit,60 km/h
MMTI-2025-22959,Las Pinas,Car,Head-on,3,Clear,24.0,Male,0,88516.69,Heavy,Poorly-Lit,40 kph
MMTI-2025-06114,Manila,Car,Side-swipe,3,Cloudy,69.0,Male,0,193021.99,Heavy,Unlit,30
MMTI-2025-12701,Pasay,SUV/Van,Hit and Run,Risk Level 3,Clear,41.0,female ,0,47009.49,HEAVY,Unlit,60
MMTI-2025-14802,,Bus,Rear-end,,Cloudy,26.0,Male,0,309477.47,Light,Well-Lit,60
MMTI-2025-07418,Quezon,Car,Rear-end,4,Rainy,61.0,Male,4,1429661.97,Heavy,Unlit,60 km/h
MMTI-2025-15490,Marikina,Car,Hit and Run,3.0,Clear,58.0,female ,0,67807.96,Heavy,Poorly-Lit,60
MMTI-2025-20957,Paranaque,Motorcycle,Rear-end,2,Clear,50.0,F,0,6511.47,,Well-Lit,60 km/h
MMTI-2025-19129,Pasay,SUV/Van,Side-swipe,,Clear,44.0,Male,0,152210.82,Heavy,well lit,40
MMTI-2025-09896,Manila,Car,Head-on,Risk Level 4,Cloudy,28.0,Male,4,"PHP 198,048.48",Light,Unlit,60
MMTI-2025-07195,Makati,Car,Hit and Run,3.0,Cloudy,37.0,Male,0,233460.47,Heavy,Well-Lit,30
MMTI-2025-00948,,Bus,Head-on,Risk Level 3,Clear,48.0,Male,0,170263.13,Heavy,Well-Lit,60
MMTI-2025-12155,Makati,Car,Head-on,3,Rain,36.0,Male,0,,MODERATE,Poorly-Lit,40 km/h
MMTI-2025-22942, quezon,SUV/Van,Side-swipe,3,,24.0,Female,0,"PHP 203,914.68",Moderate,Well-Lit,60
MMTI-2025-05668,Quezon,Jeepney,Side-swipe,2,Cloudy,33.0,Male,0,350977.35,Moderate,well lit,60 km/h
MMTI-2025-18667,Quezon,Car,Rear-end,6,Rainy,34.0,female ,4,1029380.8,Heavy,Poorly-Lit,80
MMTI-2025-03699,Navotas,Bus,Head-on,,Cloudy,41.0,Male,0,343359.66,Moderate,Well-Lit,60
MMTI-2025-18718,Manila,Bus,Side-swipe,3,Clear,30.0,Male,0,,Heavy,Well-Lit,60 km/h
MMTI-2025-03229,San Juan,Car,Rear-end,3,Clear,34.0,Male,0,39270.54,LIGHT,Well-Lit,80
MMTI-2025-01133,Makati,Car,Side-swipe,4,Cloudy,26.0,Male,1,215189.29,Moderate,Well-Lit,60
MMTI-2025-04595,Malabon,,Hit and Run,3.0,Clear,42.0,Male,0,,Heavy,Poorly-Lit,30
MMTI-2025-10731,San Juan,Truck,Hit and Run,Risk Level 3,,41.0,Unknown,0,660318.51,Moderate,Poorly-Lit,60 km/h
MMTI-2025-19019,Makati,Motorcycle,Rear-end,3,Cloudy,26.0,Male,0,228.1k,Heavy,Well-Lit,60 kph
MMTI-2025-23118,Makati,,Side-swipe,Risk Level 3,Clear,35.0,Male,0,,HEAVY,Well-Lit,60
MMTI-2025-08035,Manila,Car,Side-swipe,3,Cloudy,41.0,Female,0,186032.07,Heavy,Poorly-Lit,30 km/h
MMTI-2025-11741,Pasig,Car,Side-swipe,6,Clear,37.0,Male,1,125335.02,Heavy,Lit,60
MMTI-2025-07549,Paranaque,Motorcycle,Hit and Run,Risk Level 3,Clear,25.0,Male,0,100290.99,Moderate,Poorly-Lit,60
MMTI-2025-17733,Quezon,Car,Rear-end,3.0,Rainy,66.0,Male,0,"PHP 807,522.56",HEAVY,Well-Lit,60
MMTI-2025-09090,Quezon,Motorcycle,Side-swipe,2,Cloudy,43.0,Female,0,601219.28,Heavy,Poorly-Lit,30
MMTI-2025-06244,San Juan,Car,Head-on,Risk Level 2,Clear,48.0,Male,0,40138.16,Light,Unlit,60
MMTI-2025-11440,Makati,Car,Head-on,3,Cloudy,17.0,Male,0,213317.5,Heavy,No Lights,40 km/h
MMTI-2025-08255,Manila,Motorcycle,Side-swipe,Risk Level 3,Rain,50.0,Female,0,60074.98,,Well-Lit,60 km/h
MMTI-2025-21727,Manila,Car,Side-swipe,2,Cloudy,42.0,Male,0,211836.23,Moderate,dark,80
MMTI-2025-12155,Makati,Car,Head-on,3,Rain,36.0,Male,0,,MODERATE,Poorly-Lit,40 km/h
MMTI-2025-14029,Pasig,Car,Hit and Run,6,Clear,55.0,Male,4,126983.72,Heavy,Lit,80
MMTI-2025-15940,Manila,Motorcycle,Head-on,2,Cloudy,21.0,Female,0,190906.18,Moderate,Well-Lit,60 km/h
MMTI-2025-17104,San Juan,SUV/Van,Hit and Run,3,Clear,41.0,Male,0,40571.69,Heavy,Well-Lit,60 kph
MMTI-2025-22517,,Car,Hit and Run,Risk Level 6,Rain,27.0,Male,1,"PHP 248,556.48",Moderate,Unlit,100
MMTI-2025-05700,Valenzuela,Car,Rear-end,4,Clear,37.0,Female,3,37863.19,LIGHT,Well-Lit,60 km/h
MMTI-2025-04078,,Bus,Side-swipe,,Clear,31.0,Male,0,183028.07,Heavy,Poorly-Lit,60
MMTI-2025-21410,Manila,Truck,Hit and Run,,Clear,77.0,Male,0,466029.49,Light,Well-Lit,60 km/h
MMTI-2025-11347,,Jeepney,Hit and Run,2,Clear,30.0,Male,0,44683.25,Light,Lit,60
MMTI-2025-06894,Paranaque,Motorcycle,Side-swipe,3.0,Clear,38.0,Male,0,105650.53,Heavy,well lit,60
MMTI-2025-08056,Las Pinas,Car,Head-on,3,Clear,42.0,Unknown,0,94954.15,Heavy,Poorly-Lit,60 kph
MMTI-2025-04473,Caloocan,Car,Head-on,3,,18.0,Male,0,"PHP 94,579.58",Moderate,Poorly-Lit,30 kph
MMTI-2025-17774,Makati,SUV/Van,Rear-end,3,,30.0,Female,0,248820.68,Heavy,Well-Lit,60
MMTI-2025-11027,Manila,Motorcycle,Side-swipe,3.0,Cloudy,23.0,Male,0,194275.9,Heavy,POOR,40
MMTI-2025-00240,Quezon,Motorcycle,Hit and Run,3,Rainy,41.0,Female,0,900407.76,Heavy,Well-Lit,60
MMTI-2025-03753,Makati,Motorcycle,Hit and Run,6.0,Cloudy,36.0,Female,3,260983.72,Moderate,Unlit,100
MMTI-2025-02608,,Motorcycle,Head-on,Risk Level 3,Clear,41.0,Male,0,29545.06,Heavy,Well-Lit,30
MMTI-2025-04471,Mandaluyong,Truck,Hit and Run,3,Clear,39.0,Male,0,77461.31,Heavy,No Lights,60
MMTI-2025-10090,Makati,Jeepney,Hit and Run,6,Clear,31.0,Male,1,,Heavy,Well-Lit,60
MMTI-2025-17152,Quezon,Truck,Hit and Run,3,Rainy,17.0,Female,0,765931.57,Heavy,Well-Lit,60
MMTI-2025-01061,Quezon,Motorcycle,Side-swipe,3,Rainy,29.0,Male,0,695315.24,Moderate,Poorly-Lit,40 kph
MMTI-2025-21447,Quezon,Car,Hit and Run,9,Rainy,30.0,Male,3,640517.74,MODERATE,Poorly-Lit,40 km/h
MMTI-2025-09413,Mandaluyong,Motorcycle,Side-swipe,6,Clear,31.0,Female,4,69719.48,Heavy,Well-Lit,30
MMTI-2025-01718,,,Head-on,3,Clear,29.0,Male,0,254.6k,Heavy,Well-Lit,60
MMTI-2025-21862,Quezon,Truck,Head-on,3.0,Rainy,24.0,Male,0,969268.57,Heavy,Well-Lit,60
MMTI-2025-18403, quezon,Truck,Head-on,3.0,,45.0,Male,0,636130.59,Heavy,Poorly-Lit,60
MMTI-2025-17157,,Car,Hit and Run,3.0,Storm,50.0,Male,0,"PHP 66,609.59",Heavy,Unlit,60
MMTI-2025-05530,Makati,Motorcycle,Rear-end,3.0,Clear,28.0,Female,0,,Light,Lit,60 km/h
MMTI-2025-15543,Manila,Truck,Head-on,Risk Level 3,,34.0,F,0,1833345.04,Moderate,Well-Lit,30
MMTI-2025-07282,Quezon,Jeepney,Side-swipe,6,Cloudy,56.0,Male,3,537523.68,Moderate,well lit,80 kph
MMTI-2025-00883,Quezon,Car,Hit and Run,6,Cloudy,20.0,Female,2,574759.66,Heavy,Well-Lit,30 km/h
MMTI-2025-15488,Caloocan,Jeepney,Hit and Run,3,Clear,999.0,Female,0,41349.37,Light,Poorly-Lit,40
MMTI-2025-04789,,Bus,Side-swipe,3,Clear,45.0,Female,0,976364.84,Heavy,Unlit,60
MMTI-2025-06364,Manila,Car,Head-on,3.0,Cloudy,18.0,Male,0,183211.42,Moderate,Well-Lit,40 km/h
MMTI-2025-05048,Makati,Jeepney,Head-on,3,Cloudy,34.0,Male,0,232662.95,Heavy,Unlit,60
MMTI-2025-02335,Pasig,,Hit and Run,3,Clear,48.0,Male,0,165838.77,Moderate,Well-Lit,80
MMTI-2025-03779,Quezon,SUV/Van,Hit and Run,Risk Level 3,,42.0,Male,0,180144.19,Moderate,Well-Lit,30
MMTI-2025-08439,Pasay,Motorcycle,Side-swipe,3,Clear,43.0,male,0,46594.18,Heavy,Unlit,60 kph
MMTI-2025-20727,Manila,Motorcycle,Side-swipe,3,Cloudy,18.0,Male,0,192149.63,Moderate,Well-Lit,80
MMTI-2025-01854,Makati,SUV/Van,Side-swipe,3,Clear,,Male,0,118708.88,Heavy,Well-Lit,40
MMTI-2025-19482,Quezon,Jeepney,Rear-end,2.0,Clear,35.0,Female,0,,Moderate,Well-Lit,60
MMTI-2025-20167,,Bus,Rear-end,Risk Level 2,Clear,42.0,Male,0,181468.49,Moderate,Poorly-Lit,30
MMTI-2025-09978,Makati,SUV/Van,Head-on,,Rain,31.0,Male,0,175190.2,Heavy,POOR,30 km/h
MMTI-2025-14523,Quezon,Car,Rear-end,3,Rainy,23.0,M,0,1069846.37,Light,Poorly-Lit,60
MMTI-2025-21977,Mandaluyong,Motorcycle,Rear-end,3,Clear,0.0,Male,0,71711.63,Moderate,Well-Lit,60
MMTI-2025-18521,Las Pinas,Car,Side-swipe,3,Clear,27.0,Female,3,85754.41,Moderate,Poorly-Lit,60
MMTI-2025-19261,Muntinlupa,Car,Side-swipe,3,Clear,47.0,Male,0,"PHP 51,693.66",Heavy,Lit,80
MMTI-2025-17888,Marikina,Jeepney,Hit and Run,Risk Level 3,Clear,41.0,Male,0,58958.94,Heavy,Well-Lit,60
MMTI-2025-19079,Quezon,Motorcycle,Rear-end,Risk Level 6,Cloudy,38.0,Male,4,471867.15,Moderate,Well-Lit,40
MMTI-2025-00020, marikina,Jeepney,Rear-end,,Cloudy,,Male,0,28126.55,HEAVY,dark,80
MMTI-2025-06601,Makati,Car,Side-swipe,2.0,Cloudy,27.0,Female,0,231470.82,Heavy,well lit,60
MMTI-2025-15311,,SUV/Van,Rear-end,2.0,Clear,42.0,Male,0,38847.16,Heavy,Well-Lit,30
MMTI-2025-08460,Makati,Truck,Head-on,,Clear,32.0,male,0,299325.43,Heavy,Well-Lit,80
MMTI-2025-01422,Las Pinas,Car,Head-on,3,Clear,47.0,Male,0,88055.74,Heavy,Poorly-Lit,60 km/h
MMTI-2025-15692,Manila,Car,Hit and Run,,Clear,20.0,female ,0,53798.19,Heavy,Poorly-Lit,40
MMTI-2025-10034,Quezon,Motorcycle,Rear-end,6.0,Cloudy,44.0,Male,4,499105.44,Heavy,Lit,100
MMTI-2025-09538,Makati,Car,Hit and Run,3,Cloudy,27.0,Male,0,220480.72,Heavy,Well-Lit,60 kph
MMTI-2025-12710,Quezon,Jeepney,Rear-end,3,,40.0,Male,0,84269.93,Moderate,Poorly-Lit,80
MMTI-2025-08444,Quezon,Car,Side-swipe,3,Rainy,24.0,Male,0,1510458.29,Heavy,Well-Lit,60
MMTI-2025-02768,,SUV/Van,Side-swipe,2.0,Cloudy,36.0,female ,0,76566.59,,Poorly-Lit,60 km/h
MMTI-2025-12147,Quezon,SUV/Van,Rear-end,3,Clear,39.0,Female,0,,Moderate,Well-Lit,30
MMTI-2025-07517,Quezon,Jeepney,Side-swipe,3,Cloudy,48.0,Male,0,434121.13,Heavy,Poorly-Lit,30
MMTI-2025-20454,Pasig,Truck,Head-on,,Rain,30.0,Male,0,211902.92,Light,Poorly-Lit,80
MMTI-2025-09606,Las Pinas,Truck,Rear-end,3,Clear,24.0,Male,0,87714.07,Heavy,Well-Lit,40
MMTI-2025-15518,Manila,Motorcycle,Head-on,3.0,Cloudy,24.0,Female,0,167895.81,Heavy,Well-Lit,80
MMTI-2025-22489,Pasay,Motorcycle,Hit and Run,3,Clear,17.0,Male,0,48768.03,Moderate,Well-Lit,80 km/h
MMTI-2025-16767,Muntinlupa,Motorcycle,Hit and Run,3,Clear,48.0,Male,0,55223.95,Light,Poorly-Lit,60 km/h
MMTI-2025-17616, makati,Bus,Side-swipe,3,Rain,32.0,Male,0,,Heavy,Well-Lit,30 km/h
MMTI-2025-09958,Quezon,Truck,Rear-end,2.0,Clear,,Male,0,116836.44,Light,Unlit,60
MMTI-2025-19055,Quezon,Car,Side-swipe,2,Cloudy,42.0,Female,1,394279.11,Moderate,Well-Lit,60 km/h
MMTI-2025-19963,Pasay,Car,Side-swipe,2,Clear,30.0,Male,0,"PHP 45,888.60",Heavy,Poorly-Lit,60
MMTI-2025-19385,,SUV/Van,Rear-end,Risk Level 1,Clear,24.0,Male,0,98915.88,Moderate,POOR,80
MMTI-2025-17035,Manila,Truck,Head-on,Risk Level 3,Cloudy,60.0,Male,0,208027.24,LIGHT,Poorly-Lit,60 km/h
MMTI-2025-06891,Quezon,Car,Side-swipe,1,Cloudy,40.0,Unknown,0,413500.61,MODERATE,Unlit,60
MMTI-2025-04181,Pasay,Motorcycle,Head-on,3.0,Clear,29.0,Female,0,48206.01,Moderate,Well-Lit,40
MMTI-2025-14762,Manila,Jeepney,Side-swipe,,Clear,44.0,Male,0,50201.85,MODERATE,Well-Lit,60
MMTI-2025-14122,,Jeepney,Rear-end,2.0,Rain,40.0,Male,0,37309.73,Moderate,Well-Lit,30
MMTI-2025-06609,Muntinlupa,Car,Hit and Run,3,Clear,22.0,Male,0,50848.98,Moderate,Well-Lit,60 km/h
MMTI-2025-12896,Quezon,Car,Hit and Run,3.0,Cloudy,37.0,Male,0,562160.82,Moderate,Poorly-Lit,60
MMTI-2025-04654,Manila,Car,Hit and Run,3,Cloudy,26.0,Male,0,201173.18,Moderate,Well-Lit,60 km/h
MMTI-2025-19474,Caloocan,Car,Side-swipe,3,Clear,47.0,Female,0,43330.13,Moderate,Poorly-Lit,80
MMTI-2025-06399,Quezon,Motorcycle,Side-swipe,Risk Level 2,Cloudy,19.0,Male,0,453997.39,Heavy,Well-Lit,60
MMTI-2025-11386,,Bus,Head-on,3,Clear,21.0,Female,0,"PHP 762,068.47",Heavy,Lit,60
MMTI-2025-20399,Taguig,Car,Rear-end,3.0,Cloudy,44.0,male,0,281196.61,MODERATE,Well-Lit,40 km/h
MMTI-2025-01309,Quezon,Bus,Rear-end,1.0,,17.0,Male,0,168080.74,Moderate,Well-Lit,100 km/h
MMTI-2025-14758,Quezon,Car,Hit and Run,Risk Level 6,Stormy,37.0,Female,1,2903.3k,Heavy,Unlit,80
MMTI-2025-10657,Quezon,Car,Hit and Run,3,Cloudy,17.0,Female,0,513726.86,Heavy,Unlit,30 kph
MMTI-2025-05903,Marikina,Truck,Head-on,2,Clear,53.0,Male,0,"PHP 66,516.96",Moderate,Poorly-Lit,40
MMTI-2025-22802,,Bus,Side-swipe,3.0,Clear,38.0,Male,0,,Heavy,Well-Lit,60
MMTI-2025-06850,Makati,SUV/Van,Side-swipe,,Clear,18.0,Male,0,123180.5,Heavy,Well-Lit,80
MMTI-2025-15330,Caloocan,Truck,Head-on,,Clear,36.0,Male,0,469.5k,Moderate,Well-Lit,80 km/h
MMTI-2025-14729,Quezon,Car,Side-swipe,6,Rainy,17.0,Male,3,630604.53,Heavy,Well-Lit,40 km/h
MMTI-2025-04259,Quezon,Truck,Head-on,3,Rainy,46.0,Male,0,903164.33,Heavy,Well-Lit,60 km/h
MMTI-2025-22033,San Juan,Motorcycle,Side-swipe,3,Clear,43.0,Male,0,40093.01,Heavy,Lit,60 km/h
MMTI-2025-02966,,Jeepney,Hit and Run,Risk Level 1,Clear,51.0,M,0,"PHP 34,222.29",Moderate,Unlit,80 km/h
MMTI-2025-15084,Quezon,Truck,Rear-end,3,Rainy,52.0,Female,0,"PHP 668,211.26",Heavy,Well-Lit,60
MMTI-2025-08385,Pasig,Motorcycle,Hit and Run,3.0,Clear,29.0,Male,0,149070.03,HEAVY,Poorly-Lit,40 kph
MMTI-2025-17943,Manila,Jeepney,Hit and Run,3.0,Clear,28.0,F,0,57464.9,,Unlit,100
MMTI-2025-11418,Muntinlupa,SUV/Van,Head-on,Risk Level 3,Clear,49.0,Male,0,57615.46,Heavy,Poorly-Lit,60
MMTI-2025-18836,Navotas,Car,Head-on,3,Clear,62.0,Male,0,36478.48,Heavy,Well-Lit,60
MMTI-2025-16982,Quezon,SUV/Van,Hit and Run,3,Rainy,35.0,Male,0,751973.91,Moderate,Well-Lit,60 km/h
MMTI-2025-07626,Quezon,Motorcycle,Head-on,Risk Level 3,Cloudy,48.0,male,0,416.1k,Heavy,Well-Lit,40
MMTI-2025-12986,Quezon,Car,Head-on,3,Cloudy,31.0,Male,0,427266.01,Moderate,Well-Lit,60 km/h
MMTI-2025-19576,Mandaluyong,,Rear-end,3.0,Clear,40.0,Female,0,91469.69,,Well-Lit,60
MMTI-2025-10044,,SUV/Van,Head-on,Risk Level 3,,41.0,Unknown,0,465331.59,Moderate,Poorly-Lit,60
MMTI-2025-07729,Makati,Motorcycle,Rear-end,3.0,Cloudy,31.0,male,0,230426.51,LIGHT,Unlit,60
MMTI-2025-11083,Makati,Car,Rear-end,3.0,Cloudy,43.0,Female,0,219253.89,Moderate,Unlit,80 kph
MMTI-2025-18885,Manila,Car,Rear-end,Risk Level 3,Cloudy,32.0,Male,0,181920.83,HEAVY,Unlit,60
MMTI-2025-02131,Muntinlupa,Car,Rear-end,3,Clear,28.0,Male,0,51071.4,Moderate,dark,60
MMTI-2025-05900,San Juan,Car,Rear-end,2.0,Clear,32.0,Male,0,40449.09,Heavy,Well-Lit,60 km/h
MMTI-2025-13650,QUEZON ,Car,Hit and Run,3,,42.0,Male,0,253007.29,Moderate,Unlit,60
MMTI-2025-03201,,Bus,Hit and Run,3.0,Clear,42.0,Male,0,375856.59,Heavy,Well-Lit,60 km/h
MMTI-2025-17760,Mandaluyong,SUV/Van,Side-swipe,2.0,Clear,,Male,0,"PHP 51,713.92",Heavy,well lit,30
MMTI-2025-19521,PARANAQUE ,,Hit and Run,3.0,Clear,34.0,Female,0,56230.86,Heavy,Poorly-Lit,60 km/h
MMTI-2025-09161,Manila,Car,Side-swipe,6.0,Rain,,Male,3,"PHP 411,540.21",Moderate,Well-Lit,60 kph
MMTI-2025-12949,Pasig,Motorcycle,Rear-end,,Rain,34.0,Male,0,3188.59,HEAVY,Well-Lit,40
MMTI-2025-21633,Quezon,Car,Rear-end,3,Rainy,47.0,Female,0,739108.29,Heavy,Well-Lit,60
MMTI-2025-18637,Quezon,Car,Rear-end,6.0,Cloudy,44.0,Male,2,400295.43,Heavy,Well-Lit,80 km/h
MMTI-2025-18563,Manila,Motorcycle,Head-on,6,Cloudy,34.0,Male,1,187108.49,HEAVY,Poorly-Lit,30
MMTI-2025-18193,Las Pinas,Jeepney,Side-swipe,,Clear,42.0,Male,0,37912.48,Heavy,Well-Lit,60 km/h
MMTI-2025-06393, marikina,Motorcycle,Side-swipe,3.0,Clear,39.0,F,0,,Light,Well-Lit,40
MMTI-2025-09902,Quezon,Car,Rear-end,3,Cloudy,44.0,Male,0,385633.11,Heavy,dark,60 km/h
MMTI-2025-12105,Quezon,Car,Side-swipe,Risk Level 3,Rainy,21.0,Male,0,1393401.32,Heavy,Well-Lit,30
MMTI-2025-18629,Quezon,Truck,Head-on,Risk Level 3,Rainy,32.0,Male,0,1033238.12,Moderate,dark,60 km/h
MMTI-2025-03923,Paranaque,Car,Side-swipe,3,Clear,30.0,Male,0,106955.04,Moderate,Poorly-Lit,60 km/h
MMTI-2025-18388,Quezon,Car,Hit and Run,Risk Level 3,Rainy,24.0,Male,0,796959.02,Heavy,Poorly-Lit,60
MMTI-2025-10558,Manila,,Rear-end,3,Clear,44.0,Male,0,152250.59,Heavy,Poorly-Lit,100
MMTI-2025-05993,QUEZON ,,Side-swipe,,Rain,35.0,Male,0,92046.19,MODERATE,Well-Lit,60 kph
MMTI-2025-02482,Paranaque,Motorcycle,Rear-end,,Rain,61.0,Male,0,"PHP 14,777.94",Heavy,Unlit,60 km/h
MMTI-2025-10365,,SUV/Van,Rear-end,2,Clear,36.0,Female,0,117124.6,Moderate,Unlit,30
MMTI-2025-16006,Quezon,Jeepney,Side-swipe,3.0,Cloudy,0.0,Male,0,"PHP 554,833.37",Moderate,Well-Lit,40
MMTI-2025-11790,,Motorcycle,Side-swipe,Risk Level 3,Clear,34.0,Male,0,54118.72,Heavy,Well-Lit,60
MMTI-2025-21169,Quezon,SUV/Van,Hit and Run,1.0,Cloudy,41.0,Male,0,364824.0,Moderate,Well-Lit,60
MMTI-2025-21146,Quezon,Motorcycle,Side-swipe,6,Stormy,27.0,Male,1,3178.5k,Heavy,Well-Lit,60
MMTI-2025-03014,Taguig,Car,Rear-end,3.0,Cloudy,51.0,Female,0,316540.14,Moderate,well lit,40
MMTI-2025-03152,Muntinlupa,SUV/Van,Hit and Run,Risk Level 3,Clear,36.0,Male,0,50.9k,Heavy,Well-Lit,100
MMTI-2025-13626,,Motorcycle,Hit and Run,3.0,Clear,31.0,Male,0,34806.99,Heavy,Well-Lit,60
MMTI-2025-18140,Marikina,Truck,Side-swipe,3,Clear,46.0,Male,0,1088484.44,,Unlit,60 kph
MMTI-2025-19123,Mandaluyong,Car,Head-on,3,Clear,29.0,Male,0,71970.92,Heavy,Well-Lit,30
MMTI-2025-19511,Quezon,Bus,Head-on,,Cloudy,44.0,Female,0,418403.58,Heavy,Well-Lit,80 kph
MMTI-2025-06059,Quezon,Car,Hit and Run,Risk Level 2,Cloudy,30.0,Male,0,455534.48,HEAVY,Well-Lit,30
MMTI-2025-02169,Quezon,Car,Hit and Run,3,Cloudy,43.0,Female,0,502657.82,Heavy,well lit,60 km/h
MMTI-2025-07127,Quezon,Car,Head-on,6,Stormy,50.0,Male,2,3432272.25,Moderate,Well-Lit,80 km/h