Incident_ID,City,Vehicle_Type,Accident_Type,Severity,Weather_Condition,Driver_Age,Driver_Gender,Injury_Count,Damage_Cost_PHP,Traffic_Volume,Road_Lighting,Speed_Limit
MMTI-2025-21730,Quezon,,Side-swipe,Risk Level 3,Rain,50.0,Male,0,"PHP 90,815.78",Heavy,Well-Lit,60
MMTI-2025-01909,Pasig,Bus,Rear-end,,Clear,35.0,Male,4,277483.34,,Well-Lit,60 km/h
MMTI-2025-17618,Taguig,Bus,Hit and Run,2,,27.0,Male,0,424728.95,Light,Well-Lit,60
MMTI-2025-08720,Quezon,Bus,Side-swipe,3,Clear,41.0,Male,0,,Moderate,Well-Lit,40
MMTI-2025-05436,San Juan,Motorcycle,Rear-end,3,Rain,28.0,Male,0,24800.17,,Poorly-Lit,80
MMTI-2025-21809,Makati,Car,Side-swipe,6,Cloudy,18.0,Female,4,222196.79,Heavy,Poorly-Lit,60 kph
MMTI-2025-00723,Quezon,Car,Hit and Run,Risk Level 2,Clear,47.0,Male,0,28552.57,,dark,60
MMTI-2025-21344,,Truck,Side-swipe,3,Clear,39.0,Male,0,1286500.12,Heavy,Well-Lit,60
MMTI-2025-15693,Mandaluyong,Car,Hit and Run,,Clear,40.0,Unknown,0,98.8k,HEAVY,Poorly-Lit,80 km/h
MMTI-2025-07774,Quezon,Car,Head-on,6,Stormy,42.0,Male,1,4740099.06,MODERATE,Poorly-Lit,60
MMTI-2025-15989,Pasig,Truck,Side-swipe,3.0,,38.0,Male,0,318534.66,Heavy,Well-Lit,40
MMTI-2025-23523,Manila,Bus,Head-on,3,Clear,35.0,Male,0,,Moderate,Lit,40 kph
MMTI-2025-18184,MANILA ,SUV/Van,Hit and Run,6,Rain,33.0,Male,4,,Moderate,Well-Lit,60 km/h
MMTI-2025-03756,Makati,Bus,Rear-end,Risk Level 3,Clear,,Male,0,,Heavy,Poorly-Lit,80
MMTI-2025-18468,Manila,Bus,Hit and Run,3,Clear,,Unknown,0,1178498.84,Moderate,well lit,40
MMTI-2025-05280,PASAY ,Motorcycle,Side-swipe,3,,47.0,Male,0,21253.68,Heavy,Well-Lit,60
MMTI-2025-13237,QUEZON ,Bus,Head-on,3.0,Clear,30.0,Male,0,960309.89,,dark,60
MMTI-2025-08196,Malabon,Car,Head-on,6.0,Rain,40.0,Male,4,125464.65,,Well-Lit,30
MMTI-2025-22942, quezon,SUV/Van,Side-swipe,3,,24.0,Female,0,"PHP 203,914.68",Moderate,Well-Lit,60
MMTI-2025-16279,Manila,Jeepney,Hit and Run,6.0,,54.0,male,3,180353.17,Heavy,Poorly-Lit,40
MMTI-2025-11011,Quezon,SUV/Van,Side-swipe,3.0,Rainy,32.0,Male,0,923553.87,Heavy,Poorly-Lit,60 km/h
MMTI-2025-06259,Muntinlupa,SUV/Van,Head-on,3,Clear,29.0,Female,0,54099.26,Heavy,Poorly-Lit,30 km/h
MMTI-2025-07839,Manila,Car,Head-on,,Clear,46.0,Female,0,77777777,Heavy,Poorly-Lit,60
MMTI-2025-04500,Pasig,Car,Hit and Run,3.0,Clear,50.0,Male,0,129019.24,Moderate,Well-Lit,60 km/h
MMTI-2025-05706,Quezon,SUV/Van,Side-swipe,Risk Level 3,Cloudy,32.0,Male,0,"PHP 556,839.34",Moderate,Well-Lit,60 km/h
MMTI-2025-20356,,Bus,Rear-end,3.0,Clear,28.0,Male,0,941463.26,,Unlit,60
MMTI-2025-20677,,Bus,Head-on,3,Clear,54.0,Male,0,1020010.84,Heavy,Unlit,30
MMTI-2025-18850,Quezon,Jeepney,Rear-end,Risk Level 3,Rainy,42.0,Male,0,1314954.52,Moderate,Poorly-Lit,40
MMTI-2025-19755,Makati,SUV/Van,Side-swipe,6,,33.0,Male,4,1142811.67,Heavy,Well-Lit,40
MMTI-2025-14032,QUEZON ,Bus,Side-swipe,Risk Level 3,Rain,42.0,Male,0,974.8k,,Poorly-Lit,60
MMTI-2025-05795,MANDALUYONG ,,Head-on,Risk Level 3,Rain,25.0,Male,0,157435.02,Heavy,Well-Lit,60
MMTI-2025-04291,Quezon,Motorcycle,Head-on,6,Cloudy,29.0,Male,2,594044.11,Heavy,Poorly-Lit,40 km/h
MMTI-2025-04720,Pasig,Car,Head-on,3,Clear,44.0,Unknown,0,160579.96,Heavy,Well-Lit,60
MMTI-2025-13350, manila,,Rear-end,3,,53.0,Male,0,81747.8,Heavy,dark,30
MMTI-2025-08537,Quezon,Motorcycle,Rear-end,Risk Level 3,Cloudy,36.0,Male,0,439600.62,HEAVY,Well-Lit,100
MMTI-2025-22519,Quezon,Motorcycle,Head-on,Risk Level 6,Rainy,32.0,Male,3,998920.91,Heavy,Unlit,40
MMTI-2025-21999,Quezon,Car,Hit and Run,3,Rainy,30.0,Male,0,1014187.31,Heavy,Poorly-Lit,30 km/h
MMTI-2025-01467,Taguig,SUV/Van,Hit and Run,3,Cloudy,54.0,Male,0,293503.39,Heavy,Well-Lit,60
MMTI-2025-07999,,,Hit and Run,3,Rain,,Male,0,249944.75,Heavy,Poorly-Lit,60
MMTI-2025-00139,Quezon,Car,Hit and Run,6,Stormy,51.0,F,3,77777777,Heavy,Poorly-Lit,60 km/h
MMTI-2025-03799,Manila,Jeepney,Side-swipe,,Cloudy,18.0,Male,0,"PHP 24,384.22",Heavy,Lit,60
MMTI-2025-19090,Quezon,Car,Side-swipe,1,Cloudy,30.0,Male,0,521694.13,Moderate,Well-Lit,60 km/h
MMTI-2025-02807,Pasig,Car,Head-on,3,Clear,24.0,Male,0,140153.84,Heavy,Well-Lit,60 km/h
MMTI-2025-10962,Quezon,SUV/Van,Side-swipe,,Clear,37.0,Male,0,124.5k,Moderate,Well-Lit,30
MMTI-2025-12025,Paranaque,Car,Side-swipe,6,Clear,20.0,Male,3,118862.59,Heavy,Poorly-Lit,60
MMTI-2025-19103,Pasig,Car,Rear-end,6,Clear,34.0,M,4,146440.23,Heavy,Well-Lit,60
MMTI-2025-01273,Paranaque,Car,Side-swipe,3,Clear,36.0,Female,0,101167.35,Heavy,Well-Lit,60 km/h
MMTI-2025-17949,Pasig,Jeepney,Head-on,3,Clear,29.0,Male,0,124363.74,Heavy,Well-Lit,40
MMTI-2025-07301,Paranaque,Car,Rear-end,3,Clear,22.0,Female,0,"PHP 112,673.11",Heavy,Poorly-Lit,30
MMTI-2025-18967,Quezon,Car,Head-on,6,Cloudy,49.0,Male,1,530251.51,Heavy,Well-Lit,80 km/h
MMTI-2025-14273,Quezon,Car,Side-swipe,3,Rainy,46.0,Unknown,4,"PHP 1,127,037.98",HEAVY,POOR,60 kph
MMTI-2025-18490,Paranaque,Car,Hit and Run,Risk Level 3,Clear,24.0,Male,0,"PHP 104,522.23",HEAVY,Poorly-Lit,60
MMTI-2025-08200,Mandaluyong,Car,Side-swipe,3,Clear,40.0,Male,0,78731.33,Moderate,Well-Lit,40
MMTI-2025-06015,Quezon,SUV/Van,Side-swipe,Risk Level 3,Rainy,37.0,M,0,1027403.39,Heavy,Well-Lit,30 km/h
MMTI-2025-04908,Las Pinas,Car,Head-on,Risk Level 3,Clear,150.0,Male,0,94664.43,HEAVY,Well-Lit,80 km/h
MMTI-2025-17999,,Jeepney,Side-swipe,Risk Level 2,Clear,31.0,Male,0,42504.25,Heavy,Well-Lit,80
MMTI-2025-12169,,Jeepney,Rear-end,3,Clear,47.0,Female,0,63817.47,Heavy,Unlit,80
MMTI-2025-22317,Quezon,Car,Head-on,3,Cloudy,34.0,Female,0,600853.32,Moderate,Well-Lit,40 km/h
MMTI-2025-12897,Manila,Motorcycle,Side-swipe,Risk Level 3,Cloudy,38.0,Female,0,171550.77,Heavy,Poorly-Lit,40
MMTI-2025-08552,Taguig,Motorcycle,Hit and Run,3.0,,33.0,Male,0,9371.5,Moderate,Well-Lit,30
MMTI-2025-21584,Quezon,Car,Side-swipe,2,Cloudy,43.0,Male,0,437493.6,Moderate,Well-Lit,80
MMTI-2025-20284,Valenzuela,Truck,Hit and Run,3,,56.0,Male,0,"PHP 876,472.34",Heavy,Well-Lit,30
MMTI-2025-01218,Manila,Car,Head-on,3.0,Cloudy,29.0,Male,0,176.0k,Heavy,Well-Lit,40 km/h
MMTI-2025-12869,Quezon,Car,Hit and Run,3.0,Rainy,35.0,Female,0,730386.38,Heavy,Well-Lit,60
MMTI-2025-00449,Quezon,Truck,Head-on,3,Clear,55.0,Male,0,,Moderate,POOR,60 kph
MMTI-2025-01054,Makati,Car,Rear-end,3,Cloudy,17.0,Male,0,268363.22,Heavy,Well-Lit,80
MMTI-2025-06007,Quezon,Truck,Rear-end,3,Cloudy,35.0,Female,0,531190.17,Heavy,dark,80
MMTI-2025-12938,Quezon,Car,Head-on,3,Rainy,999.0,female ,0,826945.85,Light,Poorly-Lit,60
MMTI-2025-11630,MARIKINA ,Jeepney,Rear-end,3,,37.0,Male,0,71222.85,Heavy,Well-Lit,40 kph
MMTI-2025-15669,Quezon,Car,Head-on,3,Rainy,40.0,Male,0,1291940.84,Heavy,Well-Lit,80
MMTI-2025-08489,,,Hit and Run,3,Clear,28.0,Male,0,109228.56,Moderate,Well-Lit,60 km/h
MMTI-2025-15370,Quezon,Car,Side-swipe,2,Rainy,62.0,Male,0,633691.17,Heavy,Well-Lit,80 km/h
MMTI-2025-04817,Quezon,Car,Rear-end,2,Cloudy,50.0,Male,0,524023.04,Heavy,Lit,40
MMTI-2025-12323,MANILA ,Motorcycle,Rear-end,,Cloudy,21.0,Male,1,4.2k,Light,Well-Lit,60
MMTI-2025-15070,Makati,Car,Hit and Run,3,Cloudy,32.0,female ,0,226823.03,Heavy,Poorly-Lit,60 km/h
MMTI-2025-03251,Marikina,Car,Rear-end,Risk Level 3,,51.0,Male,0,133867.83,Light,Well-Lit,60
MMTI-2025-10718,Taguig,Car,Rear-end,3,Cloudy,17.0,Male,0,292994.1,Heavy,Well-Lit,40
MMTI-2025-19069,Taguig,Car,Side-swipe,6,Cloudy,38.0,Male,3,277020.23,Moderate,Well-Lit,60
MMTI-2025-18674,Mandaluyong,Car,Rear-end,3,Clear,38.0,Female,0,81185.48,Heavy,Well-Lit,60 kph
MMTI-2025-05995,Manila,Car,Hit and Run,3.0,Cloudy,29.0,Male,0,198864.66,Heavy,Poorly-Lit,40
MMTI-2025-10513,Quezon,Motorcycle,Hit and Run,6,Stormy,43.0,Male,4,1939755.17,Heavy,Well-Lit,80
MMTI-2025-05566,Marikina,Car,Side-swipe,3.0,Clear,30.0,male,0,66905.78,Moderate,Well-Lit,60 km/h
MMTI-2025-01145,Quezon,SUV/Van,Side-swipe,Risk Level 4,Cloudy,63.0,Male,4,568977.65,Moderate,Poorly-Lit,80
MMTI-2025-14514,,SUV/Van,Hit and Run,,Clear,33.0,Male,0,"PHP 128,979.97",Heavy,Well-Lit,60
MMTI-2025-14315,Pateros,Jeepney,Side-swipe,Risk Level 3,Clear,17.0,M,0,,Heavy,Well-Lit,60 km/h
MMTI-2025-14954,Quezon,Car,Rear-end,6.0,Cloudy,51.0,M,2,463685.67,Moderate,Well-Lit,40
MMTI-2025-03507,Paranaque,Car,Rear-end,6.0,Clear,73.0,Male,2,101096.47,Heavy,Well-Lit,80
MMTI-2025-20511,Quezon,Car,Hit and Run,3.0,Rainy,42.0,Female,0,893048.54,Light,Well-Lit,60
MMTI-2025-04445,Muntinlupa,Car,Hit and Run,3,Clear,42.0,Male,0,55954.67,Heavy,Well-Lit,40
MMTI-2025-20450,Valenzuela,Car,Hit and Run,Risk Level 2,Clear,43.0,Female,0,38.1k,Moderate,POOR,40 km/h
MMTI-2025-07699,Quezon,SUV/Van,Side-swipe,2,Cloudy,39.0,F,0,"PHP 595,323.47",Moderate,Poorly-Lit,80
MMTI-2025-04064,Mandaluyong,Truck,Head-on,3,Clear,23.0,Unknown,0,74384.71,Moderate,Poorly-Lit,60
MMTI-2025-14454,Valenzuela,Truck,Hit and Run,,Rain,26.0,Male,0,162567.5,Heavy,No Lights,60
MMTI-2025-09754,Quezon,SUV/Van,Hit and Run,1,Cloudy,45.0,Male,0,368086.88,Moderate,Poorly-Lit,60
MMTI-2025-01134,,SUV/Van,Hit and Run,2.0,Clear,48.0,male,0,38063.66,Moderate,POOR,60 km/h
MMTI-2025-18361,Quezon,Truck,Hit and Run,,Rain,37.0,Male,0,488197.48,Heavy,Well-Lit,60
MMTI-2025-03739,Pasig,Jeepney,Hit and Run,6.0,,36.0,Female,1,134567.0,Heavy,Well-Lit,60
MMTI-2025-00725,Marikina,Motorcycle,Rear-end,Risk Level 3,Clear,46.0,Male,0,60006.53,Heavy,Well-Lit,40
MMTI-2025-12953,Quezon,Motorcycle,Rear-end,3,Rainy,35.0,Male,0,916302.51,Heavy,Unlit,80 km/h
MMTI-2025-03932,Taguig,Truck,Side-swipe,3.0,Cloudy,27.0,Male,0,315655.74,Heavy,Well-Lit,60
MMTI-2025-20720,Caloocan,,Rear-end,Risk Level 3,Clear,33.0,Male,0,,Heavy,Poorly-Lit,60 kph
MMTI-2025-06537,Manila,Truck,Rear-end,Risk Level 2,Clear,25.0,Female,0,555665.97,,Well-Lit,60
MMTI-2025-19343,Quezon,Car,Rear-end,Risk Level 3,Rainy,37.0,Unknown,0,640152.5,Heavy,Well-Lit,60
MMTI-2025-02318,Las Pinas,Car,Side-swipe,3,Clear,34.0,Male,0,88870.15,Heavy,Unlit,60
MMTI-2025-17222,Navotas,Truck,Head-on,,Clear,26.0,F,0,295368.76,Heavy,Well-Lit,60
MMTI-2025-19962,Caloocan,Truck,Head-on,3.0,Clear,32.0,Female,0,43996.52,Moderate,Well-Lit,40
MMTI-2025-02683,TAGUIG ,Truck,Hit and Run,2,,28.0,Male,0,"PHP 317,428.04",Moderate,Well-Lit,60
MMTI-2025-08890,Makati,Jeepney,Rear-end,,Clear,24.0,Male,2,31419.65,Heavy,Well-Lit,60
MMTI-2025-15191,Taguig,Car,Head-on,6,Cloudy,31.0,Male,2,322598.36,Heavy,Poorly-Lit,60
MMTI-2025-02059,Mandaluyong,Motorcycle,Side-swipe,3.0,Clear,58.0,Male,0,"PHP 71,181.73",Heavy,No Lights,60
MMTI-2025-08153,Quezon,Truck,Rear-end,,Clear,29.0,Male,0,252134.72,Moderate,Well-Lit,60 km/h
MMTI-2025-01801,Quezon,Motorcycle,Side-swipe,Risk Level 3,Rainy,29.0,Male,0,"PHP 1,730,254.10",Light,Well-Lit,60
MMTI-2025-22883,Makati,SUV/Van,Head-on,Risk Level 3,,26.0,Male,0,173343.77,Heavy,Well-Lit,80 kph
MMTI-2025-11544,Quezon,Motorcycle,Rear-end,3.0,Rainy,42.0,Male,0,802507.43,Heavy,No Lights,60
MMTI-2025-06500,Las Pinas,Car,Rear-end,3,Clear,53.0,Female,0,,HEAVY,Poorly-Lit,40
MMTI-2025-08100,Makati,Truck,Head-on,3,Cloudy,0.0,Male,0,240082.26,Heavy,Poorly-Lit,40
MMTI-2025-12522,,Truck,Rear-end,3.0,Clear,36.0,Male,0,742220.6,Heavy,Poorly-Lit,100
MMTI-2025-13296,San Juan,Truck,Head-on,3,Clear,38.0,Female,0,40372.69,Heavy,Well-Lit,60 km/h
MMTI-2025-03478,,Car,Side-swipe,3.0,Rain,35.0,Male,0,"PHP 52,915.49",Heavy,Well-Lit,100
MMTI-2025-17450,Manila,Jeepney,Rear-end,3,Rain,19.0,Male,0,"PHP 71,222.04",,Well-Lit,40
MMTI-2025-20733,Paranaque,Motorcycle,Head-on,6,Clear,65.0,Male,2,120063.66,Heavy,No Lights,100 kph
MMTI-2025-00485,,Jeepney,Side-swipe,6.0,Cloudy,33.0,Male,1,,Moderate,Poorly-Lit,60
MMTI-2025-00614,Quezon,Motorcycle,Head-on,Risk Level 3,Stormy,34.0,Male,0,1907191.07,Moderate,Well-Lit,60
MMTI-2025-05418,Muntinlupa,SUV/Van,Side-swipe,3.0,Clear,31.0,Male,0,56378.99,Heavy,well lit,100 km/h
MMTI-2025-13817,Manila,,Hit and Run,,Cloudy,37.0,Female,1,87885.01,Heavy,Well-Lit,60
MMTI-2025-08977,Taguig,SUV/Van,Rear-end,Risk Level 3,Cloudy,41.0,Male,0,335539.71,Light,Poorly-Lit,80 kph
MMTI-2025-19232,Quezon,SUV/Van,Rear-end,3,Rainy,32.0,Female,0,1108367.57,Light,POOR,60
MMTI-2025-21663,Taguig,Car,Side-swipe,Risk Level 2,Cloudy,20.0,Male,0,287760.7,Moderate,Well-Lit,80 km/h
MMTI-2025-16894, quezon,Car,Head-on,Risk Level 3,Rain,36.0,Male,0,167818.9,,Poorly-Lit,60 km/h
MMTI-2025-09614,Las Pinas,Car,Side-swipe,3,Clear,22.0,Male,0,87916.35,Heavy,Well-Lit,40
MMTI-2025-13863,Quezon,Car,Head-on,,Clear,24.0,Male,0,86546.01,Light,Well-Lit,40
MMTI-2025-16285, manila,Motorcycle,Rear-end,3.0,Clear,22.0,Male,0,"PHP 10,394.82",,Unlit,60
MMTI-2025-10806,Quezon,Car,Side-swipe,2,Cloudy,59.0,M,0,"PHP 456,318.96",Heavy,Unlit,30 km/h
MMTI-2025-02165,Manila,Car,Rear-end,2,,42.0,Female,0,-500,Heavy,Well-Lit,60
MMTI-2025-01963,Quezon,,Side-swipe,2,Clear,30.0,Female,0,74288.66,Heavy,Well-Lit,60
MMTI-2025-04146,Caloocan,Car,Side-swipe,3,Clear,27.0,Male,0,44883.78,Moderate,Well-Lit,60
MMTI-2025-13876,Quezon,SUV/Van,Head-on,3.0,Cloudy,30.0,Male,0,619031.35,Moderate,Well-Lit,40 km/h
MMTI-2025-21071,Pasig,SUV/Van,Rear-end,3,Clear,46.0,Male,0,138940.75,Moderate,Well-Lit,80
MMTI-2025-04266,Quezon,Motorcycle,Side-swipe,6.0,Stormy,31.0,Male,3,3040960.57,Heavy,Well-Lit,100 kph
MMTI-2025-00783,Las Pinas,Car,Hit and Run,2,Clear,45.0,Female,0,85882.34,Moderate,Well-Lit,40
MMTI-2025-12357,Quezon,Car,Rear-end,Risk Level 3,Rainy,45.0,Male,0,655739.63,Light,Poorly-Lit,60 km/h
MMTI-2025-11216,,Motorcycle,Rear-end,3,Rain,46.0,M,0,"PHP 40,086.84",,Well-Lit,60
MMTI-2025-02357,Makati,Car,Hit and Run,3,Cloudy,35.0,Female,0,249500.92,Heavy,Well-Lit,40
MMTI-2025-22847, san juan,Bus,Rear-end,2,Clear,,Male,0,471916.73,,Poorly-Lit,80
MMTI-2025-22106,Pasig,Car,Hit and Run,3,Clear,36.0,M,0,130475.93,Heavy,Poorly-Lit,100
MMTI-2025-19804,Marikina,Car,Side-swipe,3,Clear,23.0,Male,0,64681.35,Heavy,Poorly-Lit,60 kph
MMTI-2025-02944,Pasig,,Side-swipe,Risk Level 3,Clear,38.0,Female,0,91606.6,MODERATE,Unlit,60
MMTI-2025-00222,Valenzuela,Jeepney,Hit and Run,6,Rain,,Male,4,71907.94,Moderate,Unlit,60 km/h
MMTI-2025-04804,Quezon,Car,Rear-end,Risk Level 6,Cloudy,51.0,Male,3,360901.59,Heavy,No Lights,60
MMTI-2025-18109, valenzuela,Bus,Side-swipe,3,,59.0,Female,0,659516.77,Heavy,Unlit,80
MMTI-2025-15990,Taguig,Bus,Rear-end,3.0,,52.0,Male,0,717508.5,,Poorly-Lit,60
MMTI-2025-05855,Taguig,Jeepney,Side-swipe,Risk Level 3,Rain,,Female,0,,,Well-Lit,80 km/h
MMTI-2025-15664,Pasig,Truck,Rear-end,3.0,Clear,43.0,Male,0,139.5k,HEAVY,Poorly-Lit,60
MMTI-2025-10665,Paranaque,Car,Rear-end,3,Clear,32.0,Male,0,123091.38,Moderate,No Lights,100
MMTI-2025-09634,Quezon,Car,Head-on,3,Rainy,34.0,Female,0,1682196.28,Heavy,Well-Lit,40
MMTI-2025-20732,Las Pinas,Bus,Rear-end,,Clear,33.0,Male,0,269972.61,Moderate,Poorly-Lit,30
MMTI-2025-13100,,Truck,Head-on,3,,24.0,Female,0,1627385.98,Heavy,Poorly-Lit,60
MMTI-2025-13557,Pasig,Car,Hit and Run,Risk Level 3,Clear,20.0,Male,0,142724.22,Moderate,Well-Lit,40
MMTI-2025-02644,Manila,Car,Side-swipe,3,,33.0,Male,0,72272.93,Moderate,Well-Lit,30 km/h
MMTI-2025-11442,Mandaluyong,SUV/Van,Hit and Run,,Clear,24.0,Male,0,100311.53,Heavy,Poorly-Lit,60
MMTI-2025-06539,Taguig,Car,Head-on,3.0,Cloudy,42.0,Male,0,281905.47,MODERATE,Well-Lit,40
MMTI-2025-18815,Mandaluyong,SUV/Van,Rear-end,2,Clear,41.0,Male,0,,Light,Poorly-Lit,40 km/h
MMTI-2025-01041,Manila,Jeepney,Side-swipe,,Clear,55.0,Male,3,,HEAVY,Well-Lit,100
MMTI-2025-13399,Makati,Car,Head-on,3,Cloudy,33.0,Male,0,244230.17,HEAVY,Poorly-Lit,60
MMTI-2025-18294,Quezon,Car,Side-swipe,Risk Level 6,Rainy,17.0,Male,4,1171429.64,Moderate,Well-Lit,30
MMTI-2025-13139,Marikina,Motorcycle,Side-swipe,3,Clear,22.0,Male,0,62338.21,Moderate,Well-Lit,60
MMTI-2025-02453,Taguig,Car,Rear-end,3,Cloudy,42.0,Male,0,"PHP 348,332.02",Moderate,Well-Lit,60
MMTI-2025-09258,Las Pinas,Car,Hit and Run,Risk Level 3,Clear,40.0,Male,0,"PHP 96,067.14",Heavy,Well-Lit,60 km/h
MMTI-2025-14315,Pateros,Jeepney,Side-swipe,Risk Level 3,Clear,17.0,M,0,,Heavy,Well-Lit,60 km/h
MMTI-2025-14754,,,Hit and Run,3,Rain,52.0,M,0,"PHP 263,362.57",MODERATE,Well-Lit,40
MMTI-2025-19129,Pasay,SUV/Van,Side-swipe,,Clear,44.0,Male,0,152210.82,Heavy,well lit,40
MMTI-2025-13235,Manila,Truck,Hit and Run,1,Cloudy,45.0,Male,0,"PHP 170,560.44",Light,Poorly-Lit,80
MMTI-2025-17480,Paranaque,Car,Hit and Run,3.0,Clear,33.0,Female,0,"PHP 118,903.85",Heavy,Well-Lit,40
MMTI-2025-14383,MAKATI ,Bus,Head-on,3,,28.0,male,0,584959.07,Heavy,Well-Lit,60 km/h
MMTI-2025-12394, pateros,,Side-swipe,Risk Level 2,Clear,37.0,Female,0,71419.45,Heavy,Unlit,60
MMTI-2025-15715,MARIKINA ,Truck,Rear-end,Risk Level 2,Clear,28.0,Male,0,,Heavy,Poorly-Lit,40
MMTI-2025-12012,,SUV/Van,Side-swipe,Risk Level 3,Cloudy,46.0,Female,0,175863.79,,Well-Lit,100
MMTI-2025-08728,Quezon,Car,Side-swipe,2,Stormy,17.0,Female,0,99999999,Moderate,Poorly-Lit,60 km/h
MMTI-2025-21767,Quezon,,Side-swipe,Risk Level 3,,18.0,Male,0,215039.57,Heavy,Well-Lit,80 km/h
MMTI-2025-08830,Las Pinas,Car,Hit and Run,3,Clear,44.0,Male,0,"PHP 85,102.35",Moderate,Poorly-Lit,100
MMTI-2025-03831,Taguig,Car,Head-on,Risk Level 3,Cloudy,31.0,Male,0,"PHP 335,562.84",Moderate,Poorly-Lit,60 km/h
MMTI-2025-08550,Pasig,Car,Rear-end,2,Clear,41.0,Female,0,132737.38,Heavy,POOR,60 km/h
MMTI-2025-13686,Pasig,Car,Side-swipe,2.0,Clear,56.0,M,0,134666.61,Heavy,Poorly-Lit,60
MMTI-2025-11564,Valenzuela,Car,Head-on,Risk Level 2,Clear,56.0,Male,0,62007.17,,Well-Lit,100
MMTI-2025-02488,CALOOCAN ,Motorcycle,Head-on,,Clear,42.0,Male,1,13463.82,Heavy,Unlit,80
MMTI-2025-08523,Taguig,Motorcycle,Side-swipe,6,Cloudy,19.0,Male,2,294272.68,Heavy,Unlit,40
MMTI-2025-13648,Makati,Car,Side-swipe,3.0,Cloudy,28.0,Male,0,231675.35,Moderate,Poorly-Lit,100 km/h
MMTI-2025-21705,Makati,Car,Side-swipe,Risk Level 3,Cloudy,41.0,Female,0,248861.77,Moderate,Unlit,60
MMTI-2025-06170,Quezon,Car,Side-swipe,3,Cloudy,17.0,male,0,417985.57,Heavy,Poorly-Lit,80
MMTI-2025-22700,Muntinlupa,Motorcycle,Rear-end,3,Clear,19.0,Male,0,,Heavy,Poorly-Lit,40
MMTI-2025-05450,Mandaluyong,SUV/Van,Head-on,3,Clear,47.0,Male,0,71841.26,Heavy,Well-Lit,60
MMTI-2025-16641,Caloocan,Jeepney,Hit and Run,3,Clear,50.0,Male,0,44576.82,,Well-Lit,80
MMTI-2025-08658, manila,Motorcycle,Rear-end,3,Cloudy,27.0,Female,0,26652.87,,Well-Lit,60 km/h
MMTI-2025-16367,Quezon,Car,Side-swipe,3,Rainy,37.0,Male,0,1655361.69,Moderate,Well-Lit,60 kph
MMTI-2025-17341,Quezon,Truck,Head-on,4.0,Clear,22.0,Male,1,476191.31,,Well-Lit,60
MMTI-2025-16365,Pasig,SUV/Van,Hit and Run,3,Storm,,Female,0,,Heavy,Well-Lit,60
MMTI-2025-21522,Taguig,Car,Rear-end,3,Cloudy,17.0,Male,0,279911.95,Moderate,Well-Lit,60
MMTI-2025-15773,Quezon,Motorcycle,Head-on,Risk Level 3,Stormy,51.0,Male,0,99999999,Heavy,Poorly-Lit,60
MMTI-2025-20979, taguig,,Side-swipe,3,Cloudy,35.0,Female,0,108197.65,Moderate,Well-Lit,60
MMTI-2025-06502,Manila,Car,Rear-end,3.0,Cloudy,36.0,Male,0,185971.19,Heavy,Well-Lit,80
MMTI-2025-15527,Pasay,Motorcycle,Rear-end,Risk Level 6,Clear,21.0,Female,1,45701.0,Heavy,Unlit,80
MMTI-2025-09832,Makati,SUV/Van,Side-swipe,3,Cloudy,24.0,Male,0,226101.74,Light,Poorly-Lit,80 kph
MMTI-2025-14784,Quezon,SUV/Van,Hit and Run,3.0,,35.0,Male,0,77777777,Moderate,Poorly-Lit,60
MMTI-2025-18712,Quezon,,Side-swipe,2,Cloudy,26.0,Female,0,41139.89,Moderate,Poorly-Lit,60
MMTI-2025-16686,Las Pinas,Car,Head-on,3,Clear,47.0,Male,0,92.7k,HEAVY,dark,60
MMTI-2025-06552,Valenzuela,Car,Side-swipe,,Cloudy,40.0,Male,0,85193.34,,dark,60
MMTI-2025-01666,Quezon,Truck,Rear-end,6,Storm,49.0,Male,2,1806814.43,,Well-Lit,40
MMTI-2025-19581,Quezon,Car,Rear-end,3.0,Rainy,54.0,Male,0,1244874.34,Light,Unlit,60 kph
MMTI-2025-04260,PASIG ,Jeepney,Rear-end,2,Cloudy,,Male,0,29915.34,Moderate,Lit,100
MMTI-2025-03724, makati,,Hit and Run,1,Clear,46.0,Male,0,22136.69,Moderate,Well-Lit,60
MMTI-2025-14616,Manila,,Rear-end,3,Clear,35.0,Male,0,40007.07,Heavy,Poorly-Lit,30
MMTI-2025-13342,Quezon,SUV/Van,Side-swipe,2,Clear,51.0,Female,0,60032.8,,Poorly-Lit,40
MMTI-2025-23577,Marikina,Car,Side-swipe,2,Clear,56.0,Male,0,63511.43,Heavy,Well-Lit,40
MMTI-2025-20180,Malabon,Truck,Rear-end,3,Clear,44.0,Male,0,371004.2,,Unlit,60
MMTI-2025-15167,,Car,Hit and Run,3,Clear,35.0,Male,0,,Heavy,Poorly-Lit,30
MMTI-2025-06448,Quezon,Car,Rear-end,3,Cloudy,59.0,Female,0,426929.97,Heavy,Well-Lit,60 kph
MMTI-2025-01477,Manila,,Side-swipe,Risk Level 3,Clear,27.0,Female,0,201277.55,Heavy,Well-Lit,40
MMTI-2025-07248,Quezon,Jeepney,Side-swipe,3,Cloudy,59.0,Male,0,"PHP 577,188.33",Moderate,Well-Lit,80 km/h