Incident_ID,City,Vehicle_Type,Accident_Type,Severity,Weather_Condition,Driver_Age,Driver_Gender,Injury_Count,Damage_Cost_PHP,Traffic_Volume,Road_Lighting,Speed_Limit
MMTI-2025-22103,Makati,SUV/Van,Side-swipe,Risk Level 2,Cloudy,28.0,Male,0,242462.87,Moderate,Poorly-Lit,60
MMTI-2025-11158,Paranaque,Motorcycle,Head-on,2.0,Clear,59.0,Male,0,108640.0,Moderate,POOR,60
MMTI-2025-01232,MANILA ,Bus,Hit and Run,3,,24.0,Female,0,254773.39,Heavy,Poorly-Lit,60
MMTI-2025-18876,Manila,Motorcycle,Head-on,,Cloudy,,Female,1,3099.71,Heavy,Poorly-Lit,60
MMTI-2025-13687,Quezon,Truck,Hit and Run,3,Cloudy,34.0,Male,0,383916.15,Moderate,Poorly-Lit,60
MMTI-2025-11249,Paranaque,Car,Rear-end,Risk Level 9,Clear,45.0,Male,3,112687.41,Moderate,Well-Lit,60
MMTI-2025-12882,,SUV/Van,Side-swipe,3.0,Clear,41.0,Male,0,134754.95,Heavy,Well-Lit,40 kph
MMTI-2025-02732, pasig ,Bus,Hit and Run,3,Clear,21.0,male,0,,Moderate,Poorly-Lit,80 km/h
MMTI-2025-22944,,Truck,Rear-end,3,Clear,64.0,Female,0,1496940.98,Heavy,Well-Lit,60 km/h
MMTI-2025-03746,Manila,Car,Hit and Run,6.0,Cloudy,51.0,Male,4,176114.48,Heavy,Poorly-Lit,60
MMTI-2025-11689,Mandaluyong,Car,Side-swipe,3.0,Clear,22.0,Male,0,73125.16,Heavy,Well-Lit,40 km/h
MMTI-2025-02014,Quezon,Car,Rear-end,3.0,Cloudy,38.0,Male,0,"PHP 453,957.29",Moderate,Poorly-Lit,80 km/h
MMTI-2025-02573,Makati,,Side-swipe,,Clear,42.0,Male,0,89476.13,Heavy,Well-Lit,60
MMTI-2025-11079,Quezon,Motorcycle,Head-on,Risk Level 3,Stormy,43.0,Male,0,77777777,HEAVY,Well-Lit,80 km/h
MMTI-2025-00321,,Motorcycle,Rear-end,Risk Level 3,Clear,47.0,Female,0,8176.37,Light,Well-Lit,40
MMTI-2025-07572,Muntinlupa,Truck,Hit and Run,3,Clear,28.0,Male,0,53262.72,Heavy,Well-Lit,60 kph
MMTI-2025-08074,Quezon,Bus,Head-on,Risk Level 3,,48.0,Female,0,1270564.6,Moderate,Unlit,60
MMTI-2025-19712,NAVOTAS ,Truck,Rear-end,2.0,Clear,63.0,Male,0,,,Poorly-Lit,60
MMTI-2025-21437,Las Pinas,Motorcycle,Hit and Run,Risk Level 2,Clear,47.0,Male,0,94503.75,Moderate,POOR,60
MMTI-2025-10352,,Jeepney,Rear-end,6,Clear,38.0,M,1,275013.7,MODERATE,Unlit,60 kph
MMTI-2025-16818,Paranaque,Motorcycle,Side-swipe,3.0,Clear,49.0,male,0,27908.08,,Unlit,60
MMTI-2025-21035,Pasay,Car,Head-on,3,Clear,40.0,Male,0,48590.55,Heavy,POOR,40
MMTI-2025-18801,Mandaluyong,SUV/Van,Head-on,Risk Level 1,Clear,54.0,Male,0,"PHP 79,439.85",Light,Well-Lit,60
MMTI-2025-23170,,Bus,Side-swipe,Risk Level 3,Cloudy,29.0,Male,0,185467.45,Moderate,Well-Lit,40 km/h
MMTI-2025-11187,Pasig,Car,Rear-end,3.0,Clear,68.0,Male,0,158308.48,Heavy,Well-Lit,60 km/h
MMTI-2025-18136,,Bus,Side-swipe,Risk Level 6,Clear,32.0,Male,4,2031930.58,Heavy,Well-Lit,60
MMTI-2025-14622,Quezon,SUV/Van,Head-on,9,Rainy,24.0,Male,1,1091.2k,Heavy,Poorly-Lit,30
MMTI-2025-08495,Taguig,,Hit and Run,2,Clear,39.0,Male,0,68589.05,Moderate,POOR,40
MMTI-2025-04591,,Bus,Rear-end,3,Rain,37.0,Male,0,892374.48,HEAVY,Well-Lit,60 km/h
MMTI-2025-03938,,Car,Head-on,3,Clear,38.0,Male,0,120075.21,Moderate,Well-Lit,60 km/h
MMTI-2025-10828,Manila,Bus,Head-on,Risk Level 3,Clear,47.0,Male,0,,Heavy,Well-Lit,60 km/h
MMTI-2025-12991,Manila,Car,Side-swipe,3.0,Cloudy,56.0,Male,0,200728.44,Heavy,Well-Lit,100 kph
MMTI-2025-19949,Paranaque,Car,Head-on,3.0,Clear,52.0,Male,0,116670.5,Heavy,Poorly-Lit,60
MMTI-2025-04085,Quezon,Truck,Head-on,Risk Level 3,Rainy,28.0,M,0,1281486.53,Heavy,Well-Lit,60
MMTI-2025-12336,Taguig,Car,Rear-end,3,Cloudy,45.0,Male,0,278762.72,Light,Poorly-Lit,60 km/h
MMTI-2025-15482,Mandaluyong,Jeepney,Head-on,3.0,Clear,17.0,Male,0,71792.98,Heavy,Well-Lit,60
MMTI-2025-19510,Mandaluyong,SUV/Van,Rear-end,2.0,Clear,21.0,Male,4,72265.26,MODERATE,Well-Lit,30
MMTI-2025-07733,Quezon,SUV/Van,Side-swipe,Risk Level 3,Rainy,37.0,Female,0,935913.31,Light,Poorly-Lit,40
MMTI-2025-08445,Las Pinas,Jeepney,Head-on,,Clear,40.0,Male,0,29106.54,Light,Well-Lit,60
MMTI-2025-01643,Muntinlupa,Motorcycle,Rear-end,3.0,Clear,999.0,Female,0,50758.39,Moderate,Well-Lit,60
MMTI-2025-13283,Quezon,Jeepney,Rear-end,3,Rainy,43.0,Male,0,821319.88,Heavy,POOR,40 km/h
MMTI-2025-07890,Makati,Car,Rear-end,3,Cloudy,38.0,Female,0,212772.17,Heavy,Well-Lit,60 km/h
MMTI-2025-01258,Quezon,,Hit and Run,2,Clear,28.0,Male,0,76973.92,Heavy,Well-Lit,60 km/h
MMTI-2025-02288,Paranaque,Motorcycle,Head-on,3.0,Clear,42.0,Female,0,121196.94,Heavy,Well-Lit,80
MMTI-2025-02625,Quezon,Car,Head-on,6,Rainy,48.0,Male,3,749161.75,Moderate,Poorly-Lit,80
MMTI-2025-08427,Makati,Truck,Head-on,6,Cloudy,17.0,Male,3,224653.09,Heavy,Poorly-Lit,80 km/h
MMTI-2025-22313,Pasig,SUV/Van,Hit and Run,3.0,Clear,35.0,Male,0,143470.57,Heavy,Unlit,60 km/h
MMTI-2025-03848,PARANAQUE ,,Side-swipe,Risk Level 1,Clear,35.0,Male,0,68151.81,Moderate,Well-Lit,40
MMTI-2025-09753,Quezon,Car,Side-swipe,Risk Level 3,Rainy,22.0,Male,0,1523166.67,Light,Poorly-Lit,60
MMTI-2025-23531,Manila,Truck,Rear-end,3,Cloudy,44.0,M,0,174412.2,Heavy,Poorly-Lit,60 km/h
MMTI-2025-13642,Manila,Bus,Rear-end,3.0,Clear,,male,0,641326.38,Heavy,Well-Lit,60 kph
MMTI-2025-09433,Quezon,Car,Rear-end,3,Rainy,29.0,Male,0,969499.39,Heavy,Well-Lit,60
MMTI-2025-09215,Muntinlupa,Motorcycle,Rear-end,3,Clear,45.0,Female,0,51883.45,Heavy,Unlit,30 km/h
MMTI-2025-08609,Manila,Motorcycle,Head-on,Risk Level 3,Cloudy,36.0,Male,0,"PHP 179,098.74",Moderate,Well-Lit,60
MMTI-2025-07527,Quezon,Car,Side-swipe,6.0,Cloudy,32.0,Male,4,434937.09,Heavy,dark,60
MMTI-2025-16848,Makati,Motorcycle,Side-swipe,3,Cloudy,48.0,Male,0,216225.53,Light,Well-Lit,30
MMTI-2025-09039,Mandaluyong,SUV/Van,Hit and Run,3,Clear,21.0,Female,0,71300.22,Moderate,Well-Lit,80
MMTI-2025-20549,Quezon,Truck,Rear-end,2,Stormy,19.0,Male,0,99999999,Heavy,Poorly-Lit,60
MMTI-2025-19240,Paranaque,Car,Hit and Run,6.0,Clear,47.0,Male,3,109456.17,Heavy,Well-Lit,40
MMTI-2025-10166,Manila,,Hit and Run,3,Clear,24.0,Male,0,111633.12,Heavy,Well-Lit,60 km/h
MMTI-2025-20427,Manila,Motorcycle,Rear-end,3,Clear,,Male,0,9085.87,Heavy,Well-Lit,100
MMTI-2025-02253,Muntinlupa,Motorcycle,Hit and Run,Risk Level 3,Clear,34.0,male,0,54661.94,Heavy,No Lights,60
MMTI-2025-05054,Caloocan,Car,Hit and Run,2,Rain,49.0,Female,0,96585.86,,Poorly-Lit,40 km/h
MMTI-2025-18187,,SUV/Van,Head-on,Risk Level 6,Clear,21.0,Male,1,612457.07,Moderate,Well-Lit,60
MMTI-2025-20706,MUNTINLUPA ,,Rear-end,Risk Level 2,,55.0,Male,0,60216.17,Moderate,Unlit,60
MMTI-2025-09070,Mandaluyong,Car,Head-on,Risk Level 3,Clear,17.0,F,0,80727.35,HEAVY,Well-Lit,60 kph
MMTI-2025-23595,Makati,Jeepney,Head-on,3.0,Cloudy,64.0,Female,0,219344.71,Heavy,Well-Lit,40
MMTI-2025-11974,Las Pinas,Motorcycle,Rear-end,3,Clear,42.0,Male,0,93460.52,Heavy,Well-Lit,80
MMTI-2025-14510,Quezon,Car,Hit and Run,3,Rainy,33.0,Male,0,1240772.83,Heavy,Poorly-Lit,30
MMTI-2025-08185,Quezon,Motorcycle,Side-swipe,6,Stormy,39.0,Male,2,1865379.93,Heavy,Poorly-Lit,40 km/h
MMTI-2025-02682,Valenzuela,Truck,Head-on,2,,38.0,Male,0,323411.67,Heavy,Poorly-Lit,60
MMTI-2025-04432,Quezon,SUV/Van,Head-on,2.0,Cloudy,34.0,Male,0,383265.09,Heavy,Well-Lit,60
MMTI-2025-00451,Quezon,Car,Side-swipe,3.0,Rainy,43.0,female ,0,1046581.83,Heavy,Well-Lit,40 km/h
MMTI-2025-02924,Manila,Car,Rear-end,3,Cloudy,44.0,Male,0,191037.97,Heavy,well lit,40 km/h
MMTI-2025-01075,Quezon,Motorcycle,Side-swipe,6,Stormy,39.0,Female,4,3316643.42,Heavy,Well-Lit,60
MMTI-2025-08492,Quezon,Motorcycle,Rear-end,3.0,Cloudy,29.0,Male,0,401816.7,Heavy,Well-Lit,60
MMTI-2025-10422,Quezon,Car,Head-on,6.0,Cloudy,61.0,Male,2,437075.77,Heavy,Poorly-Lit,40
MMTI-2025-15635,Manila,SUV/Van,Hit and Run,3,Cloudy,0.0,Male,0,178239.4,Heavy,Well-Lit,60
MMTI-2025-20978,Navotas,Jeepney,Rear-end,,Clear,64.0,Male,0,19896.88,Heavy,Poorly-Lit,60
MMTI-2025-16572,Taguig,Jeepney,Rear-end,Risk Level 3,Cloudy,33.0,Male,0,294519.87,Heavy,Well-Lit,40
MMTI-2025-08218,Manila,Car,Head-on,,Clear,31.0,Male,0,,Moderate,Well-Lit,60 km/h
MMTI-2025-06336,Paranaque,Car,Head-on,3,Clear,37.0,Male,0,103589.36,Heavy,Poorly-Lit,60
MMTI-2025-01565,,Motorcycle,Hit and Run,3,Clear,58.0,Male,0,38282.92,Heavy,Poorly-Lit,30
MMTI-2025-07506,Makati,Car,Hit and Run,3,Cloudy,40.0,Unknown,0,241906.82,Heavy,Unlit,40
MMTI-2025-03575,Quezon,Car,Side-swipe,3,Rainy,18.0,Male,0,657608.8,Heavy,Unlit,60
MMTI-2025-17398,Paranaque,Motorcycle,Hit and Run,3,Clear,150.0,Male,0,"PHP 100,285.73",Heavy,Unlit,40
MMTI-2025-14315,Pateros,Jeepney,Side-swipe,Risk Level 3,Clear,17.0,M,0,,Heavy,Well-Lit,60 km/h
MMTI-2025-03306,Pasig,Car,Hit and Run,3,Clear,37.0,Male,0,151695.89,Light,well lit,60 kph
MMTI-2025-13486, makati,,Hit and Run,3.0,Clear,47.0,Male,0,-500,Heavy,Poorly-Lit,30
MMTI-2025-09879,Manila,Motorcycle,Head-on,3.0,Clear,40.0,Male,0,,Moderate,dark,60
MMTI-2025-08985,Muntinlupa,Motorcycle,Side-swipe,3.0,Clear,62.0,Male,0,52265.38,Heavy,Well-Lit,80
MMTI-2025-22259,Makati,Car,Rear-end,Risk Level 3,Cloudy,53.0,Female,0,234876.92,Moderate,Unlit,80
MMTI-2025-21274,Paranaque,Truck,Side-swipe,2.0,Clear,49.0,Male,0,,Light,Poorly-Lit,60
MMTI-2025-23589,Paranaque,Motorcycle,Rear-end,9,Clear,52.0,Male,1,101869.01,Moderate,Poorly-Lit,40
MMTI-2025-03495,Pasay,Car,Hit and Run,3,Clear,36.0,Female,0,46361.16,HEAVY,Well-Lit,60
MMTI-2025-17408,Quezon,Car,Head-on,3,Clear,18.0,Male,0,-25000,,Poorly-Lit,30
MMTI-2025-08352,,,Rear-end,Risk Level 3,Clear,47.0,male,0,272737.24,Heavy,Well-Lit,40
MMTI-2025-20564,Quezon,Jeepney,Side-swipe,3.0,Clear,,Male,0,88435.03,MODERATE,Well-Lit,60
MMTI-2025-12532,Quezon,Car,Rear-end,3,Cloudy,39.0,Male,0,515172.27,Heavy,Well-Lit,30
MMTI-2025-02639,Quezon,Truck,Hit and Run,Risk Level 3,Rainy,54.0,Male,0,852348.24,Heavy,well lit,40 km/h
MMTI-2025-14663,Quezon,Motorcycle,Side-swipe,3.0,Rainy,44.0,Male,0,964333.38,Heavy,Well-Lit,60 km/h
MMTI-2025-05492,Caloocan,SUV/Van,Head-on,3.0,Clear,34.0,Male,0,44212.92,Light,Poorly-Lit,60
MMTI-2025-10782,,SUV/Van,Head-on,,Clear,41.0,Female,3,71.1k,Moderate,Well-Lit,30
MMTI-2025-14667,Quezon,,Rear-end,,Clear,31.0,Male,0,100079.69,Heavy,Well-Lit,40
MMTI-2025-08368,,,Rear-end,3.0,Clear,40.0,Male,0,,Moderate,Poorly-Lit,80
MMTI-2025-21651,CALOOCAN ,Truck,Head-on,1.0,,51.0,Male,0,301472.44,Moderate,Poorly-Lit,60
MMTI-2025-16520,,Truck,Hit and Run,3,Cloudy,17.0,Unknown,0,591439.56,Heavy,Poorly-Lit,30
MMTI-2025-16055,Paranaque,Car,Head-on,Risk Level 3,Clear,40.0,Male,0,107160.45,Heavy,Poorly-Lit,40
MMTI-2025-16291,San Juan,Car,Rear-end,2,Clear,,Male,0,27465.34,Heavy,Well-Lit,80
MMTI-2025-12804,,Motorcycle,Head-on,Risk Level 3,Rain,29.0,Male,0,29181.01,Heavy,Well-Lit,40
MMTI-2025-20050,Manila,Car,Side-swipe,3,Clear,41.0,Male,0,"PHP 164,491.44",Moderate,Well-Lit,30
MMTI-2025-16526,Quezon,Car,Head-on,3,Rainy,24.0,Male,0,781385.15,Moderate,Unlit,30
MMTI-2025-14362,Quezon,Car,Hit and Run,3.0,Cloudy,36.0,Male,0,481765.0,Heavy,Unlit,60 km/h
MMTI-2025-15727,Taguig,Car,Rear-end,Risk Level 3,Cloudy,71.0,Male,0,340162.52,Moderate,Well-Lit,80
MMTI-2025-03136,,Motorcycle,Hit and Run,Risk Level 3,Clear,48.0,Female,0,52638.47,Light,Well-Lit,80
MMTI-2025-12152,,Car,Rear-end,3,Clear,32.0,Male,0,170857.64,Heavy,Poorly-Lit,30
MMTI-2025-13749,Quezon,Car,Head-on,3.0,Cloudy,31.0,Female,0,586902.31,Heavy,Poorly-Lit,30
MMTI-2025-03670,Quezon,Car,Rear-end,,Rain,53.0,Male,0,103080.04,Heavy,Poorly-Lit,40
MMTI-2025-12558,Muntinlupa,Motorcycle,Side-swipe,Risk Level 3,Clear,54.0,Male,0,51581.14,Light,Poorly-Lit,80 kph
MMTI-2025-10437,Quezon,Car,Rear-end,3.0,Rainy,41.0,Female,0,824560.6,Heavy,Poorly-Lit,60 km/h
MMTI-2025-12137,Paranaque,,Head-on,6.0,Rain,43.0,Male,2,"PHP 456,398.81",Heavy,Poorly-Lit,80
MMTI-2025-23588,Manila,Car,Side-swipe,Risk Level 6,Cloudy,38.0,female ,2,182462.71,Heavy,Well-Lit,40
MMTI-2025-17654,MAKATI ,Truck,Side-swipe,3,,47.0,Male,0,725551.17,Heavy,dark,60
MMTI-2025-06215,Marikina,Car,Hit and Run,Risk Level 1,Clear,63.0,Male,0,64101.54,Light,Well-Lit,30
MMTI-2025-09049,Mandaluyong,,Side-swipe,2.0,Clear,41.0,Male,0,30653.16,Heavy,POOR,60
MMTI-2025-17560,Muntinlupa,SUV/Van,Side-swipe,2.0,Clear,23.0,Male,0,54118.45,Moderate,Poorly-Lit,80 km/h
MMTI-2025-03955,,Car,Side-swipe,Risk Level 3,Rain,44.0,Male,0,146101.02,Heavy,Poorly-Lit,80
MMTI-2025-18736,Makati,Car,Rear-end,3.0,Cloudy,35.0,Female,0,231994.1,Heavy,Poorly-Lit,30 kph
MMTI-2025-11219,Quezon,Truck,Side-swipe,3,Cloudy,33.0,Female,0,604933.8,Heavy,Poorly-Lit,30
MMTI-2025-19539,Manila,Car,Head-on,3,Rain,,Male,0,224153.07,Heavy,Poorly-Lit,100 km/h
MMTI-2025-23620,Taguig,SUV/Van,Side-swipe,Risk Level 6,,30.0,Male,1,,Moderate,Poorly-Lit,60
MMTI-2025-06092,Taguig,,Head-on,4,Clear,56.0,Male,3,227530.9,Moderate,Poorly-Lit,60
MMTI-2025-13098,MAKATI ,Motorcycle,Side-swipe,,,34.0,male,0,13869.48,Moderate,well lit,60 km/h
MMTI-2025-04472,Manila,Bus,Hit and Run,1,,43.0,Male,0,484245.16,Moderate,well lit,40
MMTI-2025-01831,Quezon,Bus,Head-on,3.0,Clear,34.0,Male,0,,LIGHT,Poorly-Lit,30
MMTI-2025-17113,,Bus,Side-swipe,3,Rain,28.0,Male,0,969439.91,Heavy,Well-Lit,100
MMTI-2025-21355,Marikina,Car,Rear-end,3,Clear,22.0,Male,0,59753.4,HEAVY,Poorly-Lit,80 kph
MMTI-2025-06529,Quezon,Car,Side-swipe,Risk Level 3,Rainy,28.0,Male,0,872262.75,Heavy,Well-Lit,80
MMTI-2025-07147,Quezon,Car,Hit and Run,3.0,Rainy,41.0,Male,0,1153455.34,Moderate,Well-Lit,80 km/h
MMTI-2025-17861,Quezon,Truck,Head-on,3,Rainy,31.0,Male,0,1451728.9,Heavy,Unlit,60
MMTI-2025-09586,Manila,Jeepney,Head-on,,,40.0,F,0,26608.29,,Well-Lit,30
MMTI-2025-11239,Quezon,Car,Side-swipe,3,Rainy,45.0,Male,0,1475896.64,Heavy,Well-Lit,60 kph
MMTI-2025-21477,MAKATI ,Bus,Hit and Run,3.0,Clear,33.0,Male,0,512611.54,,Well-Lit,40
MMTI-2025-08880,Taguig,Motorcycle,Side-swipe,3.0,Cloudy,24.0,Male,0,293471.7,MODERATE,Poorly-Lit,60
MMTI-2025-04727,Malabon,SUV/Van,Hit and Run,Risk Level 3,Clear,37.0,Male,0,37207.57,Light,Well-Lit,40
MMTI-2025-09415,Marikina,Truck,Hit and Run,6,Clear,41.0,Female,1,58900.82,Moderate,Poorly-Lit,60
MMTI-2025-21873,Quezon,Truck,Rear-end,3,Stormy,19.0,Male,0,77777777,Heavy,Well-Lit,40 km/h
MMTI-2025-08753,,Jeepney,Side-swipe,3,Cloudy,25.0,Male,0,55994.14,Moderate,Poorly-Lit,60 kph
MMTI-2025-18822,Manila,,Head-on,3,Clear,45.0,Male,0,"PHP 140,190.46",Heavy,dark,60
MMTI-2025-09217,Paranaque,Truck,Rear-end,2,Clear,,Male,0,,Light,Well-Lit,60
MMTI-2025-19034,Manila,SUV/Van,Rear-end,3,Rain,,Female,0,382278.93,Heavy,Well-Lit,30
MMTI-2025-00540,Quezon,SUV/Van,Hit and Run,6,Rain,36.0,Male,3,517057.48,,Well-Lit,60
MMTI-2025-16267,Quezon,Motorcycle,Head-on,3.0,Cloudy,47.0,Male,0,558.2k,Moderate,Well-Lit,30
MMTI-2025-15242,Quezon,Motorcycle,Hit and Run,6.0,Cloudy,48.0,Female,2,494293.48,Heavy,Unlit,80
MMTI-2025-14548,Quezon,Car,Rear-end,2.0,Cloudy,30.0,Male,0,509826.26,Heavy,well lit,80 km/h
MMTI-2025-19406,Pasig,Car,Hit and Run,4,Clear,44.0,Male,4,135352.13,Heavy,dark,60 km/h
MMTI-2025-12617,Quezon,Truck,Rear-end,3,Rainy,30.0,Female,0,826551.03,Heavy,Poorly-Lit,100
MMTI-2025-03132,Marikina,Car,Side-swipe,2,Clear,26.0,Male,0,66983.81,Light,Lit,40
MMTI-2025-06734,Taguig,SUV/Van,Head-on,2,Cloudy,47.0,Male,0,344111.36,Moderate,Well-Lit,40
MMTI-2025-21869,Quezon,SUV/Van,Rear-end,3,Rain,58.0,Female,0,127162.15,,Poorly-Lit,80 km/h
MMTI-2025-16721,Taguig,Bus,Rear-end,3,,49.0,Female,0,479104.45,Heavy,Poorly-Lit,40
MMTI-2025-02147,,Motorcycle,Hit and Run,3,Clear,39.0,Male,0,18199.34,LIGHT,Well-Lit,60 km/h
MMTI-2025-02375,,Bus,Head-on,6,Clear,33.0,Male,1,1986.6k,,Poorly-Lit,60 km/h
MMTI-2025-01215,Quezon,Car,Rear-end,9,Stormy,28.0,Male,3,2610.2k,Heavy,Well-Lit,60 kph
MMTI-2025-16042,Las Pinas,Motorcycle,Head-on,2,Clear,41.0,Male,0,88422.18,Moderate,Unlit,30
MMTI-2025-04529,Makati,Truck,Rear-end,,Clear,54.0,Male,0,442050.49,Heavy,Well-Lit,60 km/h
MMTI-2025-02803,San Juan,Truck,Rear-end,3,Rain,39.0,Male,0,,Moderate,Well-Lit,60
MMTI-2025-22859,Taguig,Jeepney,Side-swipe,,Rain,33.0,male,0,32293.84,Moderate,Well-Lit,60
MMTI-2025-02726,Makati,Car,Side-swipe,6,Clear,47.0,Female,1,,,Poorly-Lit,100
MMTI-2025-12836,Makati,Motorcycle,Side-swipe,3,Cloudy,40.0,Male,0,218339.81,Moderate,Well-Lit,60
MMTI-2025-01104,Makati,,Side-swipe,3,Clear,33.0,Male,0,187.7k,Moderate,Well-Lit,60
MMTI-2025-06410,Paranaque,Motorcycle,Hit and Run,2,Clear,,Male,0,3388.56,Moderate,Unlit,80 km/h
MMTI-2025-19335,Manila,Motorcycle,Side-swipe,6,,30.0,Female,1,30138.64,Heavy,Well-Lit,60
MMTI-2025-05904,,Car,Hit and Run,6,Clear,42.0,Male,1,,Heavy,Well-Lit,60
MMTI-2025-01739,Pasig,Truck,Rear-end,2,Clear,28.0,Female,0,142835.5,Heavy,POOR,60
MMTI-2025-22407,Marikina,Car,Rear-end,3.0,Clear,41.0,Male,0,67.4k,Moderate,Poorly-Lit,60
MMTI-2025-01031,Makati,Jeepney,Hit and Run,,Rain,17.0,Male,0,22236.79,Heavy,Well-Lit,60
MMTI-2025-08750,Pasig,Motorcycle,Side-swipe,3.0,Clear,29.0,Male,0,149679.33,Heavy,Poorly-Lit,80
MMTI-2025-06222,Marikina,Car,Hit and Run,,Clear,38.0,Male,0,37769.98,Moderate,Lit,60
MMTI-2025-04199,Quezon,Motorcycle,Rear-end,3.0,Cloudy,68.0,Male,0,"PHP 421,651.26",MODERATE,Poorly-Lit,80
MMTI-2025-12890,Taguig,Car,Side-swipe,3.0,Cloudy,56.0,Female,0,297394.6,Heavy,Well-Lit,60 km/h
MMTI-2025-01028,,,Rear-end,3,Clear,39.0,Male,0,145812.11,Heavy,Well-Lit,80 km/h
MMTI-2025-12711,Muntinlupa,Car,Head-on,3,Clear,42.0,Male,0,52788.01,Heavy,Poorly-Lit,40 km/h
MMTI-2025-09098,Caloocan,Car,Side-swipe,Risk Level 2,Clear,40.0,Unknown,0,44283.72,HEAVY,Well-Lit,60
MMTI-2025-22152,Pasig,Motorcycle,Head-on,6,Clear,46.0,Male,4,146727.6,Moderate,Poorly-Lit,60
MMTI-2025-12227,Makati,Car,Hit and Run,3,Cloudy,44.0,Male,0,262027.16,Heavy,Poorly-Lit,60 km/h
MMTI-2025-09290,Manila,Car,Head-on,3.0,Cloudy,22.0,Male,0,194783.13,Heavy,Poorly-Lit,60
MMTI-2025-11068,Caloocan,SUV/Van,Side-swipe,4.0,Clear,43.0,Male,1,42321.58,Moderate,Poorly-Lit,60 km/h
MMTI-2025-23086,Pasig,Car,Head-on,3,Clear,42.0,Male,0,"PHP 128,512.42",Heavy,Well-Lit,40
MMTI-2025-05854,Paranaque,Car,Rear-end,3,Clear,51.0,Male,0,,Moderate,Lit,60
MMTI-2025-09126,Marikina,Car,Rear-end,3,Clear,53.0,Female,2,60099.35,Light,well lit,40
MMTI-2025-10074,Pasig,Motorcycle,Rear-end,2,,49.0,Male,0,"PHP 20,847.84",Heavy,POOR,40
MMTI-2025-01995,Makati,Car,Hit and Run,3.0,Cloudy,38.0,Male,0,261570.47,Heavy,Unlit,30
MMTI-2025-00524,Quezon,Car,Hit and Run,Risk Level 3,Cloudy,44.0,Male,0,414054.21,Heavy,Poorly-Lit,60 km/h
MMTI-2025-14009,Quezon,SUV/Van,Side-swipe,2,,25.0,Male,0,109642.78,Moderate,Well-Lit,60
MMTI-2025-21714,Makati,,Head-on,Risk Level 3,Clear,31.0,Male,0,113504.14,Heavy,No Lights,40
MMTI-2025-03313,Marikina,Truck,Side-swipe,3,Clear,66.0,Female,0,63543.15,Heavy,Well-Lit,60
MMTI-2025-21438,MAKATI ,,Hit and Run,3,Rain,36.0,Male,0,99999999,Moderate,Well-Lit,30 km/h
MMTI-2025-09260,,Jeepney,Hit and Run,6.0,Clear,32.0,Male,1,66862.33,Moderate,Well-Lit,60
MMTI-2025-23089,Paranaque,Motorcycle,Head-on,3.0,Clear,31.0,Female,0,101480.52,Heavy,Well-Lit,60
MMTI-2025-12400,Quezon,Motorcycle,Hit and Run,Risk Level 3,Rainy,40.0,Male,0,1120834.6,Heavy,Well-Lit,80 km/h
MMTI-2025-06117,Makati,Motorcycle,Rear-end,3,Cloudy,47.0,Female,0,256187.46,MODERATE,Poorly-Lit,80 km/h
MMTI-2025-11820,Pasig,Motorcycle,Head-on,3,Clear,40.0,Male,0,141640.9,Heavy,dark,60 kph
MMTI-2025-09081,Paranaque,Car,Head-on,3.0,Clear,17.0,Male,0,118846.99,Heavy,Poorly-Lit,60
MMTI-2025-19216,LAS PINAS ,SUV/Van,Side-swipe,Risk Level 3,Clear,26.0,Female,0,,Heavy,Poorly-Lit,40
MMTI-2025-01918,Quezon,,Hit and Run,3,,38.0,Male,0,108367.02,Heavy,Poorly-Lit,60
MMTI-2025-16164,VALENZUELA ,SUV/Van,Head-on,3,Rain,26.0,Male,0,126081.91,,Well-Lit,40
MMTI-2025-15781,Paranaque,Car,Hit and Run,3.0,Clear,35.0,male,0,116845.94,Heavy,Well-Lit,60
MMTI-2025-04044,Quezon,Motorcycle,Head-on,3,Cloudy,34.0,Male,0,604684.57,Heavy,Unlit,80
MMTI-2025-19829,Quezon,Car,Rear-end,3.0,Cloudy,51.0,F,0,420881.28,Heavy,Poorly-Lit,40 kph
MMTI-2025-15525,Taguig,Truck,Rear-end,3,Cloudy,46.0,Female,0,"PHP 287,958.50",Moderate,Well-Lit,40
MMTI-2025-04431,Valenzuela,Car,Side-swipe,3.0,Clear,35.0,Male,0,38010.27,Heavy,Well-Lit,80
MMTI-2025-12515,Caloocan,Car,Rear-end,3,Clear,48.0,Male,0,44424.49,Light,Well-Lit,30
MMTI-2025-17078,Makati,SUV/Van,Side-swipe,Risk Level 6,Cloudy,47.0,Male,3,235796.03,Heavy,Unlit,40 km/h
MMTI-2025-09217,Paranaque,Truck,Rear-end,2,Clear,,Male,0,,Light,Well-Lit,60
MMTI-2025-22295,Las Pinas,Car,Hit and Run,3,Clear,42.0,Female,0,82628.57,Heavy,Well-Lit,60
MMTI-2025-22908,Pasig,Car,Head-on,Risk Level 3,Clear,46.0,Male,0,128914.28,Moderate,Poorly-Lit,30 km/h
MMTI-2025-18556,Quezon,Car,Head-on,3,Cloudy,36.0,Male,0,385737.78,Moderate,well lit,100 km/h
MMTI-2025-05714,Las Pinas,Car,Hit and Run,3.0,Clear,46.0,Male,0,87397.39,Moderate,Poorly-Lit,100 km/h