Incident_ID,City,Vehicle_Type,Accident_Type,Severity,Weather_Condition,Driver_Age,Driver_Gender,Injury_Count,Damage_Cost_PHP,Traffic_Volume,Road_Lighting,Speed_Limit
MMTI-2025-22361,Taguig,Motorcycle,Head-on,Risk Level 3,Cloudy,34.0,Female,0,348274.92,Heavy,Well-Lit,60
MMTI-2025-05130,Quezon,Car,Head-on,3.0,Rainy,42.0,Male,0,995985.98,Moderate,Well-Lit,40
MMTI-2025-19816,Marikina,SUV/Van,Side-swipe,Risk Level 6,Clear,,Unknown,4,693171.12,Heavy,Well-Lit,60 km/h
MMTI-2025-16058,Manila,Motorcycle,Hit and Run,3,Clear,17.0,Male,0,"PHP 164,219.25",Heavy,Well-Lit,60
MMTI-2025-21003,MANILA ,Truck,Rear-end,,Rain,30.0,Male,0,615.1k,Heavy,Poorly-Lit,30
MMTI-2025-06925, pasig,,Side-swipe,2,Cloudy,17.0,Male,0,27822.29,HEAVY,Poorly-Lit,60
MMTI-2025-19458,Quezon,Car,Side-swipe,3,Cloudy,31.0,Male,0,526536.69,Heavy,dark,60
MMTI-2025-17965,Paranaque,Motorcycle,Hit and Run,Risk Level 6,Clear,33.0,Male,4,105549.14,Heavy,Unlit,60
MMTI-2025-22131,Paranaque,Bus,Head-on,3,Clear,32.0,Male,0,,Moderate,Poorly-Lit,40
MMTI-2025-14775,Makati,Car,Side-swipe,Risk Level 3,Clear,38.0,Male,0,,Heavy,Poorly-Lit,40 km/h
MMTI-2025-17222,Navotas,Truck,Head-on,,Clear,26.0,F,0,295368.76,Heavy,Well-Lit,60
MMTI-2025-04225,Quezon,Car,Side-swipe,Risk Level 3,Cloudy,35.0,Male,0,407.5k,Heavy,Well-Lit,60
MMTI-2025-03105,Pasay,Car,Hit and Run,3,Clear,28.0,Female,0,48596.54,Light,Poorly-Lit,80
MMTI-2025-22791,Paranaque,Bus,Rear-end,3,Clear,34.0,Male,0,733552.05,,Unlit,60
MMTI-2025-15902,Quezon,Car,Head-on,,Rain,37.0,Female,0,19281.34,Moderate,Well-Lit,30
MMTI-2025-00200,,Truck,Hit and Run,6.0,,28.0,Male,4,1225485.26,Moderate,Well-Lit,40
MMTI-2025-21996,Quezon,SUV/Van,Head-on,,Storm,69.0,female ,1,107165.98,Heavy,Well-Lit,60
MMTI-2025-23078,Taguig,Car,Hit and Run,Risk Level 3,Cloudy,17.0,Male,0,269941.76,Heavy,Well-Lit,60
MMTI-2025-12554,Pasig,Car,Hit and Run,3.0,Clear,37.0,Male,0,,Moderate,Well-Lit,80
MMTI-2025-08753,,Jeepney,Side-swipe,3,Cloudy,25.0,Male,0,55994.14,Moderate,Poorly-Lit,60 kph
MMTI-2025-08730,Makati,Car,Side-swipe,3,Cloudy,36.0,Male,0,246441.83,Heavy,Well-Lit,60
MMTI-2025-17295,,SUV/Van,Rear-end,3.0,Cloudy,25.0,M,0,398870.82,Heavy,Well-Lit,60
MMTI-2025-02869,Paranaque,Car,Rear-end,3,Clear,30.0,Female,0,102237.41,Moderate,Well-Lit,40 kph
MMTI-2025-21494,Pasig,Car,Head-on,Risk Level 3,Clear,17.0,female ,0,134473.25,Heavy,Poorly-Lit,40
MMTI-2025-16378,Quezon,Car,Side-swipe,3.0,Rainy,42.0,Male,0,859763.14,Heavy,Well-Lit,60
MMTI-2025-20754,Makati,Motorcycle,Head-on,1.0,Clear,51.0,Male,0,21705.45,,Well-Lit,60
MMTI-2025-10573,Quezon,,Hit and Run,3,Rain,30.0,Female,0,80631.17,Heavy,Well-Lit,60
MMTI-2025-01895,Quezon,Truck,Rear-end,Risk Level 3,Rainy,36.0,Male,0,1105.0k,Heavy,Well-Lit,60
MMTI-2025-21209,Quezon,SUV/Van,Rear-end,3,Clear,,Male,0,187455.11,Heavy,Lit,60
MMTI-2025-02319,Quezon,Car,Side-swipe,6,Cloudy,38.0,Male,2,473490.56,HEAVY,No Lights,80
MMTI-2025-13468,Manila,Car,Hit and Run,3,Clear,,Male,0,227386.27,Heavy,Unlit,80
MMTI-2025-13227,Makati,,Rear-end,Risk Level 3,Clear,35.0,Male,0,200991.0,Moderate,Poorly-Lit,60 km/h
MMTI-2025-03178,Quezon,Car,Side-swipe,Risk Level 4,Stormy,36.0,Male,3,2126595.49,Heavy,Well-Lit,60 kph
MMTI-2025-09102,Taguig,Car,Head-on,3,Cloudy,40.0,Male,0,283536.45,Heavy,Well-Lit,60
MMTI-2025-08826,Quezon,Car,Head-on,3.0,Rainy,54.0,Female,0,692.0k,Heavy,Well-Lit,40
MMTI-2025-00926,Makati,Motorcycle,Hit and Run,3,Cloudy,51.0,Male,0,216070.55,HEAVY,Unlit,60
MMTI-2025-07437,Muntinlupa,Truck,Hit and Run,3,Clear,54.0,Male,0,55981.11,HEAVY,Well-Lit,100
MMTI-2025-15190,,Jeepney,Rear-end,,Rain,24.0,Male,0,28033.95,Light,Well-Lit,60
MMTI-2025-08469,Quezon,SUV/Van,Hit and Run,3,Cloudy,50.0,Female,0,450711.65,Heavy,Well-Lit,60
MMTI-2025-19253,Makati,Motorcycle,Head-on,3.0,Cloudy,27.0,Male,0,240549.79,Heavy,Unlit,60 km/h
MMTI-2025-00494,Las Pinas,Car,Head-on,3.0,Clear,42.0,male,0,93242.65,Heavy,Well-Lit,60
MMTI-2025-11827,Manila,SUV/Van,Rear-end,3,Clear,22.0,Male,0,,Heavy,Well-Lit,30
MMTI-2025-11746,San Juan,Car,Rear-end,3,Clear,26.0,male,0,40910.76,Moderate,Well-Lit,40 km/h
MMTI-2025-12643,Paranaque,Car,Head-on,3.0,Clear,32.0,Female,0,101475.65,Heavy,Poorly-Lit,60
MMTI-2025-07419,Valenzuela,Car,Hit and Run,Risk Level 3,Clear,32.0,Male,0,38102.37,Heavy,POOR,60
MMTI-2025-02562,Pasig,Car,Rear-end,3,Clear,43.0,Male,0,162940.24,Light,Well-Lit,60
MMTI-2025-06349,Caloocan,Car,Side-swipe,Risk Level 2,Clear,32.0,Male,0,42944.93,Moderate,Well-Lit,40
MMTI-2025-14057,Quezon,,Rear-end,Risk Level 9,Storm,43.0,Male,2,201459.98,Heavy,Poorly-Lit,40
MMTI-2025-05490,MANILA ,Motorcycle,Side-swipe,2,Clear,42.0,Female,0,,Moderate,Well-Lit,60
MMTI-2025-22838,Quezon,Car,Hit and Run,3.0,Rainy,33.0,Male,0,1483313.19,Moderate,Poorly-Lit,60 kph
MMTI-2025-05480,Makati,Bus,Side-swipe,Risk Level 4,,59.0,Male,3,945514.15,Heavy,Poorly-Lit,60
MMTI-2025-11719,Las Pinas,Car,Rear-end,2,Clear,29.0,Unknown,2,94822.19,Moderate,Poorly-Lit,60
MMTI-2025-20910,Manila,SUV/Van,Rear-end,Risk Level 3,Cloudy,25.0,Female,0,184537.71,Moderate,POOR,100
MMTI-2025-14753,Quezon,Motorcycle,Side-swipe,6.0,Cloudy,31.0,Male,3,420585.76,Heavy,Well-Lit,40
MMTI-2025-13827,,,Head-on,1,Clear,34.0,Female,0,17622.89,Moderate,Unlit,30
MMTI-2025-02289,San Juan,Motorcycle,Hit and Run,3,Clear,40.0,Male,0,38286.87,Heavy,Poorly-Lit,60
MMTI-2025-02312,Mandaluyong,SUV/Van,Side-swipe,6.0,Clear,54.0,Male,1,73240.36,Moderate,Well-Lit,60 km/h
MMTI-2025-19365,Taguig,Car,Head-on,,Rain,38.0,Male,0,101928.36,HEAVY,Well-Lit,60 km/h
MMTI-2025-20580,Makati,SUV/Van,Rear-end,Risk Level 3,Cloudy,27.0,Unknown,0,250157.39,Heavy,Well-Lit,60
MMTI-2025-21883,Quezon,Car,Side-swipe,6.0,Rainy,25.0,male,2,907542.65,Heavy,Well-Lit,60 km/h
MMTI-2025-15270,Quezon,Car,Side-swipe,3,Rainy,30.0,Male,0,1296444.09,Heavy,Well-Lit,60
MMTI-2025-12537, muntinlupa,,Rear-end,Risk Level 3,Rain,40.0,Male,0,92625.69,Heavy,Well-Lit,60 km/h
MMTI-2025-16360,Taguig,Car,Head-on,3,Cloudy,17.0,Male,0,272.7k,Heavy,Well-Lit,40 km/h
MMTI-2025-07650,Manila,Motorcycle,Side-swipe,,Clear,38.0,Male,0,19025.52,,Well-Lit,30 km/h
MMTI-2025-20187,Manila,Jeepney,Side-swipe,1,,33.0,Female,0,19374.73,Light,Poorly-Lit,60
MMTI-2025-10010,Makati,Car,Hit and Run,Risk Level 2,Cloudy,41.0,F,0,261564.14,Heavy,Poorly-Lit,60
MMTI-2025-01701,Pasig,Car,Rear-end,2,Clear,37.0,Male,0,,Light,Poorly-Lit,80
MMTI-2025-04520,,Truck,Hit and Run,Risk Level 3,Clear,43.0,Female,0,1346767.69,HEAVY,Well-Lit,80 km/h
MMTI-2025-21688,Marikina,Truck,Side-swipe,6.0,Clear,22.0,Male,2,58494.03,Heavy,Well-Lit,60
MMTI-2025-03635,Pasig,Truck,Hit and Run,3.0,Clear,55.0,Male,0,125768.43,Heavy,Well-Lit,80
MMTI-2025-03288,Quezon,Motorcycle,Head-on,6,Rainy,65.0,Male,3,672405.14,Heavy,Poorly-Lit,60
MMTI-2025-01434,Paranaque,Car,Head-on,3,Clear,44.0,male,0,111866.23,Heavy,Well-Lit,80 km/h
MMTI-2025-13081,Quezon,Car,Head-on,6,Rainy,34.0,Male,4,825003.56,Heavy,Well-Lit,80 km/h
MMTI-2025-12541,,Truck,Hit and Run,3,Clear,-10.0,Female,0,441342.25,,Well-Lit,80
MMTI-2025-10386,Taguig,Car,Head-on,2,Cloudy,33.0,Male,0,318344.32,Moderate,Poorly-Lit,60
MMTI-2025-10663,,Car,Rear-end,6,Clear,32.0,F,4,471447.64,Heavy,Well-Lit,100
MMTI-2025-01288,Makati,Motorcycle,Hit and Run,2,Cloudy,49.0,Male,0,"PHP 228,390.40",Heavy,No Lights,30 km/h
MMTI-2025-04408,Quezon,Jeepney,Hit and Run,1,Cloudy,30.0,Female,0,"PHP 412,918.27",Moderate,Well-Lit,40
MMTI-2025-02794,Manila,Bus,Side-swipe,6,Cloudy,26.0,Male,4,2666898.03,,Well-Lit,30
MMTI-2025-09942,Makati,Car,Hit and Run,3,Clear,17.0,Male,0,,Heavy,Poorly-Lit,60
MMTI-2025-19815,Quezon,Motorcycle,Rear-end,3,Rainy,43.0,Male,0,643927.18,Heavy,No Lights,60
MMTI-2025-15968,Mandaluyong,Truck,Hit and Run,,Storm,48.0,Male,0,396686.09,Moderate,Unlit,80
MMTI-2025-15629,Makati,Car,Rear-end,3,Cloudy,29.0,Female,0,230433.66,Light,Well-Lit,60
MMTI-2025-18058,Quezon,Car,Head-on,3,Cloudy,23.0,Male,0,448156.93,MODERATE,Well-Lit,30
MMTI-2025-08707,Manila,Car,Head-on,3.0,Cloudy,30.0,Male,0,205247.63,Heavy,POOR,60
MMTI-2025-05898,TAGUIG ,Bus,Hit and Run,3,Clear,31.0,Male,0,499672.54,,Poorly-Lit,100 km/h
MMTI-2025-08934,Manila,Motorcycle,Side-swipe,3,Cloudy,17.0,Male,0,209421.64,Heavy,Well-Lit,100
MMTI-2025-17194,Malabon,Bus,Hit and Run,,Clear,40.0,Male,0,353563.74,Moderate,Well-Lit,80 kph
MMTI-2025-14301,,Car,Head-on,3.0,Clear,27.0,Female,0,69.5k,Heavy,well lit,60
MMTI-2025-23235,MUNTINLUPA ,SUV/Van,Side-swipe,3,,26.0,Female,0,150447.65,Light,Unlit,30
MMTI-2025-18624,Makati,,Hit and Run,1,Clear,41.0,Female,0,,Moderate,dark,80
MMTI-2025-14433,Manila,,Hit and Run,Risk Level 3,Rain,44.0,Male,0,86261.46,Heavy,Poorly-Lit,80 km/h
MMTI-2025-13121,Quezon,Car,Rear-end,Risk Level 3,Rainy,44.0,Male,0,726225.23,Heavy,Well-Lit,60 km/h
MMTI-2025-00776,Quezon,SUV/Van,Side-swipe,3,Cloudy,31.0,Male,0,"PHP 603,733.38",Heavy,Poorly-Lit,60
MMTI-2025-15245,Quezon,SUV/Van,Head-on,3,,34.0,Male,0,"PHP 196,024.87",Moderate,Well-Lit,60
MMTI-2025-05397,Manila,Motorcycle,Head-on,3.0,Cloudy,19.0,Male,0,198576.44,Moderate,Unlit,60
MMTI-2025-01186,Mandaluyong,Motorcycle,Head-on,3.0,Clear,,Male,0,32317.89,Heavy,Well-Lit,40
MMTI-2025-06248,Quezon,SUV/Van,Side-swipe,Risk Level 3,Rainy,44.0,Male,0,956865.72,Heavy,POOR,40
MMTI-2025-00409,Pateros,Truck,Head-on,1,Clear,39.0,Female,0,336499.53,,Poorly-Lit,30
MMTI-2025-15569,Pasig,Car,Side-swipe,3.0,Clear,48.0,Male,0,154985.47,Heavy,Well-Lit,60
MMTI-2025-05202,Muntinlupa,Bus,Hit and Run,3.0,Cloudy,31.0,Female,0,,Heavy,Lit,40
MMTI-2025-22117,Quezon,Car,Hit and Run,3,Rainy,34.0,Male,0,671660.86,LIGHT,Unlit,60 km/h
MMTI-2025-20044,Quezon,Bus,Hit and Run,3,,35.0,Male,0,427436.54,Heavy,Lit,60
MMTI-2025-17402,Quezon,,Side-swipe,3,Rain,35.0,M,0,132845.38,Heavy,Poorly-Lit,60
MMTI-2025-20996,Quezon,Truck,Head-on,Risk Level 3,Rainy,24.0,Male,0,715074.61,Heavy,Poorly-Lit,60
MMTI-2025-17923,Quezon,Motorcycle,Hit and Run,3.0,Rainy,24.0,Male,0,1063638.26,Moderate,Poorly-Lit,60
MMTI-2025-15954,Quezon,Car,Rear-end,3,Rainy,41.0,Male,0,1177973.49,Heavy,Unlit,80
MMTI-2025-16940,Quezon,Car,Hit and Run,Risk Level 3,Cloudy,49.0,Male,0,"PHP 373,222.11",Heavy,Well-Lit,40
MMTI-2025-09078,Pasig,SUV/Van,Head-on,Risk Level 2,Clear,39.0,M,0,57486.5,,Poorly-Lit,30
MMTI-2025-01556,San Juan,Motorcycle,Rear-end,3.0,Clear,31.0,F,0,"PHP 39,280.14",Heavy,No Lights,60
MMTI-2025-00683,Taguig,Car,Hit and Run,3.0,Cloudy,24.0,Male,0,308123.04,Heavy,Well-Lit,60
MMTI-2025-18784,Paranaque,Car,Head-on,3.0,Clear,,Female,0,267657.08,,Well-Lit,60
MMTI-2025-20568,Las Pinas,Motorcycle,Side-swipe,3,Rain,18.0,Male,0,16795.06,,Well-Lit,40
MMTI-2025-11381,Mandaluyong,Car,Side-swipe,Risk Level 2,Clear,35.0,Male,0,81115.36,MODERATE,dark,40
MMTI-2025-13784,Manila,Car,Head-on,3,Clear,51.0,Male,0,,Light,Well-Lit,100 km/h
MMTI-2025-20944,Mandaluyong,Truck,Rear-end,Risk Level 3,Clear,52.0,Female,0,69550.94,Moderate,Poorly-Lit,60
MMTI-2025-20227,Quezon,Motorcycle,Rear-end,2,Cloudy,29.0,Female,0,493267.95,Heavy,Well-Lit,60
MMTI-2025-18614,Paranaque,Car,Rear-end,Risk Level 6,Clear,41.0,M,2,97819.08,Heavy,Unlit,60
MMTI-2025-06132,Marikina,Car,Head-on,2.0,Clear,44.0,Male,0,60785.78,Heavy,Well-Lit,60
MMTI-2025-08446,Pasig,Car,Head-on,2.0,Clear,29.0,M,0,151249.77,Light,Poorly-Lit,80
MMTI-2025-05002,Quezon,Car,Head-on,Risk Level 3,Rainy,36.0,Male,0,1424848.04,Moderate,Well-Lit,60
MMTI-2025-22947,Makati,Car,Side-swipe,2,Cloudy,23.0,Male,0,232.1k,Heavy,Well-Lit,60
MMTI-2025-04159,,Jeepney,Head-on,3.0,Cloudy,32.0,Male,0,0,Heavy,Well-Lit,60
MMTI-2025-05031,Quezon,Car,Hit and Run,3.0,Rainy,45.0,Male,0,1206537.02,Heavy,Poorly-Lit,40
MMTI-2025-14083,Quezon,Car,Side-swipe,6,Stormy,34.0,Male,1,2024648.9,Moderate,Poorly-Lit,60
MMTI-2025-19201,Quezon,Jeepney,Rear-end,,,,Male,1,15815.0,Heavy,Well-Lit,80
MMTI-2025-19985,Pasay,Motorcycle,Side-swipe,Risk Level 3,Clear,39.0,Male,0,47408.55,Light,Well-Lit,60 km/h
MMTI-2025-03126,Paranaque,Motorcycle,Rear-end,3.0,Clear,26.0,Male,0,104204.22,LIGHT,Well-Lit,60
MMTI-2025-05257,Taguig,Motorcycle,Side-swipe,3.0,Cloudy,39.0,Male,0,298707.91,Moderate,Poorly-Lit,60
MMTI-2025-06317,Muntinlupa,Car,Head-on,3.0,Clear,25.0,Male,0,53496.7,Heavy,Well-Lit,60
MMTI-2025-00633,Pasig,Car,Rear-end,2.0,Clear,31.0,Male,0,139584.37,LIGHT,Well-Lit,40
MMTI-2025-07386,Quezon,SUV/Van,Rear-end,3,Cloudy,24.0,Male,0,350918.98,Heavy,Well-Lit,60
MMTI-2025-20812,Manila,Car,Side-swipe,Risk Level 2,Clear,18.0,F,0,70834.96,,Well-Lit,60
MMTI-2025-12377,Paranaque,Car,Head-on,Risk Level 6,Clear,17.0,Male,3,106042.4,Moderate,Well-Lit,40 km/h
MMTI-2025-20031,Pasig,Car,Hit and Run,3,Clear,34.0,male,0,136773.29,Heavy,Well-Lit,80
MMTI-2025-04082,Marikina,SUV/Van,Rear-end,3.0,Clear,56.0,Male,0,65004.84,Heavy,Poorly-Lit,100 kph
MMTI-2025-16755,Quezon,Car,Head-on,3.0,Rainy,27.0,Male,0,"PHP 1,347,994.94",Moderate,Well-Lit,40
MMTI-2025-01600,Makati,Car,Head-on,3,Cloudy,33.0,female ,0,217399.09,Heavy,Unlit,60
MMTI-2025-09404,Quezon,Car,Hit and Run,3,Stormy,27.0,Male,0,"PHP 2,187,516.97",MODERATE,Well-Lit,60
MMTI-2025-02937,Manila,SUV/Van,Hit and Run,3.0,Cloudy,51.0,Male,0,"PHP 173,164.29",Moderate,Well-Lit,30
MMTI-2025-19816,Marikina,SUV/Van,Side-swipe,Risk Level 6,Clear,,Unknown,4,693171.12,Heavy,Well-Lit,60 km/h
MMTI-2025-21728,Quezon,Car,Head-on,Risk Level 6,Cloudy,32.0,Female,1,468638.05,Heavy,Well-Lit,60
MMTI-2025-08657, makati,Jeepney,Side-swipe,,Clear,47.0,Female,0,28496.69,Moderate,Well-Lit,30 km/h
MMTI-2025-22028,Taguig,,Head-on,Risk Level 3,Clear,34.0,Female,0,58443.59,Heavy,Poorly-Lit,30
MMTI-2025-17788,Manila,Truck,Head-on,3,Clear,,M,0,739198.03,Heavy,Lit,60 km/h
MMTI-2025-08650,Quezon,Car,Side-swipe,6,Stormy,27.0,Male,4,2703072.56,Moderate,Well-Lit,100
MMTI-2025-11433,Manila,SUV/Van,Rear-end,3.0,Cloudy,44.0,M,0,203750.14,Light,Lit,100 km/h
MMTI-2025-08382,Quezon,Jeepney,Side-swipe,3.0,Rainy,54.0,Female,0,789126.6,Heavy,well lit,30
MMTI-2025-16350, manila,Bus,Head-on,4,Rain,,male,4,660901.5,Light,Well-Lit,60 kph
MMTI-2025-08066,Pasay,Truck,Hit and Run,3.0,Storm,23.0,male,2,1514100.74,,No Lights,40
MMTI-2025-20134,Taguig,Car,Head-on,3.0,Cloudy,29.0,F,0,327011.74,Heavy,Well-Lit,30
MMTI-2025-23388,Marikina,Jeepney,Head-on,6.0,Clear,17.0,Female,4,66756.45,Heavy,Well-Lit,60
MMTI-2025-09690,Marikina,Motorcycle,Side-swipe,2,Clear,,Male,0,16899.19,Heavy,No Lights,60
MMTI-2025-12604,Paranaque,Car,Head-on,Risk Level 3,Clear,41.0,Female,0,109829.24,Heavy,POOR,80
MMTI-2025-12119,Quezon,Motorcycle,Head-on,Risk Level 6,Rainy,0.0,Male,4,894495.13,Heavy,Poorly-Lit,60
MMTI-2025-06693,Pasay,Car,Rear-end,2.0,Clear,43.0,Male,0,48056.62,Moderate,Poorly-Lit,60 kph
MMTI-2025-18439,Quezon,Car,Head-on,Risk Level 3,Rainy,33.0,Male,0,753116.82,Heavy,Well-Lit,100 km/h
MMTI-2025-20648,Manila,,Hit and Run,3,Clear,36.0,Male,0,130010.78,Heavy,Well-Lit,100
MMTI-2025-15746,MAKATI ,Car,Hit and Run,3.0,Clear,59.0,Male,0,,Heavy,Well-Lit,60
MMTI-2025-15273,,Motorcycle,Head-on,Risk Level 6,Clear,50.0,Male,3,"PHP 61,030.26",Heavy,Poorly-Lit,60
MMTI-2025-14683,Quezon,Car,Head-on,3,Rainy,18.0,Male,0,1195231.88,Heavy,Well-Lit,40 km/h
MMTI-2025-02921,PASIG ,Truck,Hit and Run,Risk Level 3,,27.0,Unknown,0,526731.13,Heavy,Poorly-Lit,60 kph
MMTI-2025-18239,Mandaluyong,Car,Side-swipe,Risk Level 3,Clear,28.0,Female,0,69217.93,Heavy,Well-Lit,100 km/h
MMTI-2025-11692,Manila,Car,Side-swipe,Risk Level 1,Clear,,Male,0,66789.73,Moderate,Well-Lit,80
MMTI-2025-16023,Pasig,Car,Hit and Run,3,Clear,30.0,Female,0,141634.06,Heavy,Well-Lit,60
MMTI-2025-17107,Pasig,Car,Rear-end,3,Clear,48.0,Male,0,134121.4,Heavy,Poorly-Lit,60
MMTI-2025-06560, taguig,,Side-swipe,3,Clear,55.0,Male,0,202435.25,Moderate,Unlit,80
MMTI-2025-06355,Pasig,Car,Side-swipe,,Rain,49.0,Male,0,50620.15,Heavy,Poorly-Lit,60
MMTI-2025-00773,Mandaluyong,SUV/Van,Side-swipe,3,Clear,44.0,Male,0,68989.56,Heavy,Well-Lit,60
MMTI-2025-15035,,Car,Hit and Run,Risk Level 3,Clear,32.0,Male,0,246456.82,Heavy,Well-Lit,40
MMTI-2025-09936,Quezon,Car,Rear-end,3.0,Stormy,31.0,Male,0,99999999,Light,Poorly-Lit,80 kph
MMTI-2025-22093,Taguig,Motorcycle,Hit and Run,3,Storm,30.0,M,0,,Heavy,Unlit,30 kph
MMTI-2025-04617,Quezon,Car,Side-swipe,Risk Level 2,Cloudy,38.0,Female,0,"PHP 352,866.29",Moderate,well lit,40
MMTI-2025-22866,MANILA ,SUV/Van,Head-on,,Cloudy,32.0,Female,3,49.7k,Moderate,Well-Lit,60 km/h
MMTI-2025-03149,Las Pinas,Car,Hit and Run,3.0,Clear,35.0,Male,0,81994.49,Heavy,Poorly-Lit,60 km/h
MMTI-2025-13216,Quezon,Car,Side-swipe,3,Cloudy,17.0,Female,0,"PHP 430,225.30",Light,Poorly-Lit,60
MMTI-2025-14982,Quezon,Car,Hit and Run,3,Rainy,27.0,Male,0,1144174.07,Heavy,Well-Lit,40
MMTI-2025-00320,Quezon,Truck,Head-on,3.0,Clear,32.0,Male,0,566.1k,,Poorly-Lit,60 km/h
MMTI-2025-02488,CALOOCAN ,Motorcycle,Head-on,,Clear,42.0,Male,1,13463.82,Heavy,Unlit,80
MMTI-2025-14293,Muntinlupa,Truck,Rear-end,3,Clear,17.0,Male,0,56886.25,Heavy,Unlit,30
MMTI-2025-19393,Quezon,,Rear-end,6.0,Clear,40.0,Male,3,347475.8,Moderate,Well-Lit,60
MMTI-2025-14457,Las Pinas,Motorcycle,Hit and Run,3,Clear,34.0,Male,0,95693.7,Heavy,Well-Lit,60
MMTI-2025-11033,Taguig,Car,Side-swipe,Risk Level 6,Cloudy,28.0,Female,3,284185.84,Moderate,well lit,40
MMTI-2025-09972,Quezon,,Head-on,3,Clear,49.0,Male,0,204687.24,Heavy,Well-Lit,60
MMTI-2025-22974,Manila,Car,Rear-end,Risk Level 2,Cloudy,27.0,Male,0,"PHP 200,322.79",Moderate,Well-Lit,60 kph
MMTI-2025-15153,Quezon,Motorcycle,Hit and Run,3,Cloudy,25.0,Female,0,367667.91,Moderate,Well-Lit,60
MMTI-2025-04308,Quezon,SUV/Van,Hit and Run,Risk Level 3,Rain,,Male,0,196778.12,Heavy,Well-Lit,60 km/h
MMTI-2025-13872,Makati,Bus,Hit and Run,2.0,Cloudy,48.0,Male,0,,Moderate,Well-Lit,40
MMTI-2025-16080,Marikina,Bus,Hit and Run,,Clear,42.0,Male,1,412917.55,Light,Well-Lit,40
MMTI-2025-12681,Las Pinas,Motorcycle,Head-on,Risk Level 3,,25.0,M,0,"PHP 55,324.52",Heavy,Poorly-Lit,60
MMTI-2025-22247,Las Pinas,Car,Side-swipe,Risk Level 3,Clear,25.0,Male,0,"PHP 86,582.69",Heavy,Well-Lit,80
MMTI-2025-08189,Quezon,Car,Hit and Run,4,Rainy,73.0,Male,2,912211.53,Heavy,Lit,60
MMTI-2025-17450,Manila,Jeepney,Rear-end,3,Rain,19.0,Male,0,"PHP 71,222.04",,Well-Lit,40
MMTI-2025-18976,,Motorcycle,Side-swipe,6.0,Clear,24.0,Female,3,49659.41,Heavy,Well-Lit,60
MMTI-2025-01339,Quezon,Car,Side-swipe,2,Cloudy,39.0,Male,0,354499.11,Moderate,No Lights,60
MMTI-2025-15439,Quezon,Car,Hit and Run,3,Rainy,30.0,Female,0,905558.17,Heavy,dark,40 kph
MMTI-2025-12089,Paranaque,Car,Hit and Run,3.0,Clear,44.0,Male,0,99269.74,LIGHT,Well-Lit,30
MMTI-2025-14309,Quezon,Car,Hit and Run,2,Cloudy,28.0,Male,0,591149.59,Light,Unlit,100
MMTI-2025-20273,Quezon,Car,Hit and Run,3,Stormy,26.0,Male,0,99999999,Moderate,Poorly-Lit,40
MMTI-2025-10008,Mandaluyong,,Rear-end,Risk Level 3,Clear,36.0,female ,0,,Heavy,Poorly-Lit,60
MMTI-2025-06406,Pasay,Truck,Side-swipe,3,Clear,42.0,Male,0,"PHP 45,584.12",Heavy,Well-Lit,60 km/h
MMTI-2025-15568,Quezon,Car,Rear-end,,Clear,36.0,Female,0,81.2k,Moderate,Well-Lit,40
MMTI-2025-10746,QUEZON ,,Hit and Run,Risk Level 6,Storm,53.0,Female,4,"PHP 615,487.28",Heavy,Well-Lit,40
MMTI-2025-05893,Quezon,SUV/Van,Side-swipe,3,Rainy,39.0,Female,0,763245.65,Heavy,No Lights,40
MMTI-2025-01141,Quezon,Motorcycle,Side-swipe,6,Stormy,54.0,Male,2,3069512.44,Moderate,Well-Lit,40
MMTI-2025-16000,,Jeepney,Head-on,3,Clear,30.0,Female,0,40486.6,Heavy,Unlit,40
MMTI-2025-13359,Manila,Car,Side-swipe,3,Cloudy,25.0,Male,0,204379.69,Heavy,Well-Lit,80 kph
MMTI-2025-23580,QUEZON ,Truck,Head-on,3,Clear,,F,0,1934569.47,Light,No Lights,80
MMTI-2025-19961,Pasay,Car,Hit and Run,3,Clear,49.0,Male,0,49616.18,Light,Well-Lit,30
MMTI-2025-18901,Taguig,Motorcycle,Side-swipe,3.0,Cloudy,28.0,Male,0,288771.85,Heavy,Well-Lit,80
MMTI-2025-21915,Mandaluyong,,Hit and Run,3,Clear,36.0,Male,0,108956.02,Moderate,Poorly-Lit,100
MMTI-2025-01366,Quezon,Car,Hit and Run,Risk Level 2,Cloudy,-10.0,Female,0,436689.79,Heavy,Well-Lit,60
MMTI-2025-16332,Quezon,Motorcycle,Head-on,Risk Level 3,Rainy,44.0,Female,0,1658709.25,Heavy,Lit,30
MMTI-2025-23437,Quezon,Motorcycle,Rear-end,3,Rainy,33.0,Male,0,1069155.41,HEAVY,Poorly-Lit,60 kph
MMTI-2025-10671,Pasay,Car,Rear-end,,Clear,49.0,Male,0,96004.41,HEAVY,Well-Lit,40
MMTI-2025-13588,,Jeepney,Head-on,3,Clear,64.0,Male,0,144229.79,Heavy,Unlit,40
MMTI-2025-09770,Quezon,Car,Head-on,Risk Level 6,Rainy,21.0,Male,1,650067.57,Heavy,Well-Lit,40 kph