Incident_ID,City,Vehicle_Type,Accident_Type,Severity,Weather_Condition,Driver_Age,Driver_Gender,Injury_Count,Damage_Cost_PHP,Traffic_Volume,Road_Lighting,Speed_Limit
MMTI-2025-00767,Taguig,Truck,Head-on,Risk Level 3,Cloudy,34.0,Male,0,"PHP 272,419.22",Heavy,Well-Lit,40 km/h
MMTI-2025-06882,Muntinlupa,Car,Hit and Run,3,Clear,28.0,Female,0,54704.0,Heavy,Well-Lit,60
MMTI-2025-09228,,Truck,Rear-end,3,Clear,38.0,Male,0,588.4k,Heavy,Well-Lit,60
MMTI-2025-05134,Makati,Motorcycle,Head-on,3,Cloudy,42.0,Female,0,221928.67,Light,Well-Lit,60
MMTI-2025-04910,Muntinlupa,Car,Hit and Run,Risk Level 3,Clear,38.0,Female,0,"PHP 56,660.04",Heavy,Unlit,40
MMTI-2025-17771,,Jeepney,Side-swipe,Risk Level 2,Clear,41.0,M,0,28740.01,Heavy,Well-Lit,60 km/h
MMTI-2025-13314,San Juan,Truck,Head-on,3.0,Clear,27.0,Male,0,40595.2,Heavy,Lit,60
MMTI-2025-10477,Makati,Truck,Rear-end,3,Clear,59.0,Female,0,,Moderate,Well-Lit,30
MMTI-2025-18615,Paranaque,Car,Hit and Run,3.0,Clear,42.0,Male,2,122033.91,Heavy,Poorly-Lit,30
MMTI-2025-18086,Mandaluyong,Motorcycle,Head-on,3,Clear,25.0,Female,0,"PHP 69,260.67",HEAVY,Well-Lit,60
MMTI-2025-19559,TAGUIG ,Bus,Hit and Run,2,Clear,,Male,0,308160.52,Heavy,Well-Lit,40
MMTI-2025-19526,Marikina,Truck,Head-on,6.0,Clear,30.0,Male,2,62391.69,Moderate,Poorly-Lit,80
MMTI-2025-01441,Mandaluyong,SUV/Van,Side-swipe,2,Clear,43.0,Male,4,75093.1,Moderate,Well-Lit,60
MMTI-2025-15797,Pasay,,Rear-end,,Clear,17.0,Male,0,50091.6,Moderate,Well-Lit,60
MMTI-2025-07474,Caloocan,Motorcycle,Head-on,3,,35.0,Male,0,,Heavy,Well-Lit,80
MMTI-2025-20869,Quezon,Car,Side-swipe,3.0,Rainy,34.0,Female,0,629541.6,Light,Well-Lit,40
MMTI-2025-02614,Taguig,Truck,Head-on,3,Cloudy,33.0,Female,0,335869.68,Moderate,Well-Lit,40
MMTI-2025-07497,,,Rear-end,Risk Level 3,Cloudy,49.0,Male,0,179035.57,Moderate,Poorly-Lit,60
MMTI-2025-03977,Quezon,Motorcycle,Side-swipe,3.0,Rainy,30.0,Male,0,1727247.6,LIGHT,Well-Lit,30
MMTI-2025-06319,,Car,Hit and Run,3,Rain,49.0,Male,0,196867.68,Moderate,Well-Lit,40
MMTI-2025-09534,Manila,Motorcycle,Side-swipe,9,Rain,49.0,Male,2,17232.57,,Poorly-Lit,30
MMTI-2025-02267,Paranaque,Motorcycle,Head-on,Risk Level 2,Clear,60.0,male,0,"PHP 110,923.42",Light,Unlit,40 km/h
MMTI-2025-01602,,Car,Side-swipe,3,Storm,37.0,Male,0,,Heavy,Poorly-Lit,80
MMTI-2025-21679,Taguig,Car,Rear-end,2,Cloudy,34.0,Male,0,302754.26,Light,Unlit,80 km/h
MMTI-2025-03461,Manila,Jeepney,Rear-end,,Clear,32.0,Male,0,26194.08,Heavy,Well-Lit,30
MMTI-2025-21184,Manila,Car,Rear-end,6,Cloudy,56.0,Male,3,179837.2,Heavy,Well-Lit,80
MMTI-2025-03785,,Bus,Rear-end,3,Rain,17.0,Female,4,256416.4,Heavy,Lit,30
MMTI-2025-08898,Pasay,SUV/Van,Hit and Run,3,Clear,35.0,F,0,44997.74,Heavy,well lit,40
MMTI-2025-00501,Pasay,Car,Side-swipe,3.0,Rain,44.0,Male,0,159255.44,,Poorly-Lit,30
MMTI-2025-07971,Makati,Motorcycle,Side-swipe,3.0,Cloudy,33.0,Male,0,217495.0,Heavy,Poorly-Lit,60
MMTI-2025-18839,Quezon,Car,Rear-end,3,Rainy,37.0,Male,0,632421.65,Heavy,POOR,100 km/h
MMTI-2025-04578,PASIG ,SUV/Van,Hit and Run,3,Cloudy,27.0,Female,0,226540.33,,Unlit,60
MMTI-2025-20875,Makati,SUV/Van,Rear-end,3,Cloudy,44.0,Male,0,239312.21,Heavy,No Lights,40
MMTI-2025-18706,,Car,Rear-end,3,Clear,30.0,Male,0,156952.54,Moderate,Poorly-Lit,60
MMTI-2025-13586,Quezon,Truck,Side-swipe,6,Rain,26.0,Male,2,5061806.72,,No Lights,60
MMTI-2025-10016, manila,,Hit and Run,3,Clear,36.0,Male,0,157574.28,Heavy,Poorly-Lit,60
MMTI-2025-10043,Quezon,Jeepney,Rear-end,3.0,Rain,,Female,0,,Heavy,Well-Lit,60
MMTI-2025-10094,Pasig,Car,Head-on,Risk Level 6,Clear,27.0,Female,1,135596.84,Moderate,Well-Lit,60
MMTI-2025-02509,Manila,Car,Head-on,Risk Level 4,Cloudy,18.0,Male,1,175736.92,Heavy,Well-Lit,60
MMTI-2025-18835,Manila,Truck,Hit and Run,1,Clear,,Male,0,297263.51,,Well-Lit,60
MMTI-2025-11997,Las Pinas,Motorcycle,Head-on,2,Clear,34.0,Female,0,"PHP 89,594.23",HEAVY,Poorly-Lit,100 km/h
MMTI-2025-17230,Quezon,Car,Hit and Run,3.0,Cloudy,38.0,Male,0,535193.23,Moderate,Well-Lit,60
MMTI-2025-13901,Makati,SUV/Van,Hit and Run,Risk Level 3,Cloudy,50.0,Male,0,227060.65,Moderate,Unlit,60
MMTI-2025-17993,Mandaluyong,Car,Head-on,3.0,Clear,38.0,Male,0,71231.77,Moderate,Lit,40 km/h
MMTI-2025-09658,Makati,Car,Head-on,3.0,Cloudy,35.0,Male,0,226265.21,Moderate,Poorly-Lit,60
MMTI-2025-03174,Pasig,Car,Hit and Run,2,Clear,,Male,0,23771.54,MODERATE,well lit,60
MMTI-2025-17843,Quezon,Bus,Hit and Run,2,Clear,57.0,Male,0,,Heavy,Poorly-Lit,40 km/h
MMTI-2025-17620,Quezon,Motorcycle,Rear-end,6,Stormy,30.0,Female,4,2074263.32,Heavy,Well-Lit,40
MMTI-2025-03311,Marikina,Truck,Rear-end,6.0,Clear,27.0,female ,3,57997.66,Heavy,Poorly-Lit,40 km/h
MMTI-2025-01315,Quezon,Car,Side-swipe,3.0,Cloudy,43.0,Female,0,"PHP 401,931.96",Light,No Lights,40
MMTI-2025-21436,Quezon,Car,Head-on,3.0,Cloudy,32.0,Male,0,577127.27,Light,Poorly-Lit,40
MMTI-2025-21899,Marikina,SUV/Van,Hit and Run,3,Clear,17.0,Male,0,66377.34,Heavy,Lit,80
MMTI-2025-10044,,SUV/Van,Head-on,Risk Level 3,,41.0,Unknown,0,465331.59,Moderate,Poorly-Lit,60
MMTI-2025-20610,Quezon,Car,Hit and Run,6,Stormy,52.0,Male,2,2583863.17,Heavy,Poorly-Lit,40
MMTI-2025-13995,Quezon,Car,Rear-end,3,Rainy,32.0,Male,0,1046039.17,Heavy,dark,40
MMTI-2025-03670,Quezon,Car,Rear-end,,Rain,53.0,Male,0,103080.04,Heavy,Poorly-Lit,40
MMTI-2025-05429,Makati,Motorcycle,Hit and Run,Risk Level 2,Cloudy,34.0,Unknown,1,221595.21,Heavy,Well-Lit,80
MMTI-2025-09663,Pasig,Motorcycle,Rear-end,3,Clear,30.0,Male,0,141776.77,Heavy,Unlit,60
MMTI-2025-12569,Muntinlupa,Car,Hit and Run,3,Clear,33.0,Female,0,"PHP 54,978.58",Moderate,Well-Lit,60
MMTI-2025-20065,Makati,Car,Hit and Run,3,Cloudy,34.0,Female,0,264433.86,Moderate,Poorly-Lit,60
MMTI-2025-06469,Taguig,Car,Hit and Run,Risk Level 3,Cloudy,40.0,Male,0,"PHP 317,780.96",Moderate,Well-Lit,40 kph
MMTI-2025-05575,Makati,SUV/Van,Side-swipe,6,,54.0,Male,2,378254.27,Moderate,Well-Lit,40
MMTI-2025-04033,Paranaque,Motorcycle,Rear-end,6,Clear,45.0,Male,1,101971.57,Moderate,Poorly-Lit,60
MMTI-2025-15348,Quezon,SUV/Van,Hit and Run,3,Cloudy,53.0,Male,0,,Heavy,Poorly-Lit,40
MMTI-2025-08903,Mandaluyong,SUV/Van,Side-swipe,Risk Level 3,Clear,44.0,Male,0,71771.73,Heavy,well lit,60
MMTI-2025-15373,Las Pinas,Motorcycle,Hit and Run,3.0,Clear,52.0,Male,0,91.1k,Heavy,Lit,40
MMTI-2025-14575,Quezon,Car,Rear-end,3,Rainy,43.0,male,0,1247436.54,Heavy,Well-Lit,60
MMTI-2025-03025,Mandaluyong,,Head-on,3,Rain,30.0,Female,0,170441.3,Heavy,Poorly-Lit,60
MMTI-2025-23119,Quezon,Car,Head-on,3.0,Cloudy,34.0,female ,0,481186.23,Moderate,No Lights,30 km/h
MMTI-2025-03355,Las Pinas,Motorcycle,Head-on,3,Clear,33.0,F,0,82785.26,Heavy,Poorly-Lit,60
MMTI-2025-15410,Las Pinas,Car,Side-swipe,Risk Level 6,Clear,40.0,Female,1,"PHP 93,250.35",Heavy,Poorly-Lit,40
MMTI-2025-04563,Quezon,Car,Side-swipe,3,Cloudy,18.0,Male,0,364179.06,Heavy,Well-Lit,60
MMTI-2025-05889,Muntinlupa,Car,Head-on,1.0,Clear,25.0,Male,0,53675.37,Light,Lit,80
MMTI-2025-20732,Las Pinas,Bus,Rear-end,,Clear,33.0,Male,0,269972.61,Moderate,Poorly-Lit,30
MMTI-2025-20185,Quezon,Car,Head-on,3,Cloudy,53.0,Female,1,"PHP 424,025.20",Heavy,Poorly-Lit,40
MMTI-2025-00752,Manila,SUV/Van,Hit and Run,3.0,Cloudy,49.0,Female,0,180384.58,Moderate,Poorly-Lit,80
MMTI-2025-22401, manila,Truck,Head-on,2,Clear,,Male,0,316263.14,Heavy,Well-Lit,60
MMTI-2025-15396,Quezon,Car,Hit and Run,6,Rainy,29.0,Male,2,674059.02,Heavy,Well-Lit,60
MMTI-2025-15324,,Truck,Rear-end,3,Cloudy,0.0,Male,0,1457448.49,Moderate,well lit,30 km/h
MMTI-2025-07949,,,Head-on,3,Clear,,Male,0,130220.87,Heavy,Well-Lit,60
MMTI-2025-11512,San Juan,Car,Head-on,Risk Level 3,Clear,48.0,Male,0,40.9k,Light,Well-Lit,80
MMTI-2025-12573,San Juan,Car,Rear-end,3,Clear,37.0,Female,0,40139.4,Moderate,Well-Lit,40
MMTI-2025-11604,San Juan,Car,Head-on,3,Clear,32.0,Female,0,41202.03,Heavy,No Lights,60
MMTI-2025-00134,Quezon,Truck,Rear-end,3,Rainy,35.0,Male,0,1235477.8,Heavy,Well-Lit,60
MMTI-2025-16309,Paranaque,Car,Side-swipe,3,Clear,30.0,Male,0,122640.14,Heavy,Poorly-Lit,100
MMTI-2025-14591,Las Pinas,Motorcycle,Head-on,3,Clear,27.0,Female,0,92.6k,Moderate,POOR,80
MMTI-2025-19711,CALOOCAN ,Motorcycle,Rear-end,3,Cloudy,31.0,Male,0,,Moderate,Poorly-Lit,60
MMTI-2025-10764,Quezon,Motorcycle,Side-swipe,Risk Level 3,Clear,46.0,Male,0,,Heavy,Well-Lit,60
MMTI-2025-08639,Caloocan,,Side-swipe,6.0,Clear,34.0,M,1,156943.82,Light,Well-Lit,40
MMTI-2025-00943,Las Pinas,Car,Rear-end,Risk Level 3,Clear,44.0,M,0,85.8k,Heavy,Well-Lit,80
MMTI-2025-03131,Manila,Car,Head-on,,Clear,34.0,Female,0,-500,Moderate,Well-Lit,80
MMTI-2025-20759,Pasay,Car,Hit and Run,3.0,Clear,28.0,Male,0,"PHP 46,250.72",Moderate,Unlit,80
MMTI-2025-03505,Quezon,Car,Head-on,3.0,Cloudy,61.0,Male,0,420066.2,Moderate,Unlit,30
MMTI-2025-10917,Caloocan,Car,Hit and Run,Risk Level 3,Clear,36.0,Male,0,41682.78,Moderate,Well-Lit,60
MMTI-2025-11782,Taguig,Motorcycle,Side-swipe,Risk Level 3,Cloudy,52.0,Male,0,308013.29,Moderate,Well-Lit,60
MMTI-2025-04658,,Bus,Hit and Run,3,Clear,36.0,Male,0,358907.26,LIGHT,No Lights,40
MMTI-2025-19256,Mandaluyong,Car,Rear-end,Risk Level 3,Clear,48.0,Male,0,78.3k,Heavy,Well-Lit,60
MMTI-2025-12502,Pasig,Jeepney,Side-swipe,6,Clear,34.0,Male,1,130155.59,Heavy,Unlit,80 km/h
MMTI-2025-06906,Manila,Car,Side-swipe,3,Cloudy,28.0,Male,0,201572.54,Heavy,Poorly-Lit,60
MMTI-2025-06664,Manila,Car,Rear-end,Risk Level 2,Cloudy,30.0,Male,1,171965.58,Moderate,Well-Lit,80
MMTI-2025-20797,Taguig,Car,Head-on,6,Cloudy,40.0,Female,3,340710.56,Heavy,POOR,80
MMTI-2025-06420,Taguig,Car,Rear-end,3,Cloudy,37.0,Male,0,334461.89,Moderate,Well-Lit,60
MMTI-2025-03328,San Juan,Car,Side-swipe,3,Clear,53.0,Male,0,40.5k,Moderate,Well-Lit,60
MMTI-2025-17459,Manila,Truck,Head-on,,,42.0,Female,0,224993.36,Moderate,Well-Lit,60
MMTI-2025-17080, malabon,Car,Head-on,3.0,Clear,29.0,Female,0,64636.64,,Well-Lit,60 kph
MMTI-2025-10802,Manila,Car,Head-on,3,,54.0,Male,0,55393.1,,Well-Lit,60 km/h
MMTI-2025-10158,Quezon,Car,Side-swipe,3,Rainy,31.0,Male,0,627039.15,Heavy,Poorly-Lit,60
MMTI-2025-21772,Manila,Motorcycle,Head-on,Risk Level 3,Cloudy,33.0,Male,0,34123.74,,well lit,60 km/h
MMTI-2025-21787,Mandaluyong,SUV/Van,Rear-end,,Clear,58.0,Male,0,63231.08,,Well-Lit,60
MMTI-2025-05758,Quezon,Car,Head-on,3,Rainy,48.0,F,0,1387474.2,Heavy,Well-Lit,80
MMTI-2025-19105,Pasay,Truck,Hit and Run,3,Clear,33.0,Male,0,49116.86,Heavy,Unlit,60 km/h
MMTI-2025-04812,Las Pinas,SUV/Van,Hit and Run,3,Clear,35.0,Female,0,82820.48,Moderate,Well-Lit,80 km/h
MMTI-2025-22236,Taguig,Car,Hit and Run,Risk Level 3,Cloudy,17.0,Male,0,302810.23,Heavy,Well-Lit,40 kph
MMTI-2025-11502,Quezon,SUV/Van,Hit and Run,3.0,Clear,35.0,Male,0,324663.38,,Well-Lit,30 km/h
MMTI-2025-18921,Las Pinas,SUV/Van,Hit and Run,3,Clear,36.0,male,0,86289.56,Heavy,Unlit,30 km/h
MMTI-2025-13865,Quezon,Motorcycle,Hit and Run,6.0,Rainy,46.0,Male,1,697631.26,Heavy,Well-Lit,60
MMTI-2025-01893,Taguig,Car,Hit and Run,3,Cloudy,26.0,Male,0,"PHP 319,161.41",Heavy,Well-Lit,40
MMTI-2025-19635,Pasig,Car,Rear-end,3.0,Clear,35.0,Female,0,155234.21,Heavy,Well-Lit,40
MMTI-2025-14220,Pasay,Car,Rear-end,Risk Level 3,Clear,30.0,Male,0,50518.96,Heavy,Poorly-Lit,40
MMTI-2025-02279,Pasig,Motorcycle,Hit and Run,6,Clear,71.0,Male,2,126084.93,Moderate,Poorly-Lit,80
MMTI-2025-01752,Paranaque,Car,Hit and Run,3,Clear,20.0,Male,0,115499.02,Heavy,Well-Lit,60 km/h
MMTI-2025-12363,San Juan,Truck,Side-swipe,3,,20.0,Male,0,1012862.73,MODERATE,Well-Lit,40
MMTI-2025-14144,Manila,Car,Rear-end,3.0,Cloudy,48.0,Male,0,179838.46,Heavy,Well-Lit,60
MMTI-2025-17337,Manila,SUV/Van,Head-on,6,Rain,31.0,Male,1,,Moderate,Well-Lit,40
MMTI-2025-10594,,SUV/Van,Rear-end,Risk Level 3,Rain,,Female,0,334574.57,Heavy,Well-Lit,40
MMTI-2025-11451,Makati,Jeepney,Hit and Run,,Clear,25.0,M,0,"PHP 29,590.18",Heavy,Poorly-Lit,80
MMTI-2025-01702,Quezon,SUV/Van,Head-on,3,Rain,28.0,Male,0,359.0k,,Unlit,30
MMTI-2025-16492,Quezon,Motorcycle,Side-swipe,3,Rainy,55.0,Female,0,926408.67,Heavy,Well-Lit,100 km/h
MMTI-2025-21573,Manila,SUV/Van,Hit and Run,3,Cloudy,32.0,Unknown,0,208225.53,Heavy,Well-Lit,80
MMTI-2025-02082,Pasig,Car,Side-swipe,3.0,Clear,58.0,Male,0,141946.62,Heavy,Poorly-Lit,60
MMTI-2025-22050,Muntinlupa,Motorcycle,Hit and Run,Risk Level 3,Clear,24.0,Female,0,51249.1,Heavy,Well-Lit,40
MMTI-2025-09702,,Truck,Head-on,Risk Level 6,Clear,17.0,Male,2,2686535.41,Heavy,Poorly-Lit,40
MMTI-2025-05851,MAKATI ,Car,Hit and Run,,Rain,65.0,Female,0,"PHP 61,879.84",Heavy,Well-Lit,60
MMTI-2025-13098,MAKATI ,Motorcycle,Side-swipe,,,34.0,male,0,13869.48,Moderate,well lit,60 km/h
MMTI-2025-22752,Quezon,Motorcycle,Rear-end,Risk Level 3,,45.0,Female,0,26633.74,Moderate,Poorly-Lit,60
MMTI-2025-01069,Makati,,Side-swipe,3,Rain,30.0,Male,0,112009.19,Moderate,Poorly-Lit,80 km/h
MMTI-2025-19457,,Bus,Hit and Run,4,Clear,36.0,Female,2,258277.57,Moderate,Poorly-Lit,60
MMTI-2025-03310,Pasig,Car,Hit and Run,Risk Level 3,Clear,40.0,Male,0,137143.51,Heavy,No Lights,80 km/h
MMTI-2025-05188,,Truck,Hit and Run,3,Cloudy,28.0,Male,0,460807.09,Moderate,Well-Lit,40
MMTI-2025-00036,Paranaque,Motorcycle,Hit and Run,3,Clear,21.0,Female,0,98855.04,Light,Well-Lit,60
MMTI-2025-17595,Pasig,Bus,Rear-end,Risk Level 6,,24.0,Female,3,907885.9,LIGHT,Well-Lit,60
MMTI-2025-23424,Quezon,Car,Rear-end,Risk Level 6,Rainy,43.0,Male,3,1265687.28,Heavy,Unlit,60 kph
MMTI-2025-12891, quezon,,Side-swipe,2.0,Clear,41.0,Female,0,22606.77,Heavy,Well-Lit,80
MMTI-2025-07436,Muntinlupa,Car,Hit and Run,3,Clear,41.0,Male,0,52246.06,Heavy,Well-Lit,60
MMTI-2025-03391,Muntinlupa,Motorcycle,Side-swipe,Risk Level 3,Clear,17.0,Male,0,53851.84,Heavy,POOR,60
MMTI-2025-15280,Manila,Motorcycle,Side-swipe,3,,40.0,Male,0,11696.25,,Well-Lit,100 km/h
MMTI-2025-02372,Pasay,SUV/Van,Head-on,1.0,Clear,43.0,Female,0,50639.0,Moderate,Poorly-Lit,40
MMTI-2025-05187,Quezon,Car,Side-swipe,3,Rainy,39.0,Male,0,860831.28,Moderate,Poorly-Lit,40
MMTI-2025-07267,Taguig,Car,Rear-end,3,Cloudy,38.0,Male,0,318192.0,Moderate,Unlit,80
MMTI-2025-09354,Quezon,Motorcycle,Head-on,3,Rain,32.0,Male,0,34195.03,,Poorly-Lit,60
MMTI-2025-04850,Manila,,Hit and Run,Risk Level 3,Cloudy,37.0,Male,0,148532.66,HEAVY,Well-Lit,80
MMTI-2025-04760,Paranaque,Motorcycle,Hit and Run,3,Clear,61.0,F,0,102301.21,Heavy,Well-Lit,30 kph
MMTI-2025-14028, pasay,,Rear-end,3,Clear,41.0,Male,0,,Heavy,Well-Lit,80
MMTI-2025-17184,Pasig,,Side-swipe,3,Storm,45.0,Male,0,254202.26,Heavy,Well-Lit,60
MMTI-2025-02340,,SUV/Van,Head-on,Risk Level 3,Clear,36.0,Male,0,461478.15,Moderate,POOR,80 km/h
MMTI-2025-02388,Manila,Car,Head-on,Risk Level 3,Cloudy,35.0,Male,0,165721.27,Moderate,POOR,60
MMTI-2025-18835,Manila,Truck,Hit and Run,1,Clear,,Male,0,297263.51,,Well-Lit,60
MMTI-2025-21908,Makati,Jeepney,Rear-end,3,,,Female,0,93109.2,Moderate,Poorly-Lit,60
MMTI-2025-16014,Manila,Car,Head-on,3,Cloudy,22.0,Female,0,194812.68,Heavy,Well-Lit,30
MMTI-2025-23421,San Juan,SUV/Van,Side-swipe,,Clear,45.0,female ,0,26775.86,,Well-Lit,60
MMTI-2025-17085,Quezon,Jeepney,Head-on,Risk Level 3,Storm,,Male,0,23601.04,,POOR,80
MMTI-2025-01099,,Truck,Side-swipe,6,Clear,36.0,Female,1,2096380.7,Heavy,Lit,80
MMTI-2025-13125,Makati,SUV/Van,Hit and Run,2,Cloudy,48.0,female ,0,231559.48,Moderate,Well-Lit,60 km/h
MMTI-2025-15676,Malabon,Car,Side-swipe,,Clear,17.0,Female,2,57858.29,Moderate,Well-Lit,40 km/h
MMTI-2025-18263,Muntinlupa,Car,Side-swipe,3,Clear,43.0,Female,0,54952.9,HEAVY,dark,60 km/h
MMTI-2025-22692,Quezon,Motorcycle,Hit and Run,Risk Level 6,Rainy,30.0,Male,4,792487.03,Heavy,Well-Lit,60
MMTI-2025-17105,PASIG ,Motorcycle,Head-on,,Clear,60.0,Male,0,,Heavy,Well-Lit,60
MMTI-2025-20887,Caloocan,Motorcycle,Rear-end,3,Clear,53.0,Female,0,41772.97,Heavy,Well-Lit,60
MMTI-2025-17403,Las Pinas,Car,Hit and Run,Risk Level 3,Clear,27.0,Female,0,86725.58,Heavy,Well-Lit,80 kph
MMTI-2025-18204,Paranaque,Car,Hit and Run,3,Rain,35.0,Male,0,98.5k,,No Lights,60
MMTI-2025-10453,Makati,Motorcycle,Head-on,2,Cloudy,51.0,Male,0,224466.75,Moderate,Well-Lit,60
MMTI-2025-10009,,SUV/Van,Head-on,Risk Level 3,Clear,32.0,Male,0,270042.97,Heavy,Poorly-Lit,40
MMTI-2025-06363,Quezon,Car,Side-swipe,3.0,Stormy,35.0,Male,0,1832236.04,Heavy,Lit,80
MMTI-2025-16065,Makati,Motorcycle,Side-swipe,3.0,Clear,28.0,Female,0,,Heavy,Well-Lit,60 kph
MMTI-2025-01569,Pasig,Truck,Rear-end,,Clear,38.0,Female,0,328439.99,,Well-Lit,30 km/h
MMTI-2025-16839,Quezon,Motorcycle,Rear-end,Risk Level 3,Cloudy,23.0,Male,0,530485.76,Moderate,Lit,60
MMTI-2025-16406,Makati,Motorcycle,Side-swipe,3,Cloudy,17.0,Male,0,241876.66,Heavy,No Lights,80
MMTI-2025-21174,QUEZON ,Bus,Rear-end,,Rain,31.0,Male,0,205691.22,Heavy,Well-Lit,40
MMTI-2025-00056,Pasig,Truck,Head-on,3,Clear,29.0,Male,0,146848.66,Heavy,Unlit,40 kph
MMTI-2025-13366,Quezon,SUV/Van,Hit and Run,3,Rainy,31.0,Male,0,"PHP 858,055.60",Heavy,Well-Lit,60
MMTI-2025-01263,Muntinlupa,Jeepney,Side-swipe,2.0,,41.0,Female,0,41893.04,Heavy,Well-Lit,60
MMTI-2025-08006,Makati,Car,Head-on,Risk Level 3,,40.0,Male,0,108814.69,Moderate,Poorly-Lit,60
MMTI-2025-17650,Quezon,,Rear-end,2,Clear,38.0,Male,0,,,Poorly-Lit,80
MMTI-2025-09307,Quezon,SUV/Van,Head-on,Risk Level 3,Rainy,41.0,M,0,1178826.39,Heavy,Well-Lit,30
MMTI-2025-11226,Quezon,Car,Rear-end,Risk Level 3,Rainy,41.0,Male,0,984849.79,Heavy,Well-Lit,40
MMTI-2025-15013,,Motorcycle,Head-on,3.0,Clear,29.0,Female,0,16208.65,Heavy,Poorly-Lit,60 km/h
MMTI-2025-22504,Valenzuela,Jeepney,Rear-end,6,,44.0,Male,3,265425.86,Heavy,well lit,60
MMTI-2025-20269,Quezon,Car,Head-on,6,Cloudy,57.0,Male,1,578234.04,Heavy,Well-Lit,30 km/h
MMTI-2025-16383,Paranaque,Car,Head-on,3.0,Clear,28.0,Female,0,110580.18,Heavy,well lit,100
MMTI-2025-21514,Manila,SUV/Van,Hit and Run,,Rain,40.0,Male,0,170606.22,Heavy,Poorly-Lit,40
MMTI-2025-14607,Quezon,SUV/Van,Rear-end,6.0,,57.0,male,3,,Heavy,Well-Lit,60
MMTI-2025-16065,Makati,Motorcycle,Side-swipe,3.0,Clear,28.0,Female,0,,Heavy,Well-Lit,60 kph
MMTI-2025-02921,PASIG ,Truck,Hit and Run,Risk Level 3,,27.0,Unknown,0,526731.13,Heavy,Poorly-Lit,60 kph
MMTI-2025-10669,Quezon,Motorcycle,Hit and Run,1,Clear,37.0,Male,0,,Moderate,Well-Lit,60
MMTI-2025-16579,San Juan,Car,Hit and Run,1.0,Clear,27.0,Male,0,,Moderate,Poorly-Lit,60
MMTI-2025-04213,Taguig,Jeepney,Side-swipe,3,Clear,,Male,0,"PHP 82,688.41",Heavy,Poorly-Lit,60 kph
MMTI-2025-21524,Paranaque,Car,Rear-end,1.0,Clear,42.0,Male,0,101018.76,Light,dark,30
MMTI-2025-06879,Quezon,Motorcycle,Rear-end,6,Rainy,20.0,Female,3,"PHP 1,754,422.67",Heavy,Poorly-Lit,80
MMTI-2025-21824,Manila,,Head-on,3,Rain,28.0,Male,0,88277.34,Heavy,Poorly-Lit,60
MMTI-2025-09710,Makati,Car,Head-on,2,Cloudy,18.0,Female,0,214035.8,Heavy,Poorly-Lit,40
MMTI-2025-15177,Pasay,Truck,Side-swipe,3,Storm,,Male,0,"PHP 450,585.00",Heavy,Well-Lit,60 kph
MMTI-2025-03871,Taguig,Car,Side-swipe,3,Cloudy,17.0,Female,0,332983.69,Moderate,Poorly-Lit,60
MMTI-2025-02219,,Bus,Rear-end,3.0,Clear,40.0,Male,3,931536.91,Heavy,Poorly-Lit,60 km/h
MMTI-2025-22129,Quezon,SUV/Van,Side-swipe,3,Cloudy,55.0,Male,0,573001.33,HEAVY,Well-Lit,40
MMTI-2025-14513,Makati,Motorcycle,Side-swipe,3,Cloudy,34.0,Male,0,235657.79,Heavy,Well-Lit,40
MMTI-2025-05452,Pasig,,Hit and Run,3,Clear,54.0,Female,0,200177.28,Heavy,Poorly-Lit,80
MMTI-2025-13066,Taguig,Car,Head-on,3.0,Cloudy,49.0,Female,0,292169.02,Heavy,Poorly-Lit,40
MMTI-2025-16364,Quezon,Jeepney,Head-on,3,,36.0,Male,0,119775.47,Heavy,Well-Lit,60
MMTI-2025-15633,Manila,Truck,Hit and Run,3.0,Clear,,Male,0,955880.57,Heavy,Poorly-Lit,60
MMTI-2025-16726,Quezon,Motorcycle,Hit and Run,6,Rainy,44.0,Male,3,1152891.91,Heavy,Unlit,40 km/h
MMTI-2025-04868,Manila,Jeepney,Rear-end,3.0,Clear,26.0,Male,0,,Moderate,Well-Lit,80
MMTI-2025-19018, quezon,,Side-swipe,3,Clear,31.0,Male,0,118359.44,HEAVY,Poorly-Lit,40
MMTI-2025-08139,Las Pinas,Motorcycle,Hit and Run,3,Clear,30.0,Male,0,"PHP 81,479.05",Heavy,Well-Lit,40 km/h
MMTI-2025-23116,Caloocan,Jeepney,Head-on,3.0,,37.0,Male,0,64150.58,Moderate,Well-Lit,60 kph
MMTI-2025-13905, quezon,,Hit and Run,3,Clear,32.0,Female,0,46585.16,Moderate,well lit,60
MMTI-2025-12955,Quezon,Car,Side-swipe,Risk Level 3,Cloudy,37.0,Male,0,538119.56,Heavy,Well-Lit,60
MMTI-2025-15169,Marikina,Car,Hit and Run,2,Clear,45.0,Male,0,66818.9,Heavy,Lit,60 km/h
MMTI-2025-12978,Pasay,Jeepney,Rear-end,,Cloudy,23.0,Male,2,32835.67,Moderate,Well-Lit,40
MMTI-2025-17798,Caloocan,Motorcycle,Hit and Run,3,Rain,49.0,Male,0,,Light,Well-Lit,40 km/h