Incident_ID,City,Vehicle_Type,Accident_Type,Severity,Weather_Condition,Driver_Age,Driver_Gender,Injury_Count,Damage_Cost_PHP,Traffic_Volume,Road_Lighting,Speed_Limit
MMTI-2025-11505,Makati,Car,Hit and Run,Risk Level 3,Cloudy,27.0,Male,0,266.2k,Moderate,well lit,60 kph
MMTI-2025-21291,Pasig,SUV/Van,Side-swipe,3,Clear,20.0,Female,0,152.9k,Heavy,Well-Lit,60
MMTI-2025-13350,Quezon,Motorcycle,Rear-end,3,Cloudy,39.0,Male,0,531293.89,Heavy,Well-Lit,60
MMTI-2025-16028,Navotas,Jeepney,Rear-end,3,,42.0,Male,0,,Moderate,Well-Lit,40
MMTI-2025-18170,Quezon,Truck,Side-swipe,3.0,Clear,33.0,Male,0,,Heavy,Poorly-Lit,80 kph
MMTI-2025-12793,Quezon,Motorcycle,Rear-end,3,Rainy,43.0,Male,0,681694.37,Heavy,Well-Lit,60 kph
MMTI-2025-21532,Paranaque,Motorcycle,Head-on,2,Clear,37.0,Female,0,111079.47,Moderate,Well-Lit,60 km/h
MMTI-2025-14425,Las Pinas,Motorcycle,Hit and Run,Risk Level 3,Clear,34.0,Male,0,33335.15,,Poorly-Lit,40 km/h
MMTI-2025-03912,Mandaluyong,Motorcycle,Rear-end,3,Clear,41.0,F,0,"PHP 70,970.54",Moderate,Well-Lit,60
MMTI-2025-12739,Makati,Motorcycle,Side-swipe,Risk Level 3,Cloudy,27.0,Male,0,261662.61,Heavy,Well-Lit,60
MMTI-2025-05321,Pasig,Motorcycle,Hit and Run,6,Clear,,Female,1,48609.17,Moderate,Well-Lit,30
MMTI-2025-18533,Quezon,Jeepney,Side-swipe,,Clear,46.0,Male,4,6825.73,,Poorly-Lit,30
MMTI-2025-11300,Quezon,Car,Rear-end,3,Rainy,40.0,Male,0,1292723.01,Heavy,Well-Lit,60
MMTI-2025-09183,Marikina,Motorcycle,Rear-end,3.0,Clear,30.0,Male,0,60306.2,Moderate,POOR,60
MMTI-2025-07146,Quezon,Car,Hit and Run,Risk Level 3,Rainy,25.0,Male,0,1224781.71,Heavy,Well-Lit,60
MMTI-2025-17191,Paranaque,Truck,Hit and Run,,Cloudy,31.0,Male,0,201950.66,Moderate,Well-Lit,100
MMTI-2025-04633,Quezon,Motorcycle,Side-swipe,3,Rainy,49.0,Male,0,902882.16,Heavy,Well-Lit,30
MMTI-2025-20648,Manila,,Hit and Run,3,Clear,36.0,Male,0,130010.78,Heavy,Well-Lit,100
MMTI-2025-17813,Makati,SUV/Van,Head-on,Risk Level 3,Storm,17.0,Male,0,"PHP 116,045.21",,Well-Lit,40
MMTI-2025-14840,Muntinlupa,SUV/Van,Rear-end,6,Clear,67.0,Male,3,"PHP 55,354.71",Light,Unlit,40
MMTI-2025-09540,Pasay,Car,Side-swipe,3,Clear,41.0,Male,0,47875.89,Heavy,Well-Lit,60
MMTI-2025-12642,,Truck,Head-on,Risk Level 4,Cloudy,40.0,Male,2,191810.47,Heavy,Well-Lit,60 kph
MMTI-2025-23257,Quezon,Motorcycle,Head-on,3,Cloudy,,Male,0,39667.95,Heavy,Poorly-Lit,60
MMTI-2025-23194,Manila,Car,Hit and Run,4,,38.0,M,1,151090.88,Heavy,Poorly-Lit,100
MMTI-2025-16678,Quezon,Car,Head-on,3,Clear,41.0,Male,0,164767.37,,Well-Lit,80
MMTI-2025-20841,Las Pinas,Car,Rear-end,Risk Level 3,Clear,28.0,Male,0,82916.03,Moderate,Well-Lit,60
MMTI-2025-20860,Caloocan,Car,Hit and Run,3,Clear,30.0,Male,0,44092.93,MODERATE,Unlit,60
MMTI-2025-03336,Quezon,SUV/Van,Head-on,3,Rainy,64.0,Male,0,1339823.16,Heavy,Well-Lit,40
MMTI-2025-16400,Pasig,,Rear-end,9.0,Rain,,Male,3,344957.25,Heavy,Unlit,60 km/h
MMTI-2025-01925,Quezon,Car,Hit and Run,3,Rainy,41.0,Female,0,814037.74,Heavy,No Lights,80
MMTI-2025-05684,,SUV/Van,Rear-end,3,Clear,38.0,Male,0,255278.23,Moderate,Well-Lit,40
MMTI-2025-08541,Makati,Motorcycle,Head-on,3.0,Cloudy,39.0,Male,0,247582.29,Heavy,Lit,60
MMTI-2025-22645,,Car,Side-swipe,3,Clear,37.0,Male,0,151.9k,Moderate,Poorly-Lit,60
MMTI-2025-02524,,,Rear-end,Risk Level 3,Clear,17.0,Male,0,222969.25,Moderate,Well-Lit,60
MMTI-2025-21514,Manila,SUV/Van,Hit and Run,,Rain,40.0,Male,0,170606.22,Heavy,Poorly-Lit,40
MMTI-2025-08475,Quezon,Jeepney,Rear-end,Risk Level 3,Cloudy,28.0,Female,0,381815.19,Moderate,dark,60 km/h
MMTI-2025-19916,Quezon,Car,Head-on,3,Rainy,28.0,Male,0,720551.6,Moderate,Well-Lit,30
MMTI-2025-12895,Makati,Car,Head-on,3,Cloudy,38.0,Male,0,225571.24,Heavy,Poorly-Lit,100
MMTI-2025-12024,Quezon,Motorcycle,Side-swipe,3,Cloudy,27.0,Female,0,355327.12,Heavy,Poorly-Lit,40
MMTI-2025-14077,Las Pinas,Motorcycle,Head-on,3,Clear,50.0,Female,0,82938.45,Heavy,Well-Lit,60
MMTI-2025-02550,Manila,Car,Rear-end,3,Cloudy,28.0,Female,0,186374.83,Heavy,Well-Lit,60
MMTI-2025-00906,Las Pinas,Car,Side-swipe,Risk Level 3,Clear,30.0,Male,0,88590.02,Moderate,Poorly-Lit,40
MMTI-2025-07481,Quezon,Car,Side-swipe,3,Rainy,35.0,Male,0,799618.98,Heavy,Poorly-Lit,60 km/h
MMTI-2025-15267,Quezon,Motorcycle,Rear-end,3.0,Rainy,52.0,Male,0,825941.43,Heavy,Well-Lit,60
MMTI-2025-11097,Makati,Motorcycle,Head-on,Risk Level 3,Cloudy,48.0,Male,0,236525.67,Heavy,Unlit,60
MMTI-2025-02977,Quezon,,Side-swipe,3,Clear,50.0,Male,0,77777777,Heavy,Well-Lit,60 km/h
MMTI-2025-07230,Quezon,Jeepney,Side-swipe,3,Rainy,47.0,Female,0,646894.86,Heavy,Poorly-Lit,60
MMTI-2025-21965,Mandaluyong,Jeepney,Hit and Run,3,Clear,53.0,Male,0,71308.47,Heavy,Poorly-Lit,60
MMTI-2025-14812,,Truck,Rear-end,3.0,Clear,26.0,Male,0,324068.0,HEAVY,Well-Lit,40
MMTI-2025-16534,Makati,Motorcycle,Side-swipe,6,Cloudy,28.0,Unknown,2,264693.69,Moderate,Poorly-Lit,60 km/h
MMTI-2025-03324,Quezon,Car,Hit and Run,Risk Level 3,Rainy,33.0,Female,0,1435881.02,Heavy,well lit,80
MMTI-2025-07877,Quezon,SUV/Van,Hit and Run,3,Stormy,27.0,Male,0,"PHP 1,775,213.06",Moderate,Well-Lit,80
MMTI-2025-00876,Manila,SUV/Van,Hit and Run,,Clear,47.0,Male,0,104268.12,Moderate,Well-Lit,60
MMTI-2025-04051,,Bus,Head-on,1.0,Clear,33.0,Male,0,"PHP 61,566.98",Moderate,well lit,60
MMTI-2025-03982,Quezon,Car,Rear-end,3,Cloudy,49.0,Male,0,397805.21,HEAVY,Poorly-Lit,60
MMTI-2025-06681,,Jeepney,Head-on,3,Cloudy,33.0,Male,0,88243.96,Moderate,Well-Lit,80
MMTI-2025-03902,Manila,Jeepney,Side-swipe,3,Clear,50.0,Male,0,,Heavy,Well-Lit,60
MMTI-2025-10941,Marikina,Car,Hit and Run,3.0,Clear,45.0,Female,0,60787.01,Heavy,Poorly-Lit,80
MMTI-2025-16162,Quezon,Motorcycle,Side-swipe,9.0,Cloudy,33.0,Male,4,"PHP 531,990.70",Moderate,Unlit,60 km/h
MMTI-2025-21033,Pasig,Truck,Rear-end,6,Clear,28.0,Female,1,146415.09,Moderate,Well-Lit,60
MMTI-2025-10382,,,Hit and Run,3,,45.0,Female,0,224196.49,Heavy,Well-Lit,30
MMTI-2025-14992, valenzuela,Jeepney,Side-swipe,3,Clear,,Male,0,109195.88,Heavy,well lit,60
MMTI-2025-02931,Quezon,Motorcycle,Hit and Run,3.0,Rainy,32.0,Male,0,850053.25,MODERATE,Poorly-Lit,60 km/h
MMTI-2025-01786,Pasay,SUV/Van,Hit and Run,3.0,Clear,39.0,Female,0,,Heavy,Poorly-Lit,60
MMTI-2025-15824,Manila,,Side-swipe,2,Clear,52.0,Male,0,36393.02,Heavy,Poorly-Lit,40
MMTI-2025-05519, quezon,SUV/Van,Rear-end,,Clear,29.0,Male,0,52937.35,Heavy,Well-Lit,60
MMTI-2025-14668,Quezon,Jeepney,Rear-end,4.0,Cloudy,37.0,Male,2,446578.29,Heavy,Unlit,60
MMTI-2025-04352,Quezon,Car,Hit and Run,3,Cloudy,35.0,Female,0,373478.1,Moderate,Well-Lit,60
MMTI-2025-11131,Paranaque,SUV/Van,Hit and Run,2,Storm,42.0,F,0,168072.98,,Poorly-Lit,40 kph
MMTI-2025-17314,,Jeepney,Rear-end,3.0,Rain,36.0,Male,0,79596.72,Heavy,Poorly-Lit,60
MMTI-2025-21386,Quezon,Motorcycle,Side-swipe,Risk Level 3,Rainy,32.0,Male,0,868.8k,Heavy,Poorly-Lit,30 kph
MMTI-2025-00749,Pasig,Car,Rear-end,3.0,Clear,26.0,Male,0,157716.74,Heavy,Well-Lit,40
MMTI-2025-03750,Paranaque,Motorcycle,Hit and Run,Risk Level 6,Clear,21.0,Male,4,100219.73,Moderate,Well-Lit,80
MMTI-2025-05287,Quezon,Car,Hit and Run,3,Cloudy,35.0,Male,0,"PHP 588,315.12",Heavy,Well-Lit,30 km/h
MMTI-2025-04449,Taguig,Car,Side-swipe,Risk Level 3,Cloudy,38.0,Male,0,289556.01,Heavy,dark,40
MMTI-2025-03079,Quezon,Car,Head-on,2,Cloudy,39.0,Male,0,512656.53,Heavy,Poorly-Lit,60
MMTI-2025-05756,Las Pinas,Car,Rear-end,3.0,Rain,49.0,Female,0,,Light,Lit,60
MMTI-2025-16454,Pasig,Car,Hit and Run,3,Clear,27.0,Male,0,127515.9,Moderate,Well-Lit,60
MMTI-2025-21993,Pasig,Bus,Hit and Run,3,Clear,,Female,0,491810.95,Heavy,dark,80
MMTI-2025-00638,Quezon,SUV/Van,Head-on,3,,41.0,F,0,233683.85,HEAVY,Well-Lit,40
MMTI-2025-05790,Manila,Motorcycle,Head-on,6,Cloudy,38.0,Female,4,173749.16,Heavy,Well-Lit,80
MMTI-2025-02687,Manila,Car,Head-on,2,Cloudy,36.0,Female,0,187418.47,Heavy,Poorly-Lit,80
MMTI-2025-05691,Mandaluyong,SUV/Van,Side-swipe,9,Clear,32.0,Female,2,,,Well-Lit,30
MMTI-2025-06416, manila,,Head-on,2,Clear,44.0,Female,0,,Heavy,Well-Lit,60
MMTI-2025-12561,Quezon,Motorcycle,Head-on,3,Cloudy,999.0,Female,0,442456.17,Heavy,well lit,40
MMTI-2025-05000,Pasay,Car,Hit and Run,4,Clear,43.0,Male,2,48427.6,Light,dark,60
MMTI-2025-18927,Paranaque,,Hit and Run,3.0,Rain,47.0,Male,0,,Light,Well-Lit,60
MMTI-2025-04351,Pasig,Car,Hit and Run,1.0,Clear,46.0,Male,0,160.2k,Moderate,Lit,60
MMTI-2025-01099,,Truck,Side-swipe,6,Clear,36.0,Female,1,2096380.7,Heavy,Lit,80
MMTI-2025-00064,Quezon,Car,Hit and Run,3,Rainy,41.0,Male,0,790878.7,Heavy,Well-Lit,30
MMTI-2025-22844,Makati,Car,Hit and Run,Risk Level 9,Cloudy,31.0,Male,3,245800.34,Heavy,dark,60
MMTI-2025-16617,Quezon,Car,Hit and Run,6,Cloudy,36.0,female ,3,549586.16,Light,Well-Lit,60
MMTI-2025-19321,Quezon,Car,Hit and Run,3,Cloudy,25.0,female ,0,549813.04,Heavy,Well-Lit,80 km/h
MMTI-2025-08465, paranaque,Car,Hit and Run,3,Rain,29.0,Male,0,,Moderate,Well-Lit,40
MMTI-2025-13525,Quezon,Jeepney,Side-swipe,,Cloudy,19.0,Male,4,"PHP 33,662.89",Heavy,Well-Lit,80 km/h
MMTI-2025-10000,Caloocan,Bus,Rear-end,,Rain,,Male,0,492970.24,Heavy,Poorly-Lit,60 kph
MMTI-2025-16710,Las Pinas,Motorcycle,Hit and Run,Risk Level 3,Clear,40.0,Male,0,85455.16,Heavy,Well-Lit,60
MMTI-2025-13574,Quezon,Motorcycle,Hit and Run,,Clear,39.0,Male,4,17092.22,Heavy,Well-Lit,60
MMTI-2025-16149,Valenzuela,SUV/Van,Hit and Run,Risk Level 2,Clear,26.0,Female,0,37780.32,Light,Well-Lit,60
MMTI-2025-04109,Manila,Bus,Hit and Run,3.0,Rain,40.0,Male,0,,Heavy,well lit,60 km/h
MMTI-2025-07600,Pasay,Truck,Head-on,2.0,Clear,40.0,Male,0,46028.67,Moderate,Well-Lit,40
MMTI-2025-01465,PASAY ,,Head-on,3,Clear,30.0,Male,0,206031.82,Heavy,Well-Lit,60
MMTI-2025-14163,Quezon,Car,Side-swipe,6,Rainy,39.0,Female,4,925380.84,Heavy,Poorly-Lit,60
MMTI-2025-12805,Pasig,Motorcycle,Head-on,Risk Level 3,Clear,17.0,Male,0,129711.56,HEAVY,Well-Lit,60
MMTI-2025-22160,Paranaque,Car,Side-swipe,3,Clear,40.0,Male,0,103231.74,Moderate,Poorly-Lit,60 kph
MMTI-2025-01862,,Car,Side-swipe,3,Cloudy,40.0,Female,0,183149.25,Heavy,well lit,60
MMTI-2025-01285,Taguig,SUV/Van,Rear-end,6.0,Cloudy,31.0,Male,4,320305.66,Light,Poorly-Lit,60
MMTI-2025-13530,Pasig,Truck,Head-on,3,Clear,49.0,Male,0,129830.52,HEAVY,Poorly-Lit,100 km/h
MMTI-2025-11948,Manila,Truck,Head-on,3.0,Cloudy,23.0,Female,0,"PHP 195,772.90",Moderate,Unlit,40
MMTI-2025-22837,Pasig,Car,Head-on,3,Clear,59.0,Female,0,141303.35,HEAVY,Well-Lit,60
MMTI-2025-12342,Pasig,SUV/Van,Head-on,,Storm,36.0,Male,0,114.6k,Heavy,Unlit,40
MMTI-2025-20811,Quezon,Truck,Rear-end,3.0,Rain,32.0,Male,0,,Heavy,Poorly-Lit,60
MMTI-2025-20485,Caloocan,Car,Side-swipe,3,Clear,45.0,Male,0,41524.4,Heavy,Unlit,80
MMTI-2025-08269,Quezon,Car,Rear-end,3.0,Rainy,44.0,Male,0,933142.82,Moderate,Well-Lit,80 km/h
MMTI-2025-06826,Quezon,Car,Hit and Run,6,Rainy,44.0,Male,3,727719.24,Moderate,Poorly-Lit,60
MMTI-2025-00990,Manila,Truck,Head-on,,Rain,37.0,Male,0,623980.89,Moderate,Well-Lit,40
MMTI-2025-11823,Caloocan,SUV/Van,Head-on,Risk Level 2,Clear,40.0,Female,0,52844.41,,Well-Lit,80
MMTI-2025-17225,Pasig,Car,Hit and Run,6,Clear,30.0,Male,3,145887.81,Heavy,Well-Lit,60
MMTI-2025-21538,Muntinlupa,Bus,Rear-end,3.0,Clear,41.0,F,0,717121.81,,Poorly-Lit,40
MMTI-2025-11464, manila,SUV/Van,Side-swipe,3.0,Clear,47.0,Male,0,197244.93,,Well-Lit,60 km/h
MMTI-2025-09006,Marikina,Truck,Side-swipe,2,Clear,29.0,Female,0,63039.13,Heavy,Well-Lit,60 kph
MMTI-2025-07263,San Juan,Motorcycle,Head-on,,Clear,34.0,female ,0,4057.49,Heavy,Well-Lit,60
MMTI-2025-08800,Manila,Car,Head-on,Risk Level 2,Cloudy,29.0,Male,0,204487.66,Moderate,Well-Lit,60
MMTI-2025-02248,Quezon,Truck,Hit and Run,1.0,Cloudy,45.0,Male,0,452915.19,Light,Well-Lit,60
MMTI-2025-14432,Makati,Car,Hit and Run,3,Clear,,Female,0,201845.78,Heavy,Poorly-Lit,80 km/h
MMTI-2025-06061,Quezon,Car,Rear-end,Risk Level 3,,42.0,Female,0,154408.77,Moderate,Unlit,40
MMTI-2025-15035,,Car,Hit and Run,Risk Level 3,Clear,32.0,Male,0,246456.82,Heavy,Well-Lit,40
MMTI-2025-01718,,,Head-on,3,Clear,29.0,Male,0,254.6k,Heavy,Well-Lit,60
MMTI-2025-03147,,Motorcycle,Rear-end,3.0,Clear,48.0,Male,0,54595.42,Moderate,Well-Lit,40
MMTI-2025-07408,Caloocan,,Head-on,3,Clear,44.0,Male,0,187030.0,Moderate,Well-Lit,80
MMTI-2025-19499,Quezon,Car,Side-swipe,6.0,Cloudy,42.0,Female,1,378580.51,Moderate,POOR,40
MMTI-2025-02868,Pasig,SUV/Van,Hit and Run,3,Clear,41.0,Unknown,0,125315.4,Moderate,POOR,100 km/h
MMTI-2025-01620,,Jeepney,Side-swipe,,Cloudy,31.0,Male,0,36533.45,Moderate,Unlit,60 km/h
MMTI-2025-19067,,SUV/Van,Hit and Run,3,Clear,34.0,Male,0,84782.5,Heavy,Poorly-Lit,60
MMTI-2025-15937,Mandaluyong,Jeepney,Side-swipe,2,Clear,27.0,Male,0,15250.4,,No Lights,60
MMTI-2025-22140,Paranaque,Jeepney,Head-on,3.0,Clear,,male,0,24438.65,Heavy,Lit,60
MMTI-2025-17952,Manila,Truck,Head-on,3,Clear,,Female,0,1878320.6,Light,Poorly-Lit,60
MMTI-2025-03319,Makati,Car,Head-on,Risk Level 3,Clear,19.0,Female,2,,Moderate,Well-Lit,30
MMTI-2025-11833,Makati,Car,Hit and Run,3,Cloudy,32.0,Male,0,212122.15,Heavy,Unlit,60
MMTI-2025-10007,,Car,Head-on,3.0,Rain,49.0,Male,0,"PHP 300,002.51",Moderate,Poorly-Lit,60
MMTI-2025-10123,Malabon,Truck,Side-swipe,Risk Level 3,Clear,33.0,Male,0,,Light,Well-Lit,60
MMTI-2025-07994,Pasig,Truck,Hit and Run,6,Clear,32.0,Female,4,148945.77,Moderate,Well-Lit,60
MMTI-2025-06093,Quezon,Car,Hit and Run,3.0,Rainy,33.0,Female,0,687536.33,Heavy,Well-Lit,60
MMTI-2025-00536,Manila,,Head-on,Risk Level 3,Clear,39.0,Male,0,"PHP 34,173.06",Moderate,Well-Lit,40
MMTI-2025-05411,Quezon,Car,Side-swipe,3,Cloudy,53.0,Male,0,560475.93,Heavy,Poorly-Lit,60
MMTI-2025-04981,Quezon,Car,Head-on,9,Stormy,23.0,Female,2,2834417.05,Heavy,Well-Lit,60 km/h
MMTI-2025-07983, marikina,Truck,Side-swipe,,,41.0,Male,0,"PHP 68,739.66",Heavy,No Lights,60
MMTI-2025-09931,Makati,Jeepney,Hit and Run,,Cloudy,38.0,Female,0,"PHP 31,041.67",Moderate,Well-Lit,30
MMTI-2025-02429,Las Pinas,Car,Head-on,Risk Level 3,Clear,57.0,Male,0,"PHP 87,010.06",Heavy,Well-Lit,60 km/h
MMTI-2025-12493,Marikina,Car,Head-on,6,Clear,37.0,Female,3,58290.71,HEAVY,Poorly-Lit,60
MMTI-2025-17363,Quezon,Car,Head-on,3,Rainy,32.0,Male,0,1387656.9,Moderate,Poorly-Lit,40 km/h
MMTI-2025-05274,Taguig,Car,Rear-end,3.0,Cloudy,31.0,Female,0,303732.18,Heavy,Well-Lit,80 km/h
MMTI-2025-10638,Quezon,Car,Side-swipe,Risk Level 3,Rainy,32.0,Female,0,1663847.91,Heavy,Poorly-Lit,60 km/h
MMTI-2025-05267,Paranaque,Motorcycle,Rear-end,6.0,Clear,28.0,male,1,117793.99,HEAVY,Unlit,60
MMTI-2025-01894,Mandaluyong,SUV/Van,Head-on,3.0,Clear,999.0,Male,0,80978.45,Moderate,Well-Lit,60
MMTI-2025-02217,Makati,,Rear-end,3,Clear,28.0,M,0,125.5k,Moderate,Poorly-Lit,40
MMTI-2025-11061,,Truck,Hit and Run,3,Clear,26.0,Female,0,636114.89,Heavy,well lit,60
MMTI-2025-20245,Quezon,Car,Side-swipe,6,Cloudy,38.0,Male,1,454376.61,Heavy,Poorly-Lit,60
MMTI-2025-10248,Quezon,Truck,Hit and Run,3,Rainy,21.0,Male,0,873349.49,Heavy,Well-Lit,30
MMTI-2025-11171,Quezon,Truck,Side-swipe,Risk Level 3,Rainy,40.0,Female,0,982325.14,Heavy,Well-Lit,40
MMTI-2025-03614,Muntinlupa,Car,Head-on,9,Clear,53.0,Male,3,55159.77,HEAVY,Lit,80
MMTI-2025-11793,Pateros,Bus,Side-swipe,1,Clear,29.0,Male,0,,Light,Poorly-Lit,60
MMTI-2025-11415,Quezon,Truck,Rear-end,6,Rainy,39.0,female ,1,735878.56,Heavy,Well-Lit,80
MMTI-2025-19246,Pasig,Car,Rear-end,Risk Level 3,Clear,50.0,Female,0,"PHP 152,083.29",Heavy,Poorly-Lit,80
MMTI-2025-18438,,Truck,Rear-end,3.0,Clear,47.0,M,0,464500.02,Heavy,Well-Lit,60
MMTI-2025-14094,Muntinlupa,Jeepney,Head-on,2.0,Clear,45.0,Male,0,12587.14,,Well-Lit,60 kph
MMTI-2025-22393,Manila,SUV/Van,Rear-end,4,Cloudy,33.0,Female,2,170765.34,Heavy,Well-Lit,30 km/h
MMTI-2025-09922,,Jeepney,Hit and Run,3.0,Clear,36.0,Male,0,"PHP 50,035.64",LIGHT,Unlit,80
MMTI-2025-07349,,SUV/Van,Rear-end,4,,44.0,Female,1,"PHP 173,963.40",Moderate,POOR,40 kph
MMTI-2025-09512,Manila,Truck,Side-swipe,3,Cloudy,26.0,Male,0,201107.31,Moderate,Well-Lit,40
MMTI-2025-11288,Pasig,SUV/Van,Side-swipe,3,Clear,27.0,Female,0,"PHP 136,895.53",Heavy,Poorly-Lit,60
MMTI-2025-02418,Quezon,Truck,Side-swipe,3,Rainy,43.0,Male,0,1023748.06,HEAVY,Unlit,60 kph
MMTI-2025-14561,Muntinlupa,Truck,Side-swipe,,Clear,17.0,Male,0,693108.49,HEAVY,POOR,40
MMTI-2025-07524,Muntinlupa,Truck,Rear-end,2,,33.0,Male,0,121280.57,Heavy,Well-Lit,60
MMTI-2025-09153,Mandaluyong,Car,Head-on,2.0,Clear,26.0,Male,0,74073.81,Light,Poorly-Lit,40 km/h
MMTI-2025-10709,,Motorcycle,Hit and Run,3,,53.0,Female,0,49565.73,HEAVY,Well-Lit,30
MMTI-2025-05639,Manila,,Side-swipe,3,Clear,54.0,Male,0,,Moderate,No Lights,60
MMTI-2025-10136,Muntinlupa,Car,Side-swipe,3,Clear,43.0,Female,0,55099.58,HEAVY,Poorly-Lit,60 km/h
MMTI-2025-18245,QUEZON ,,Hit and Run,3.0,Rain,45.0,Female,0,,Moderate,Poorly-Lit,100
MMTI-2025-06178,Pasig,Car,Head-on,3,Clear,17.0,Male,0,139511.04,Light,POOR,30 kph
MMTI-2025-07434,Las Pinas,Jeepney,Head-on,3.0,Clear,32.0,Male,0,84072.86,HEAVY,Well-Lit,60 km/h
MMTI-2025-19904,Quezon,Car,Rear-end,4,Rainy,41.0,Female,3,685263.25,Heavy,Well-Lit,80 km/h
MMTI-2025-07327,Quezon,Motorcycle,Head-on,Risk Level 3,Rain,,Unknown,0,,Light,Well-Lit,60
MMTI-2025-01646,Pasay,SUV/Van,Side-swipe,3,Clear,43.0,Male,0,47797.95,HEAVY,Well-Lit,60
MMTI-2025-10303,Muntinlupa,Car,Hit and Run,1,Clear,39.0,Male,0,56429.78,Light,Poorly-Lit,60
MMTI-2025-14044,Caloocan,,Rear-end,2,Clear,52.0,Male,0,90854.89,Moderate,dark,60
MMTI-2025-14544,Quezon,Car,Hit and Run,3,Cloudy,33.0,Male,1,408817.85,Heavy,Unlit,100
MMTI-2025-01747,Paranaque,Truck,Side-swipe,2,Clear,49.0,Male,0,108760.19,Moderate,Well-Lit,60 km/h
MMTI-2025-07484,Taguig,Motorcycle,Head-on,2,Cloudy,31.0,male,0,277921.51,Heavy,Well-Lit,60 km/h
MMTI-2025-15348,Quezon,SUV/Van,Hit and Run,3,Cloudy,53.0,Male,0,,Heavy,Poorly-Lit,40
MMTI-2025-07985,Quezon,Car,Hit and Run,Risk Level 3,Stormy,48.0,Male,0,1816029.78,Heavy,well lit,40
MMTI-2025-18148,Quezon,Car,Hit and Run,1.0,Cloudy,47.0,Female,0,"PHP 401,325.27",Moderate,Well-Lit,60
MMTI-2025-05942,Quezon,Motorcycle,Head-on,3,Rainy,33.0,F,0,1019.2k,Heavy,Well-Lit,60
MMTI-2025-20533,Pasay,Car,Head-on,3,Clear,56.0,Female,0,50420.79,Moderate,Well-Lit,60
MMTI-2025-00606,Quezon,Jeepney,Hit and Run,6,Stormy,29.0,Male,4,2396903.33,Heavy,Poorly-Lit,30
MMTI-2025-05091,Marikina,Truck,Side-swipe,3,Clear,57.0,Male,0,1598805.31,,Poorly-Lit,80
MMTI-2025-12152,,Car,Rear-end,3,Clear,32.0,Male,0,170857.64,Heavy,Poorly-Lit,30
MMTI-2025-07664,Quezon,,Head-on,3,Clear,150.0,Male,0,197310.62,Moderate,Well-Lit,40
MMTI-2025-10221,Makati,Motorcycle,Hit and Run,Risk Level 3,Cloudy,52.0,Female,0,252610.85,HEAVY,Well-Lit,60 km/h
MMTI-2025-03327,Quezon,Car,Side-swipe,3.0,Cloudy,36.0,Male,0,"PHP 374,954.25",Heavy,Well-Lit,100
MMTI-2025-12829, quezon,Truck,Rear-end,3,Storm,,Male,0,477167.07,Heavy,Well-Lit,40 km/h
MMTI-2025-03867,Quezon,Truck,Rear-end,3.0,Stormy,65.0,Male,0,1976343.65,Moderate,Unlit,60
MMTI-2025-04279,Makati,Motorcycle,Hit and Run,3,Cloudy,51.0,Male,0,"PHP 226,965.93",MODERATE,Well-Lit,40 km/h
MMTI-2025-18056,Manila,SUV/Van,Rear-end,Risk Level 3,Clear,41.0,Male,0,244357.71,,Well-Lit,60
MMTI-2025-12882,,SUV/Van,Side-swipe,3.0,Clear,41.0,Male,0,134754.95,Heavy,Well-Lit,40 kph
MMTI-2025-21598,Quezon,SUV/Van,Head-on,3,Cloudy,49.0,Male,0,445402.87,,Well-Lit,60 km/h
MMTI-2025-09436,San Juan,Bus,Hit and Run,Risk Level 6,Clear,36.0,Male,3,2627425.76,,Well-Lit,60
MMTI-2025-21461,Muntinlupa,Car,Rear-end,1.0,Clear,38.0,Unknown,0,54062.6,Moderate,Well-Lit,40
MMTI-2025-08564,Makati,Car,Side-swipe,3.0,Storm,49.0,Male,0,134221.08,,Well-Lit,80 km/h
MMTI-2025-15428,Paranaque,Truck,Side-swipe,Risk Level 3,Clear,24.0,Male,0,107204.11,Heavy,Well-Lit,60
MMTI-2025-09201,Caloocan,Car,Side-swipe,3,Clear,18.0,Male,0,,Heavy,Poorly-Lit,40 km/h
MMTI-2025-01848,Las Pinas,Car,Rear-end,Risk Level 3,Clear,42.0,Male,0,85952.59,Heavy,Well-Lit,80
MMTI-2025-19611,Quezon,SUV/Van,Hit and Run,3,Cloudy,28.0,Female,0,"PHP 383,941.61",Moderate,Well-Lit,60
MMTI-2025-09957,Taguig,Car,Head-on,Risk Level 3,Cloudy,51.0,Male,0,331484.1,Heavy,Well-Lit,60
MMTI-2025-01406,Makati,Car,Hit and Run,Risk Level 3,Cloudy,24.0,Male,4,"PHP 250,207.19",Heavy,Poorly-Lit,60
MMTI-2025-07535,Pasig,Car,Side-swipe,Risk Level 3,Clear,59.0,Male,0,130131.98,Moderate,Poorly-Lit,30
MMTI-2025-22668,MUNTINLUPA ,SUV/Van,Side-swipe,,Clear,27.0,Unknown,0,158147.86,Heavy,Poorly-Lit,60 km/h
MMTI-2025-22449,Quezon,Truck,Rear-end,Risk Level 2,Stormy,30.0,Female,0,77777777,Moderate,POOR,40
MMTI-2025-18531,Quezon,Car,Rear-end,3,Rainy,31.0,Male,0,791638.17,Heavy,Well-Lit,60