Incident_ID,City,Vehicle_Type,Accident_Type,Severity,Weather_Condition,Driver_Age,Driver_Gender,Injury_Count,Damage_Cost_PHP,Traffic_Volume,Road_Lighting,Speed_Limit
MMTI-2025-08761,,Motorcycle,Side-swipe,6.0,Clear,150.0,male,3,64115.27,Heavy,Poorly-Lit,30
MMTI-2025-18889,MANILA ,SUV/Van,Side-swipe,3,Clear,44.0,male,0,,Moderate,Well-Lit,80
MMTI-2025-22883,Makati,SUV/Van,Head-on,Risk Level 3,,26.0,Male,0,173343.77,Heavy,Well-Lit,80 kph
MMTI-2025-04379,Pasig,Motorcycle,Hit and Run,3.0,Clear,51.0,Female,0,136970.18,Heavy,POOR,80
MMTI-2025-06771,Paranaque,Car,Hit and Run,Risk Level 3,Clear,38.0,Male,0,97589.84,Heavy,Poorly-Lit,40
MMTI-2025-04296,Taguig,Bus,Rear-end,3,,39.0,Male,0,502605.39,Moderate,Well-Lit,30 kph
MMTI-2025-04117,Pasig,SUV/Van,Hit and Run,3,Clear,17.0,Female,0,157885.99,Light,Well-Lit,60
MMTI-2025-23442,Quezon,Car,Head-on,6,Cloudy,38.0,male,4,516506.22,Heavy,dark,100 kph
MMTI-2025-04131,Taguig,Motorcycle,Head-on,3,Cloudy,43.0,male,0,316097.35,Heavy,Poorly-Lit,80
MMTI-2025-17329,Quezon,Car,Head-on,3,Rainy,44.0,Male,0,1130356.13,Moderate,Well-Lit,80
MMTI-2025-22884,,SUV/Van,Side-swipe,3,Clear,,Female,0,410465.01,Heavy,Poorly-Lit,80
MMTI-2025-22580,Las Pinas,Motorcycle,Rear-end,3.0,Clear,19.0,Male,0,85392.73,Moderate,Well-Lit,40
MMTI-2025-11272,Caloocan,,Hit and Run,6.0,Clear,52.0,M,1,358965.53,Heavy,Well-Lit,80
MMTI-2025-17526,Quezon,,Head-on,Risk Level 3,Rain,36.0,Male,0,213747.69,HEAVY,Well-Lit,80
MMTI-2025-16549,Paranaque,Jeepney,Side-swipe,3,Clear,31.0,Male,0,,,Well-Lit,60
MMTI-2025-15857, paranaque,Bus,Rear-end,,Clear,59.0,Male,0,296902.99,,Poorly-Lit,40 km/h
MMTI-2025-17180,Taguig,Car,Head-on,6,Cloudy,42.0,Male,4,334.1k,Moderate,Poorly-Lit,30
MMTI-2025-00266,Quezon,Car,Hit and Run,6.0,Stormy,45.0,Male,2,3625825.14,Light,Well-Lit,100
MMTI-2025-03774,Pasig,Motorcycle,Head-on,3.0,Clear,37.0,Male,0,126407.97,Moderate,Poorly-Lit,60
MMTI-2025-21936,TAGUIG ,Car,Head-on,,Clear,46.0,Male,0,25932.9,Heavy,Poorly-Lit,60
MMTI-2025-11892,Pasig,Car,Hit and Run,3,Clear,26.0,Female,0,129651.02,Heavy,No Lights,40
MMTI-2025-18212,Quezon,Motorcycle,Rear-end,3,Rainy,42.0,Male,0,894789.76,Moderate,Well-Lit,40
MMTI-2025-15966,Paranaque,Car,Side-swipe,3.0,Clear,40.0,F,0,121368.03,Moderate,Poorly-Lit,60
MMTI-2025-06257,Quezon,,Rear-end,3.0,Clear,39.0,Male,0,109965.32,Light,Well-Lit,60
MMTI-2025-04829,Paranaque,Car,Head-on,3.0,Clear,23.0,Male,0,113955.54,Heavy,Well-Lit,80 km/h
MMTI-2025-06843,Taguig,Car,Head-on,3,Cloudy,50.0,Male,0,328227.13,Moderate,Well-Lit,60
MMTI-2025-07512,Quezon,,Side-swipe,3,Rain,36.0,Female,0,262098.42,Moderate,Well-Lit,80
MMTI-2025-04414,Manila,Car,Head-on,3,,29.0,Male,0,41157.59,Heavy,Well-Lit,30 km/h
MMTI-2025-23403,Valenzuela,Bus,Head-on,,Cloudy,31.0,Male,0,479687.13,Heavy,Unlit,60 kph
MMTI-2025-11972,Quezon,Car,Side-swipe,3,Cloudy,37.0,Male,0,475080.7,Heavy,POOR,60
MMTI-2025-04502,Quezon,Car,Rear-end,3,Cloudy,29.0,Male,0,"PHP 486,003.59",Heavy,Well-Lit,100 kph
MMTI-2025-10234, manila,SUV/Van,Head-on,Risk Level 2,Clear,58.0,Female,0,,Heavy,Well-Lit,60
MMTI-2025-18743,Manila,,Head-on,4,Cloudy,35.0,Male,1,,Moderate,Well-Lit,60
MMTI-2025-14742,Malabon,,Side-swipe,Risk Level 3,Cloudy,47.0,Male,0,138723.3,Heavy,Poorly-Lit,80
MMTI-2025-23470,Quezon,Car,Side-swipe,3.0,Cloudy,19.0,Male,0,476210.92,Moderate,Well-Lit,30
MMTI-2025-19990,Quezon,Car,Side-swipe,Risk Level 3,Rainy,30.0,Male,0,937597.19,MODERATE,Poorly-Lit,60 kph
MMTI-2025-20756,Quezon,Car,Rear-end,3.0,Cloudy,46.0,Male,0,505343.97,Light,dark,60 km/h
MMTI-2025-14056,Manila,Truck,Rear-end,3.0,Cloudy,31.0,Male,0,172142.56,Moderate,Poorly-Lit,60 km/h
MMTI-2025-08186,Navotas,Bus,Side-swipe,,Rain,39.0,Male,0,288501.95,Heavy,Well-Lit,30
MMTI-2025-04821,Pasay,Car,Head-on,3,Clear,47.0,Male,0,48529.39,Heavy,Well-Lit,60
MMTI-2025-13328,Muntinlupa,SUV/Van,Hit and Run,3,Clear,54.0,Female,0,"PHP 364,576.60",,Well-Lit,30
MMTI-2025-11333,SAN JUAN ,Truck,Head-on,Risk Level 3,,46.0,Male,0,1512719.85,Heavy,Poorly-Lit,80 kph
MMTI-2025-05445,Las Pinas,Car,Side-swipe,3,Clear,27.0,Unknown,0,95093.93,Heavy,Well-Lit,60
MMTI-2025-18429,Quezon,Car,Rear-end,3,Cloudy,20.0,Male,0,355595.62,HEAVY,Poorly-Lit,60
MMTI-2025-15156,Taguig,Motorcycle,Rear-end,6.0,Rain,53.0,male,2,,Heavy,Poorly-Lit,100 km/h
MMTI-2025-20088,Marikina,,Side-swipe,3.0,Clear,35.0,Male,0,,Moderate,Poorly-Lit,30
MMTI-2025-11015,Pateros,SUV/Van,Head-on,3,,24.0,Female,0,179438.26,Heavy,Well-Lit,60
MMTI-2025-06951,Pasay,Car,Head-on,3.0,Clear,37.0,Female,0,"PHP 50,454.80",Heavy,Well-Lit,40
MMTI-2025-18954,Quezon,SUV/Van,Rear-end,3,Rainy,27.0,Male,0,1255623.15,Heavy,Poorly-Lit,80 km/h
MMTI-2025-14892,Malabon,Motorcycle,Rear-end,2,Storm,36.0,Female,0,,Moderate,No Lights,80
MMTI-2025-17205,Las Pinas,SUV/Van,Head-on,6.0,Clear,49.0,female ,4,94734.39,Heavy,Poorly-Lit,100 km/h
MMTI-2025-17306,Paranaque,Motorcycle,Side-swipe,3,Clear,,Male,0,19180.95,Heavy,Well-Lit,60
MMTI-2025-12407,Caloocan,Jeepney,Hit and Run,,Clear,43.0,M,0,13082.8,Light,Well-Lit,60
MMTI-2025-16809,Taguig,Jeepney,Head-on,3,,44.0,Male,0,20977.1,Light,Well-Lit,60
MMTI-2025-20374, manila ,,Head-on,6,Rain,32.0,Male,3,"PHP 394,332.11",Heavy,Poorly-Lit,60 kph
MMTI-2025-14195,Marikina,Car,Head-on,3,Clear,44.0,Female,0,66294.02,Heavy,Well-Lit,60 kph
MMTI-2025-06044,Manila,Bus,Head-on,Risk Level 3,Rain,,Male,0,708877.63,Moderate,Well-Lit,60 km/h
MMTI-2025-17345,Pasay,Car,Rear-end,6.0,Clear,53.0,Male,2,47268.96,Heavy,Well-Lit,80
MMTI-2025-09005,Caloocan,SUV/Van,Head-on,3,Clear,40.0,Male,0,44896.36,Moderate,Well-Lit,60
MMTI-2025-16485,Makati,SUV/Van,Rear-end,3.0,Cloudy,54.0,Male,0,240980.15,Moderate,Well-Lit,60
MMTI-2025-04167,Marikina,Motorcycle,Head-on,3,Clear,25.0,Female,0,67244.57,HEAVY,Well-Lit,30
MMTI-2025-02858,Caloocan,Motorcycle,Head-on,2,Clear,53.0,Male,0,43275.28,Light,Unlit,40
MMTI-2025-11569,Quezon,SUV/Van,Head-on,Risk Level 6,Stormy,46.0,Male,3,2306142.27,Moderate,Well-Lit,40 kph
MMTI-2025-14476,Caloocan,Car,Hit and Run,3,Clear,38.0,Female,0,44501.52,Heavy,Well-Lit,60
MMTI-2025-01143,Pasig,Car,Side-swipe,3.0,Clear,44.0,Male,0,129474.43,Heavy,Unlit,60
MMTI-2025-01685,Quezon,Car,Hit and Run,Risk Level 3,Cloudy,45.0,Male,0,593235.12,Moderate,Unlit,30
MMTI-2025-12118,Quezon,Car,Rear-end,Risk Level 6,Cloudy,26.0,Male,3,600111.45,Moderate,Well-Lit,80
MMTI-2025-13991,Quezon,Motorcycle,Side-swipe,3.0,Rain,33.0,male,0,,Heavy,Poorly-Lit,40 kph
MMTI-2025-04668,Mandaluyong,Bus,Head-on,6.0,Clear,,Male,3,,MODERATE,POOR,80 km/h
MMTI-2025-00745,,,Rear-end,Risk Level 3,Clear,36.0,Male,0,162891.28,Moderate,Well-Lit,80
MMTI-2025-05100,Quezon,Motorcycle,Rear-end,3,Cloudy,28.0,F,0,369774.42,Heavy,Poorly-Lit,40 km/h
MMTI-2025-18704, manila,Truck,Head-on,3,,48.0,Female,3,"PHP 370,848.42",Moderate,Well-Lit,60 kph
MMTI-2025-03249,Paranaque,Motorcycle,Rear-end,3.0,Clear,43.0,Male,0,110893.03,Heavy,Poorly-Lit,80
MMTI-2025-09233,Quezon,Car,Rear-end,3.0,Rainy,28.0,Male,0,1581062.96,Heavy,Well-Lit,60 km/h
MMTI-2025-19729,,Car,Hit and Run,2.0,Rain,42.0,Male,0,65942.14,Light,dark,30
MMTI-2025-15804,San Juan,Motorcycle,Side-swipe,3,,54.0,Female,0,42638.37,Heavy,Well-Lit,80
MMTI-2025-21468,Valenzuela,Motorcycle,Rear-end,Risk Level 1,Clear,36.0,Male,0,"PHP 37,440.89",Light,Poorly-Lit,60
MMTI-2025-11518,Quezon,Motorcycle,Side-swipe,Risk Level 4,,26.0,Male,2,6451.16,Heavy,Well-Lit,40
MMTI-2025-17574,Pasig,Car,Rear-end,3.0,Clear,27.0,Male,0,123768.59,Light,Well-Lit,60 km/h
MMTI-2025-22809,Taguig,Car,Rear-end,Risk Level 9,Cloudy,67.0,Male,2,343761.31,Heavy,Well-Lit,40
MMTI-2025-06424,Manila,Motorcycle,Hit and Run,2,Cloudy,34.0,Female,0,"PHP 175,554.14",Heavy,No Lights,40
MMTI-2025-05204,Marikina,Bus,Hit and Run,3,Rain,17.0,Male,0,,Heavy,Well-Lit,40
MMTI-2025-22568,Quezon,Truck,Side-swipe,3,Rainy,59.0,Female,0,1446542.63,Heavy,Poorly-Lit,60 kph
MMTI-2025-01867,Paranaque,Bus,Hit and Run,3,Clear,44.0,Male,0,,Heavy,Well-Lit,60 km/h
MMTI-2025-00675,Quezon,Motorcycle,Hit and Run,3,Rainy,21.0,Male,0,854864.56,Heavy,Well-Lit,30
MMTI-2025-12040,Makati,Car,Head-on,3.0,Cloudy,23.0,Male,0,262941.75,Heavy,Well-Lit,30 kph
MMTI-2025-02602,San Juan,Car,Side-swipe,3,Clear,41.0,Female,0,40627.8,Heavy,Well-Lit,60 kph
MMTI-2025-11692,Manila,Car,Side-swipe,Risk Level 1,Clear,,Male,0,66789.73,Moderate,Well-Lit,80
MMTI-2025-13055,,,Head-on,3.0,Clear,63.0,Male,0,171437.54,Heavy,Poorly-Lit,60
MMTI-2025-06130,,Truck,Head-on,3,Rain,47.0,female ,0,"PHP 283,395.09",Moderate,Poorly-Lit,60
MMTI-2025-21630,Valenzuela,Jeepney,Side-swipe,Risk Level 3,Clear,47.0,Female,0,93302.47,,Well-Lit,100
MMTI-2025-19332,Manila,,Rear-end,2.0,Clear,41.0,Male,0,89779.99,Heavy,Unlit,80
MMTI-2025-19983,Quezon,Car,Head-on,3,Rainy,35.0,Female,0,737301.01,Light,Well-Lit,30
MMTI-2025-10540,Manila,Jeepney,Hit and Run,,Storm,45.0,Female,0,-25000,Light,Well-Lit,60
MMTI-2025-11539,Quezon,Motorcycle,Side-swipe,Risk Level 1,Cloudy,17.0,Male,0,357901.93,Light,Well-Lit,60
MMTI-2025-01941,Quezon,,Side-swipe,2,Clear,39.0,Male,0,20911.12,Heavy,Unlit,30
MMTI-2025-03015,San Juan,SUV/Van,Head-on,3,Clear,45.0,Female,0,40978.71,HEAVY,Well-Lit,60
MMTI-2025-00188,Taguig,Motorcycle,Hit and Run,2.0,Cloudy,37.0,Female,0,274009.43,Light,Well-Lit,60
MMTI-2025-02577,Makati,Bus,Head-on,3.0,Clear,34.0,Male,0,,Heavy,Lit,40
MMTI-2025-04790,Quezon,Motorcycle,Head-on,3,Rainy,35.0,Male,0,1037477.21,Heavy,Well-Lit,60 km/h
MMTI-2025-15521,Mandaluyong,SUV/Van,Hit and Run,2,Clear,37.0,Male,0,70164.3,Heavy,Well-Lit,60
MMTI-2025-12384,Quezon,Jeepney,Side-swipe,3.0,Cloudy,34.0,Male,0,"PHP 418,882.90",Heavy,Well-Lit,60 kph
MMTI-2025-10077,Quezon,Car,Rear-end,3,Rainy,28.0,Male,0,918195.28,Moderate,Poorly-Lit,60 km/h
MMTI-2025-10491,Manila,Jeepney,Hit and Run,6,Clear,17.0,Male,1,,Moderate,dark,40
MMTI-2025-09440,San Juan,Bus,Rear-end,,Clear,35.0,Female,0,277486.23,Moderate,Well-Lit,30
MMTI-2025-00881,Makati,Car,Side-swipe,3.0,Cloudy,41.0,Male,0,226381.1,Moderate,Unlit,60
MMTI-2025-05564,Taguig,Truck,Hit and Run,3,Cloudy,45.0,Male,0,321208.84,Heavy,Lit,40
MMTI-2025-17895,Manila,,Side-swipe,3.0,,45.0,Male,0,179392.51,Heavy,Well-Lit,60
MMTI-2025-08899,Pasay,,Head-on,3,Clear,33.0,Male,0,43978.06,Heavy,Well-Lit,60 km/h
MMTI-2025-05484,Makati,Car,Rear-end,3.0,Cloudy,18.0,Male,0,256769.26,Heavy,Well-Lit,30
MMTI-2025-07351,Quezon,Jeepney,Side-swipe,3,Cloudy,26.0,Male,0,,Moderate,Poorly-Lit,40 kph
MMTI-2025-09575,Pasay,Jeepney,Rear-end,3,,39.0,Female,0,104824.08,HEAVY,Well-Lit,60
MMTI-2025-14948,Quezon,Car,Side-swipe,3.0,Cloudy,46.0,Male,0,360556.76,Heavy,Well-Lit,100
MMTI-2025-02030,Paranaque,Car,Side-swipe,2,Clear,32.0,Male,0,118035.76,Moderate,Poorly-Lit,40
MMTI-2025-03830,Quezon,Motorcycle,Rear-end,3,Clear,50.0,female ,0,,,Well-Lit,60
MMTI-2025-05243,Makati,Truck,Head-on,2,,44.0,M,0,"PHP 472,764.84",Moderate,Well-Lit,60
MMTI-2025-18712,Quezon,,Side-swipe,2,Cloudy,26.0,Female,0,41139.89,Moderate,Poorly-Lit,60
MMTI-2025-00460,Caloocan,Motorcycle,Side-swipe,3,Clear,17.0,Female,0,44.4k,Moderate,Well-Lit,60
MMTI-2025-09911,Taguig,Car,Side-swipe,2,Clear,,Male,0,56169.99,,Unlit,80
MMTI-2025-02849,Pasig,,Side-swipe,1,,42.0,Male,0,40266.49,Moderate,dark,60
MMTI-2025-14769,Paranaque,Car,Rear-end,3,Clear,30.0,M,0,97568.2,HEAVY,Lit,60
MMTI-2025-17204,Pasig,Motorcycle,Hit and Run,3,,54.0,Female,0,50464.46,Heavy,POOR,60 km/h
MMTI-2025-21821,,Truck,Side-swipe,Risk Level 3,Clear,42.0,Female,0,1477.5k,Heavy,POOR,40 km/h
MMTI-2025-12661,Mandaluyong,Car,Hit and Run,3.0,Clear,35.0,Male,0,77283.3,Heavy,Well-Lit,60
MMTI-2025-16483,Makati,,Head-on,2,,19.0,Male,3,,Moderate,Well-Lit,60
MMTI-2025-09202,Quezon,Motorcycle,Rear-end,3.0,Rainy,37.0,Male,0,1183303.32,Moderate,No Lights,60
MMTI-2025-02977,Quezon,,Side-swipe,3,Clear,50.0,Male,0,77777777,Heavy,Well-Lit,60 km/h
MMTI-2025-12186,,Jeepney,Rear-end,Risk Level 3,,33.0,Male,0,56091.64,,Well-Lit,100 km/h
MMTI-2025-04099,,SUV/Van,Hit and Run,2,Clear,31.0,Male,0,-500,Heavy,Well-Lit,30
MMTI-2025-03486,Quezon,,Head-on,3,Cloudy,54.0,Male,0,"PHP 147,671.45",Heavy,Well-Lit,60
MMTI-2025-07470,Pasig,,Hit and Run,Risk Level 4,Cloudy,36.0,Male,3,196607.83,Light,Unlit,60
MMTI-2025-14342,Manila,Jeepney,Head-on,3,,25.0,Male,0,,Heavy,No Lights,40 km/h
MMTI-2025-10217,Quezon,Car,Head-on,3,Clear,44.0,Male,0,97015.23,,Well-Lit,60
MMTI-2025-02261,Quezon,Car,Hit and Run,3.0,Rainy,21.0,Male,0,1611.7k,Heavy,Well-Lit,60 km/h
MMTI-2025-18174,Marikina,Car,Head-on,Risk Level 3,Clear,44.0,Male,0,59671.91,Heavy,Poorly-Lit,60
MMTI-2025-11252,Makati,Jeepney,Side-swipe,Risk Level 3,Clear,,Male,0,95978.34,Heavy,POOR,100
MMTI-2025-11861,PASIG ,Bus,Head-on,4,Clear,29.0,Male,4,694479.55,,Well-Lit,60
MMTI-2025-11629,QUEZON ,Truck,Side-swipe,,Rain,35.0,Female,0,495495.31,Moderate,well lit,80
MMTI-2025-12435,Paranaque,Motorcycle,Rear-end,,Clear,23.0,Male,4,"PHP 18,030.53",Heavy,Well-Lit,100
MMTI-2025-22490,Quezon,Car,Side-swipe,3.0,Cloudy,41.0,Male,0,355721.74,Heavy,Well-Lit,40
MMTI-2025-12457,QUEZON ,SUV/Van,Head-on,6.0,,26.0,male,4,241416.19,Heavy,dark,60
MMTI-2025-02524,,,Rear-end,Risk Level 3,Clear,17.0,Male,0,222969.25,Moderate,Well-Lit,60
MMTI-2025-19509,,Bus,Side-swipe,Risk Level 3,Rain,24.0,Female,0,1371442.98,Heavy,Lit,60 kph
MMTI-2025-00631,,Car,Side-swipe,Risk Level 3,Cloudy,24.0,Female,0,119997.28,Heavy,Well-Lit,40
MMTI-2025-19822,Quezon,Motorcycle,Side-swipe,3,Rainy,43.0,Female,0,800638.06,Light,Well-Lit,60
MMTI-2025-10359,Quezon,Jeepney,Side-swipe,3.0,Rain,,Male,0,36583.91,Heavy,dark,60
MMTI-2025-02587,Taguig,SUV/Van,Side-swipe,3.0,Cloudy,30.0,Male,0,"PHP 342,195.28",Heavy,Unlit,40
MMTI-2025-14431,Taguig,Car,Rear-end,Risk Level 3,Cloudy,69.0,Female,0,324936.02,Heavy,Poorly-Lit,60
MMTI-2025-13841,Paranaque,Car,Head-on,2.0,Clear,29.0,Male,0,122278.49,Moderate,Well-Lit,100
MMTI-2025-23374,Manila,Jeepney,Head-on,3,,35.0,Female,0,64783.51,Moderate,Poorly-Lit,60
MMTI-2025-13196,Quezon,SUV/Van,Hit and Run,3,Rainy,56.0,Female,0,1290180.53,HEAVY,Well-Lit,40 km/h
MMTI-2025-06778,Valenzuela,Motorcycle,Side-swipe,3,,60.0,Female,0,6503.78,MODERATE,Poorly-Lit,60
MMTI-2025-21024,Muntinlupa,Car,Hit and Run,Risk Level 3,Clear,25.0,Male,0,51151.31,Moderate,Well-Lit,60
MMTI-2025-21622,NAVOTAS ,,Rear-end,Risk Level 2,,32.0,Male,3,89780.87,Heavy,Well-Lit,60
MMTI-2025-02612,Marikina,Car,Side-swipe,3,Clear,58.0,Male,0,"PHP 65,755.29",Moderate,Well-Lit,60
MMTI-2025-05807,Valenzuela,SUV/Van,Hit and Run,3,Clear,61.0,Female,0,,HEAVY,Well-Lit,60
MMTI-2025-14295,Quezon,Car,Head-on,Risk Level 3,Cloudy,42.0,F,0,411065.67,Light,Well-Lit,60
MMTI-2025-08489,,,Hit and Run,3,Clear,28.0,Male,0,109228.56,Moderate,Well-Lit,60 km/h
MMTI-2025-01968,Quezon,Motorcycle,Hit and Run,3,Stormy,48.0,Male,0,1922830.77,Heavy,Poorly-Lit,80 km/h
MMTI-2025-07093,Taguig,,Side-swipe,3,Clear,50.0,Male,0,,HEAVY,Unlit,80
MMTI-2025-15382,Paranaque,Jeepney,Side-swipe,3,Clear,35.0,Male,0,104437.91,Heavy,Poorly-Lit,30 km/h
MMTI-2025-22024,Mandaluyong,Motorcycle,Head-on,2,Clear,55.0,Male,0,72812.12,Heavy,No Lights,100 km/h
MMTI-2025-22835,San Juan,Car,Head-on,Risk Level 3,,48.0,female ,0,141046.2,Moderate,Unlit,60
MMTI-2025-02269,Quezon,Truck,Hit and Run,3.0,Rainy,21.0,Male,0,813801.06,Heavy,Well-Lit,40
MMTI-2025-06959,Caloocan,SUV/Van,Hit and Run,3,Clear,46.0,Male,0,43348.32,Heavy,Well-Lit,40
MMTI-2025-20900,Quezon,Car,Hit and Run,Risk Level 3,Rainy,47.0,M,0,"PHP 1,284,223.10",Heavy,Well-Lit,60
MMTI-2025-20587,Paranaque,Motorcycle,Side-swipe,3,Clear,39.0,Female,0,97073.05,Light,Well-Lit,40
MMTI-2025-21527,Muntinlupa,Motorcycle,Side-swipe,Risk Level 3,,45.0,Male,0,19028.91,MODERATE,POOR,40
MMTI-2025-18019, san juan,Car,Hit and Run,3,,35.0,Male,0,159780.8,Moderate,Poorly-Lit,80
MMTI-2025-16950,Mandaluyong,Car,Rear-end,6,Clear,23.0,Male,4,76541.79,Heavy,Well-Lit,60
MMTI-2025-10363,Mandaluyong,Motorcycle,Rear-end,Risk Level 3,Clear,42.0,Female,0,74992.99,Heavy,Poorly-Lit,60
MMTI-2025-17487,Taguig,Truck,Rear-end,2.0,Cloudy,39.0,Male,0,338186.35,HEAVY,Well-Lit,80
MMTI-2025-11302,Quezon,Motorcycle,Rear-end,3.0,Rainy,39.0,Male,0,764807.94,Moderate,Poorly-Lit,60 km/h
MMTI-2025-22819,MUNTINLUPA ,SUV/Van,Head-on,3,Rain,,Male,0,467918.74,Light,Poorly-Lit,60
MMTI-2025-13142, las pinas,Bus,Rear-end,,Clear,26.0,Male,0,59539.94,Heavy,Well-Lit,60 km/h
MMTI-2025-23081,Las Pinas,Car,Side-swipe,Risk Level 3,Clear,49.0,F,0,88342.47,Heavy,Well-Lit,40
MMTI-2025-02596,Muntinlupa,Motorcycle,Head-on,3,Clear,50.0,Female,0,55848.33,Heavy,No Lights,100
MMTI-2025-23094,Taguig,Jeepney,Hit and Run,,Clear,37.0,Male,0,34197.63,Moderate,Well-Lit,60
MMTI-2025-04552,Makati,Car,Rear-end,3,Cloudy,60.0,Male,0,252257.27,Heavy,Well-Lit,40
MMTI-2025-09660,Paranaque,Motorcycle,Side-swipe,3.0,Clear,34.0,Male,0,,Heavy,Well-Lit,40 km/h
MMTI-2025-12214,,Car,Head-on,3.0,Clear,33.0,Male,0,135484.66,HEAVY,No Lights,60
MMTI-2025-07096,Quezon,Car,Hit and Run,Risk Level 6,Rainy,26.0,Female,4,1071913.49,Light,Well-Lit,80
MMTI-2025-06055,,SUV/Van,Rear-end,3.0,Clear,39.0,Female,0,67364.41,Heavy,Well-Lit,60 km/h
MMTI-2025-12244,Muntinlupa,Truck,Hit and Run,3,Clear,32.0,Male,0,,Moderate,Well-Lit,60
MMTI-2025-02258,Quezon,Motorcycle,Hit and Run,2,Stormy,46.0,Female,0,99999999,Heavy,Poorly-Lit,40 km/h
MMTI-2025-06368,Manila,,Rear-end,2.0,Clear,46.0,Male,0,13914.24,Heavy,Poorly-Lit,30
MMTI-2025-19452,Manila,Motorcycle,Side-swipe,3,Cloudy,25.0,female ,0,183601.1,Heavy,Poorly-Lit,40
MMTI-2025-15131,Pasig,Car,Hit and Run,3,Clear,40.0,Male,0,124213.4,Heavy,Well-Lit,40 kph
MMTI-2025-20641,,Truck,Hit and Run,3,Clear,50.0,Male,0,832369.76,Heavy,Poorly-Lit,60
MMTI-2025-16708,Makati,Car,Rear-end,3.0,Cloudy,30.0,Male,0,"PHP 261,637.66",MODERATE,Well-Lit,60
MMTI-2025-14685,Caloocan,Car,Hit and Run,3,Clear,26.0,Male,0,"PHP 42,583.12",Heavy,Lit,60
MMTI-2025-04098,Mandaluyong,SUV/Van,Hit and Run,3,Clear,57.0,Female,0,73782.31,Light,Well-Lit,30
MMTI-2025-15762,Quezon,Truck,Rear-end,3.0,Cloudy,52.0,Female,0,353560.8,Moderate,Poorly-Lit,100
MMTI-2025-06115,Quezon,Car,Hit and Run,Risk Level 1,Cloudy,24.0,Male,0,380288.43,Moderate,Unlit,60
MMTI-2025-15502,,Motorcycle,Rear-end,3,Clear,47.0,Female,0,14982.21,Heavy,Unlit,60
MMTI-2025-15896,Pasig,Motorcycle,Side-swipe,Risk Level 3,Clear,47.0,Male,0,"PHP 155,022.89",Heavy,Well-Lit,80
MMTI-2025-09338,Quezon,Car,Hit and Run,6,Rainy,36.0,F,4,1650315.99,Heavy,dark,100
MMTI-2025-20888,Quezon,Car,Head-on,6.0,Cloudy,18.0,Male,3,489773.0,Heavy,Well-Lit,40
MMTI-2025-20642,Makati,Car,Head-on,,Cloudy,38.0,Female,0,67813.21,Moderate,Well-Lit,60
MMTI-2025-14397,MANILA ,SUV/Van,Hit and Run,3,,36.0,Male,0,151.4k,Heavy,Poorly-Lit,60 km/h
MMTI-2025-17788,Manila,Truck,Head-on,3,Clear,,M,0,739198.03,Heavy,Lit,60 km/h
MMTI-2025-08914,Malabon,Car,Head-on,3,Clear,36.0,Female,0,36784.81,Heavy,Poorly-Lit,80
MMTI-2025-13599,Paranaque,SUV/Van,Rear-end,3.0,Clear,39.0,Male,0,"PHP 118,347.13",Heavy,Unlit,60 km/h
MMTI-2025-10788,Quezon,Motorcycle,Rear-end,Risk Level 3,Rainy,41.0,Male,0,907580.61,Moderate,Well-Lit,80
MMTI-2025-10196,Quezon,Car,Hit and Run,,Storm,45.0,Male,4,81928.35,Heavy,Poorly-Lit,40 km/h
MMTI-2025-13304,Makati,,Side-swipe,3.0,Clear,42.0,Female,0,"PHP 57,756.08",Heavy,Lit,60
MMTI-2025-12061,Makati,Motorcycle,Hit and Run,Risk Level 3,Cloudy,24.0,Male,0,244099.51,Moderate,Well-Lit,30
MMTI-2025-21913,Manila,Motorcycle,Hit and Run,3,,24.0,Male,0,32.6k,Light,Unlit,60 km/h
MMTI-2025-17458,,Motorcycle,Rear-end,3,Clear,43.0,Male,0,17991.06,Heavy,Well-Lit,30
MMTI-2025-21990,Quezon,Car,Rear-end,3.0,Rainy,28.0,Male,0,1244516.63,Heavy,Well-Lit,60
MMTI-2025-08749,Makati,Car,Side-swipe,6,Cloudy,49.0,Male,2,267460.68,Heavy,dark,60 kph
MMTI-2025-11825,Quezon,Car,Head-on,6,Rainy,42.0,M,2,1125788.91,Moderate,Well-Lit,60
MMTI-2025-22701,Pasig,Car,Hit and Run,3,Clear,26.0,Unknown,0,89621.59,,No Lights,60 km/h
MMTI-2025-14372,Makati,Car,Side-swipe,Risk Level 3,Cloudy,39.0,Male,0,221464.23,Heavy,Poorly-Lit,60
MMTI-2025-04470,Paranaque,Motorcycle,Head-on,,Clear,26.0,Male,0,8928.24,Moderate,Unlit,40
MMTI-2025-02992,MANILA ,Car,Hit and Run,,Cloudy,17.0,Female,3,58987.97,Moderate,Poorly-Lit,60
MMTI-2025-19224,PASAY ,Car,Rear-end,3,Rain,32.0,Female,0,,Heavy,Well-Lit,30
MMTI-2025-05819,Taguig,Car,Rear-end,1.0,Cloudy,60.0,Female,0,324.6k,Moderate,Well-Lit,40
MMTI-2025-04470,Paranaque,Motorcycle,Head-on,,Clear,26.0,Male,0,8928.24,Moderate,Unlit,40