Incident_ID,City,Vehicle_Type,Accident_Type,Severity,Weather_Condition,Driver_Age,Driver_Gender,Injury_Count,Damage_Cost_PHP,Traffic_Volume,Road_Lighting,Speed_Limit
MMTI-2025-04522,Navotas,,Rear-end,Risk Level 3,Clear,34.0,Male,0,"PHP 125,218.83",Heavy,Well-Lit,40
MMTI-2025-12041,Quezon,,Rear-end,,Clear,54.0,Female,0,57606.83,Moderate,Well-Lit,60
MMTI-2025-18843,Quezon,Car,Hit and Run,3.0,Cloudy,31.0,Female,0,437509.36,HEAVY,Unlit,40 km/h
MMTI-2025-01187,San Juan,Truck,Rear-end,3,Clear,36.0,M,0,40959.05,Moderate,Poorly-Lit,60 kph
MMTI-2025-03619,Manila,,Side-swipe,3,Storm,51.0,Male,0,256360.57,Heavy,Well-Lit,80 kph
MMTI-2025-20890,Pasig,Motorcycle,Head-on,Risk Level 1,Clear,24.0,Male,0,131.2k,Moderate,dark,60
MMTI-2025-17997,,Car,Head-on,Risk Level 3,Clear,33.0,Female,0,160195.14,Moderate,Poorly-Lit,60
MMTI-2025-19299,Marikina,SUV/Van,Hit and Run,Risk Level 3,Clear,38.0,M,0,65625.35,Heavy,Well-Lit,60 km/h
MMTI-2025-04899,Makati,Car,Head-on,3,Cloudy,17.0,Male,0,"PHP 256,742.00",Moderate,Poorly-Lit,80 km/h
MMTI-2025-22598,Pasay,Car,Hit and Run,Risk Level 3,Clear,47.0,Male,0,48504.02,Heavy,Well-Lit,60 km/h
MMTI-2025-04363,Quezon,Motorcycle,Side-swipe,3.0,Cloudy,46.0,Male,0,515444.59,Light,Well-Lit,40
MMTI-2025-14097,Taguig,Car,Rear-end,3,Cloudy,38.0,Male,0,318628.05,Heavy,Poorly-Lit,60 kph
MMTI-2025-13771,Quezon,Motorcycle,Head-on,Risk Level 3,Rainy,34.0,Male,0,901044.3,Moderate,Well-Lit,100
MMTI-2025-06608,,Motorcycle,Rear-end,,Clear,28.0,Male,0,-25000,Heavy,Poorly-Lit,60
MMTI-2025-21264,Makati,Truck,Side-swipe,3,Rain,23.0,Female,0,,Heavy,Poorly-Lit,60 kph
MMTI-2025-10755,Quezon,Truck,Hit and Run,3.0,Cloudy,21.0,Female,0,417192.27,Heavy,Well-Lit,60
MMTI-2025-22504,Valenzuela,Jeepney,Rear-end,6,,44.0,Male,3,265425.86,Heavy,well lit,60
MMTI-2025-18469,Quezon,Car,Side-swipe,3,Rainy,33.0,Male,0,1180063.77,Heavy,Well-Lit,30
MMTI-2025-21814,Makati,Truck,Rear-end,2.0,Clear,50.0,Male,0,,,Poorly-Lit,60
MMTI-2025-20286,Quezon,Car,Side-swipe,Risk Level 3,Rainy,47.0,Male,0,770882.53,LIGHT,POOR,80
MMTI-2025-10300,Pasig,Car,Hit and Run,1,Clear,21.0,Female,0,,Moderate,Poorly-Lit,40
MMTI-2025-20557,Manila,Car,Side-swipe,3.0,Cloudy,47.0,Male,0,176538.84,Heavy,Well-Lit,60 km/h
MMTI-2025-01964,Mandaluyong,Car,Head-on,2.0,Clear,48.0,Unknown,0,73.8k,Heavy,Poorly-Lit,60
MMTI-2025-22584,Makati,Car,Side-swipe,3.0,Cloudy,48.0,Female,0,228985.39,Heavy,Poorly-Lit,80
MMTI-2025-22035,Pasig,SUV/Van,Head-on,Risk Level 3,Clear,42.0,Male,0,138064.96,Heavy,No Lights,60 kph
MMTI-2025-15261,Quezon,Car,Side-swipe,,Rain,25.0,Male,0,18931.35,Heavy,Well-Lit,80 km/h
MMTI-2025-15057,Quezon,Car,Head-on,3.0,Rainy,35.0,Male,0,1498895.58,Light,Well-Lit,30
MMTI-2025-01701,Pasig,Car,Rear-end,2,Clear,37.0,Male,0,,Light,Poorly-Lit,80
MMTI-2025-06817,Manila,Car,Rear-end,3,Cloudy,43.0,Unknown,0,198878.94,Heavy,Poorly-Lit,100 kph
MMTI-2025-06625,Makati,Car,Head-on,3,Cloudy,22.0,Male,0,224818.78,Moderate,Poorly-Lit,40 km/h
MMTI-2025-14992,Paranaque,Jeepney,Side-swipe,,Clear,34.0,Male,0,25248.75,Moderate,Unlit,60 km/h
MMTI-2025-21704,Quezon,Car,Head-on,Risk Level 3,Clear,150.0,Male,0,110092.78,,Lit,60 kph
MMTI-2025-13090,,Jeepney,Side-swipe,1,Clear,40.0,Female,0,23601.01,Moderate,No Lights,40 kph
MMTI-2025-23361,Quezon,Motorcycle,Side-swipe,6,Rainy,52.0,Male,4,1050567.77,Heavy,Well-Lit,40
MMTI-2025-19741,San Juan,Motorcycle,Rear-end,,Clear,38.0,Male,0,8594.37,Heavy,well lit,30 km/h
MMTI-2025-23141,Marikina,Motorcycle,Side-swipe,3,Clear,36.0,Male,0,"PHP 66,329.10",Light,Well-Lit,60 km/h
MMTI-2025-18259,Marikina,Car,Side-swipe,3.0,Clear,35.0,Female,0,58428.61,Heavy,Well-Lit,40 km/h
MMTI-2025-16222,Mandaluyong,Car,Hit and Run,6,Clear,39.0,Male,4,"PHP 70,442.75",MODERATE,Poorly-Lit,60
MMTI-2025-13636,Quezon,Car,Hit and Run,Risk Level 3,Cloudy,43.0,Male,0,505741.2,Heavy,Well-Lit,60
MMTI-2025-12764,Manila,Car,Side-swipe,Risk Level 6,Cloudy,17.0,Female,1,170796.13,Moderate,Poorly-Lit,60 km/h
MMTI-2025-22046,Paranaque,Truck,Side-swipe,4,,39.0,Female,1,574110.85,Light,Well-Lit,60
MMTI-2025-19834,Taguig,Motorcycle,Head-on,3,Cloudy,48.0,Male,0,318634.42,Moderate,Well-Lit,40
MMTI-2025-23131,Paranaque,Car,Rear-end,3,Clear,26.0,Unknown,0,116265.7,Heavy,Poorly-Lit,60 km/h
MMTI-2025-20038,Makati,Car,Head-on,Risk Level 3,Cloudy,34.0,Male,0,241506.11,Moderate,Poorly-Lit,60
MMTI-2025-11964,Quezon,SUV/Van,Rear-end,3.0,Clear,,Male,0,"PHP 383,743.04",Heavy,Well-Lit,60 km/h
MMTI-2025-15115,Quezon,Car,Rear-end,Risk Level 3,Cloudy,35.0,Male,0,467077.24,Heavy,Well-Lit,100
MMTI-2025-15968,Mandaluyong,Truck,Hit and Run,,Storm,48.0,Male,0,396686.09,Moderate,Unlit,80
MMTI-2025-04889,Taguig,Car,Hit and Run,2.0,Cloudy,40.0,Male,0,318824.34,Light,Poorly-Lit,60 kph
MMTI-2025-23602,Quezon,Car,Side-swipe,Risk Level 6,Stormy,48.0,Male,4,2856580.54,Heavy,well lit,60
MMTI-2025-17707,,Jeepney,Head-on,6,Clear,58.0,Male,1,40713.22,Moderate,dark,40
MMTI-2025-03016,Taguig,Car,Side-swipe,Risk Level 2,Cloudy,43.0,Male,0,318864.62,Moderate,Well-Lit,30 kph
MMTI-2025-13655,Mandaluyong,Car,Side-swipe,3,Clear,57.0,Female,0,76418.98,Heavy,Poorly-Lit,60
MMTI-2025-04322,Quezon,Car,Rear-end,3.0,Rainy,46.0,Male,0,726307.18,Light,Well-Lit,80
MMTI-2025-18009,Quezon,,Head-on,3,Clear,70.0,Male,0,0,Heavy,Poorly-Lit,30
MMTI-2025-03779,Quezon,SUV/Van,Hit and Run,Risk Level 3,,42.0,Male,0,180144.19,Moderate,Well-Lit,30
MMTI-2025-11770,Paranaque,Motorcycle,Side-swipe,1,Clear,60.0,Male,0,119303.68,MODERATE,Well-Lit,60
MMTI-2025-10460,Paranaque,SUV/Van,Hit and Run,,Clear,22.0,Male,0,66165.53,Light,Well-Lit,60 km/h
MMTI-2025-16002,Quezon,Car,Hit and Run,3.0,Rainy,40.0,Unknown,0,1077534.68,Moderate,Unlit,80
MMTI-2025-06354, quezon ,,Hit and Run,3,,26.0,Male,0,,Heavy,Poorly-Lit,60
MMTI-2025-05271,Paranaque,Car,Side-swipe,3,Clear,37.0,Male,0,118743.57,Heavy,Poorly-Lit,40 km/h
MMTI-2025-05624,Paranaque,Car,Rear-end,9,Clear,43.0,Male,3,122016.74,Moderate,Poorly-Lit,100
MMTI-2025-18100,Quezon,Car,Head-on,3,Cloudy,44.0,Female,0,542318.8,Heavy,Poorly-Lit,60 km/h
MMTI-2025-19767,Makati,Bus,Head-on,3,Rain,17.0,Male,0,318.6k,,Well-Lit,30
MMTI-2025-06479,Quezon,Motorcycle,Rear-end,3,Rainy,40.0,Male,0,991518.01,Heavy,Poorly-Lit,60 km/h
MMTI-2025-01425,Quezon,Car,Rear-end,3,Rainy,37.0,Male,0,1082605.95,Moderate,Well-Lit,60
MMTI-2025-06325,Quezon,Car,Hit and Run,3,Rainy,21.0,Unknown,0,1095138.12,Heavy,Well-Lit,40
MMTI-2025-19364,Navotas,,Head-on,4,Rain,39.0,Female,4,154883.76,Moderate,Well-Lit,60
MMTI-2025-21602,Mandaluyong,Car,Side-swipe,3.0,Clear,26.0,Male,0,75586.45,Heavy,Well-Lit,60 km/h
MMTI-2025-09135,Quezon,SUV/Van,Head-on,3.0,Cloudy,41.0,Male,0,432904.99,Heavy,Well-Lit,40
MMTI-2025-02309,Quezon,Motorcycle,Side-swipe,3,Rain,,Female,0,46154.29,MODERATE,Well-Lit,30
MMTI-2025-15232,Quezon,Bus,Head-on,,Clear,42.0,Male,0,86276.72,Moderate,Well-Lit,60
MMTI-2025-16493,Las Pinas,Car,Head-on,3,Clear,28.0,Male,0,88637.02,Moderate,Well-Lit,60
MMTI-2025-09977,Pasay,Motorcycle,Head-on,Risk Level 3,Clear,21.0,Male,0,46259.35,Moderate,Well-Lit,40
MMTI-2025-03356,Pasay,Truck,Hit and Run,1.0,Clear,32.0,Male,0,46953.24,Moderate,Poorly-Lit,60 kph
MMTI-2025-17473,Pasig,Car,Hit and Run,3,Clear,21.0,Male,0,"PHP 155,546.65",Heavy,Well-Lit,60
MMTI-2025-08266,Manila,Jeepney,Side-swipe,3.0,,33.0,Male,0,104845.05,Heavy,Well-Lit,40
MMTI-2025-04807,Marikina,Car,Head-on,3,Clear,34.0,Male,0,59117.16,Heavy,Well-Lit,40
MMTI-2025-01137,Taguig,Car,Rear-end,3.0,Cloudy,38.0,Female,0,"PHP 292,897.74",Light,Poorly-Lit,60
MMTI-2025-01925,Quezon,Car,Hit and Run,3.0,Rainy,40.0,Female,0,"PHP 734,509.36",Heavy,Poorly-Lit,30
MMTI-2025-13369,Quezon,Car,Side-swipe,,Clear,56.0,Male,2,58739.71,Heavy,Well-Lit,60
MMTI-2025-04676,Quezon,Car,Side-swipe,4,Clear,61.0,Female,1,,Moderate,Poorly-Lit,60
MMTI-2025-16190,Manila,Car,Head-on,6.0,Cloudy,40.0,Male,1,188235.08,Heavy,Well-Lit,60 kph
MMTI-2025-07863,PARANAQUE ,,Hit and Run,3.0,Cloudy,32.0,Male,0,135399.1,Heavy,Poorly-Lit,60 km/h
MMTI-2025-19849,Quezon,Car,Side-swipe,3,Rainy,39.0,Female,0,1228304.66,MODERATE,Unlit,40 km/h
MMTI-2025-20288,Pasay,Truck,Head-on,3,Clear,47.0,Female,0,48969.46,Moderate,dark,60 kph
MMTI-2025-00377, quezon,Jeepney,Hit and Run,3,Rain,,male,0,87160.99,Heavy,Unlit,60
MMTI-2025-07209,Quezon,,Head-on,Risk Level 1,Clear,49.0,Male,0,17248.46,Moderate,Poorly-Lit,80 km/h
MMTI-2025-02623,,Car,Head-on,3,Clear,26.0,Female,0,108735.79,Heavy,Well-Lit,60 km/h
MMTI-2025-11110,Manila,,Side-swipe,3.0,Rain,34.0,Female,0,279271.28,Heavy,Well-Lit,80 kph
MMTI-2025-06909,Mandaluyong,,Hit and Run,6.0,Clear,42.0,Male,1,125355.28,Heavy,Unlit,40
MMTI-2025-21658,Manila,Car,Hit and Run,3,Cloudy,26.0,Female,0,"PHP 197,954.31",Heavy,Well-Lit,80
MMTI-2025-19637,Manila,Jeepney,Head-on,3,Clear,46.0,Female,0,33981.28,,Poorly-Lit,80
MMTI-2025-14857,Makati,Jeepney,Side-swipe,3.0,Rain,50.0,Male,0,85611.45,,Well-Lit,60
MMTI-2025-06328,Manila,Jeepney,Hit and Run,3.0,Storm,25.0,Male,0,,HEAVY,Well-Lit,40
MMTI-2025-19527,Makati,SUV/Van,Head-on,3,Clear,,male,0,77777777,MODERATE,Well-Lit,60
MMTI-2025-16748,Quezon,Motorcycle,Hit and Run,Risk Level 2,,39.0,Male,0,7634.8,Light,Well-Lit,80
MMTI-2025-02282,Quezon,Motorcycle,Hit and Run,3.0,Rainy,37.0,Male,0,796331.66,Heavy,Well-Lit,80 km/h
MMTI-2025-15742,Makati,Truck,Head-on,3,Clear,34.0,Male,0,,Moderate,Well-Lit,60
MMTI-2025-22915,Paranaque,Car,Side-swipe,3.0,Clear,47.0,Male,0,122222.18,Moderate,Well-Lit,80
MMTI-2025-07192,Makati,Jeepney,Side-swipe,3.0,Clear,,Female,0,21625.66,Heavy,Well-Lit,40
MMTI-2025-18250,Quezon,Truck,Head-on,,,21.0,Male,0,190287.97,Heavy,Poorly-Lit,60
MMTI-2025-07902,Manila,Bus,Head-on,3,Rain,,Female,0,"PHP 770,616.62",Heavy,POOR,40 kph
MMTI-2025-11730,MAKATI ,Bus,Rear-end,Risk Level 6,Cloudy,43.0,Female,4,3202632.57,,Poorly-Lit,40
MMTI-2025-16419,Pasay,Car,Head-on,3,Clear,43.0,Female,0,48694.15,Heavy,Well-Lit,40 kph
MMTI-2025-14331,Quezon,Truck,Side-swipe,3,Cloudy,49.0,Male,0,435266.35,Heavy,dark,40
MMTI-2025-09506,Quezon,Bus,Hit and Run,,Clear,150.0,F,0,206953.04,,Poorly-Lit,60
MMTI-2025-09811,Manila,Car,Head-on,Risk Level 3,Cloudy,36.0,Female,0,180782.32,Heavy,Well-Lit,60
MMTI-2025-04377,Taguig,Car,Hit and Run,Risk Level 6,Cloudy,35.0,Male,4,279808.39,Heavy,Well-Lit,60
MMTI-2025-12467,Mandaluyong,,Head-on,3,Rain,50.0,female ,0,"PHP 85,618.14",Heavy,Well-Lit,30 kph
MMTI-2025-17791,,,Rear-end,3.0,Rain,40.0,Female,0,"PHP 89,202.94",Heavy,Poorly-Lit,30
MMTI-2025-15764,MANILA ,SUV/Van,Side-swipe,,Cloudy,38.0,Male,0,64819.59,,Well-Lit,60 kph
MMTI-2025-21143,Taguig,,Hit and Run,4.0,Cloudy,41.0,Male,2,59847.99,Heavy,Well-Lit,80
MMTI-2025-06999,Taguig,Car,Head-on,2.0,Cloudy,51.0,Male,0,343144.62,Moderate,No Lights,80
MMTI-2025-02346,,Bus,Rear-end,6.0,Rain,35.0,Male,4,1177822.16,Heavy,Well-Lit,60
MMTI-2025-00097,Caloocan,Car,Head-on,3,Clear,51.0,Male,0,43793.56,Heavy,Poorly-Lit,40 km/h
MMTI-2025-17915,Malabon,Motorcycle,Head-on,2,Clear,31.0,Male,0,37167.33,Moderate,Unlit,60 kph
MMTI-2025-15561,Quezon,Car,Hit and Run,9,Rainy,30.0,female ,2,905726.87,Heavy,Poorly-Lit,80
MMTI-2025-17065,Quezon,Car,Hit and Run,6.0,Stormy,30.0,Male,4,3716158.8,Heavy,Poorly-Lit,30
MMTI-2025-04364,Paranaque,Car,Side-swipe,3,Clear,23.0,Male,0,100578.94,Heavy,Poorly-Lit,100
MMTI-2025-16714,Quezon,Car,Hit and Run,3,Rainy,44.0,Male,0,911963.98,Heavy,well lit,60
MMTI-2025-05365,Quezon,Car,Side-swipe,3,Rainy,58.0,Male,0,"PHP 700,539.68",Moderate,Poorly-Lit,80
MMTI-2025-11617,,,Hit and Run,3,Clear,46.0,Male,0,72.3k,Heavy,Unlit,80
MMTI-2025-15329,Taguig,Car,Rear-end,3.0,Cloudy,27.0,Male,0,293168.03,Heavy,Well-Lit,80
MMTI-2025-01380,Pasig,Motorcycle,Side-swipe,3,Clear,56.0,F,0,156884.09,Light,Well-Lit,60
MMTI-2025-22657,Caloocan,Car,Side-swipe,3,Clear,38.0,Male,0,44840.76,Heavy,Well-Lit,80
MMTI-2025-16965,PASAY ,Bus,Hit and Run,3.0,Cloudy,33.0,Male,0,1055084.6,,Well-Lit,30 km/h
MMTI-2025-10452,Marikina,SUV/Van,Side-swipe,Risk Level 3,,32.0,Male,0,331385.62,,dark,60 km/h
MMTI-2025-01512,Pasig,Motorcycle,Side-swipe,3,Cloudy,63.0,Male,0,,Heavy,Poorly-Lit,100
MMTI-2025-21100,Muntinlupa,Car,Side-swipe,,Clear,24.0,Male,0,31669.38,Light,Lit,30 kph
MMTI-2025-13419,Quezon,Jeepney,Rear-end,,Clear,37.0,Male,0,"PHP 22,150.67",Moderate,Well-Lit,80
MMTI-2025-00220,Manila,,Side-swipe,,Clear,57.0,Male,4,97966.12,Heavy,Well-Lit,60
MMTI-2025-07910,Pasay,Car,Rear-end,Risk Level 4,Clear,50.0,Male,2,50516.83,Heavy,Well-Lit,30
MMTI-2025-08432, caloocan,,Hit and Run,3,Clear,44.0,Female,0,240866.57,Heavy,Poorly-Lit,60
MMTI-2025-08320,Manila,,Side-swipe,4,Clear,43.0,Male,2,,Moderate,well lit,60
MMTI-2025-15587,Makati,SUV/Van,Hit and Run,3,,,Male,0,298395.08,,Well-Lit,60 kph
MMTI-2025-20284,Valenzuela,Truck,Hit and Run,3,,56.0,Male,0,"PHP 876,472.34",Heavy,Well-Lit,30
MMTI-2025-10645,Quezon,Motorcycle,Hit and Run,6,Stormy,150.0,Male,4,2096.6k,Heavy,Well-Lit,60
MMTI-2025-05225,San Juan,Truck,Hit and Run,3,Clear,,Female,0,374778.48,Heavy,Well-Lit,60
MMTI-2025-07879,Manila,Motorcycle,Rear-end,3,Cloudy,28.0,Female,0,189521.81,Heavy,POOR,60
MMTI-2025-07455,Quezon,Car,Rear-end,3,Rainy,35.0,Female,0,1532398.03,Heavy,Poorly-Lit,60
MMTI-2025-20928,Quezon,SUV/Van,Rear-end,3,Rain,37.0,Male,0,,Light,Well-Lit,60
MMTI-2025-20466,Pasig,Motorcycle,Rear-end,3,Clear,34.0,Female,0,154377.55,Heavy,Well-Lit,100
MMTI-2025-13461,Navotas,Car,Side-swipe,2,,27.0,Male,0,"PHP 55,193.00",Moderate,Well-Lit,60
MMTI-2025-06347,Taguig,Car,Side-swipe,3,Cloudy,31.0,female ,0,301435.44,Heavy,Poorly-Lit,40
MMTI-2025-06603,Paranaque,Car,Side-swipe,Risk Level 3,,26.0,Male,0,147252.91,Heavy,Well-Lit,60
MMTI-2025-15300,Quezon,Motorcycle,Rear-end,3,Rainy,35.0,Male,0,754.4k,Heavy,Unlit,40 kph
MMTI-2025-13357,Las Pinas,Truck,Side-swipe,3,Clear,44.0,Male,0,85115.71,Heavy,Well-Lit,60
MMTI-2025-17123,Pasig,Truck,Rear-end,Risk Level 3,Clear,51.0,Male,0,339.6k,,Well-Lit,60
MMTI-2025-08586,Mandaluyong,Motorcycle,Head-on,Risk Level 3,Clear,30.0,Male,0,71337.14,Heavy,Well-Lit,100
MMTI-2025-19733,Manila,Car,Rear-end,,Clear,31.0,Female,0,84506.43,Heavy,Well-Lit,30 km/h
MMTI-2025-17433,Quezon,Car,Side-swipe,3,Rainy,25.0,Male,0,1013307.67,Heavy,Well-Lit,30
MMTI-2025-06227,Pasig,Jeepney,Side-swipe,3,Clear,47.0,Female,0,156929.69,Heavy,Well-Lit,40
MMTI-2025-12087,Manila,Car,Hit and Run,3.0,Rain,49.0,Male,0,,Heavy,Poorly-Lit,60
MMTI-2025-12870,Makati,Car,Side-swipe,3,Cloudy,17.0,Male,0,268992.56,Moderate,dark,80
MMTI-2025-15810,Quezon,Motorcycle,Rear-end,3,Rainy,27.0,Male,0,675438.85,Heavy,Well-Lit,80
MMTI-2025-06681,,Jeepney,Head-on,3,Cloudy,33.0,Male,0,88243.96,Moderate,Well-Lit,80
MMTI-2025-23479,Quezon,Truck,Hit and Run,,Clear,17.0,F,0,"PHP 385,050.54",Heavy,Lit,100
MMTI-2025-20367,Quezon,Jeepney,Rear-end,6.0,Rainy,17.0,Male,3,735358.41,Moderate,Well-Lit,40 km/h
MMTI-2025-07531,Quezon,Car,Rear-end,3,Rainy,37.0,Male,0,"PHP 1,163,101.90",Heavy,Unlit,30
MMTI-2025-09288,Quezon,Truck,Hit and Run,6,Rainy,38.0,Male,4,1657.3k,Heavy,well lit,60
MMTI-2025-08478,Manila,Truck,Rear-end,,Clear,0.0,Female,1,388674.05,Heavy,Well-Lit,60 km/h
MMTI-2025-12978,Pasay,Jeepney,Rear-end,,Cloudy,23.0,Male,2,32835.67,Moderate,Well-Lit,40
MMTI-2025-11654,Manila,Car,Side-swipe,3,Cloudy,39.0,Male,0,187.0k,Heavy,Poorly-Lit,40
MMTI-2025-00867,Las Pinas,Jeepney,Head-on,3,Clear,29.0,Male,0,82565.73,Moderate,Unlit,60
MMTI-2025-14147,Las Pinas,Truck,Side-swipe,3,Clear,37.0,Male,0,91606.87,Heavy,Well-Lit,60
MMTI-2025-15722,Las Pinas,SUV/Van,Side-swipe,,,32.0,Male,1,77777777,Heavy,Unlit,60
MMTI-2025-03548,Quezon,Jeepney,Hit and Run,3,Clear,48.0,Female,0,96929.38,,Unlit,60
MMTI-2025-21594,Makati,Bus,Hit and Run,,Clear,52.0,Female,0,"PHP 322,929.11",Heavy,Lit,40
MMTI-2025-21949,Taguig,Car,Side-swipe,3.0,Cloudy,50.0,male,0,291584.54,Moderate,Poorly-Lit,60
MMTI-2025-19521,PARANAQUE ,,Hit and Run,3.0,Clear,34.0,Female,0,56230.86,Heavy,Poorly-Lit,60 km/h
MMTI-2025-18927,Paranaque,,Hit and Run,3.0,Rain,47.0,Male,0,,Light,Well-Lit,60
MMTI-2025-19263,Quezon,Motorcycle,Side-swipe,3,Rainy,48.0,Male,0,746052.93,Heavy,No Lights,60
MMTI-2025-18021,Quezon,Car,Side-swipe,3,Rainy,33.0,Male,0,"PHP 754,408.59",Heavy,Poorly-Lit,60
MMTI-2025-05162,Quezon,Car,Head-on,3,Clear,32.0,Male,0,53145.22,,Well-Lit,30 km/h
MMTI-2025-17851,Quezon,Car,Hit and Run,6,Stormy,35.0,Male,2,2965994.46,Heavy,Well-Lit,60
MMTI-2025-13854,Pasig,Motorcycle,Side-swipe,3,Clear,38.0,Male,0,20719.38,,Well-Lit,60
MMTI-2025-01873,San Juan,Motorcycle,Hit and Run,Risk Level 3,Clear,30.0,Female,0,39852.68,Heavy,Well-Lit,60
MMTI-2025-16717,Muntinlupa,Car,Rear-end,3,Clear,38.0,Male,0,56742.31,HEAVY,Well-Lit,60
MMTI-2025-02012,Makati,Motorcycle,Side-swipe,3,Cloudy,30.0,Male,0,237147.86,Heavy,Well-Lit,60
MMTI-2025-01409,Pasig,Motorcycle,Side-swipe,Risk Level 2,Clear,42.0,Male,0,153883.49,Light,Well-Lit,40
MMTI-2025-18595,Manila,,Hit and Run,2,,21.0,Male,0,58322.89,Light,No Lights,40 km/h
MMTI-2025-05710,Quezon,Truck,Side-swipe,3,Cloudy,37.0,Male,0,608808.1,Moderate,dark,60
MMTI-2025-08440,Mandaluyong,Car,Head-on,3,Clear,26.0,Female,3,74229.93,Heavy,Well-Lit,30
MMTI-2025-00644,Quezon,Motorcycle,Rear-end,9,Rainy,0.0,female ,4,1365632.83,HEAVY,Well-Lit,40 km/h
MMTI-2025-00835,Pasig,Car,Side-swipe,3,Clear,29.0,Male,0,147140.77,Heavy,Well-Lit,80
MMTI-2025-03225,San Juan,Car,Hit and Run,Risk Level 3,Clear,41.0,Male,0,39687.91,Heavy,Poorly-Lit,40 km/h
MMTI-2025-21539,Manila,SUV/Van,Rear-end,Risk Level 3,,46.0,Female,0,388900.57,Moderate,Well-Lit,60 km/h
MMTI-2025-12829, quezon,Truck,Rear-end,3,Storm,,Male,0,477167.07,Heavy,Well-Lit,40 km/h
MMTI-2025-23195,Paranaque,Car,Rear-end,3,Clear,44.0,Male,0,114984.06,Heavy,Poorly-Lit,80
MMTI-2025-00160,Makati,Car,Rear-end,1,Clear,32.0,Male,0,87024.62,,Poorly-Lit,60
MMTI-2025-15080,Pasay,Motorcycle,Head-on,3.0,Clear,44.0,Female,0,49962.0,Heavy,Well-Lit,40 kph
MMTI-2025-18838,,Car,Rear-end,3.0,Clear,34.0,F,0,218204.99,Heavy,No Lights,60
MMTI-2025-05185,Manila,Car,Hit and Run,3,Cloudy,46.0,Male,0,165466.49,Heavy,Unlit,60
MMTI-2025-23513,Manila,Car,Rear-end,1,Cloudy,39.0,Female,0,188114.6,Moderate,Well-Lit,60 km/h
MMTI-2025-03349,Quezon,,Rear-end,6,Rain,17.0,Female,3,160398.04,Heavy,Well-Lit,30
MMTI-2025-17654,MAKATI ,Truck,Side-swipe,3,,47.0,Male,0,725551.17,Heavy,dark,60
MMTI-2025-19864,Quezon,Car,Head-on,Risk Level 6,Rainy,41.0,Female,4,1084257.89,Heavy,Well-Lit,40
MMTI-2025-07725,Makati,,Rear-end,6,Clear,46.0,Male,1,423952.88,Heavy,well lit,60
MMTI-2025-18525,Manila,Truck,Hit and Run,3,Rain,25.0,M,0,,Heavy,Lit,60
MMTI-2025-02941,San Juan,Car,Side-swipe,3.0,Clear,39.0,Male,0,38872.02,Moderate,Poorly-Lit,60 km/h
MMTI-2025-14446,Quezon,Car,Side-swipe,,Clear,20.0,Male,0,49894.63,Heavy,Well-Lit,60
MMTI-2025-06575,,Motorcycle,Hit and Run,Risk Level 3,Clear,17.0,Female,0,24.8k,Moderate,Poorly-Lit,40
MMTI-2025-14525,Quezon,Car,Rear-end,6,Rainy,37.0,male,2,966.5k,Heavy,Poorly-Lit,80
MMTI-2025-06957,Taguig,Motorcycle,Head-on,3.0,Cloudy,41.0,M,0,304034.27,Heavy,Well-Lit,40
MMTI-2025-21039,Quezon,Truck,Side-swipe,6,Rain,22.0,Female,4,3750633.3,,Poorly-Lit,60 km/h
MMTI-2025-01329,Paranaque,SUV/Van,Hit and Run,3.0,Clear,34.0,Female,0,99537.52,Heavy,Unlit,100 km/h
MMTI-2025-10319,Pasay,Car,Side-swipe,3,Clear,27.0,Male,0,49136.27,Heavy,Well-Lit,60
MMTI-2025-05363,Quezon,Truck,Head-on,3.0,Rainy,20.0,Female,0,632806.96,Heavy,Poorly-Lit,100
MMTI-2025-04649,Quezon,Car,Rear-end,3,Rainy,33.0,Female,2,818280.48,Heavy,Well-Lit,80
MMTI-2025-02717, makati,Bus,Rear-end,3,Clear,45.0,Female,0,,HEAVY,dark,100
MMTI-2025-15605,Caloocan,Motorcycle,Side-swipe,,Cloudy,,Male,0,18149.05,HEAVY,Poorly-Lit,80
MMTI-2025-22223,Paranaque,Jeepney,Hit and Run,3.0,,20.0,Male,0,"PHP 62,060.09",Heavy,No Lights,60
MMTI-2025-08097,Quezon,Car,Side-swipe,3,Stormy,49.0,Male,0,77777777,Heavy,Poorly-Lit,80
MMTI-2025-18971,Manila,Bus,Hit and Run,6,Clear,,Male,4,831.5k,Light,Well-Lit,40
MMTI-2025-18466,Manila,Bus,Head-on,3.0,,31.0,Male,0,"PHP 181,862.16",HEAVY,Well-Lit,60
MMTI-2025-18305,Marikina,Car,Hit and Run,3.0,Clear,43.0,Female,0,59207.28,Heavy,Unlit,30 km/h
MMTI-2025-12966,Manila,Car,Head-on,3,Cloudy,17.0,Male,0,173551.06,HEAVY,Well-Lit,60 km/h
MMTI-2025-09163,Quezon,Car,Side-swipe,3,Cloudy,48.0,female ,0,372824.93,HEAVY,Well-Lit,80 km/h
MMTI-2025-04857,Makati,SUV/Van,Rear-end,3,Cloudy,33.0,Male,0,265059.72,Heavy,Well-Lit,60
MMTI-2025-07766,Manila,SUV/Van,Side-swipe,2,,34.0,Male,0,117429.55,Moderate,Well-Lit,80