Incident_ID,City,Vehicle_Type,Accident_Type,Severity,Weather_Condition,Driver_Age,Driver_Gender,Injury_Count,Damage_Cost_PHP,Traffic_Volume,Road_Lighting,Speed_Limit
MMTI-2025-11013,Taguig,Car,Side-swipe,3,Cloudy,32.0,Male,0,305058.85,Heavy,Poorly-Lit,40
MMTI-2025-05386,Quezon,Car,Side-swipe,3,Rainy,28.0,Female,0,"PHP 1,006,768.91",Light,Poorly-Lit,40 km/h
MMTI-2025-00951,Quezon,,Head-on,3.0,Cloudy,36.0,Male,0,103888.43,Moderate,Well-Lit,60 km/h
MMTI-2025-10294,Pasig,Car,Side-swipe,3.0,Clear,49.0,Male,0,146412.91,Heavy,Poorly-Lit,100
MMTI-2025-13338,San Juan,,Head-on,,Clear,32.0,Male,4,30169.14,Heavy,Lit,60
MMTI-2025-08421,Quezon,Car,Hit and Run,3,Rainy,41.0,female ,0,717923.84,Heavy,Well-Lit,80 km/h
MMTI-2025-10247,Quezon,SUV/Van,Head-on,Risk Level 3,Stormy,43.0,Male,0,1807501.23,Heavy,Poorly-Lit,40
MMTI-2025-18818,,Jeepney,Rear-end,3,Rain,41.0,Male,0,109483.87,Heavy,Well-Lit,40
MMTI-2025-11045,Makati,Car,Head-on,Risk Level 3,Cloudy,36.0,Male,0,252336.53,Heavy,Well-Lit,60
MMTI-2025-04143,Muntinlupa,Car,Hit and Run,Risk Level 3,Clear,47.0,Male,0,56798.17,Heavy,Well-Lit,80
MMTI-2025-18179,Manila,Truck,Side-swipe,3,Storm,46.0,Male,0,841627.51,,Poorly-Lit,60 km/h
MMTI-2025-21764,Manila,Motorcycle,Hit and Run,3.0,Cloudy,150.0,Female,0,202006.54,Heavy,No Lights,60 km/h
MMTI-2025-18139,Muntinlupa,Truck,Rear-end,Risk Level 3,Clear,54.0,Female,0,55427.06,Heavy,Poorly-Lit,40 km/h
MMTI-2025-20252,Muntinlupa,Motorcycle,Side-swipe,,Clear,18.0,M,0,14205.18,Heavy,Well-Lit,30
MMTI-2025-20194,Las Pinas,Truck,Head-on,4,Clear,59.0,Female,2,89279.82,MODERATE,Poorly-Lit,60 kph
MMTI-2025-13594,Quezon,Car,Rear-end,3.0,Rainy,28.0,Male,0,981367.59,Moderate,Well-Lit,60
MMTI-2025-09771,Pasig,,Side-swipe,3,Rain,32.0,Male,0,,Light,Poorly-Lit,60
MMTI-2025-19511,Quezon,Bus,Head-on,,Cloudy,44.0,Female,0,418403.58,Heavy,Well-Lit,80 kph
MMTI-2025-03645,Las Pinas,Car,Side-swipe,3.0,Clear,70.0,Male,0,86856.31,Moderate,well lit,100
MMTI-2025-15449,Las Pinas,Motorcycle,Hit and Run,3,Clear,43.0,Female,0,"PHP 85,108.68",Heavy,Poorly-Lit,30
MMTI-2025-11563,Quezon,Motorcycle,Hit and Run,3,Cloudy,34.0,Female,0,355619.43,Light,Well-Lit,60
MMTI-2025-02820,Quezon,Truck,Rear-end,3,Rainy,42.0,Female,0,841614.41,Heavy,Poorly-Lit,60
MMTI-2025-08396,Valenzuela,Truck,Rear-end,2.0,Clear,25.0,Female,0,335419.94,,Well-Lit,60 km/h
MMTI-2025-01959,Quezon,Truck,Rear-end,Risk Level 3,Cloudy,21.0,Female,0,409257.51,Heavy,Well-Lit,40
MMTI-2025-07469,Quezon,Car,Hit and Run,3,Rainy,44.0,Female,0,1159962.82,Heavy,POOR,80
MMTI-2025-10485,Quezon,Car,Head-on,Risk Level 3,Cloudy,34.0,Male,0,446232.93,Heavy,Unlit,40
MMTI-2025-18396,Taguig,Car,Head-on,3,Cloudy,55.0,M,0,295724.37,Heavy,Well-Lit,40
MMTI-2025-00604,Makati,,Hit and Run,6,Cloudy,150.0,Male,3,180115.78,Heavy,Well-Lit,30
MMTI-2025-05759,Quezon,Car,Head-on,3,Clear,28.0,Male,0,85782.06,,Well-Lit,60
MMTI-2025-20509,Quezon,Car,Side-swipe,3,Rainy,45.0,Male,0,1120279.15,Light,Well-Lit,30
MMTI-2025-02746,Quezon,Car,Hit and Run,3.0,Rainy,46.0,Male,0,680701.48,HEAVY,Well-Lit,60
MMTI-2025-00437,,Bus,Rear-end,Risk Level 3,Clear,47.0,Male,0,1057605.49,Heavy,Well-Lit,60
MMTI-2025-12348,Quezon,,Side-swipe,4,Clear,43.0,Male,1,92638.5,Moderate,Poorly-Lit,40
MMTI-2025-19248,,Jeepney,Rear-end,6,Rain,24.0,Male,1,273312.84,Heavy,well lit,60
MMTI-2025-21868,Quezon,Car,Rear-end,3.0,Rainy,39.0,Male,0,"PHP 831,180.20",Moderate,Well-Lit,60 kph
MMTI-2025-00360,Pasay,Car,Side-swipe,3,Clear,45.0,M,0,"PHP 48,262.00",Heavy,POOR,60 kph
MMTI-2025-21766,Makati,Jeepney,Hit and Run,,Rain,33.0,Male,3,32.0k,Heavy,Well-Lit,30 kph
MMTI-2025-20190,,Motorcycle,Rear-end,3,Clear,150.0,Male,0,23432.24,Moderate,Well-Lit,60 km/h
MMTI-2025-03712,Quezon,Car,Rear-end,Risk Level 3,Cloudy,37.0,male,0,388989.42,Heavy,Well-Lit,60
MMTI-2025-00541,Quezon,Bus,Head-on,Risk Level 3,,56.0,Male,0,652585.36,Moderate,Well-Lit,40
MMTI-2025-22792,TAGUIG ,Car,Side-swipe,1,Clear,32.0,Female,0,,Moderate,Poorly-Lit,60
MMTI-2025-17622,Caloocan,Car,Rear-end,,Clear,37.0,Male,0,73373.96,LIGHT,Unlit,60 km/h
MMTI-2025-12468,Marikina,Motorcycle,Head-on,3.0,Clear,41.0,Male,0,"PHP 58,565.94",Heavy,Well-Lit,40 km/h
MMTI-2025-22859,Taguig,Jeepney,Side-swipe,,Rain,33.0,male,0,32293.84,Moderate,Well-Lit,60
MMTI-2025-03057,Makati,SUV/Van,Hit and Run,6,Cloudy,28.0,Male,2,240116.88,Light,Well-Lit,60 kph
MMTI-2025-11805,Navotas,Bus,Side-swipe,3,Rain,40.0,Male,0,,Heavy,Well-Lit,60
MMTI-2025-19302,Paranaque,Jeepney,Side-swipe,3,Clear,22.0,Female,0,117005.44,Light,Well-Lit,60 km/h
MMTI-2025-21827,Quezon,Car,Rear-end,3.0,Cloudy,28.0,Male,0,608296.53,Heavy,Well-Lit,30 km/h
MMTI-2025-20247, muntinlupa,,Hit and Run,2,Clear,30.0,Male,0,"PHP 42,630.29",Heavy,Well-Lit,80 kph
MMTI-2025-09438,Las Pinas,Car,Head-on,2,Clear,17.0,Male,4,88098.2,Moderate,Well-Lit,60
MMTI-2025-17527,Pasay,Car,Rear-end,3,Clear,39.0,Female,0,44978.13,Moderate,Well-Lit,100
MMTI-2025-07786,Quezon,Car,Side-swipe,3,Rainy,17.0,female ,0,891310.91,Moderate,Poorly-Lit,60
MMTI-2025-12416, mandaluyong,Jeepney,Hit and Run,3,Cloudy,29.0,Male,0,,Heavy,Well-Lit,40
MMTI-2025-05932,Paranaque,SUV/Van,Side-swipe,3,Clear,31.0,Male,0,"PHP 122,825.13",Heavy,Lit,30 km/h
MMTI-2025-05319,Las Pinas,,Head-on,3.0,Clear,56.0,Male,0,116018.53,Light,dark,60
MMTI-2025-05147,Quezon,Car,Hit and Run,Risk Level 3,Rainy,33.0,Male,0,899661.13,Heavy,Well-Lit,80
MMTI-2025-20193,Makati,Car,Rear-end,3.0,Cloudy,33.0,Male,0,215026.9,Heavy,Unlit,60
MMTI-2025-05117,Pasig,Car,Hit and Run,3.0,Clear,38.0,Female,0,143836.68,MODERATE,Well-Lit,60
MMTI-2025-19918,Pasig,Car,Head-on,Risk Level 3,Clear,29.0,Male,0,144049.5,Heavy,Poorly-Lit,60
MMTI-2025-04026,QUEZON ,SUV/Van,Side-swipe,2,Clear,47.0,Male,0,99999999,,Unlit,80
MMTI-2025-01847, manila,SUV/Van,Head-on,,Clear,72.0,female ,0,139817.46,Heavy,Well-Lit,60
MMTI-2025-03290,Manila,Jeepney,Side-swipe,2,Rain,45.0,Male,0,32240.68,,Well-Lit,60 kph
MMTI-2025-09252,San Juan,Bus,Hit and Run,1,Clear,38.0,Unknown,0,190962.49,,dark,60
MMTI-2025-14796,Marikina,SUV/Van,Side-swipe,3,,49.0,Male,0,261047.66,Heavy,POOR,40 km/h
MMTI-2025-23602,Quezon,Jeepney,Side-swipe,6,Stormy,49.0,Male,4,3471443.97,Heavy,Well-Lit,100
MMTI-2025-02950,Manila,Motorcycle,Rear-end,,Clear,19.0,Male,0,9641.8,Heavy,Well-Lit,30
MMTI-2025-23376,Pasig,Car,Side-swipe,3,Clear,50.0,Male,0,126037.71,HEAVY,Unlit,40
MMTI-2025-02976,Manila,Truck,Head-on,Risk Level 3,,56.0,Female,0,596581.02,Heavy,Well-Lit,40
MMTI-2025-23105,Quezon,Car,Rear-end,3.0,Cloudy,49.0,Male,0,"PHP 388,196.71",Heavy,Unlit,40
MMTI-2025-03553,Malabon,Motorcycle,Rear-end,3.0,Clear,53.0,Male,0,,Heavy,Well-Lit,80
MMTI-2025-22722,Quezon,Car,Rear-end,3.0,Cloudy,29.0,Male,0,419733.04,Heavy,Poorly-Lit,60
MMTI-2025-17148,Quezon,SUV/Van,Hit and Run,6,Rainy,53.0,Male,2,1093637.95,Moderate,Poorly-Lit,40 km/h
MMTI-2025-19190,Marikina,Car,Head-on,Risk Level 3,Clear,25.0,M,0,64226.7,HEAVY,Poorly-Lit,80
MMTI-2025-02832,Marikina,Car,Hit and Run,3.0,Clear,43.0,Male,0,57.7k,Moderate,Poorly-Lit,60
MMTI-2025-15099,Makati,Bus,Head-on,6,Clear,,Male,2,585378.12,Moderate,Poorly-Lit,60
MMTI-2025-05544,Las Pinas,SUV/Van,Rear-end,3.0,Clear,43.0,Male,0,94511.08,Heavy,Well-Lit,60
MMTI-2025-22693,Mandaluyong,Car,Hit and Run,Risk Level 3,Clear,32.0,Male,0,81031.86,Heavy,Unlit,60 km/h
MMTI-2025-09836,Muntinlupa,Car,Rear-end,Risk Level 6,Clear,38.0,Female,4,51632.25,Heavy,Well-Lit,30 km/h
MMTI-2025-14630,Quezon,Car,Head-on,Risk Level 3,Cloudy,37.0,Male,0,402432.09,Moderate,Poorly-Lit,60
MMTI-2025-15571,Quezon,SUV/Van,Hit and Run,6.0,Cloudy,32.0,Male,2,612675.49,Moderate,dark,60
MMTI-2025-18044,Quezon,Motorcycle,Hit and Run,Risk Level 3,Rainy,49.0,Male,0,1224799.96,Heavy,Well-Lit,40
MMTI-2025-21919,Quezon,Car,Head-on,6,Stormy,30.0,Female,3,2777001.48,Heavy,Poorly-Lit,80 km/h
MMTI-2025-04999,Quezon,SUV/Van,Side-swipe,3.0,Cloudy,31.0,Male,0,"PHP 614,674.28",Heavy,well lit,40
MMTI-2025-18553,Makati,Motorcycle,Head-on,6.0,Cloudy,37.0,Male,1,229051.66,Heavy,Well-Lit,60
MMTI-2025-14805, manila,,Hit and Run,,Clear,29.0,Male,0,73914.27,HEAVY,Well-Lit,60
MMTI-2025-08060,San Juan,SUV/Van,Rear-end,3.0,Cloudy,,Male,0,"PHP 240,877.78",,Well-Lit,80
MMTI-2025-09950,Caloocan,Jeepney,Side-swipe,2.0,Clear,49.0,Male,0,"PHP 15,509.02",,Poorly-Lit,80
MMTI-2025-07260,Makati,Motorcycle,Head-on,6,,44.0,Female,4,52263.83,Light,Poorly-Lit,60 km/h
MMTI-2025-08620,Las Pinas,Car,Head-on,3,Clear,37.0,Male,0,87360.46,Heavy,Poorly-Lit,80 km/h
MMTI-2025-23533,Quezon,Truck,Side-swipe,3,Rain,46.0,Male,0,958254.29,,Well-Lit,30
MMTI-2025-17463,Paranaque,SUV/Van,Head-on,3,Clear,41.0,Male,0,108822.85,Heavy,Unlit,60
MMTI-2025-20331,Taguig,Car,Rear-end,2.0,Cloudy,50.0,Male,0,348976.12,Light,dark,60
MMTI-2025-15438,Makati,Car,Rear-end,Risk Level 3,Cloudy,34.0,Male,0,214735.26,Moderate,Well-Lit,30 km/h
MMTI-2025-13376,,Car,Rear-end,Risk Level 6,Rain,44.0,Male,2,544188.34,Heavy,Well-Lit,60
MMTI-2025-16044,Manila,Car,Side-swipe,3,,39.0,Male,0,279326.63,Heavy,Unlit,40
MMTI-2025-11269,Taguig,Motorcycle,Head-on,6,Cloudy,50.0,Female,2,321922.42,Light,Well-Lit,60
MMTI-2025-11099,,Bus,Head-on,3,Clear,43.0,Male,0,"PHP 752,576.42",Moderate,Poorly-Lit,40
MMTI-2025-19697,Caloocan,Truck,Rear-end,3.0,Storm,,Male,0,601685.1,Light,Poorly-Lit,40 km/h
MMTI-2025-19655,Taguig,SUV/Van,Side-swipe,2.0,Cloudy,48.0,female ,0,293249.44,Heavy,Poorly-Lit,80
MMTI-2025-15950,Quezon,Motorcycle,Rear-end,6,Rainy,31.0,Female,2,1051194.78,Heavy,Well-Lit,30 km/h
MMTI-2025-21672,Navotas,,Side-swipe,3.0,Rain,44.0,female ,0,118422.79,Light,Well-Lit,60
MMTI-2025-06304,Pasig,Car,Head-on,3,Clear,19.0,Female,0,143943.14,Moderate,Poorly-Lit,60
MMTI-2025-13039,Makati,Jeepney,Side-swipe,,Clear,18.0,Male,0,46960.87,Heavy,Well-Lit,100 km/h
MMTI-2025-08818,Quezon,Motorcycle,Rear-end,3.0,Rainy,17.0,Male,0,"PHP 1,412,802.41",Heavy,Lit,30
MMTI-2025-01421,Makati,Car,Hit and Run,3.0,Cloudy,42.0,Female,0,238621.1,Heavy,No Lights,100
MMTI-2025-03643,Pasig,Car,Head-on,3.0,Clear,50.0,Male,0,125226.16,Heavy,Well-Lit,60
MMTI-2025-08229,Manila,Bus,Side-swipe,1.0,Cloudy,,Female,0,214083.42,Moderate,Unlit,40
MMTI-2025-17240,Quezon,Motorcycle,Side-swipe,,Rain,33.0,Male,0,"PHP 5,571.47",Moderate,Poorly-Lit,40
MMTI-2025-01290,San Juan,Car,Side-swipe,3,Clear,25.0,Male,0,39388.41,Heavy,Well-Lit,80 km/h
MMTI-2025-01415,Pasig,Bus,Side-swipe,6,Rain,,Male,1,3463984.42,Heavy,Well-Lit,60
MMTI-2025-19665,Paranaque,Car,Head-on,3.0,Clear,41.0,Male,0,114156.16,HEAVY,Well-Lit,80
MMTI-2025-11316,Quezon,Car,Rear-end,3.0,Stormy,30.0,Male,0,2102575.93,Heavy,Poorly-Lit,100
MMTI-2025-11194,Makati,Bus,Head-on,3,Clear,46.0,Male,0,,Heavy,Unlit,60 kph
MMTI-2025-08283,Muntinlupa,Truck,Hit and Run,6,Clear,27.0,Male,1,54688.38,Moderate,Lit,60
MMTI-2025-14164,Caloocan,SUV/Van,Hit and Run,3,Clear,17.0,Male,0,44243.72,Light,Well-Lit,60
MMTI-2025-22614,PASIG ,SUV/Van,Head-on,,Clear,20.0,Female,0,31878.4,Moderate,Unlit,60
MMTI-2025-03554,Quezon,SUV/Van,Head-on,3,Rainy,0.0,Male,0,952376.05,HEAVY,Poorly-Lit,60
MMTI-2025-01681,Makati,,Rear-end,3,,46.0,F,0,160793.88,Heavy,Well-Lit,40
MMTI-2025-19840,Mandaluyong,Motorcycle,Head-on,2,Clear,52.0,Male,0,74097.12,Light,well lit,40
MMTI-2025-15964,Marikina,Car,Side-swipe,3.0,Clear,23.0,Male,4,58306.12,Heavy,Well-Lit,80 km/h
MMTI-2025-15218,Pasig,Car,Head-on,6,Clear,25.0,Female,2,157098.12,Heavy,well lit,80
MMTI-2025-11020, quezon,Jeepney,Side-swipe,Risk Level 3,,22.0,Male,0,70029.81,Heavy,Unlit,60 kph
MMTI-2025-15893,Paranaque,Truck,Side-swipe,Risk Level 3,Clear,57.0,Male,0,118.9k,Light,POOR,60
MMTI-2025-08691,Quezon,Car,Side-swipe,3.0,Rainy,41.0,Male,0,644090.15,Heavy,Poorly-Lit,30
MMTI-2025-07736,Quezon,Car,Hit and Run,2,Stormy,43.0,Unknown,0,77777777,Heavy,Well-Lit,60 km/h
MMTI-2025-15215,VALENZUELA ,,Head-on,1.0,Clear,41.0,Male,0,,Light,Lit,80 km/h
MMTI-2025-18117,Pasay,Car,Side-swipe,3,Clear,27.0,Male,0,49480.93,Heavy,Well-Lit,60 km/h
MMTI-2025-22972,Manila,Car,Side-swipe,1,Rain,35.0,Male,0,,Moderate,No Lights,60
MMTI-2025-17724,Quezon,Truck,Head-on,Risk Level 3,Cloudy,37.0,Female,0,"PHP 405,594.74",Light,Well-Lit,60 km/h
MMTI-2025-10047,Caloocan,Car,Rear-end,3,Clear,21.0,Female,0,43345.16,Moderate,Well-Lit,80 km/h
MMTI-2025-12506,Quezon,Jeepney,Head-on,3.0,Cloudy,38.0,Male,0,559.4k,Heavy,Well-Lit,30 km/h
MMTI-2025-08734,Muntinlupa,Bus,Side-swipe,3,Clear,,Male,0,823693.5,Heavy,Poorly-Lit,40
MMTI-2025-16665,Paranaque,Car,Rear-end,,Clear,49.0,Female,0,"PHP 68,029.26",Heavy,Well-Lit,40 kph
MMTI-2025-00777,Manila,,Head-on,Risk Level 3,Clear,37.0,Male,0,64625.2,Heavy,Well-Lit,100 km/h
MMTI-2025-08059,Mandaluyong,Car,Hit and Run,2.0,Clear,28.0,M,0,76838.4,MODERATE,Unlit,100
MMTI-2025-02907, marikina,Truck,Head-on,,Clear,42.0,Male,0,147217.88,Heavy,Poorly-Lit,60
MMTI-2025-03492,Quezon,Truck,Head-on,Risk Level 3,Rainy,37.0,F,0,1045321.05,Heavy,Poorly-Lit,60 kph
MMTI-2025-06599,MAKATI ,,Side-swipe,1.0,,31.0,Male,0,65256.37,Moderate,Lit,80
MMTI-2025-09468,Pasig,Car,Hit and Run,3.0,Clear,33.0,Male,0,155820.32,Heavy,No Lights,60
MMTI-2025-10877,Makati,Car,Hit and Run,4.0,Cloudy,55.0,Female,1,250334.48,Heavy,Unlit,100
MMTI-2025-08866,Quezon,Car,Head-on,3,Cloudy,25.0,Male,0,390864.74,Moderate,Well-Lit,60
MMTI-2025-21374,Makati,Motorcycle,Side-swipe,3.0,Cloudy,48.0,Male,0,255.5k,Light,Poorly-Lit,40
MMTI-2025-14813,Pasay,Car,Rear-end,3,Clear,21.0,Male,0,45711.9,Light,Poorly-Lit,80
MMTI-2025-22037,Mandaluyong,Motorcycle,Hit and Run,3,Clear,32.0,Male,0,68491.55,Heavy,Well-Lit,40
MMTI-2025-13372,,SUV/Van,Head-on,Risk Level 3,Rain,34.0,Male,0,485051.03,Heavy,Lit,40
MMTI-2025-12989,Quezon,SUV/Van,Rear-end,6,Clear,,Female,2,343190.5,Heavy,Unlit,30
MMTI-2025-21539,Manila,SUV/Van,Rear-end,Risk Level 3,,46.0,Female,0,388900.57,Moderate,Well-Lit,60 km/h
MMTI-2025-16475,,Motorcycle,Head-on,3,Cloudy,31.0,Male,0,24.3k,Heavy,Well-Lit,60
MMTI-2025-12332,Pasay,SUV/Van,Side-swipe,Risk Level 3,Clear,38.0,Male,0,50332.05,Heavy,Well-Lit,80 km/h
MMTI-2025-11454,Quezon,Car,Head-on,3,Rainy,45.0,Male,0,1117334.38,Heavy,Well-Lit,40 kph
MMTI-2025-04152,Quezon,Car,Head-on,Risk Level 6,Rainy,19.0,Male,3,750731.26,Heavy,Well-Lit,60
MMTI-2025-02913,Quezon,Motorcycle,Hit and Run,3,Rainy,40.0,Male,0,1526112.92,Light,Well-Lit,60
MMTI-2025-02771,Manila,Car,Hit and Run,3,Cloudy,40.0,Female,0,184041.04,Moderate,Well-Lit,80
MMTI-2025-18178,Mandaluyong,Truck,Side-swipe,,,39.0,Male,0,472231.02,,Well-Lit,60
MMTI-2025-11468,Quezon,Motorcycle,Hit and Run,3,Cloudy,17.0,Unknown,0,605017.02,Light,Well-Lit,80
MMTI-2025-01869,Quezon,Jeepney,Side-swipe,Risk Level 3,Clear,43.0,Male,0,63001.84,,Well-Lit,40 km/h
MMTI-2025-16346,Quezon,Truck,Head-on,3,Cloudy,28.0,Male,0,584887.78,Moderate,Poorly-Lit,40
MMTI-2025-23063,Makati,SUV/Van,Side-swipe,3.0,,45.0,Male,0,328851.82,HEAVY,Well-Lit,30
MMTI-2025-20266,Las Pinas,Jeepney,Rear-end,4.0,,30.0,Male,1,38459.78,Moderate,dark,80
MMTI-2025-14666,Quezon,Truck,Head-on,3,Rainy,35.0,Male,0,863460.86,Heavy,Well-Lit,60
MMTI-2025-13664,Mandaluyong,Truck,Side-swipe,3.0,Clear,49.0,Male,0,68465.34,Heavy,Well-Lit,60
MMTI-2025-05323,Makati,Car,Hit and Run,3,,34.0,Male,0,103838.27,Moderate,Well-Lit,60
MMTI-2025-09490,,SUV/Van,Side-swipe,3.0,Rain,38.0,Male,0,206263.46,Heavy,Well-Lit,80 kph
MMTI-2025-18527,Caloocan,SUV/Van,Hit and Run,1,Clear,18.0,Male,0,67789.9,,Unlit,80
MMTI-2025-22921,Makati,Truck,Rear-end,Risk Level 3,,33.0,Female,0,464355.82,Heavy,No Lights,100
MMTI-2025-06176,Makati,Bus,Rear-end,3.0,Clear,44.0,Male,0,,Moderate,Poorly-Lit,60 km/h
MMTI-2025-18418,Quezon,Car,Head-on,Risk Level 6,Rainy,32.0,Male,1,1198361.93,Heavy,Well-Lit,60
MMTI-2025-16998,Mandaluyong,Jeepney,Head-on,Risk Level 3,Clear,27.0,Male,0,71070.07,Moderate,Poorly-Lit,80
MMTI-2025-03872,Quezon,,Hit and Run,6,,19.0,Male,1,,MODERATE,Well-Lit,40
MMTI-2025-09982,Marikina,Car,Head-on,2,Clear,44.0,Male,0,63866.2,MODERATE,Well-Lit,80
MMTI-2025-12600,Muntinlupa,Car,Rear-end,3,Clear,52.0,Male,0,52582.91,Heavy,Well-Lit,60
MMTI-2025-18599,Taguig,Car,Side-swipe,3,Cloudy,33.0,F,0,287141.51,Heavy,Well-Lit,60 km/h
MMTI-2025-13459,Manila,,Rear-end,3,Clear,52.0,Male,0,272.0k,Heavy,Well-Lit,60 km/h
MMTI-2025-02469,Paranaque,Car,Hit and Run,3.0,Clear,59.0,Male,0,98661.52,Moderate,Unlit,60
MMTI-2025-08086,Pasig,Truck,Hit and Run,3,Clear,23.0,Male,0,928365.07,,POOR,30
MMTI-2025-08073,,Motorcycle,Hit and Run,2.0,Clear,47.0,Male,0,5134.45,Moderate,Well-Lit,60
MMTI-2025-13113,Quezon,,Side-swipe,2,Rain,27.0,F,0,23515.15,Light,well lit,60
MMTI-2025-19799,Manila,Jeepney,Side-swipe,3,,38.0,Male,0,17336.98,Heavy,Well-Lit,60
MMTI-2025-07731,Quezon,Car,Hit and Run,3,Rainy,45.0,Female,0,1062252.18,Light,Well-Lit,80
MMTI-2025-01804,MANILA ,Bus,Head-on,3,Clear,43.0,Male,0,634880.18,,Well-Lit,40
MMTI-2025-13412,Taguig,Car,Hit and Run,3,Cloudy,0.0,Male,0,291260.07,MODERATE,Poorly-Lit,60
MMTI-2025-09810,,Bus,Side-swipe,3,Cloudy,34.0,Male,0,622046.32,Light,Unlit,30
MMTI-2025-02606,Quezon,Car,Hit and Run,3,Rainy,32.0,Male,0,1267448.88,Heavy,Well-Lit,60
MMTI-2025-14744,Caloocan,Motorcycle,Rear-end,3,Clear,30.0,Male,0,43837.9,MODERATE,Well-Lit,80 km/h
MMTI-2025-00401,Marikina,Motorcycle,Side-swipe,3,Clear,30.0,Male,0,66915.9,Heavy,Poorly-Lit,80 km/h
MMTI-2025-18153,Quezon,Motorcycle,Head-on,6,Rainy,33.0,Male,1,1591136.85,Heavy,Well-Lit,60
MMTI-2025-21730,Quezon,,Side-swipe,Risk Level 3,Rain,50.0,Male,0,"PHP 90,815.78",Heavy,Well-Lit,60
MMTI-2025-06838,Quezon,Car,Hit and Run,3,Rainy,31.0,Male,0,"PHP 734,622.57",Moderate,Well-Lit,60
MMTI-2025-08252, quezon,Jeepney,Side-swipe,2,Clear,,Male,0,26127.5,HEAVY,Poorly-Lit,60
MMTI-2025-13392,Quezon,Motorcycle,Hit and Run,3,Rainy,40.0,Male,0,"PHP 871,028.87",Moderate,Unlit,30
MMTI-2025-01996,Quezon,SUV/Van,Head-on,3,Cloudy,39.0,Female,0,595138.77,Moderate,Lit,60
MMTI-2025-01071,Quezon,Motorcycle,Hit and Run,3,Rainy,34.0,Female,0,897.3k,Heavy,Well-Lit,60
MMTI-2025-14873,Quezon,Motorcycle,Hit and Run,Risk Level 3,Rainy,48.0,Male,0,747056.03,Light,POOR,60
MMTI-2025-22288,Pasig,SUV/Van,Side-swipe,,,33.0,Male,0,22865.76,Moderate,Well-Lit,30
MMTI-2025-19858,Caloocan,Motorcycle,Hit and Run,3,Clear,40.0,Female,0,42.5k,Heavy,Well-Lit,60 km/h
MMTI-2025-05799,Las Pinas,Car,Side-swipe,3,Clear,41.0,Male,0,87304.17,Light,Poorly-Lit,40
MMTI-2025-21862,,Bus,Head-on,3.0,Clear,37.0,M,0,789223.31,Moderate,Well-Lit,60 km/h
MMTI-2025-06430,Quezon,Car,Hit and Run,Risk Level 3,Rainy,45.0,Male,0,742980.95,Heavy,Well-Lit,60
MMTI-2025-01341,Quezon,Car,Hit and Run,3.0,Cloudy,66.0,Male,0,389972.44,Heavy,Poorly-Lit,40
MMTI-2025-23415,Pasig,Motorcycle,Rear-end,Risk Level 2,Clear,43.0,Unknown,0,153.4k,Heavy,Unlit,60
MMTI-2025-23291,Marikina,Bus,Rear-end,3,Storm,48.0,F,0,247091.64,,Well-Lit,60
MMTI-2025-01440,Marikina,Car,Hit and Run,3,Clear,32.0,Male,0,59616.89,MODERATE,Unlit,40
MMTI-2025-19964,Quezon,Car,Head-on,6,Cloudy,42.0,Male,2,580607.99,Light,Well-Lit,60 km/h
MMTI-2025-19480,Pasig,Car,Side-swipe,3,Clear,59.0,Male,0,144246.87,Heavy,Unlit,60
MMTI-2025-12884,,Jeepney,Side-swipe,3,Storm,43.0,Male,0,"PHP 20,223.82",Light,Well-Lit,60
MMTI-2025-03321,Manila,Motorcycle,Hit and Run,6,Clear,39.0,Male,2,81022.19,,Poorly-Lit,80
MMTI-2025-10326,Quezon,Motorcycle,Side-swipe,3,Rainy,50.0,Male,0,840284.54,Moderate,Well-Lit,60
MMTI-2025-17903,Taguig,Car,Hit and Run,3,Cloudy,41.0,Male,0,335000.89,Moderate,dark,60 km/h
MMTI-2025-20730,Manila,Motorcycle,Side-swipe,,Clear,37.0,Male,0,5951.53,,Well-Lit,60
MMTI-2025-02940,Quezon,Motorcycle,Hit and Run,6,Rainy,33.0,Male,4,800507.18,Moderate,well lit,60
MMTI-2025-04071,Makati,Car,Hit and Run,3.0,Cloudy,28.0,Female,0,223773.1,Moderate,Unlit,30
MMTI-2025-02985,,Jeepney,Hit and Run,3,Cloudy,42.0,Female,0,124867.54,Light,Poorly-Lit,80
MMTI-2025-12654,Quezon,Car,Head-on,3,,23.0,Male,0,229750.36,Heavy,Poorly-Lit,30 kph
MMTI-2025-00043,Quezon,Car,Head-on,3,Rainy,27.0,Male,0,991233.88,Heavy,No Lights,60 kph
MMTI-2025-05605,,Truck,Head-on,3.0,Clear,69.0,Female,0,527089.84,Heavy,Poorly-Lit,40 km/h
MMTI-2025-17278,Pasig,Car,Rear-end,3,Clear,17.0,Male,0,"PHP 144,795.11",Heavy,well lit,30
MMTI-2025-06849,Quezon,Car,Rear-end,2,Cloudy,26.0,M,0,395425.29,MODERATE,Well-Lit,60 km/h
MMTI-2025-22506,Makati,Motorcycle,Hit and Run,3.0,Cloudy,46.0,Male,0,257211.65,Heavy,Well-Lit,60
MMTI-2025-01539,Makati,SUV/Van,Hit and Run,3.0,Cloudy,32.0,Female,0,229385.73,Heavy,Well-Lit,60 km/h