Incident_ID,City,Vehicle_Type,Accident_Type,Severity,Weather_Condition,Driver_Age,Driver_Gender,Injury_Count,Damage_Cost_PHP,Traffic_Volume,Road_Lighting,Speed_Limit
MMTI-2025-15594,Quezon,Motorcycle,Rear-end,3,Rainy,39.0,Male,0,1560283.05,Moderate,Well-Lit,100 kph
MMTI-2025-03468,Quezon,,Hit and Run,Risk Level 2,,22.0,Male,0,42358.52,Heavy,Well-Lit,40 km/h
MMTI-2025-04826,Las Pinas,,Hit and Run,3.0,Clear,36.0,Male,0,190571.89,Heavy,Poorly-Lit,60 km/h
MMTI-2025-21039,Quezon,Truck,Side-swipe,6,Rain,22.0,Female,4,3750633.3,,Poorly-Lit,60 km/h
MMTI-2025-00761,Manila,SUV/Van,Side-swipe,3,Clear,34.0,Male,0,,MODERATE,Well-Lit,60
MMTI-2025-08553,,SUV/Van,Rear-end,3,Clear,49.0,Male,0,323200.15,Moderate,Well-Lit,60
MMTI-2025-23440,Manila,Jeepney,Side-swipe,,Clear,31.0,Male,0,45567.05,Moderate,Poorly-Lit,30
MMTI-2025-09009,Manila,Bus,Head-on,3.0,,46.0,Male,0,1119028.21,Heavy,Poorly-Lit,40
MMTI-2025-02392,Quezon,Car,Head-on,3,Rainy,33.0,Female,0,1047372.11,Heavy,Well-Lit,100 km/h
MMTI-2025-23462,,Jeepney,Side-swipe,3,Clear,31.0,Male,0,,Heavy,Well-Lit,60
MMTI-2025-02751,Marikina,Motorcycle,Rear-end,Risk Level 6,Clear,30.0,Male,4,67175.54,Heavy,Poorly-Lit,80
MMTI-2025-20263,Muntinlupa,Motorcycle,Hit and Run,,Cloudy,21.0,Male,0,6559.64,Heavy,Well-Lit,60 km/h
MMTI-2025-13738,Quezon,Truck,Side-swipe,3,Clear,31.0,Female,0,825652.74,,Well-Lit,40
MMTI-2025-22603,Makati,,Head-on,Risk Level 2,Clear,36.0,Female,0,24522.86,Light,Well-Lit,100 km/h
MMTI-2025-17754,Quezon,Car,Head-on,9,Stormy,47.0,Male,3,3334797.99,Heavy,Well-Lit,60 km/h
MMTI-2025-06415,Pasig,Motorcycle,Hit and Run,3,Clear,41.0,male,0,124770.63,Heavy,Well-Lit,60
MMTI-2025-08915,Manila,Car,Rear-end,3.0,Cloudy,44.0,Male,0,189593.79,HEAVY,Poorly-Lit,60
MMTI-2025-21936,TAGUIG ,Car,Head-on,,Clear,46.0,Male,0,25932.9,Heavy,Poorly-Lit,60
MMTI-2025-13007,Makati,Motorcycle,Hit and Run,3,Clear,29.0,Male,0,30302.41,,Well-Lit,40
MMTI-2025-09826,Malabon,SUV/Van,Rear-end,,,30.0,Male,0,91862.44,Light,POOR,80
MMTI-2025-19008,Caloocan,Car,Rear-end,4,,31.0,Female,3,200908.07,Moderate,Poorly-Lit,60
MMTI-2025-18319,Manila,,Head-on,2,Clear,25.0,Male,0,77777777,Moderate,Poorly-Lit,60 km/h
MMTI-2025-01737,Quezon,Car,Side-swipe,3,Clear,30.0,Female,0,,Heavy,Poorly-Lit,60
MMTI-2025-10653,Caloocan,,Rear-end,3.0,Rain,40.0,Male,0,99999999,Heavy,Poorly-Lit,80 km/h
MMTI-2025-22590,Pasig,Car,Head-on,3.0,Clear,37.0,Female,2,125314.02,Moderate,Poorly-Lit,40
MMTI-2025-16834,Paranaque,SUV/Van,Side-swipe,Risk Level 3,Clear,54.0,Male,0,119865.05,Moderate,dark,30
MMTI-2025-23614,Quezon,SUV/Van,Head-on,3.0,Cloudy,28.0,Male,0,457704.15,HEAVY,Well-Lit,60
MMTI-2025-18168,Manila,,Hit and Run,3,Rain,44.0,Male,0,84940.47,Heavy,Well-Lit,40
MMTI-2025-03706,Makati,Car,Hit and Run,Risk Level 3,Cloudy,31.0,Female,0,"PHP 215,802.17",Heavy,Well-Lit,30
MMTI-2025-19428,Pasig,Car,Rear-end,3,Clear,33.0,Male,0,,Light,Unlit,60
MMTI-2025-18353,Quezon,Car,Rear-end,3,Rainy,46.0,Male,0,1158620.7,Light,Well-Lit,60
MMTI-2025-01679,Manila,Car,Head-on,3.0,Cloudy,29.0,Male,0,196273.78,Moderate,Well-Lit,60
MMTI-2025-06064,Quezon,Motorcycle,Rear-end,1,Rainy,46.0,Female,0,696607.23,Light,Well-Lit,40
MMTI-2025-18199,Makati,SUV/Van,Hit and Run,3,Cloudy,26.0,Female,0,216614.55,Heavy,Well-Lit,60
MMTI-2025-15286,Taguig,,Rear-end,3.0,Clear,30.0,Male,0,110018.43,Heavy,Well-Lit,80
MMTI-2025-12920,Quezon,,Rear-end,Risk Level 3,Clear,48.0,Male,0,186270.89,Heavy,No Lights,100 kph
MMTI-2025-10589,Marikina,Jeepney,Head-on,Risk Level 3,,36.0,Male,0,123165.99,Light,Poorly-Lit,40
MMTI-2025-09488, quezon,Truck,Rear-end,,Clear,37.0,Male,0,279375.36,Moderate,POOR,30
MMTI-2025-08991,Quezon,Car,Hit and Run,3,Cloudy,999.0,Female,0,368043.54,Heavy,Well-Lit,40
MMTI-2025-05252,Quezon,Motorcycle,Head-on,3.0,Rainy,41.0,Male,0,634041.75,Heavy,Poorly-Lit,60
MMTI-2025-13326,Quezon,SUV/Van,Side-swipe,3.0,Rainy,39.0,F,0,706249.49,Moderate,Poorly-Lit,60
MMTI-2025-04300,Manila,SUV/Van,Side-swipe,3,Cloudy,56.0,Male,0,177680.82,Heavy,Poorly-Lit,80
MMTI-2025-01825,Caloocan,Car,Head-on,3.0,Clear,,Female,0,185461.58,Heavy,Well-Lit,60
MMTI-2025-05280,PASAY ,Motorcycle,Side-swipe,3,,47.0,Male,0,21253.68,Heavy,Well-Lit,60
MMTI-2025-23088,Quezon,Car,Hit and Run,Risk Level 3,,32.0,M,0,218144.91,Heavy,dark,60
MMTI-2025-06162,Quezon,Car,Hit and Run,3,Cloudy,34.0,Male,0,492938.24,Heavy,Well-Lit,60
MMTI-2025-06628,Paranaque,Car,Rear-end,3.0,Clear,33.0,Male,0,"PHP 104,283.54",Heavy,Well-Lit,60 km/h
MMTI-2025-04347,Manila,Car,Head-on,2.0,Cloudy,32.0,Male,0,72849.76,,Well-Lit,60
MMTI-2025-02523,Quezon,Jeepney,Side-swipe,6,,34.0,Male,3,237772.43,Heavy,Poorly-Lit,60 kph
MMTI-2025-07334,Paranaque,Car,Rear-end,3,Clear,35.0,Male,0,99257.16,Heavy,Well-Lit,40
MMTI-2025-08602,Muntinlupa,Motorcycle,Rear-end,Risk Level 3,,23.0,Male,0,39041.08,Heavy,Well-Lit,100
MMTI-2025-13050,Quezon,Motorcycle,Rear-end,3,Rainy,28.0,Female,0,757828.94,Heavy,Well-Lit,60
MMTI-2025-06538,Manila,Motorcycle,Hit and Run,3.0,Cloudy,25.0,Male,0,189696.89,Heavy,Lit,40
MMTI-2025-21605,Muntinlupa,Car,Rear-end,Risk Level 3,Clear,52.0,Male,0,55448.14,Heavy,Unlit,40
MMTI-2025-05569,Pasig,Car,Head-on,3,Clear,42.0,Male,0,"PHP 146,489.84",Heavy,Poorly-Lit,30 km/h
MMTI-2025-01230,Makati,Car,Side-swipe,Risk Level 3,Cloudy,38.0,Male,0,235649.42,Moderate,Well-Lit,100
MMTI-2025-06867,PARANAQUE ,,Head-on,3.0,Clear,53.0,Male,0,58526.45,Heavy,Well-Lit,30
MMTI-2025-02910,Las Pinas,Car,Hit and Run,3,Clear,32.0,Male,0,89060.42,Moderate,POOR,60
MMTI-2025-06870,Makati,Motorcycle,Hit and Run,,Cloudy,23.0,Male,0,"PHP 15,303.36",Heavy,Well-Lit,60
MMTI-2025-10487,Mandaluyong,,Head-on,6,Rain,17.0,Female,1,527788.27,Moderate,Poorly-Lit,60
MMTI-2025-06296,Quezon,Motorcycle,Side-swipe,3,Rainy,54.0,Male,0,"PHP 1,432,862.43",HEAVY,Well-Lit,60 kph
MMTI-2025-21785,Quezon,SUV/Van,Head-on,6.0,Rainy,30.0,Male,3,1697297.75,Heavy,dark,60 km/h
MMTI-2025-00263,Quezon,Car,Side-swipe,3.0,Stormy,31.0,Male,0,77777777,Heavy,Poorly-Lit,40
MMTI-2025-04921,Makati,Motorcycle,Hit and Run,Risk Level 3,Cloudy,55.0,Male,0,242.0k,Heavy,Well-Lit,60
MMTI-2025-12560,Paranaque,Truck,Hit and Run,Risk Level 3,Clear,32.0,male,0,118300.59,Heavy,Well-Lit,40
MMTI-2025-13590,Pasay,Truck,Head-on,1,Clear,34.0,Male,0,48325.43,Moderate,Well-Lit,60 km/h
MMTI-2025-07190,Taguig,Car,Rear-end,1.0,Cloudy,40.0,Female,0,346012.74,Moderate,Well-Lit,60
MMTI-2025-22527,Quezon,Car,Side-swipe,Risk Level 6,Stormy,37.0,Female,3,2262981.49,Moderate,well lit,40 km/h
MMTI-2025-07803,Pasay,Car,Hit and Run,3,Clear,19.0,Male,0,46309.68,Heavy,Well-Lit,60
MMTI-2025-14177,Valenzuela,Car,Side-swipe,2.0,,29.0,Male,0,62444.12,Moderate,Poorly-Lit,40
MMTI-2025-19740,Quezon,Motorcycle,Rear-end,6,Cloudy,25.0,Female,1,485354.13,Moderate,Well-Lit,60
MMTI-2025-19120,Pasig,SUV/Van,Head-on,6,Clear,19.0,Male,4,130.6k,Heavy,Poorly-Lit,60 km/h
MMTI-2025-15682,Makati,,Side-swipe,3,Rain,22.0,Female,0,167243.1,Heavy,Well-Lit,60 km/h
MMTI-2025-00686,,Car,Hit and Run,3.0,Clear,17.0,Male,0,195539.31,Moderate,Unlit,60 kph
MMTI-2025-20387,Mandaluyong,,Hit and Run,3,Clear,44.0,Male,0,51.2k,Heavy,Well-Lit,60
MMTI-2025-17785,Quezon,Motorcycle,Side-swipe,3,Cloudy,47.0,Female,0,478615.6,Heavy,Poorly-Lit,80
MMTI-2025-20081,Quezon,Car,Hit and Run,3.0,Rainy,43.0,Male,0,1143945.03,Light,Poorly-Lit,40
MMTI-2025-20060,Quezon,Car,Head-on,3,Rainy,55.0,Male,0,732197.96,Heavy,well lit,40
MMTI-2025-19402,Quezon,Car,Head-on,,Storm,30.0,Male,0,82876.21,Moderate,Poorly-Lit,60 km/h
MMTI-2025-10439,Manila,Motorcycle,Head-on,,,30.0,Female,0,8502.2,,Well-Lit,30 km/h
MMTI-2025-16897,Makati,Car,Hit and Run,3,Cloudy,29.0,Male,0,218778.77,Heavy,Well-Lit,80
MMTI-2025-13332,Quezon,SUV/Van,Side-swipe,3.0,Rainy,53.0,Male,0,1250971.8,Heavy,Poorly-Lit,30
MMTI-2025-01923,Quezon,Bus,Side-swipe,3,Clear,40.0,Male,0,,Moderate,Well-Lit,40
MMTI-2025-11427,Caloocan,Car,Rear-end,3.0,Clear,41.0,Female,0,43243.35,Moderate,dark,100
MMTI-2025-07491,,Truck,Head-on,3,Clear,17.0,Male,0,770043.05,Heavy,Well-Lit,60
MMTI-2025-13581,San Juan,Truck,Hit and Run,3,,50.0,Male,0,467271.03,Heavy,Well-Lit,80 km/h
MMTI-2025-01503,Muntinlupa,SUV/Van,Rear-end,3,Clear,25.0,Male,0,55514.86,Moderate,Well-Lit,30
MMTI-2025-06453,Pasig,Motorcycle,Hit and Run,3,Clear,44.0,Male,0,132300.8,Moderate,well lit,60
MMTI-2025-07360,Las Pinas,Motorcycle,Head-on,Risk Level 3,Clear,33.0,M,0,90.4k,Light,Poorly-Lit,60 km/h
MMTI-2025-05409,,Jeepney,Hit and Run,6.0,Clear,56.0,Male,4,341240.0,Heavy,Poorly-Lit,60
MMTI-2025-05517,Caloocan,Bus,Hit and Run,,Clear,49.0,Female,0,249159.02,Heavy,Well-Lit,30
MMTI-2025-01047,Las Pinas,Truck,Hit and Run,3,Clear,38.0,Male,0,94614.72,Heavy,Well-Lit,40 km/h
MMTI-2025-22708,Caloocan,Car,Side-swipe,3,Storm,,Male,0,"PHP 64,474.77",Moderate,Unlit,60
MMTI-2025-21087,Quezon,Car,Hit and Run,Risk Level 6,Cloudy,27.0,Male,1,"PHP 462,794.91",Heavy,POOR,60
MMTI-2025-15804,San Juan,Motorcycle,Side-swipe,3,,54.0,Female,0,42638.37,Heavy,Well-Lit,80
MMTI-2025-08950,Quezon,Car,Side-swipe,3,Cloudy,32.0,Female,0,383643.75,Heavy,Well-Lit,60 km/h
MMTI-2025-20600,Quezon,Truck,Head-on,,,33.0,Female,0,458509.91,Heavy,Poorly-Lit,60 kph
MMTI-2025-02381,Muntinlupa,Car,Rear-end,Risk Level 6,Clear,17.0,Male,1,55907.42,Moderate,Poorly-Lit,40
MMTI-2025-16083,Quezon,Motorcycle,Head-on,6,Cloudy,40.0,Unknown,1,621821.08,Light,Well-Lit,60
MMTI-2025-02515, manila,Motorcycle,Side-swipe,,Rain,26.0,Male,0,6091.46,Moderate,Well-Lit,60 kph
MMTI-2025-06034,PARANAQUE ,Motorcycle,Rear-end,1.0,,41.0,Male,0,15.4k,Moderate,Well-Lit,60
MMTI-2025-18348,,Bus,Head-on,3,Clear,,Male,0,1182736.5,Light,Well-Lit,60
MMTI-2025-18626,Pasay,Motorcycle,Rear-end,3,Clear,31.0,F,0,49070.12,Moderate,Well-Lit,60 km/h
MMTI-2025-00016,Paranaque,Motorcycle,Hit and Run,3,Clear,19.0,Female,0,102060.62,Moderate,dark,80 km/h
MMTI-2025-23140,Las Pinas,Car,Side-swipe,3,Clear,30.0,Female,0,96055.71,Moderate,Unlit,80
MMTI-2025-19919,Makati,Motorcycle,Side-swipe,3,Cloudy,23.0,Male,0,266181.86,Moderate,Well-Lit,60
MMTI-2025-09709,Paranaque,Car,Rear-end,3.0,Clear,17.0,Male,0,99086.05,Moderate,Well-Lit,60
MMTI-2025-07540,Quezon,Truck,Head-on,3,Cloudy,37.0,Male,0,404036.21,Moderate,Poorly-Lit,60
MMTI-2025-07015,Taguig,Motorcycle,Hit and Run,Risk Level 6,Cloudy,42.0,Unknown,1,289695.08,Heavy,Well-Lit,60
MMTI-2025-17155,Makati,Jeepney,Head-on,3,Rain,38.0,Male,0,41429.01,,Poorly-Lit,60
MMTI-2025-02653,Quezon,Car,Side-swipe,3,Cloudy,38.0,Female,0,427764.0,Heavy,Well-Lit,60
MMTI-2025-22222,Manila,SUV/Van,Head-on,,Clear,32.0,Female,0,127289.78,Heavy,well lit,80 km/h
MMTI-2025-10261,Caloocan,Jeepney,Head-on,3.0,Clear,41.0,Male,0,44.7k,Heavy,Poorly-Lit,60 km/h
MMTI-2025-09873,San Juan,Motorcycle,Side-swipe,3,Clear,58.0,Male,0,40656.04,Heavy,Well-Lit,60 km/h
MMTI-2025-11559,Paranaque,Motorcycle,Rear-end,Risk Level 2,Clear,17.0,Male,1,110578.89,Moderate,Well-Lit,40
MMTI-2025-20965,Pasay,SUV/Van,Hit and Run,3,Clear,32.0,Female,0,118277.98,,well lit,40
MMTI-2025-14767,Manila,Motorcycle,Head-on,2,Clear,36.0,Female,0,164124.3,MODERATE,Well-Lit,40
MMTI-2025-18193,Las Pinas,Jeepney,Side-swipe,,Clear,42.0,Male,0,37912.48,Heavy,Well-Lit,60 km/h
MMTI-2025-22150,Taguig,Car,Side-swipe,2.0,Cloudy,27.0,Male,0,291.2k,Moderate,Well-Lit,40
MMTI-2025-14303,Pasay,Motorcycle,Side-swipe,,Clear,30.0,Male,0,4413.03,Light,Well-Lit,40
MMTI-2025-01286,Mandaluyong,Jeepney,Hit and Run,3,Rain,47.0,Male,0,20344.13,,Well-Lit,60
MMTI-2025-17406,Taguig,Jeepney,Side-swipe,3,Cloudy,48.0,Male,0,348213.89,Heavy,Well-Lit,80
MMTI-2025-21614,,Motorcycle,Hit and Run,Risk Level 6,Clear,33.0,Male,1,52446.45,Heavy,Well-Lit,60
MMTI-2025-07432,Mandaluyong,Car,Head-on,3,Clear,56.0,M,0,69862.2,Heavy,Well-Lit,80
MMTI-2025-02812,Quezon,Motorcycle,Head-on,3.0,,41.0,Male,0,16419.58,Moderate,Unlit,80
MMTI-2025-00572,Pasay,Motorcycle,Side-swipe,3,Clear,34.0,Male,0,46711.12,HEAVY,Unlit,60 km/h
MMTI-2025-10233,Taguig,Car,Hit and Run,3.0,Cloudy,32.0,Male,0,274942.69,Heavy,Poorly-Lit,60
MMTI-2025-08241,Makati,Motorcycle,Hit and Run,,Clear,45.0,Male,0,7994.71,Heavy,Well-Lit,80
MMTI-2025-18313,MUNTINLUPA ,Jeepney,Hit and Run,3,Clear,29.0,M,0,34944.29,,Well-Lit,40 km/h
MMTI-2025-16980,Pasig,Bus,Side-swipe,,Clear,38.0,female ,0,117624.82,Moderate,Well-Lit,80 kph
MMTI-2025-16056,Quezon,Bus,Side-swipe,2,,23.0,Female,0,384560.15,Moderate,Well-Lit,60
MMTI-2025-02659,Manila,Truck,Side-swipe,,Clear,28.0,Male,0,397355.16,,dark,60 km/h
MMTI-2025-05472,Manila,Bus,Head-on,6,Clear,,Male,4,1265628.55,Moderate,Well-Lit,40
MMTI-2025-05292,Mandaluyong,SUV/Van,Side-swipe,1,Clear,44.0,Male,0,25296.51,,dark,40
MMTI-2025-11464, manila,SUV/Van,Side-swipe,3.0,Clear,47.0,Male,0,197244.93,,Well-Lit,60 km/h
MMTI-2025-03111,Muntinlupa,Car,Rear-end,2,,31.0,female ,0,21.4k,Heavy,Poorly-Lit,80
MMTI-2025-08634,Manila,Jeepney,Side-swipe,3,Clear,35.0,Male,0,,Moderate,Well-Lit,80 km/h
MMTI-2025-05264,Quezon,Car,Rear-end,6,Stormy,17.0,Male,1,3191807.11,MODERATE,Well-Lit,60
MMTI-2025-07963,Makati,Motorcycle,Rear-end,6.0,Cloudy,17.0,Male,2,231650.74,Heavy,Unlit,60
MMTI-2025-01289,Marikina,Motorcycle,Hit and Run,3,Clear,39.0,Male,0,65888.42,Heavy,Poorly-Lit,60
MMTI-2025-00320,Quezon,Truck,Head-on,3.0,Clear,32.0,Male,0,566.1k,,Poorly-Lit,60 km/h
MMTI-2025-13943,Muntinlupa,Car,Side-swipe,2,Clear,48.0,Male,0,,Heavy,Poorly-Lit,60
MMTI-2025-20285,Makati,Jeepney,Rear-end,,Rain,30.0,Male,0,29224.17,Moderate,Well-Lit,80
MMTI-2025-04662,Manila,Car,Rear-end,,Clear,0.0,Male,0,94637.66,Light,Well-Lit,30 km/h
MMTI-2025-22597,MAKATI ,Bus,Hit and Run,Risk Level 6,Storm,50.0,Male,3,1841604.77,,Well-Lit,60 kph
MMTI-2025-17984,Taguig,Motorcycle,Head-on,Risk Level 3,Cloudy,36.0,Male,0,273157.35,Heavy,Well-Lit,40
MMTI-2025-04544,Manila,Car,Hit and Run,3,Clear,22.0,Male,0,0,,Poorly-Lit,60
MMTI-2025-05326,Mandaluyong,Car,Side-swipe,3.0,Clear,45.0,Male,0,71260.04,Heavy,Well-Lit,60
MMTI-2025-18123,Caloocan,SUV/Van,Head-on,4.0,Clear,26.0,Male,1,41326.63,Heavy,Well-Lit,30
MMTI-2025-02768,,SUV/Van,Side-swipe,2.0,Cloudy,36.0,female ,0,76566.59,,Poorly-Lit,60 km/h
MMTI-2025-15721,Quezon,Car,Head-on,3,Cloudy,41.0,Male,1,405144.49,Moderate,Poorly-Lit,60 km/h
MMTI-2025-05795,MANDALUYONG ,,Head-on,Risk Level 3,Rain,25.0,Male,0,157435.02,Heavy,Well-Lit,60
MMTI-2025-04178,Makati,Car,Rear-end,3,Cloudy,49.0,Male,0,230323.19,HEAVY,Well-Lit,100
MMTI-2025-13137,Mandaluyong,Car,Head-on,3,Clear,51.0,Female,0,69433.14,Heavy,Well-Lit,60
MMTI-2025-07295,,Car,Head-on,3,Cloudy,30.0,male,0,193141.04,HEAVY,Poorly-Lit,80
MMTI-2025-07177,Manila,Motorcycle,Rear-end,Risk Level 3,Cloudy,49.0,Male,0,209203.68,Heavy,Lit,60 kph
MMTI-2025-07787,Quezon,Bus,Rear-end,3,,33.0,Male,0,466328.06,Heavy,Well-Lit,60
MMTI-2025-14334,Pasay,Car,Hit and Run,3,Clear,41.0,Male,0,50366.8,Heavy,Unlit,40 km/h
MMTI-2025-09118,Taguig,Bus,Head-on,3,Clear,34.0,Male,0,"PHP 428,399.65",,Well-Lit,60 km/h
MMTI-2025-12978,Pasay,Jeepney,Rear-end,,Cloudy,23.0,Male,2,32835.67,Moderate,Well-Lit,40
MMTI-2025-14061,Quezon,SUV/Van,Head-on,3,Cloudy,30.0,Female,0,,,Unlit,40 kph
MMTI-2025-04565,Manila,Motorcycle,Hit and Run,Risk Level 3,Cloudy,30.0,Male,0,180992.35,Heavy,Poorly-Lit,40
MMTI-2025-09626,Quezon,Car,Hit and Run,3.0,Rainy,31.0,Female,0,854832.26,Light,Well-Lit,100
MMTI-2025-01697, caloocan,Truck,Hit and Run,,Clear,45.0,Male,0,428623.03,Heavy,POOR,60 km/h
MMTI-2025-07539,Valenzuela,Motorcycle,Side-swipe,Risk Level 3,Clear,41.0,Female,0,38044.42,Heavy,dark,60
MMTI-2025-14568,Quezon,SUV/Van,Hit and Run,Risk Level 6,Clear,,Male,1,359398.54,MODERATE,Unlit,80 km/h
MMTI-2025-05774,Manila,Motorcycle,Rear-end,,Rain,36.0,Female,0,"PHP 14,509.01",Heavy,Well-Lit,80
MMTI-2025-03427,Mandaluyong,Car,Head-on,,,37.0,Male,0,94178.0,Heavy,Poorly-Lit,60
MMTI-2025-23201,Taguig,Car,Side-swipe,3.0,Cloudy,17.0,Male,0,281714.21,Heavy,Well-Lit,40 kph
MMTI-2025-08160,Quezon,Truck,Hit and Run,6,Stormy,25.0,Male,3,2793168.44,HEAVY,POOR,40
MMTI-2025-23364,Makati,Bus,Side-swipe,,Cloudy,53.0,Male,0,160491.59,,Well-Lit,60 km/h
MMTI-2025-22127,Las Pinas,Truck,Side-swipe,2,,35.0,Female,0,547791.54,HEAVY,Well-Lit,40
MMTI-2025-05202,Muntinlupa,Bus,Hit and Run,3.0,Cloudy,31.0,Female,0,,Heavy,Lit,40
MMTI-2025-21098,Quezon,SUV/Van,Rear-end,1.0,Cloudy,55.0,Male,0,"PHP 543,354.28",Moderate,Well-Lit,80
MMTI-2025-02646,Manila,Motorcycle,Head-on,3,Clear,31.0,Male,0,164658.52,Light,Poorly-Lit,60
MMTI-2025-14326,Caloocan,Truck,Hit and Run,6,Clear,35.0,Female,1,42206.05,Heavy,Poorly-Lit,40
MMTI-2025-09445,Quezon,Car,Head-on,9,Stormy,40.0,female ,2,1786498.35,Light,Poorly-Lit,60
MMTI-2025-00638,Quezon,SUV/Van,Head-on,3,,41.0,F,0,233683.85,HEAVY,Well-Lit,40
MMTI-2025-13551,Quezon,Motorcycle,Hit and Run,6.0,Rainy,36.0,Male,1,662647.91,Moderate,Well-Lit,80
MMTI-2025-13372,Quezon,Car,Head-on,3,Cloudy,53.0,Male,0,399739.94,Heavy,No Lights,100
MMTI-2025-10162,Pasig,Motorcycle,Hit and Run,2,Clear,36.0,Female,0,149724.56,Light,Well-Lit,30 kph
MMTI-2025-08512,Quezon,Truck,Side-swipe,Risk Level 3,Rainy,17.0,Male,0,894340.12,Heavy,Well-Lit,60
MMTI-2025-20356,,Bus,Rear-end,3.0,Clear,28.0,Male,0,941463.26,,Unlit,60
MMTI-2025-13501,Pasig,SUV/Van,Head-on,3.0,Clear,52.0,Male,0,160394.02,Heavy,Poorly-Lit,40
MMTI-2025-10340,Quezon,Car,Rear-end,3,Rainy,19.0,Male,0,1305924.79,Heavy,Well-Lit,60
MMTI-2025-04250,Valenzuela,SUV/Van,Hit and Run,3,Clear,0.0,F,0,51375.67,,Well-Lit,40 kph
MMTI-2025-20978,Navotas,Jeepney,Rear-end,,Clear,64.0,Male,0,19896.88,Heavy,Poorly-Lit,60
MMTI-2025-10089,Quezon,Car,Hit and Run,3,Cloudy,40.0,Male,0,577512.45,Heavy,Well-Lit,60
MMTI-2025-04971,Taguig,Car,Hit and Run,Risk Level 9,Cloudy,45.0,Male,1,316318.34,HEAVY,Well-Lit,80
MMTI-2025-21834,Manila,Bus,Rear-end,Risk Level 3,,56.0,Male,0,1426832.59,Heavy,Well-Lit,80 km/h
MMTI-2025-23161,Quezon,Motorcycle,Head-on,3,Cloudy,999.0,Male,0,"PHP 507,076.04",Heavy,Well-Lit,60
MMTI-2025-10447,Pasay,Car,Rear-end,3.0,Clear,61.0,Female,0,50663.68,Heavy,Well-Lit,60
MMTI-2025-17541,Taguig,Motorcycle,Head-on,Risk Level 3,Cloudy,49.0,Male,0,275102.38,HEAVY,Well-Lit,60
MMTI-2025-14480,MANILA,Jeepney,Hit and Run,1,,40.0,Unknown,0,25541.93,,Well-Lit,30
MMTI-2025-14801,Manila,Car,Head-on,Risk Level 3,Cloudy,38.0,male,0,191551.94,Heavy,Poorly-Lit,60 km/h
MMTI-2025-23337, caloocan,,Rear-end,Risk Level 6,Cloudy,29.0,Female,4,638404.44,Moderate,Unlit,60
MMTI-2025-17077,Pasay,Car,Hit and Run,4,Clear,26.0,Male,2,49381.03,Moderate,Well-Lit,80 km/h
MMTI-2025-21412,Quezon,Car,Rear-end,Risk Level 3,Rainy,39.0,Female,0,875444.16,Heavy,Well-Lit,60
MMTI-2025-08235,Marikina,SUV/Van,Side-swipe,6.0,Clear,36.0,Male,2,58798.77,Moderate,Poorly-Lit,60
MMTI-2025-21591,Quezon,Motorcycle,Rear-end,3,Cloudy,39.0,Male,0,461308.99,Heavy,Well-Lit,80
MMTI-2025-15916,Manila,Car,Rear-end,3.0,Cloudy,28.0,Male,0,182234.2,Heavy,Unlit,80
MMTI-2025-06673,San Juan,Bus,Hit and Run,6,Rain,,Male,3,2277002.25,Heavy,Well-Lit,60
MMTI-2025-17790,Pateros,Bus,Side-swipe,Risk Level 3,Clear,48.0,Female,0,,Heavy,Poorly-Lit,40
MMTI-2025-21570,,Motorcycle,Side-swipe,3,Clear,32.0,Male,0,34980.44,Heavy,Lit,60
MMTI-2025-03214,Quezon,Car,Rear-end,3,Rainy,49.0,Male,0,1673968.53,Heavy,Unlit,80
MMTI-2025-15682,Makati,,Side-swipe,3,Rain,22.0,Female,0,167243.1,Heavy,Well-Lit,60 km/h
MMTI-2025-09676,Quezon,Car,Rear-end,3,Stormy,38.0,Male,0,99999999,Heavy,Poorly-Lit,40
MMTI-2025-04121,Manila,Car,Side-swipe,3.0,Clear,35.0,Male,0,,Heavy,Poorly-Lit,60
MMTI-2025-20819,Muntinlupa,Car,Side-swipe,2,Clear,38.0,Male,0,52880.22,Light,Well-Lit,40
MMTI-2025-04055,San Juan,Car,Side-swipe,2,Clear,41.0,Male,0,39611.18,Heavy,Well-Lit,40
MMTI-2025-13092,Marikina,Car,Side-swipe,3.0,Clear,52.0,Male,0,67336.52,Moderate,Well-Lit,80
MMTI-2025-07154,Quezon,Car,Head-on,3,Cloudy,23.0,Male,0,471187.89,Heavy,Well-Lit,80
MMTI-2025-17370,,Car,Side-swipe,3,Rain,36.0,Unknown,0,239474.21,,Unlit,40
MMTI-2025-17600,Las Pinas,Motorcycle,Hit and Run,3,Clear,49.0,Male,0,84.8k,Heavy,Well-Lit,60
MMTI-2025-03597,Malabon,,Hit and Run,3.0,Clear,50.0,Male,0,143747.12,Heavy,Well-Lit,40
MMTI-2025-01941,Quezon,,Side-swipe,2,Clear,39.0,Male,0,20911.12,Heavy,Unlit,30
MMTI-2025-04823,Pasay,Car,Head-on,3,Cloudy,23.0,Female,0,250140.17,,Poorly-Lit,40
MMTI-2025-19222, manila,,Side-swipe,Risk Level 3,Rain,37.0,Female,0,88081.15,,Well-Lit,60
MMTI-2025-00027,,Car,Rear-end,3.0,Clear,37.0,Male,0,,Heavy,Well-Lit,80 km/h