Incident_ID,City,Vehicle_Type,Accident_Type,Severity,Weather_Condition,Driver_Age,Driver_Gender,Injury_Count,Damage_Cost_PHP,Traffic_Volume,Road_Lighting,Speed_Limit
MMTI-2025-16479,Quezon,Motorcycle,Hit and Run,6.0,Rainy,50.0,female ,2,"PHP 876,469.38",Heavy,Unlit,60 km/h
MMTI-2025-13889,Quezon,SUV/Van,Head-on,3.0,Clear,44.0,Male,0,84.3k,,Poorly-Lit,100
MMTI-2025-08640,,Bus,Head-on,,Clear,43.0,Female,0,419140.43,Moderate,Poorly-Lit,100 km/h
MMTI-2025-19703,Quezon,Car,Head-on,6.0,Stormy,51.0,Male,3,2116601.93,Heavy,Poorly-Lit,60 kph
MMTI-2025-03476,Quezon,Car,Side-swipe,6,Rainy,36.0,Male,3,1210230.33,Moderate,Well-Lit,60
MMTI-2025-13040,Pasay,Truck,Hit and Run,3,Clear,37.0,Female,0,,Heavy,Poorly-Lit,60
MMTI-2025-07777,Quezon,Car,Rear-end,Risk Level 6,Stormy,51.0,Male,1,4286323.29,Light,well lit,60
MMTI-2025-02149,Quezon,Car,Hit and Run,Risk Level 3,Cloudy,39.0,M,1,397136.54,Moderate,Poorly-Lit,40 kph
MMTI-2025-20611,Quezon,SUV/Van,Hit and Run,2.0,,30.0,Male,0,106644.08,Moderate,Well-Lit,60 km/h
MMTI-2025-05606,Quezon,Motorcycle,Side-swipe,Risk Level 3,Rainy,52.0,Male,0,812623.31,Heavy,Poorly-Lit,80
MMTI-2025-08594,Quezon,Car,Head-on,Risk Level 3,Rainy,150.0,Male,0,1285755.35,Heavy,well lit,30 km/h
MMTI-2025-16547,Makati,Car,Head-on,3,Cloudy,17.0,Male,0,236415.71,Heavy,Well-Lit,60 km/h
MMTI-2025-23383,Las Pinas,SUV/Van,Hit and Run,3,Clear,41.0,Male,0,86571.96,Heavy,Well-Lit,60
MMTI-2025-17051,Quezon,Car,Side-swipe,6,Cloudy,36.0,Male,3,568674.31,Heavy,Unlit,60
MMTI-2025-12784,,SUV/Van,Hit and Run,3.0,,39.0,Male,0,258441.03,Heavy,Well-Lit,60
MMTI-2025-08927,Quezon,Motorcycle,Head-on,6,Cloudy,43.0,Male,4,609329.09,Light,Poorly-Lit,60
MMTI-2025-03709,Las Pinas,Truck,Hit and Run,3,Clear,31.0,M,0,91984.25,Heavy,Well-Lit,60
MMTI-2025-12785,Muntinlupa,Truck,Side-swipe,Risk Level 6,Clear,51.0,Male,3,51567.55,Heavy,Unlit,60
MMTI-2025-19000,Makati,Jeepney,Head-on,3,,43.0,Unknown,0,25873.99,Moderate,Poorly-Lit,80
MMTI-2025-21099,Manila,Motorcycle,Head-on,2.0,Rain,29.0,Male,0,"PHP 13,898.79",,Well-Lit,60
MMTI-2025-15143,Paranaque,SUV/Van,Rear-end,3,Clear,0.0,Male,0,119428.04,Heavy,Poorly-Lit,30
MMTI-2025-14639,Quezon,Motorcycle,Rear-end,3.0,Rainy,40.0,Female,0,871048.76,HEAVY,Poorly-Lit,60 km/h
MMTI-2025-21011,Las Pinas,SUV/Van,Rear-end,2,Clear,22.0,M,0,96910.93,Moderate,Well-Lit,40 km/h
MMTI-2025-21801,Marikina,Car,Head-on,4,Clear,38.0,Female,4,61069.45,Light,Unlit,80
MMTI-2025-17517,Quezon,Car,Rear-end,2.0,Stormy,32.0,Male,0,77777777,Moderate,Poorly-Lit,80
MMTI-2025-22380,Las Pinas,Motorcycle,Head-on,3,Clear,46.0,Female,0,94268.39,Moderate,Well-Lit,100
MMTI-2025-19608,,Bus,Rear-end,,Rain,41.0,Female,0,370483.96,Moderate,Poorly-Lit,40
MMTI-2025-14344,Pasay,Truck,Head-on,3,Rain,23.0,Male,0,1099153.68,,Lit,60
MMTI-2025-08003,Las Pinas,Car,Rear-end,6,Clear,36.0,Male,2,90174.31,Moderate,Poorly-Lit,60
MMTI-2025-11360,Quezon,Car,Head-on,Risk Level 6,Cloudy,41.0,Male,2,623139.86,Heavy,Poorly-Lit,40
MMTI-2025-06047,San Juan,Jeepney,Hit and Run,3.0,Clear,17.0,Female,0,,Moderate,Poorly-Lit,40
MMTI-2025-20003,Paranaque,Motorcycle,Side-swipe,3.0,Clear,17.0,Female,0,97476.75,Heavy,Poorly-Lit,60
MMTI-2025-13485,San Juan,Motorcycle,Head-on,3,Clear,48.0,Male,0,20653.04,,Well-Lit,60 kph
MMTI-2025-01035,Manila,SUV/Van,Side-swipe,3.0,Cloudy,60.0,Male,0,165191.02,Light,Well-Lit,30
MMTI-2025-23054,Quezon,Car,Head-on,3,Rainy,28.0,Male,0,"PHP 721,333.06",HEAVY,Lit,30
MMTI-2025-15416,Manila,Bus,Side-swipe,3,,24.0,Female,0,1226109.73,Moderate,Poorly-Lit,60
MMTI-2025-08931,Quezon,Motorcycle,Rear-end,3,Rainy,38.0,Unknown,0,1031268.16,Light,Poorly-Lit,80
MMTI-2025-21947,Pasay,Motorcycle,Head-on,2.0,Clear,36.0,Male,0,45712.97,Moderate,Lit,30
MMTI-2025-22578,Manila,Car,Side-swipe,1.0,Cloudy,33.0,Male,0,186160.28,Moderate,Poorly-Lit,100
MMTI-2025-14975,MARIKINA ,Motorcycle,Hit and Run,,Clear,50.0,male,0,15527.71,Moderate,Poorly-Lit,100 km/h
MMTI-2025-03472,Manila,Car,Side-swipe,3.0,Clear,41.0,Male,0,164775.67,Heavy,Well-Lit,40
MMTI-2025-03580,Quezon,SUV/Van,Hit and Run,1.0,Clear,42.0,Male,0,41142.62,,Well-Lit,60
MMTI-2025-10784,Pasig,Car,Hit and Run,,,28.0,Male,0,95530.34,Moderate,Well-Lit,60
MMTI-2025-15744,Quezon,Motorcycle,Side-swipe,6.0,Cloudy,41.0,Male,3,409621.57,Heavy,Well-Lit,60
MMTI-2025-10165,Makati,Truck,Hit and Run,2,Clear,,Male,0,236287.1,Heavy,POOR,80
MMTI-2025-15022,Quezon,Motorcycle,Side-swipe,6,Stormy,52.0,Male,2,1862985.8,Heavy,Well-Lit,30
MMTI-2025-00482,Caloocan,Car,Side-swipe,3.0,Clear,22.0,Male,0,43753.67,Heavy,Poorly-Lit,30 kph
MMTI-2025-23544,Las Pinas,,Hit and Run,,Cloudy,36.0,Male,0,73122.15,Moderate,Well-Lit,60
MMTI-2025-10074,Pasig,Motorcycle,Rear-end,2,,49.0,Male,0,"PHP 20,847.84",Heavy,POOR,40
MMTI-2025-19782,Marikina,SUV/Van,Hit and Run,3,Clear,31.0,Female,0,65524.76,Heavy,Lit,60
MMTI-2025-03942,Quezon,Car,Side-swipe,3,Rainy,38.0,Female,0,688901.57,Moderate,Well-Lit,60
MMTI-2025-22634,San Juan,Jeepney,Head-on,,Rain,,Male,0,31831.06,HEAVY,Well-Lit,60
MMTI-2025-10768,Quezon,Car,Rear-end,2.0,Cloudy,35.0,Male,0,504207.61,Light,Unlit,30
MMTI-2025-21550,Taguig,Bus,Side-swipe,3.0,Clear,,male,0,,Heavy,Unlit,60
MMTI-2025-06585,Marikina,Truck,Hit and Run,3,Clear,32.0,Female,0,"PHP 58,460.11",Heavy,Unlit,60 km/h
MMTI-2025-06690,Quezon,Car,Rear-end,Risk Level 3,Stormy,17.0,Male,0,"PHP 2,023,331.10",Moderate,Poorly-Lit,60 km/h
MMTI-2025-04442,Las Pinas,Car,Rear-end,3,Clear,21.0,Female,0,90833.94,Moderate,Well-Lit,60 km/h
MMTI-2025-18936,VALENZUELA ,Car,Rear-end,Risk Level 3,Cloudy,,Male,0,137978.05,HEAVY,Poorly-Lit,40
MMTI-2025-10167,Makati,Car,Head-on,3,Cloudy,47.0,Male,0,266569.52,Moderate,Well-Lit,60
MMTI-2025-21040,Pasay,Car,Rear-end,Risk Level 2,Clear,33.0,Female,0,49546.44,Heavy,Well-Lit,80
MMTI-2025-22705,Manila,Jeepney,Side-swipe,3,Storm,,Male,0,52231.89,LIGHT,Poorly-Lit,80
MMTI-2025-05560,Quezon,Motorcycle,Side-swipe,3,Rainy,27.0,Female,0,1016173.87,Moderate,Well-Lit,30
MMTI-2025-20385,Pasig,Car,Rear-end,3,Clear,32.0,female ,0,153393.51,Heavy,No Lights,30
MMTI-2025-01736,Makati,Truck,Side-swipe,3,Clear,56.0,Male,0,669254.81,,Well-Lit,60
MMTI-2025-22573,Paranaque,Motorcycle,Side-swipe,3.0,Clear,55.0,Male,0,108819.78,Heavy,Unlit,60
MMTI-2025-19932,Quezon,Car,Rear-end,6,Stormy,46.0,Male,4,"PHP 3,181,399.92",Heavy,No Lights,60
MMTI-2025-00923,,Motorcycle,Side-swipe,Risk Level 3,Rain,32.0,Male,0,58696.04,Heavy,Well-Lit,60
MMTI-2025-17801,,Motorcycle,Head-on,2,Clear,25.0,Male,0,6853.99,Moderate,Well-Lit,80
MMTI-2025-07412,Quezon,Car,Head-on,3,Rainy,55.0,Male,0,1293388.9,Light,POOR,60
MMTI-2025-22057,Mandaluyong,Motorcycle,Rear-end,3,Clear,23.0,male,0,69506.86,Heavy,Poorly-Lit,100
MMTI-2025-18826,,Jeepney,Head-on,Risk Level 3,Clear,,Male,0,"PHP 28,311.20",Heavy,Well-Lit,40
MMTI-2025-04924,Marikina,Motorcycle,Head-on,2,Clear,46.0,Female,3,58637.5,MODERATE,No Lights,80 km/h
MMTI-2025-01378,,Motorcycle,Hit and Run,2,Clear,57.0,Male,0,9103.05,Heavy,Well-Lit,60 kph
MMTI-2025-11521,Valenzuela,Car,Side-swipe,3,,25.0,Male,0,"PHP 220,726.21",Heavy,Poorly-Lit,60
MMTI-2025-20309,Quezon,Motorcycle,Rear-end,Risk Level 3,Rainy,47.0,Male,0,1221677.48,Moderate,Well-Lit,60
MMTI-2025-01530,Makati,,Rear-end,3,Rain,43.0,female ,0,"PHP 58,221.68",Heavy,Well-Lit,60
MMTI-2025-05934,Muntinlupa,Car,Side-swipe,3,Clear,43.0,Male,0,54731.2,Heavy,Unlit,60
MMTI-2025-09953,Marikina,Motorcycle,Rear-end,3,Clear,54.0,Male,0,58950.34,Heavy,No Lights,60
MMTI-2025-04626,Quezon,Motorcycle,Hit and Run,3,Rainy,46.0,Male,0,959694.3,Heavy,well lit,80 kph
MMTI-2025-08596,Quezon,SUV/Van,Hit and Run,2.0,,39.0,Male,0,38391.3,Moderate,Poorly-Lit,60 kph
MMTI-2025-02544,Muntinlupa,SUV/Van,Hit and Run,3,Rain,32.0,Male,0,,Moderate,Well-Lit,60
MMTI-2025-09774,,Truck,Hit and Run,Risk Level 3,Clear,34.0,Male,0,340381.69,Light,Well-Lit,80
MMTI-2025-11675,,Bus,Head-on,3,Clear,44.0,M,0,518.5k,Heavy,Well-Lit,60 km/h
MMTI-2025-10827,Quezon,Motorcycle,Rear-end,2,Cloudy,28.0,male,0,488458.12,Heavy,Poorly-Lit,100
MMTI-2025-08839,Marikina,SUV/Van,Rear-end,3,Clear,37.0,Male,0,60326.33,Heavy,Unlit,60
MMTI-2025-00707,,Bus,Side-swipe,Risk Level 3,Clear,,Male,0,292155.83,Heavy,Well-Lit,40
MMTI-2025-00406,Valenzuela,Truck,Hit and Run,3,Clear,40.0,Male,0,37715.24,Moderate,Unlit,60
MMTI-2025-13671,Quezon,,Side-swipe,3,Clear,25.0,Male,0,99999999,Heavy,Poorly-Lit,40 km/h
MMTI-2025-17142,,Car,Side-swipe,3.0,,43.0,Male,0,246740.84,MODERATE,Poorly-Lit,60
MMTI-2025-13106,Makati,Jeepney,Head-on,,Clear,29.0,Male,0,9142.35,Light,Poorly-Lit,40 km/h
MMTI-2025-09455,Pasay,Car,Side-swipe,3,Clear,33.0,Male,0,"PHP 46,608.29",Moderate,Unlit,60
MMTI-2025-18185,Manila,Motorcycle,Head-on,3,Cloudy,39.0,Male,0,192449.71,Heavy,dark,60
MMTI-2025-06236,Quezon,Jeepney,Head-on,3.0,Rainy,50.0,Male,0,936008.53,Heavy,dark,80
MMTI-2025-17062,Mandaluyong,SUV/Van,Head-on,Risk Level 3,Clear,36.0,Female,0,74851.2,Heavy,Poorly-Lit,30 km/h
MMTI-2025-22147,Mandaluyong,Car,Head-on,3.0,Clear,29.0,Female,0,"PHP 71,708.11",Heavy,Unlit,40
MMTI-2025-00635,Taguig,Motorcycle,Head-on,1,Cloudy,47.0,Male,0,331961.11,Light,No Lights,40
MMTI-2025-21289,Quezon,Motorcycle,Rear-end,3,Cloudy,35.0,Male,0,615.0k,Heavy,Poorly-Lit,30
MMTI-2025-13177,Malabon,Car,Rear-end,3,Clear,54.0,Male,0,37153.0,Heavy,Well-Lit,40
MMTI-2025-13178,Pasig,Motorcycle,Rear-end,3,Clear,30.0,Male,0,146074.67,Heavy,Well-Lit,60
MMTI-2025-12239,Marikina,SUV/Van,Head-on,3,Clear,39.0,Male,0,59992.72,Heavy,Well-Lit,80
MMTI-2025-19475,QUEZON ,SUV/Van,Hit and Run,,Clear,46.0,Male,0,91339.07,Moderate,Poorly-Lit,60
MMTI-2025-18031,Quezon,SUV/Van,Hit and Run,3.0,Rainy,32.0,Male,0,1563109.58,Moderate,Well-Lit,40
MMTI-2025-05857,Taguig,SUV/Van,Rear-end,,Rain,34.0,Male,0,128326.56,Moderate,Well-Lit,80
MMTI-2025-02380,Quezon,Car,Rear-end,6,Rainy,42.0,Female,3,720472.83,Heavy,Poorly-Lit,60
MMTI-2025-19455,,,Head-on,6,Clear,58.0,Female,2,272025.81,Moderate,Well-Lit,60
MMTI-2025-12007,Quezon,Truck,Head-on,Risk Level 3,Rainy,31.0,Male,0,1317335.7,Heavy,No Lights,60 km/h
MMTI-2025-08069,Taguig,Car,Hit and Run,3.0,Cloudy,61.0,Female,0,272214.53,Light,No Lights,80 km/h
MMTI-2025-00993,Mandaluyong,Car,Side-swipe,3.0,Clear,17.0,Male,0,77480.89,Heavy,Well-Lit,80
MMTI-2025-14810,Pasay,Jeepney,Rear-end,3,Cloudy,45.0,Male,0,33161.16,,Unlit,80 kph
MMTI-2025-15897,Manila,Truck,Rear-end,Risk Level 2,Rain,31.0,Male,0,194.4k,,Poorly-Lit,60
MMTI-2025-15159,Quezon,Car,Rear-end,3,Rainy,21.0,Male,0,1311442.59,Heavy,Unlit,60
MMTI-2025-13100,,Truck,Head-on,3,,24.0,Female,0,1627385.98,Heavy,Poorly-Lit,60
MMTI-2025-19756,Makati,Bus,Rear-end,3,,70.0,Male,0,443796.5,Heavy,Poorly-Lit,40
MMTI-2025-22128,Manila,Car,Side-swipe,3.0,Cloudy,42.0,Male,0,204958.61,Moderate,Poorly-Lit,80
MMTI-2025-06357,Quezon,SUV/Van,Head-on,3.0,Cloudy,45.0,Male,0,431900.8,MODERATE,Well-Lit,30 km/h
MMTI-2025-02126,,SUV/Van,Hit and Run,2.0,Clear,59.0,Female,0,"PHP 65,292.71",Heavy,Poorly-Lit,100
MMTI-2025-01740, quezon ,Motorcycle,Hit and Run,Risk Level 3,Rain,35.0,Male,0,,Heavy,Poorly-Lit,80
MMTI-2025-11276,Quezon,Car,Hit and Run,3,Rainy,48.0,Male,0,"PHP 1,571,181.61",HEAVY,Well-Lit,60 km/h
MMTI-2025-13839,,Motorcycle,Hit and Run,Risk Level 2,Clear,58.0,Male,0,,Moderate,Well-Lit,60 km/h
MMTI-2025-14442,,SUV/Van,Hit and Run,6,Clear,29.0,Male,2,659984.56,Moderate,Well-Lit,60
MMTI-2025-19038,Quezon,Car,Side-swipe,3,Cloudy,47.0,Male,0,533427.17,Heavy,Unlit,60 km/h
MMTI-2025-13085,Makati,Car,Hit and Run,3,Cloudy,35.0,Male,0,246715.27,Heavy,Unlit,60 km/h
MMTI-2025-11350,Pasay,Car,Hit and Run,,Rain,42.0,Male,0,"PHP 81,072.61",Heavy,Poorly-Lit,80
MMTI-2025-00731,Makati,SUV/Van,Rear-end,3.0,Cloudy,35.0,Male,0,259483.95,Heavy,Well-Lit,60
MMTI-2025-14361,Mandaluyong,,Rear-end,Risk Level 3,Clear,47.0,Male,0,98406.31,Heavy,Well-Lit,40
MMTI-2025-21155,Quezon,Car,Head-on,6.0,Cloudy,45.0,Male,3,511153.69,Heavy,Poorly-Lit,80 km/h
MMTI-2025-19564,Caloocan,Truck,Head-on,,Clear,28.0,Female,0,"PHP 203,593.73",Heavy,Poorly-Lit,60
MMTI-2025-21020,,Car,Side-swipe,3,Clear,45.0,Male,0,,Heavy,Well-Lit,60
MMTI-2025-04036,,Truck,Hit and Run,6,Rain,29.0,Male,1,3034719.55,Heavy,Well-Lit,30 kph
MMTI-2025-09187,Quezon,Car,Rear-end,6,Rainy,45.0,Male,1,672786.62,Moderate,Well-Lit,40
MMTI-2025-00803, quezon,Car,Rear-end,3.0,Cloudy,30.0,Female,0,,Heavy,Well-Lit,60
MMTI-2025-08250,Makati,Motorcycle,Head-on,3,Rain,,Male,0,9432.1,Light,Unlit,40 km/h
MMTI-2025-04005,Quezon,Jeepney,Hit and Run,3,Rainy,36.0,Male,0,1105528.15,Heavy,Well-Lit,60
MMTI-2025-08692,Marikina,Jeepney,Head-on,3,Clear,55.0,Male,0,59074.29,Heavy,Lit,60
MMTI-2025-09935,Muntinlupa,Jeepney,Head-on,3,Cloudy,45.0,Male,0,80810.78,,Well-Lit,60 km/h
MMTI-2025-15499,Makati,Car,Hit and Run,3.0,Cloudy,41.0,Male,0,222898.81,Heavy,Well-Lit,80
MMTI-2025-19346,Quezon,SUV/Van,Side-swipe,3,Cloudy,40.0,Female,0,504283.03,Heavy,Unlit,60 km/h
MMTI-2025-22942, quezon,SUV/Van,Side-swipe,3,,24.0,Female,0,"PHP 203,914.68",Moderate,Well-Lit,60
MMTI-2025-12311,Quezon,SUV/Van,Hit and Run,,Clear,35.0,Female,0,95881.72,Moderate,POOR,40
MMTI-2025-14755,Marikina,Car,Hit and Run,Risk Level 3,Clear,36.0,Male,0,61760.75,Heavy,well lit,60 kph
MMTI-2025-12272,Taguig,Bus,Hit and Run,3.0,Rain,34.0,Male,0,,Heavy,Well-Lit,60
MMTI-2025-21553,Pasay,SUV/Van,Side-swipe,,Cloudy,27.0,Male,0,48738.6,Light,Well-Lit,60
MMTI-2025-07261,Manila,SUV/Van,Hit and Run,Risk Level 3,,150.0,Male,0,123985.76,HEAVY,Well-Lit,40
MMTI-2025-13739,Taguig,Bus,Hit and Run,Risk Level 3,,,Male,0,1083640.45,Heavy,Poorly-Lit,40 km/h
MMTI-2025-15214,Makati,Motorcycle,Head-on,3.0,Cloudy,54.0,Female,0,"PHP 266,573.54",Heavy,Well-Lit,60
MMTI-2025-21113,,Jeepney,Rear-end,3,Cloudy,55.0,Male,0,"PHP 79,835.04",Heavy,Poorly-Lit,40 km/h
MMTI-2025-14703,Taguig,Truck,Side-swipe,3.0,Cloudy,44.0,Female,0,279680.93,Heavy,Unlit,40 km/h
MMTI-2025-13098,MAKATI ,Motorcycle,Side-swipe,,,34.0,male,0,13869.48,Moderate,well lit,60 km/h
MMTI-2025-13624,Manila,Truck,Rear-end,3.0,Cloudy,45.0,Male,0,195526.28,Light,Well-Lit,60
MMTI-2025-17447,Makati,,Head-on,2.0,Rain,45.0,Male,0,"PHP 69,619.12",Moderate,Well-Lit,40
MMTI-2025-02569,Navotas,,Side-swipe,3,Storm,55.0,Female,0,110024.67,Light,Well-Lit,40
MMTI-2025-15156,Paranaque,SUV/Van,Rear-end,6,Clear,35.0,M,2,122055.55,Heavy,Poorly-Lit,40
MMTI-2025-16756,Quezon,Car,Head-on,3,Rainy,48.0,Male,0,1074891.82,HEAVY,Well-Lit,60
MMTI-2025-02867,Manila,,Side-swipe,Risk Level 3,Rain,26.0,Male,0,116560.78,Heavy,Well-Lit,30
MMTI-2025-22819,MUNTINLUPA ,SUV/Van,Head-on,3,Rain,,Male,0,467918.74,Light,Poorly-Lit,60
MMTI-2025-18892,Quezon,,Rear-end,6.0,Clear,36.0,Male,2,196409.98,Heavy,dark,60
MMTI-2025-03942,Quezon,Motorcycle,Side-swipe,3.0,Rainy,33.0,Female,0,728509.2,Heavy,Well-Lit,60
MMTI-2025-20364,Mandaluyong,Bus,Rear-end,3,Rain,50.0,Male,0,,Heavy,Unlit,80
MMTI-2025-08611,Paranaque,Truck,Rear-end,3,Clear,29.0,F,0,112756.0,Heavy,Poorly-Lit,40 km/h
MMTI-2025-01639,Marikina,Car,Rear-end,3,Clear,22.0,Male,0,65454.87,HEAVY,Well-Lit,60
MMTI-2025-22840,Pasay,SUV/Van,Hit and Run,2,Cloudy,22.0,Male,0,44877.12,,Well-Lit,60
MMTI-2025-03082,Pasig,Motorcycle,Head-on,3,Clear,46.0,Male,0,145263.69,Heavy,POOR,100
MMTI-2025-10121,Pasay,Motorcycle,Head-on,3,Clear,36.0,Male,0,49072.4,Heavy,No Lights,30
MMTI-2025-07649,Quezon,Car,Side-swipe,6.0,Stormy,37.0,Female,1,4704485.18,Heavy,Well-Lit,60
MMTI-2025-08699,Manila,Car,Head-on,3.0,Cloudy,39.0,Male,0,185070.56,Heavy,Unlit,60
MMTI-2025-03434,Pasig,Car,Hit and Run,Risk Level 3,Clear,27.0,Male,0,140769.03,HEAVY,Well-Lit,30 km/h
MMTI-2025-12913,Quezon,Motorcycle,Hit and Run,6,Cloudy,47.0,Male,3,"PHP 525,621.10",Moderate,Well-Lit,60
MMTI-2025-05108,,Motorcycle,Side-swipe,Risk Level 3,Rain,51.0,Male,0,"PHP 8,514.25",Heavy,Well-Lit,60 km/h
MMTI-2025-17905,Quezon,Car,Head-on,3,Rainy,31.0,Male,0,861915.7,Moderate,Well-Lit,60
MMTI-2025-16551,Makati,Car,Side-swipe,3,Cloudy,49.0,Male,0,236811.2,Moderate,POOR,60
MMTI-2025-18500,Marikina,Bus,Rear-end,1.0,Clear,,Male,0,70436.72,Moderate,Well-Lit,40 kph
MMTI-2025-14150,Marikina,Car,Rear-end,3.0,Clear,17.0,Female,0,63910.43,Light,Unlit,60
MMTI-2025-01854,Makati,SUV/Van,Side-swipe,3,Clear,,Male,0,118708.88,Heavy,Well-Lit,40
MMTI-2025-05502,Quezon,Motorcycle,Hit and Run,3,Rainy,25.0,Male,0,732743.67,Light,Unlit,80 kph
MMTI-2025-16891,MAKATI ,Jeepney,Rear-end,2.0,Clear,52.0,Male,0,18973.05,,POOR,40
MMTI-2025-05524,Quezon,Jeepney,Side-swipe,6.0,Rainy,33.0,Male,2,775890.71,Heavy,Poorly-Lit,40 kph
MMTI-2025-19998,Makati,SUV/Van,Side-swipe,,Clear,32.0,Male,0,54107.26,Heavy,Unlit,60
MMTI-2025-06893,Makati,Car,Rear-end,3,Cloudy,28.0,Male,0,228699.12,Heavy,Poorly-Lit,40 km/h
MMTI-2025-23001,Marikina,Car,Side-swipe,1,Clear,40.0,Male,0,60.1k,LIGHT,Poorly-Lit,100
MMTI-2025-19217,,Car,Head-on,3,Clear,27.0,Male,0,230094.33,Moderate,Well-Lit,40
MMTI-2025-12629,Quezon,Car,Head-on,Risk Level 3,Cloudy,31.0,Male,0,583816.3,Heavy,POOR,60 km/h
MMTI-2025-00528,Muntinlupa,Motorcycle,Hit and Run,3,Storm,48.0,Male,0,35938.63,,Poorly-Lit,40
MMTI-2025-04285,Quezon,Motorcycle,Rear-end,3.0,Cloudy,38.0,Male,0,525031.79,Moderate,Well-Lit,30 km/h
MMTI-2025-11346,Quezon,Car,Hit and Run,3,Rainy,57.0,Male,0,644642.41,Heavy,Poorly-Lit,30
MMTI-2025-22667, las pinas,Motorcycle,Side-swipe,Risk Level 3,,28.0,Male,0,50181.45,Moderate,Poorly-Lit,60
MMTI-2025-01013,Taguig,Car,Head-on,6,Cloudy,47.0,Female,1,315862.93,Light,dark,30
MMTI-2025-21327,Manila,SUV/Van,Hit and Run,3,Cloudy,,Male,0,,Light,Well-Lit,60
MMTI-2025-12010,Caloocan,,Rear-end,3,Clear,45.0,Male,0,178165.11,Moderate,well lit,60
MMTI-2025-22368,Pasay,SUV/Van,Rear-end,Risk Level 2,Clear,49.0,Male,0,45536.19,Heavy,dark,40 km/h
MMTI-2025-07339,Las Pinas,SUV/Van,Head-on,3.0,,38.0,Male,0,339841.96,Heavy,Poorly-Lit,60
MMTI-2025-02220,Quezon,Motorcycle,Head-on,Risk Level 3,Rainy,35.0,Male,0,850815.91,Heavy,Well-Lit,60 kph
MMTI-2025-08325,Taguig,Car,Rear-end,Risk Level 3,Cloudy,25.0,Female,0,289469.26,Heavy,Well-Lit,60
MMTI-2025-05614,Quezon,Car,Head-on,3,Rainy,33.0,Male,0,"PHP 644,717.80",Heavy,Lit,40 km/h
MMTI-2025-05692,Makati,Car,Side-swipe,3.0,Cloudy,44.0,Female,0,233277.08,Light,POOR,60 kph
MMTI-2025-06026,Manila,,Rear-end,Risk Level 3,Clear,24.0,Male,0,114487.77,Heavy,Poorly-Lit,40
MMTI-2025-10029,,Car,Hit and Run,3.0,Storm,47.0,Male,0,45347.71,Heavy,Well-Lit,60
MMTI-2025-05311,Manila,Motorcycle,Hit and Run,3.0,Cloudy,42.0,M,0,186831.53,Light,Poorly-Lit,80
MMTI-2025-17030,Makati,Car,Hit and Run,3.0,Cloudy,50.0,Male,0,249433.27,Heavy,Well-Lit,30 km/h
MMTI-2025-04876,Paranaque,Car,Hit and Run,3.0,Clear,19.0,Female,0,99478.74,Heavy,Well-Lit,60
MMTI-2025-11908,Taguig,Motorcycle,Hit and Run,3,Cloudy,49.0,Male,0,345548.17,Heavy,Poorly-Lit,30 km/h
MMTI-2025-12915,QUEZON ,Car,Hit and Run,,Rain,38.0,Male,0,11559.43,Moderate,Well-Lit,60
MMTI-2025-13204,QUEZON ,Motorcycle,Rear-end,3.0,,34.0,Male,0,16754.7,Heavy,Well-Lit,80 km/h
MMTI-2025-21567,Las Pinas,SUV/Van,Hit and Run,3,Clear,35.0,Female,0,89687.01,Heavy,Well-Lit,60
MMTI-2025-01045,Pasay,Car,Head-on,3.0,Clear,31.0,Male,0,"PHP 46,198.08",Heavy,Well-Lit,60
MMTI-2025-09958,Quezon,Truck,Rear-end,2.0,Clear,,Male,0,116836.44,Light,Unlit,60
MMTI-2025-20800,Manila,Bus,Head-on,3.0,Rain,36.0,Female,0,,Heavy,Well-Lit,30
MMTI-2025-00799,Manila,Truck,Head-on,1,Clear,49.0,Male,0,,Moderate,Unlit,60
MMTI-2025-03571,Taguig,Car,Side-swipe,3.0,Cloudy,45.0,Female,0,271894.52,Heavy,dark,60
MMTI-2025-06599,MAKATI ,,Side-swipe,1.0,,31.0,Male,0,65256.37,Moderate,Lit,80
MMTI-2025-14037,San Juan,Car,Head-on,3,Clear,36.0,Male,0,39347.4,Heavy,Well-Lit,30
MMTI-2025-08665, paranaque,SUV/Van,Side-swipe,3.0,Rain,44.0,Male,0,,Heavy,Well-Lit,60 km/h
MMTI-2025-20620,Quezon,Car,Side-swipe,3.0,Rainy,44.0,Male,0,759518.4,Moderate,Lit,60
MMTI-2025-05432,Manila,Car,Head-on,3.0,Clear,17.0,Male,0,,Heavy,Well-Lit,60 km/h
MMTI-2025-14013,TAGUIG ,Motorcycle,Head-on,,,43.0,Male,0,4638.15,Heavy,Poorly-Lit,60
MMTI-2025-08120,Marikina,Motorcycle,Side-swipe,3,Clear,43.0,Male,0,61737.15,Heavy,Well-Lit,30 kph
MMTI-2025-23016,Marikina,Car,Rear-end,Risk Level 3,Clear,33.0,Female,0,59232.58,Heavy,Unlit,60
MMTI-2025-22154,,Car,Rear-end,,Clear,42.0,Male,0,50581.79,Heavy,Well-Lit,60
MMTI-2025-13031,Quezon,Car,Hit and Run,6,Rainy,40.0,Male,4,1202682.36,Moderate,Poorly-Lit,60
MMTI-2025-13701,Quezon,Truck,Hit and Run,Risk Level 3,Clear,18.0,Male,0,291.8k,,Poorly-Lit,60