Incident_ID,City,Vehicle_Type,Accident_Type,Severity,Weather_Condition,Driver_Age,Driver_Gender,Injury_Count,Damage_Cost_PHP,Traffic_Volume,Road_Lighting,Speed_Limit
MMTI-2025-03521,Quezon,SUV/Van,Head-on,3.0,Rainy,39.0,Male,0,1433115.63,MODERATE,Poorly-Lit,40
MMTI-2025-12631,Taguig,Car,Side-swipe,3,Cloudy,21.0,Male,0,343447.64,Heavy,Well-Lit,100 km/h
MMTI-2025-11955,Quezon,Motorcycle,Rear-end,Risk Level 3,Cloudy,47.0,Male,0,422034.44,Light,Well-Lit,60
MMTI-2025-14292,Quezon,SUV/Van,Rear-end,3,Cloudy,41.0,Male,0,406978.66,Heavy,Poorly-Lit,60
MMTI-2025-08429,Quezon,SUV/Van,Rear-end,3,Rainy,33.0,Female,0,1756488.62,Heavy,Poorly-Lit,30 km/h
MMTI-2025-02953,Pasig,Car,Head-on,3.0,Clear,50.0,Male,0,145872.91,Heavy,Poorly-Lit,30
MMTI-2025-06372,Makati,Car,Rear-end,3,Cloudy,52.0,Male,0,239.3k,Heavy,Well-Lit,60
MMTI-2025-21737,CALOOCAN ,SUV/Van,Hit and Run,2.0,,28.0,Male,0,25929.9,Heavy,Well-Lit,40
MMTI-2025-17307,Quezon,SUV/Van,Side-swipe,Risk Level 6,Stormy,32.0,Female,1,3034117.05,Light,Unlit,60
MMTI-2025-22877,Paranaque,Car,Head-on,6.0,Clear,44.0,Male,4,105.7k,Heavy,dark,60
MMTI-2025-11944,Mandaluyong,Jeepney,Head-on,3,Clear,37.0,Male,0,79986.24,Heavy,Well-Lit,40
MMTI-2025-10467,Caloocan,Truck,Head-on,3,Clear,38.0,Male,0,44406.85,Moderate,Well-Lit,60
MMTI-2025-00717,PASIG ,,Side-swipe,3,Clear,46.0,Female,0,243750.21,Moderate,well lit,60
MMTI-2025-22485,Paranaque,Motorcycle,Hit and Run,3.0,Clear,47.0,Male,0,97586.93,Heavy,Well-Lit,60 kph
MMTI-2025-20709,Valenzuela,Car,Rear-end,,Clear,51.0,Male,1,49268.69,Heavy,Unlit,60
MMTI-2025-03283,Quezon,Bus,Rear-end,Risk Level 6,Cloudy,,Female,1,"PHP 1,954,931.87",,Well-Lit,60 km/h
MMTI-2025-10436,Taguig,Motorcycle,Hit and Run,3,Storm,51.0,F,0,39329.04,,Poorly-Lit,80
MMTI-2025-09815,,Motorcycle,Head-on,3.0,Clear,32.0,Male,0,47121.0,Moderate,Lit,80
MMTI-2025-09000,Manila,Car,Side-swipe,6,Cloudy,40.0,Male,1,193355.05,Heavy,Poorly-Lit,60
MMTI-2025-14750, valenzuela,Motorcycle,Head-on,,Cloudy,33.0,Male,0,3498.62,Heavy,Well-Lit,60 km/h
MMTI-2025-03261,Quezon,Car,Head-on,3.0,Cloudy,37.0,Female,0,418962.7,Heavy,Well-Lit,80 km/h
MMTI-2025-04752,Manila,Car,Hit and Run,3.0,Cloudy,37.0,Male,0,204083.86,Heavy,POOR,60 km/h
MMTI-2025-04247,Navotas,Car,Side-swipe,2,Clear,17.0,Male,0,"PHP 36,232.21",Heavy,Well-Lit,60
MMTI-2025-17813,Makati,SUV/Van,Head-on,3,Storm,,Male,0,94094.34,LIGHT,Well-Lit,60
MMTI-2025-16643,Makati,Bus,Side-swipe,3.0,Clear,25.0,Male,0,,Moderate,No Lights,60
MMTI-2025-08246,Manila,Truck,Rear-end,2,Cloudy,34.0,Female,0,173158.99,Heavy,POOR,60 km/h
MMTI-2025-04869, makati,Motorcycle,Side-swipe,Risk Level 3,Clear,34.0,Male,0,,Light,Well-Lit,40
MMTI-2025-13510,Marikina,SUV/Van,Side-swipe,3.0,Clear,22.0,Male,0,59302.85,Heavy,dark,40
MMTI-2025-20054,Manila,SUV/Van,Side-swipe,Risk Level 3,Cloudy,25.0,Male,0,182450.02,Heavy,Poorly-Lit,60
MMTI-2025-12290,Makati,Car,Head-on,3,,26.0,Male,0,183975.17,Heavy,Poorly-Lit,60
MMTI-2025-18454,Las Pinas,Jeepney,Rear-end,Risk Level 3,,32.0,Male,0,32931.92,Heavy,Poorly-Lit,60
MMTI-2025-16463,Quezon,Car,Rear-end,3.0,Cloudy,27.0,Male,0,487338.49,Moderate,Well-Lit,60
MMTI-2025-02219,,Bus,Rear-end,6,Clear,48.0,F,3,881885.02,Heavy,Well-Lit,60 kph
MMTI-2025-08039,Makati,SUV/Van,Head-on,2,,45.0,Male,0,72377.07,Moderate,dark,40 km/h
MMTI-2025-05519, quezon,SUV/Van,Rear-end,,Clear,29.0,Male,0,52937.35,Heavy,Well-Lit,60
MMTI-2025-17074,Quezon,,Side-swipe,,Clear,38.0,Male,0,27651.12,Heavy,well lit,60
MMTI-2025-06963,Taguig,Motorcycle,Rear-end,3.0,Cloudy,31.0,Male,0,307494.9,Heavy,Unlit,40
MMTI-2025-06700,Paranaque,Car,Rear-end,3.0,Clear,35.0,Male,0,"PHP 115,242.52",HEAVY,Well-Lit,80
MMTI-2025-15038,Quezon,SUV/Van,Side-swipe,Risk Level 4,Rainy,33.0,Female,3,"PHP 838,874.83",Light,Unlit,60
MMTI-2025-17878,,Truck,Rear-end,6.0,,32.0,Female,1,4048473.32,Heavy,Poorly-Lit,60 kph
MMTI-2025-16219,Makati,Motorcycle,Side-swipe,Risk Level 3,Cloudy,36.0,Male,0,220080.36,Heavy,Well-Lit,30 km/h
MMTI-2025-06271,Quezon,Car,Side-swipe,3,Rainy,47.0,Female,0,701561.43,HEAVY,Well-Lit,80 km/h
MMTI-2025-19140,Caloocan,Bus,Side-swipe,3,,29.0,Male,0,373277.54,Heavy,Well-Lit,60 kph
MMTI-2025-09716,Paranaque,Motorcycle,Rear-end,3,Clear,20.0,Male,0,98958.5,Heavy,Poorly-Lit,40 km/h
MMTI-2025-06281,Quezon,Car,Rear-end,3.0,Rainy,46.0,F,0,1118645.98,Heavy,Well-Lit,80
MMTI-2025-19374,Taguig,Car,Rear-end,Risk Level 6,Cloudy,30.0,Male,2,281084.67,Moderate,Well-Lit,60 km/h
MMTI-2025-05253,Quezon,Car,Side-swipe,3,Stormy,17.0,Male,0,77777777,Heavy,Poorly-Lit,60
MMTI-2025-06312,Paranaque,,Hit and Run,3.0,Clear,55.0,Male,0,308301.18,Heavy,Unlit,60
MMTI-2025-05417,MALABON ,Motorcycle,Hit and Run,3,Clear,24.0,Male,0,,Heavy,Well-Lit,80
MMTI-2025-16341,Muntinlupa,Motorcycle,Hit and Run,Risk Level 3,Clear,40.0,Male,0,55775.15,Heavy,Well-Lit,60
MMTI-2025-10413,,,Rear-end,2,Clear,57.0,Male,0,56537.17,Heavy,Poorly-Lit,60 km/h
MMTI-2025-20802,Quezon,Motorcycle,Rear-end,3,Cloudy,47.0,Male,0,555349.07,Light,Well-Lit,80
MMTI-2025-16793,Quezon,Jeepney,Side-swipe,2,,43.0,Male,0,9036.53,Moderate,Unlit,80
MMTI-2025-15745,Quezon,Car,Hit and Run,Risk Level 3,Cloudy,30.0,Female,0,"PHP 623,148.24",Light,Well-Lit,60
MMTI-2025-00528,Muntinlupa,Motorcycle,Hit and Run,3,Storm,48.0,Male,0,35938.63,,Poorly-Lit,40
MMTI-2025-19632,Caloocan,Car,Side-swipe,2,Clear,43.0,Female,0,42798.03,Moderate,Well-Lit,60
MMTI-2025-02503,Manila,Car,Rear-end,3,Cloudy,20.0,Male,0,200515.82,Heavy,well lit,40
MMTI-2025-05438,Manila,Motorcycle,Side-swipe,6,Rain,45.0,Female,4,70307.55,,Well-Lit,60
MMTI-2025-21477,Quezon,SUV/Van,Hit and Run,3,Rainy,33.0,Male,0,855025.45,Moderate,Well-Lit,60
MMTI-2025-04554,Manila,Motorcycle,Side-swipe,3.0,Clear,,Male,0,23817.1,Light,Well-Lit,80
MMTI-2025-13320,Paranaque,Car,Head-on,3,Clear,46.0,Male,0,115419.81,HEAVY,Well-Lit,60
MMTI-2025-14620,Mandaluyong,Car,Hit and Run,Risk Level 3,Clear,22.0,Female,0,77686.45,HEAVY,Unlit,40
MMTI-2025-09605,Mandaluyong,,Side-swipe,Risk Level 2,Clear,44.0,Male,0,,Heavy,Poorly-Lit,60
MMTI-2025-05361,Quezon,Jeepney,Rear-end,3,Rainy,54.0,Male,0,1499514.63,Heavy,Unlit,60
MMTI-2025-08323,Quezon,,Head-on,3,Clear,17.0,Male,0,133.4k,Moderate,Poorly-Lit,40
MMTI-2025-02767,MARIKINA ,SUV/Van,Side-swipe,3,Clear,36.0,Male,0,,Heavy,Poorly-Lit,60
MMTI-2025-08566,Quezon,Car,Rear-end,3,Rainy,44.0,female ,0,1220585.84,Heavy,POOR,40
MMTI-2025-22771,Quezon,Jeepney,Rear-end,3,Rainy,50.0,Female,0,945630.65,Heavy,Poorly-Lit,60
MMTI-2025-05849,Caloocan,Jeepney,Side-swipe,Risk Level 3,,43.0,Male,0,85.9k,Heavy,Unlit,100 km/h
MMTI-2025-00136,Makati,Motorcycle,Side-swipe,1.0,Cloudy,43.0,Female,0,258972.94,MODERATE,Well-Lit,60
MMTI-2025-07265,Quezon,Car,Hit and Run,6,Cloudy,41.0,Male,3,"PHP 433,662.39",Heavy,Lit,40
MMTI-2025-03404,Las Pinas,Car,Side-swipe,Risk Level 3,Clear,48.0,Male,0,"PHP 94,890.10",Heavy,Well-Lit,60
MMTI-2025-08797,Muntinlupa,Car,Hit and Run,3.0,Clear,39.0,Male,0,"PHP 51,872.16",Heavy,No Lights,40
MMTI-2025-22973,Quezon,Car,Rear-end,6.0,Stormy,33.0,Male,2,2382743.76,Moderate,Unlit,60 kph
MMTI-2025-02387,Malabon,Car,Side-swipe,1.0,Clear,22.0,female ,0,36698.08,Moderate,Well-Lit,40 kph
MMTI-2025-17885,Las Pinas,Car,Hit and Run,2.0,Clear,36.0,M,0,"PHP 93,571.29",Heavy,Well-Lit,60
MMTI-2025-17787,Taguig,Car,Hit and Run,3.0,Cloudy,36.0,Male,0,317738.33,Moderate,Well-Lit,60
MMTI-2025-10230,Taguig,Car,Rear-end,3.0,Cloudy,47.0,Male,0,"PHP 344,235.05",Heavy,Well-Lit,60 km/h
MMTI-2025-03393,Taguig,Motorcycle,Rear-end,3,Cloudy,37.0,Male,0,319898.9,Moderate,Poorly-Lit,40
MMTI-2025-22614,PASIG ,SUV/Van,Head-on,,Clear,20.0,Female,0,31878.4,Moderate,Unlit,60
MMTI-2025-04362,Quezon,Car,Hit and Run,Risk Level 3,Rainy,39.0,Male,0,"PHP 918,087.69",Heavy,Unlit,60
MMTI-2025-16763,Valenzuela,Car,Rear-end,3.0,,38.0,Female,0,281194.72,HEAVY,Well-Lit,60
MMTI-2025-06615,Mandaluyong,SUV/Van,Hit and Run,Risk Level 3,Clear,36.0,Male,0,79594.88,Light,well lit,40
MMTI-2025-08882,San Juan,SUV/Van,Hit and Run,2,Cloudy,62.0,Male,0,,Heavy,Well-Lit,40 km/h
MMTI-2025-22189,Taguig,SUV/Van,Head-on,6.0,Cloudy,35.0,Male,1,305038.96,Light,Well-Lit,60
MMTI-2025-05611,Marikina,Car,Head-on,6.0,Clear,49.0,Male,3,61641.77,Moderate,Well-Lit,60
MMTI-2025-09993,Marikina,Car,Rear-end,Risk Level 3,Clear,32.0,Male,0,58172.62,Heavy,Poorly-Lit,60
MMTI-2025-14115, caloocan,Bus,Side-swipe,2,Clear,46.0,Female,0,121785.4,,Well-Lit,40 km/h
MMTI-2025-03656,Mandaluyong,Bus,Side-swipe,3,Clear,,Female,0,1087065.86,Heavy,Poorly-Lit,30
MMTI-2025-05609,Marikina,Motorcycle,Side-swipe,3.0,Clear,67.0,Male,0,63697.17,Heavy,Well-Lit,30
MMTI-2025-02844,Mandaluyong,Truck,Rear-end,3.0,,999.0,Male,0,810076.16,Heavy,Well-Lit,60
MMTI-2025-01279,Manila,Car,Hit and Run,3.0,Cloudy,17.0,Male,0,165266.38,Light,Well-Lit,60 kph
MMTI-2025-17975,Quezon,Motorcycle,Rear-end,3,Rainy,40.0,Male,0,636645.56,Moderate,well lit,100 km/h
MMTI-2025-16142,Quezon,Car,Rear-end,Risk Level 6,Stormy,17.0,Male,3,3171086.31,Heavy,Well-Lit,60
MMTI-2025-05993,QUEZON ,,Side-swipe,,Rain,35.0,Male,0,92046.19,MODERATE,Well-Lit,60 kph
MMTI-2025-18892,Quezon,,Rear-end,6.0,Clear,36.0,Male,2,196409.98,Heavy,dark,60
MMTI-2025-09682,,SUV/Van,Head-on,3,Rain,44.0,female ,0,374652.59,,Unlit,60 km/h
MMTI-2025-20877,Quezon,Car,Rear-end,2,Cloudy,71.0,Female,0,454765.45,Light,Well-Lit,40
MMTI-2025-12322,Pasay,Car,Side-swipe,3,Clear,58.0,Male,0,44940.8,Heavy,Well-Lit,60 km/h
MMTI-2025-17748,Quezon,SUV/Van,Side-swipe,3,Rainy,43.0,Female,0,1056.6k,Moderate,Unlit,40
MMTI-2025-17446,,Jeepney,Rear-end,6,Storm,52.0,Unknown,3,,Heavy,Well-Lit,40
MMTI-2025-22991,Quezon,Motorcycle,Hit and Run,3.0,Rainy,40.0,Male,0,884123.08,Heavy,Well-Lit,60
MMTI-2025-14894,Makati,Car,Hit and Run,3,Cloudy,17.0,male,0,239302.04,Heavy,Unlit,30
MMTI-2025-19856, pateros,Motorcycle,Head-on,9,Rain,46.0,Male,4,,Heavy,Unlit,80
MMTI-2025-15716,Las Pinas,Car,Hit and Run,3,Clear,46.0,Male,0,82092.21,Moderate,Unlit,30
MMTI-2025-23399,Muntinlupa,Car,Hit and Run,3,Clear,44.0,Male,0,55924.88,Light,Well-Lit,30
MMTI-2025-05149,Marikina,Car,Side-swipe,3,Clear,29.0,Male,0,64417.4,Light,Poorly-Lit,100 km/h
MMTI-2025-05901,Manila,Bus,Head-on,3.0,Clear,35.0,Female,0,,Heavy,Well-Lit,100
MMTI-2025-23356,MANILA ,,Rear-end,2,Clear,39.0,Male,0,88055.31,Moderate,Unlit,40 kph
MMTI-2025-19974,Makati,Car,Side-swipe,Risk Level 3,Cloudy,57.0,Male,0,251779.03,Moderate,Well-Lit,60 km/h
MMTI-2025-15667,,Car,Head-on,3,Clear,50.0,Male,0,31437.55,Moderate,Well-Lit,30
MMTI-2025-02871,Quezon,Car,Side-swipe,3,Rainy,42.0,Male,0,1454870.59,Heavy,Well-Lit,80 km/h
MMTI-2025-00744,,Car,Rear-end,4,Clear,34.0,Male,3,96808.13,Heavy,Well-Lit,80
MMTI-2025-04036,,Truck,Hit and Run,6,Rain,29.0,Male,1,3034719.55,Heavy,Well-Lit,30 kph
MMTI-2025-09670,,Bus,Head-on,3.0,Rain,43.0,Male,0,879971.08,Moderate,Well-Lit,60
MMTI-2025-03385,Mandaluyong,Motorcycle,Side-swipe,Risk Level 3,Clear,35.0,Male,0,69932.24,Heavy,Unlit,60 km/h
MMTI-2025-20071,,Motorcycle,Side-swipe,3,Clear,22.0,Male,0,"PHP 24,544.63",Heavy,No Lights,40
MMTI-2025-17900,Pasay,Motorcycle,Head-on,2,Clear,30.0,Male,0,46747.47,Heavy,Poorly-Lit,30 kph
MMTI-2025-19876,Quezon,Car,Head-on,3,Rainy,35.0,Female,0,671206.17,Moderate,Well-Lit,30
MMTI-2025-09578,Taguig,Bus,Head-on,3,Clear,39.0,Male,0,741773.1,,Lit,60 km/h
MMTI-2025-12874,MANDALUYONG ,,Rear-end,3,Rain,50.0,Male,0,,Heavy,Well-Lit,40
MMTI-2025-07315, quezon,Bus,Head-on,,Clear,,M,0,"PHP 153,392.29",Heavy,Well-Lit,40
MMTI-2025-18410,Taguig,Car,Hit and Run,2.0,Cloudy,35.0,Male,0,315968.52,Heavy,Well-Lit,60
MMTI-2025-06464,Quezon,SUV/Van,Hit and Run,Risk Level 6,Rain,,Male,3,859672.76,Moderate,Well-Lit,60
MMTI-2025-21716,Taguig,Jeepney,Side-swipe,3,,33.0,Female,0,78711.46,Heavy,Poorly-Lit,60 km/h
MMTI-2025-12308,Valenzuela,Car,Hit and Run,3,Clear,38.0,Male,0,38136.83,Moderate,Poorly-Lit,60
MMTI-2025-01530,Makati,,Rear-end,3,Rain,43.0,female ,0,"PHP 58,221.68",Heavy,Well-Lit,60
MMTI-2025-23051,Manila,Car,Side-swipe,2,Cloudy,39.0,Unknown,0,176952.42,MODERATE,Unlit,40
MMTI-2025-18937,Quezon,Jeepney,Rear-end,3,Clear,21.0,Female,0,,Heavy,POOR,40 km/h
MMTI-2025-07742,,SUV/Van,Side-swipe,,Clear,47.0,Male,0,,Heavy,Well-Lit,40
MMTI-2025-07175,Quezon,SUV/Van,Hit and Run,3.0,Rainy,18.0,Female,0,878891.25,Heavy,Well-Lit,40
MMTI-2025-10641,Makati,Motorcycle,Rear-end,Risk Level 3,Clear,62.0,Female,0,,Moderate,Lit,60
MMTI-2025-20948,Makati,Motorcycle,Side-swipe,3,Cloudy,38.0,Male,0,"PHP 222,193.04",HEAVY,Well-Lit,60
MMTI-2025-16291,San Juan,Car,Rear-end,2,Clear,,Male,0,27465.34,Heavy,Well-Lit,80
MMTI-2025-13274,Makati,Car,Hit and Run,Risk Level 3,Cloudy,41.0,Male,0,236674.43,Heavy,Poorly-Lit,60
MMTI-2025-13219,Quezon,Motorcycle,Head-on,3,Rainy,32.0,Male,0,684.1k,Heavy,Unlit,30 km/h
MMTI-2025-18500,Marikina,Bus,Rear-end,1.0,Clear,,Male,0,70436.72,Moderate,Well-Lit,40 kph
MMTI-2025-14580,Valenzuela,Motorcycle,Hit and Run,,Cloudy,49.0,Male,0,14090.64,Heavy,Well-Lit,60 km/h
MMTI-2025-15199,Quezon,Car,Side-swipe,3.0,Rainy,40.0,Male,0,1407735.74,Heavy,Well-Lit,40
MMTI-2025-05768,Manila,SUV/Van,Rear-end,2,Clear,60.0,Female,0,"PHP 33,559.60",,No Lights,60
MMTI-2025-20422,Pasay,SUV/Van,Hit and Run,3.0,Clear,25.0,Female,0,,Moderate,Poorly-Lit,60
MMTI-2025-00373,Quezon,Bus,Hit and Run,2.0,,57.0,Male,0,295763.45,Heavy,Well-Lit,80 km/h
MMTI-2025-01414,QUEZON ,Car,Rear-end,3.0,,44.0,female ,0,63157.41,HEAVY,Well-Lit,30 km/h
MMTI-2025-08564,Makati,Car,Side-swipe,3.0,Storm,49.0,Male,0,134221.08,,Well-Lit,80 km/h
MMTI-2025-17006,Quezon,Car,Rear-end,2,Cloudy,42.0,F,0,465218.51,Moderate,Poorly-Lit,60 km/h
MMTI-2025-18693,Quezon,,Rear-end,3.0,Cloudy,41.0,Male,0,166338.96,Heavy,Poorly-Lit,30
MMTI-2025-15468,Taguig,Car,Hit and Run,Risk Level 3,Cloudy,0.0,M,0,300078.82,Heavy,Well-Lit,100
MMTI-2025-08075,,Jeepney,Rear-end,6,Rain,999.0,Female,1,96187.14,Heavy,Poorly-Lit,60
MMTI-2025-18047,QUEZON ,Motorcycle,Head-on,1,,36.0,Male,0,20223.42,Moderate,No Lights,80
MMTI-2025-09476,Quezon,Car,Head-on,3,Rainy,32.0,Female,0,899125.58,HEAVY,Poorly-Lit,60 km/h
MMTI-2025-14115, caloocan,Bus,Side-swipe,2,Clear,46.0,Female,0,121785.4,,Well-Lit,40 km/h
MMTI-2025-04333,Pasig,Car,Hit and Run,,Storm,17.0,Female,0,45186.03,Heavy,Poorly-Lit,60
MMTI-2025-15192,Las Pinas,Jeepney,Side-swipe,3,Clear,,Male,0,104504.52,Heavy,Well-Lit,60
MMTI-2025-20938,Quezon,Motorcycle,Head-on,3,Cloudy,38.0,Female,0,417422.6,Moderate,Well-Lit,60
MMTI-2025-14218,Paranaque,Jeepney,Head-on,3,,21.0,Male,0,49192.12,,Poorly-Lit,60
MMTI-2025-12407,Caloocan,Jeepney,Hit and Run,,Clear,43.0,M,0,13082.8,Light,Well-Lit,60
MMTI-2025-08268,Paranaque,Car,Rear-end,3.0,Clear,21.0,Female,0,108147.33,Moderate,Well-Lit,30 km/h
MMTI-2025-08201,,Jeepney,Side-swipe,3,Rain,55.0,Male,0,153523.88,,Well-Lit,40
MMTI-2025-01897,Mandaluyong,SUV/Van,Head-on,,Clear,25.0,Female,0,84976.84,Heavy,Well-Lit,60 km/h
MMTI-2025-00828,Taguig,Jeepney,Rear-end,Risk Level 3,Cloudy,23.0,Male,0,308.5k,Moderate,Well-Lit,40
MMTI-2025-12968,Marikina,Jeepney,Hit and Run,3.0,Cloudy,0.0,Male,0,,Light,Unlit,100
MMTI-2025-18048,Quezon,Motorcycle,Hit and Run,3,Cloudy,47.0,Male,0,383321.16,Heavy,Unlit,80 kph
MMTI-2025-21308,Quezon,Car,Head-on,3,Stormy,38.0,Female,0,1813750.56,Light,Unlit,30
MMTI-2025-08232,TAGUIG ,,Hit and Run,Risk Level 3,Storm,22.0,Male,0,"PHP 122,077.40",Heavy,Well-Lit,60
MMTI-2025-10843,Mandaluyong,Car,Head-on,3,Clear,25.0,Male,0,74384.51,Heavy,well lit,100
MMTI-2025-07969,,Truck,Rear-end,Risk Level 3,Clear,39.0,Male,0,1373938.29,Heavy,Poorly-Lit,60
MMTI-2025-17813,Makati,SUV/Van,Head-on,Risk Level 3,Storm,17.0,Male,0,"PHP 116,045.21",,Well-Lit,40
MMTI-2025-22441,Makati,Jeepney,Side-swipe,3.0,Cloudy,52.0,Male,0,243179.38,Heavy,Well-Lit,30
MMTI-2025-13958,Quezon,Car,Hit and Run,3.0,Stormy,25.0,Male,0,77777777,Heavy,Well-Lit,80
MMTI-2025-22612,Quezon,Car,Head-on,Risk Level 3,Rainy,30.0,Male,0,1218011.73,Heavy,Poorly-Lit,60 km/h
MMTI-2025-15476,,Bus,Rear-end,Risk Level 3,Clear,21.0,Male,0,823267.96,Heavy,Unlit,60
MMTI-2025-10295,Paranaque,Motorcycle,Rear-end,3,Clear,42.0,Male,0,"PHP 98,753.62",Heavy,Lit,40
MMTI-2025-04633,Quezon,Car,Side-swipe,Risk Level 3,Cloudy,39.0,Male,0,397150.91,Heavy,Poorly-Lit,60 km/h
MMTI-2025-22952,Manila,Car,Rear-end,3.0,Clear,49.0,Male,0,61.0k,,dark,40
MMTI-2025-21693,Quezon,Car,Side-swipe,6,Cloudy,36.0,Male,4,391566.97,Moderate,Well-Lit,40
MMTI-2025-01031,Makati,Jeepney,Hit and Run,,Rain,17.0,Male,0,22236.79,Heavy,Well-Lit,60
MMTI-2025-07730,San Juan,Car,Rear-end,3,Clear,46.0,Male,0,38448.96,MODERATE,Well-Lit,60
MMTI-2025-15565,Quezon,Car,Head-on,4,Cloudy,43.0,female ,2,396313.63,HEAVY,Well-Lit,60
MMTI-2025-07373,Quezon,,Rear-end,3.0,Clear,33.0,Male,0,41763.42,Heavy,Lit,40 km/h
MMTI-2025-10497,Manila,Motorcycle,Rear-end,3.0,Clear,53.0,Male,0,,Light,Poorly-Lit,40
MMTI-2025-04954,MANILA ,Truck,Head-on,3.0,Clear,,Female,0,1087676.08,Heavy,Poorly-Lit,80
MMTI-2025-15857, paranaque,Bus,Rear-end,,Clear,59.0,Male,0,296902.99,,Poorly-Lit,40 km/h
MMTI-2025-07368,Quezon,Car,Side-swipe,3,Cloudy,37.0,Male,0,603814.06,Moderate,Well-Lit,30 kph
MMTI-2025-02862,Quezon,Car,Head-on,3,Cloudy,25.0,Male,0,398518.17,MODERATE,Poorly-Lit,60
MMTI-2025-20847,Malabon,SUV/Van,Head-on,3,Clear,32.0,Male,0,36841.17,Heavy,Well-Lit,40
MMTI-2025-06679, caloocan,Car,Hit and Run,2.0,Clear,,Male,0,55091.44,Moderate,Poorly-Lit,80
MMTI-2025-02987,Quezon,Car,Hit and Run,3.0,Cloudy,30.0,Female,0,580717.74,MODERATE,well lit,40
MMTI-2025-19231,Pasig,Truck,Head-on,3.0,Clear,28.0,Male,0,125663.9,Heavy,Well-Lit,40
MMTI-2025-00492,Paranaque,Motorcycle,Hit and Run,3,Clear,34.0,Female,0,121860.73,Moderate,Well-Lit,60
MMTI-2025-09362,MANILA ,Bus,Rear-end,,,48.0,Female,3,82664.1,Heavy,Poorly-Lit,40
MMTI-2025-08148,Makati,Car,Rear-end,3,Cloudy,43.0,Male,0,243855.15,Moderate,well lit,40
MMTI-2025-05558,Quezon,Car,Rear-end,3,Rainy,40.0,Male,0,"PHP 673,485.77",Heavy,Poorly-Lit,80
MMTI-2025-10172,Quezon,Truck,Hit and Run,3.0,Stormy,43.0,Male,0,99999999,Moderate,Well-Lit,40
MMTI-2025-21193,,Bus,Head-on,3.0,Rain,,Male,0,1052649.27,Moderate,Well-Lit,40
MMTI-2025-04492,Makati,SUV/Van,Hit and Run,6.0,Cloudy,41.0,Female,1,243.2k,Heavy,Well-Lit,60 kph
MMTI-2025-10394, manila,Car,Hit and Run,2,Clear,0.0,Male,0,19810.19,,Poorly-Lit,60
MMTI-2025-06252,Manila,Car,Hit and Run,3,Cloudy,40.0,F,0,195709.44,Moderate,Well-Lit,80
MMTI-2025-18718,Manila,Bus,Side-swipe,3,Clear,30.0,Male,0,,Heavy,Well-Lit,60 km/h
MMTI-2025-02309,Quezon,Motorcycle,Side-swipe,3,Rain,,Female,0,46154.29,MODERATE,Well-Lit,30
MMTI-2025-17986,Makati,,Side-swipe,2.0,Clear,35.0,Male,0,66934.53,Light,Well-Lit,80
MMTI-2025-11230,Quezon,Truck,Hit and Run,Risk Level 3,Rainy,38.0,Male,0,1307335.78,Heavy,Poorly-Lit,60 km/h
MMTI-2025-00689,Caloocan,Car,Rear-end,3,Clear,53.0,Male,0,42317.16,Heavy,Poorly-Lit,60 kph
MMTI-2025-20867,Quezon,SUV/Van,Head-on,Risk Level 3,Rainy,58.0,Male,0,838718.48,Heavy,Well-Lit,60 km/h
MMTI-2025-15394, taguig,Car,Head-on,,Clear,37.0,Female,3,31548.28,Heavy,Well-Lit,100
MMTI-2025-07167, paranaque,Jeepney,Side-swipe,,Clear,51.0,Female,0,19382.32,Moderate,Poorly-Lit,80
MMTI-2025-05463,Paranaque,Motorcycle,Rear-end,3,Clear,33.0,Male,0,121760.69,Light,Well-Lit,80 km/h
MMTI-2025-17849,Muntinlupa,Truck,Side-swipe,,Rain,51.0,Male,0,634315.49,Light,Well-Lit,40
MMTI-2025-07704,Muntinlupa,Car,Head-on,3,Clear,36.0,Female,0,54769.49,Moderate,Well-Lit,80
MMTI-2025-13729,Taguig,SUV/Van,Head-on,3,Cloudy,46.0,Male,0,306014.72,Heavy,Well-Lit,60
MMTI-2025-10003,Marikina,Car,Hit and Run,3.0,Clear,999.0,Male,0,59448.4,Moderate,Poorly-Lit,60 km/h
MMTI-2025-14623,Makati,Bus,Rear-end,Risk Level 3,Clear,25.0,M,0,,HEAVY,Well-Lit,40
MMTI-2025-10582,Quezon,Car,Hit and Run,3.0,Rainy,47.0,Female,0,"PHP 686,675.93",Heavy,Well-Lit,40
MMTI-2025-00368,Manila,Motorcycle,Side-swipe,6,Cloudy,60.0,Male,2,165.6k,Heavy,Poorly-Lit,60 kph
MMTI-2025-04072,Las Pinas,Car,Hit and Run,3,Clear,33.0,Male,0,89246.91,Heavy,Poorly-Lit,100
MMTI-2025-16387,Taguig,Motorcycle,Side-swipe,3.0,Cloudy,44.0,Male,0,275398.79,Heavy,Well-Lit,60
MMTI-2025-09849, valenzuela,,Head-on,3.0,Clear,32.0,Male,0,180498.13,Heavy,Poorly-Lit,100
MMTI-2025-21419,Quezon,Car,Head-on,3.0,Cloudy,31.0,Female,0,362338.57,Heavy,No Lights,30
MMTI-2025-11957,Quezon,Car,Side-swipe,3,,29.0,Female,0,70580.81,Heavy,Unlit,80
MMTI-2025-00011,Quezon,,Rear-end,3,Rain,41.0,Male,0,125774.91,Heavy,Poorly-Lit,40