Incident_ID,City,Vehicle_Type,Accident_Type,Severity,Weather_Condition,Driver_Age,Driver_Gender,Injury_Count,Damage_Cost_PHP,Traffic_Volume,Road_Lighting,Speed_Limit
MMTI-2025-13593,Quezon,Motorcycle,Rear-end,Risk Level 6,Cloudy,59.0,Male,2,612.9k,Heavy,Well-Lit,60
MMTI-2025-19617,Quezon,Car,Side-swipe,3,Cloudy,40.0,Male,0,"PHP 449,239.61",Heavy,Unlit,80 km/h
MMTI-2025-02475,Paranaque,Car,Side-swipe,Risk Level 2,Clear,42.0,Male,0,"PHP 121,090.16",Moderate,Well-Lit,60
MMTI-2025-20432,Caloocan,Car,Side-swipe,3.0,Clear,27.0,Male,0,44590.38,Heavy,Unlit,60
MMTI-2025-02663,Manila,Truck,Hit and Run,3.0,Clear,29.0,Male,0,,Moderate,Well-Lit,80
MMTI-2025-18530,Quezon,Car,Rear-end,6,Cloudy,53.0,Male,3,583412.1,Heavy,Well-Lit,40 km/h
MMTI-2025-14684,,Motorcycle,Rear-end,Risk Level 3,Clear,51.0,Male,0,16046.67,Moderate,Poorly-Lit,60
MMTI-2025-07829,Mandaluyong,,Head-on,3,Clear,49.0,Male,0,,Heavy,Poorly-Lit,60
MMTI-2025-05474,Pasig,,Head-on,2,Cloudy,43.0,Male,0,43545.69,Moderate,Lit,80 kph
MMTI-2025-00464,Pasig,Bus,Rear-end,3,Cloudy,43.0,Male,0,619878.93,,Well-Lit,30
MMTI-2025-20161,Las Pinas,Motorcycle,Hit and Run,2,,37.0,Male,0,4067.28,Heavy,Lit,40
MMTI-2025-12416, mandaluyong,Jeepney,Hit and Run,3,Cloudy,29.0,Male,0,,Heavy,Well-Lit,40
MMTI-2025-22168,,SUV/Van,Side-swipe,3,Clear,45.0,Male,0,348310.37,LIGHT,Poorly-Lit,60
MMTI-2025-17608,,Motorcycle,Head-on,3,Clear,41.0,Male,0,54181.13,Light,Poorly-Lit,60
MMTI-2025-17902,,,Hit and Run,3,Clear,24.0,Male,0,86429.81,Moderate,Well-Lit,80
MMTI-2025-00843,Mandaluyong,Truck,Rear-end,3,Clear,55.0,Female,0,70310.78,Light,POOR,30
MMTI-2025-00041,Quezon,SUV/Van,Head-on,3.0,Rainy,41.0,Male,0,934657.62,Heavy,Poorly-Lit,30 km/h
MMTI-2025-00510,Marikina,Car,Rear-end,2.0,Clear,37.0,Male,0,66347.99,Moderate,Poorly-Lit,60
MMTI-2025-11191,Taguig,Car,Head-on,3,Cloudy,38.0,Male,0,269800.44,Moderate,Poorly-Lit,40
MMTI-2025-20532,Pasig,Motorcycle,Head-on,3,Clear,22.0,Male,0,143131.96,HEAVY,Poorly-Lit,30
MMTI-2025-09744,Marikina,Jeepney,Hit and Run,,Clear,34.0,Female,0,45119.7,Moderate,Well-Lit,60
MMTI-2025-07218,Caloocan,SUV/Van,Hit and Run,3,Clear,47.0,F,0,,Heavy,Well-Lit,80 km/h
MMTI-2025-16331,Quezon,Bus,Hit and Run,3.0,Rain,24.0,Male,0,,Moderate,Poorly-Lit,30
MMTI-2025-00970,Quezon,Car,Rear-end,6.0,Stormy,43.0,F,2,1825194.88,Heavy,Well-Lit,60
MMTI-2025-08932,Quezon,Car,Head-on,3,Cloudy,28.0,Male,0,416563.69,Heavy,Well-Lit,60
MMTI-2025-01180,Makati,Car,Side-swipe,3,Cloudy,45.0,Male,0,230382.21,Heavy,Lit,60
MMTI-2025-04618,Quezon,SUV/Van,Rear-end,6,Stormy,27.0,Male,1,2177888.2,Heavy,Poorly-Lit,60
MMTI-2025-00685,Quezon,Motorcycle,Side-swipe,3.0,Rainy,0.0,Male,0,1259550.46,Moderate,Poorly-Lit,30
MMTI-2025-21954, san juan,,Hit and Run,3.0,Rain,39.0,Male,0,138.7k,Light,Poorly-Lit,40
MMTI-2025-18042,Quezon,SUV/Van,Head-on,6,Rainy,40.0,Female,1,773914.89,Heavy,Well-Lit,60 km/h
MMTI-2025-15584,Quezon,Motorcycle,Side-swipe,3,Stormy,38.0,Female,0,1782236.57,Light,Well-Lit,80
MMTI-2025-02083,Taguig,Car,Rear-end,6,Cloudy,39.0,Female,3,282912.01,Moderate,Well-Lit,60
MMTI-2025-00184,Paranaque,Car,Head-on,3,Clear,44.0,Female,0,121757.26,MODERATE,Poorly-Lit,30
MMTI-2025-22719,Las Pinas,Truck,Rear-end,2,Clear,45.0,female ,0,89244.36,Light,Well-Lit,60
MMTI-2025-19239,Quezon,Jeepney,Hit and Run,2,Rain,26.0,Male,0,,Moderate,Well-Lit,40
MMTI-2025-08327,Manila,Truck,Rear-end,,Clear,49.0,Female,0,"PHP 220,340.60",Heavy,Unlit,30
MMTI-2025-20969,Mandaluyong,Car,Head-on,3.0,Clear,35.0,Male,0,77276.51,Heavy,Well-Lit,60 km/h
MMTI-2025-18802,Manila,SUV/Van,Hit and Run,3,,33.0,Male,0,259358.79,Heavy,Well-Lit,100
MMTI-2025-02572,Quezon,Truck,Head-on,3,Clear,25.0,Male,0,,Heavy,Well-Lit,80
MMTI-2025-21105,Taguig,SUV/Van,Side-swipe,3,Cloudy,39.0,Male,0,315096.48,Heavy,Unlit,80
MMTI-2025-01838,Taguig,Car,Side-swipe,3,Cloudy,51.0,Female,0,307506.61,Light,Poorly-Lit,80
MMTI-2025-22552,Manila,Car,Head-on,Risk Level 3,Cloudy,34.0,Male,0,201460.06,Heavy,No Lights,30
MMTI-2025-15348,Quezon,SUV/Van,Hit and Run,3,Cloudy,53.0,Male,0,,Heavy,Poorly-Lit,40
MMTI-2025-04296,Taguig,Bus,Rear-end,3,,39.0,Male,0,502605.39,Moderate,Well-Lit,30 kph
MMTI-2025-08623,San Juan,Car,Head-on,,Clear,17.0,Male,0,"PHP 50,328.17",Heavy,Well-Lit,40 km/h
MMTI-2025-02788,,SUV/Van,Side-swipe,3,Rain,43.0,Male,0,112531.63,Heavy,Well-Lit,60
MMTI-2025-04061,Quezon,Truck,Rear-end,6,Storm,25.0,Male,1,"PHP 3,087,663.13",,Well-Lit,40
MMTI-2025-14533,Taguig,Jeepney,Side-swipe,2,Cloudy,42.0,Male,0,,LIGHT,Well-Lit,60
MMTI-2025-19511,Quezon,Bus,Head-on,,Cloudy,44.0,Female,0,418403.58,Heavy,Well-Lit,80 kph
MMTI-2025-07262,Quezon,Truck,Rear-end,,Clear,,Male,0,676794.07,Heavy,Unlit,40
MMTI-2025-11509,Manila,SUV/Van,Head-on,3,Clear,54.0,Male,0,75192.64,,Poorly-Lit,60
MMTI-2025-03143,Quezon,Truck,Side-swipe,3.0,Rainy,58.0,Male,0,822517.23,Moderate,Well-Lit,80 kph
MMTI-2025-00137,Las Pinas,Car,Head-on,Risk Level 3,Clear,60.0,Male,0,86293.59,Moderate,Well-Lit,60
MMTI-2025-09191,Quezon,Jeepney,Side-swipe,3,Rainy,55.0,Male,0,"PHP 922,721.25",Heavy,Unlit,40 km/h
MMTI-2025-07620,San Juan,Car,Rear-end,Risk Level 2,Clear,25.0,Male,0,40716.36,Moderate,Well-Lit,60 km/h
MMTI-2025-07633,Pateros,Motorcycle,Head-on,2,Clear,28.0,Male,0,,Heavy,Poorly-Lit,60 km/h
MMTI-2025-22944,,Truck,Rear-end,3,Clear,64.0,Female,0,1496940.98,Heavy,Well-Lit,60 km/h
MMTI-2025-06110, manila,,Side-swipe,3,Storm,36.0,Male,0,178044.31,Heavy,Poorly-Lit,60
MMTI-2025-16643,Makati,Bus,Side-swipe,3.0,Clear,25.0,Male,0,,Moderate,No Lights,60
MMTI-2025-03716,Las Pinas,Car,Rear-end,3,Clear,17.0,Male,0,92082.86,LIGHT,Well-Lit,60
MMTI-2025-04755,Taguig,Car,Side-swipe,Risk Level 3,Cloudy,43.0,Male,0,280235.54,Heavy,Well-Lit,40
MMTI-2025-23580,QUEZON ,Truck,Head-on,3,Clear,,F,0,1934569.47,Light,No Lights,80
MMTI-2025-01390,Paranaque,SUV/Van,Rear-end,3,Clear,46.0,Unknown,0,,Heavy,Well-Lit,40
MMTI-2025-04866,Mandaluyong,Car,Rear-end,3,Clear,39.0,Male,0,75989.16,Heavy,Well-Lit,30 km/h
MMTI-2025-20310,Makati,,Head-on,3,Clear,47.0,Male,0,131144.44,Heavy,Well-Lit,60
MMTI-2025-22298,Pasig,Motorcycle,Side-swipe,3,Clear,-10.0,Female,0,161500.97,Heavy,Well-Lit,60
MMTI-2025-16363,Quezon,Car,Head-on,6,Cloudy,54.0,Female,4,500787.92,Heavy,POOR,40
MMTI-2025-11169,Quezon,SUV/Van,Side-swipe,3,Rainy,36.0,Male,0,"PHP 1,118,249.41",Heavy,Well-Lit,40
MMTI-2025-09059,Makati,Car,Rear-end,2,Cloudy,42.0,Male,0,219904.68,Heavy,Well-Lit,40
MMTI-2025-16340,Pasig,Car,Head-on,3,Clear,52.0,Male,0,134489.55,Heavy,Well-Lit,40
MMTI-2025-08311,Quezon,Car,Side-swipe,3,Cloudy,34.0,Male,0,463089.07,Heavy,Well-Lit,80 km/h
MMTI-2025-06677,Paranaque,Motorcycle,Side-swipe,3,Clear,26.0,Male,0,121997.62,Heavy,Poorly-Lit,60
MMTI-2025-14323,,SUV/Van,Rear-end,6.0,Clear,38.0,Male,4,128262.7,Heavy,Poorly-Lit,60 km/h
MMTI-2025-21559,Quezon,Car,Head-on,6,Stormy,35.0,Male,3,2749.5k,Moderate,Well-Lit,80 km/h
MMTI-2025-20196,Pasig,Car,Hit and Run,3.0,Clear,32.0,F,0,154790.37,Heavy,Poorly-Lit,40
MMTI-2025-15252,PASIG ,Truck,Rear-end,3,Clear,27.0,Male,0,,Heavy,Poorly-Lit,100
MMTI-2025-15590,Quezon,Motorcycle,Rear-end,6.0,Rainy,20.0,Male,1,725174.17,Heavy,Well-Lit,60 km/h
MMTI-2025-00649,Pasay,Motorcycle,Hit and Run,6.0,Clear,27.0,Male,1,45561.79,Heavy,Unlit,80 km/h
MMTI-2025-07851,Mandaluyong,Car,Side-swipe,3.0,Clear,42.0,Male,0,77.6k,Heavy,Well-Lit,60
MMTI-2025-16166,Quezon,Car,Head-on,3.0,Cloudy,27.0,Unknown,0,394803.24,Heavy,Unlit,40
MMTI-2025-18758,Quezon,Car,Side-swipe,3.0,Rainy,29.0,Male,0,914505.35,MODERATE,Poorly-Lit,40
MMTI-2025-09212,Manila,,Rear-end,2,Clear,36.0,Male,0,26155.49,Moderate,Well-Lit,60
MMTI-2025-22271,Paranaque,Motorcycle,Head-on,3.0,Clear,51.0,Male,0,108011.81,Heavy,Well-Lit,100 km/h
MMTI-2025-16529,Manila,,Rear-end,3,Cloudy,44.0,Male,0,305002.38,Heavy,Poorly-Lit,60
MMTI-2025-23018,Quezon,,Head-on,3,Clear,45.0,Male,0,262896.19,Heavy,Well-Lit,60
MMTI-2025-16605,Pasig,Motorcycle,Side-swipe,3.0,Clear,40.0,female ,0,"PHP 133,557.66",Moderate,Well-Lit,40
MMTI-2025-19587,Paranaque,Jeepney,Hit and Run,3,Clear,59.0,Female,0,101265.0,Heavy,Well-Lit,80
MMTI-2025-06049,,Truck,Side-swipe,3,Clear,27.0,Male,0,547075.46,Heavy,No Lights,80
MMTI-2025-14217,Quezon,Motorcycle,Rear-end,3,Cloudy,52.0,Male,0,500428.89,Moderate,Lit,60
MMTI-2025-10762,Quezon,Car,Side-swipe,Risk Level 3,Cloudy,52.0,Male,0,576284.7,Heavy,Well-Lit,60
MMTI-2025-19407,Taguig,Car,Rear-end,3,Cloudy,35.0,Male,0,274408.88,HEAVY,well lit,80 kph
MMTI-2025-21762,SAN JUAN ,,Hit and Run,3.0,Clear,41.0,Male,0,232419.71,Moderate,Poorly-Lit,30
MMTI-2025-14417,Quezon,SUV/Van,Side-swipe,6.0,Stormy,37.0,Male,1,2172355.82,Heavy,Well-Lit,60 km/h
MMTI-2025-08313,Quezon,Motorcycle,Head-on,3.0,Cloudy,46.0,Male,0,427243.84,Heavy,well lit,60
MMTI-2025-01303,Mandaluyong,Motorcycle,Side-swipe,3.0,Clear,,Unknown,0,,HEAVY,Lit,80
MMTI-2025-22628, pasig,Bus,Hit and Run,,Rain,44.0,Female,0,206160.12,Heavy,Poorly-Lit,60
MMTI-2025-07209,Quezon,,Head-on,Risk Level 1,Clear,49.0,Male,0,17248.46,Moderate,Poorly-Lit,80 km/h
MMTI-2025-04203,Quezon,Car,Head-on,3,Cloudy,24.0,Male,0,489398.52,Moderate,Well-Lit,60 km/h
MMTI-2025-18931,Las Pinas,SUV/Van,Rear-end,2,Clear,27.0,Male,0,94139.07,Heavy,Poorly-Lit,60
MMTI-2025-14277,Makati,Car,Side-swipe,3.0,Cloudy,31.0,Male,0,216388.73,Heavy,Well-Lit,30 km/h
MMTI-2025-08281,Quezon,Truck,Side-swipe,,Clear,39.0,Male,4,727828.35,Heavy,Well-Lit,100 km/h
MMTI-2025-17207,Quezon,Truck,Rear-end,3.0,Cloudy,22.0,Male,0,368331.03,Heavy,Poorly-Lit,60
MMTI-2025-21623,Marikina,SUV/Van,Hit and Run,3.0,Clear,30.0,Female,0,63654.3,Moderate,Unlit,100 kph
MMTI-2025-10272,Manila,Car,Head-on,3,Cloudy,0.0,Male,0,169043.6,Heavy,Well-Lit,40 km/h
MMTI-2025-03827,Taguig,Car,Rear-end,3.0,Cloudy,31.0,Male,0,348753.5,Heavy,Poorly-Lit,40
MMTI-2025-07182,Quezon,SUV/Van,Side-swipe,Risk Level 3,Cloudy,31.0,Male,0,494.0k,Heavy,Well-Lit,60 kph
MMTI-2025-20518,Las Pinas,Motorcycle,Rear-end,3,Clear,47.0,Male,0,87911.59,Heavy,Lit,40 kph
MMTI-2025-21689,Quezon,Motorcycle,Head-on,3,Rainy,47.0,Male,0,1147909.51,Light,Poorly-Lit,60
MMTI-2025-07949,,,Head-on,3,Clear,,Male,0,130220.87,Heavy,Well-Lit,60
MMTI-2025-20121,Paranaque,Car,Head-on,3,Clear,21.0,Female,0,100555.7,Heavy,Well-Lit,60
MMTI-2025-01367,Taguig,Motorcycle,Hit and Run,3,,,Male,0,"PHP 34,026.94",,Unlit,60 km/h
MMTI-2025-11244,Manila,Car,Rear-end,3,Clear,38.0,Male,0,,Moderate,Poorly-Lit,60 km/h
MMTI-2025-08777,Paranaque,Car,Head-on,6,Clear,23.0,Male,3,101661.04,Heavy,well lit,60
MMTI-2025-06097,Taguig,Motorcycle,Side-swipe,Risk Level 6,Cloudy,17.0,Female,2,296.3k,Heavy,well lit,100
MMTI-2025-07765,Taguig,Car,Head-on,3.0,Cloudy,38.0,Male,0,303489.31,Heavy,Poorly-Lit,60
MMTI-2025-02423,Quezon,Car,Head-on,3.0,Rainy,36.0,Male,0,919315.86,Heavy,Poorly-Lit,40 km/h
MMTI-2025-21824,Manila,,Head-on,3,Rain,28.0,Male,0,88277.34,Heavy,Poorly-Lit,60
MMTI-2025-21913,Manila,Motorcycle,Hit and Run,3,,24.0,Male,0,32.6k,Light,Unlit,60 km/h
MMTI-2025-09773,Pasig,Bus,Head-on,3,Clear,37.0,Male,0,,Light,Well-Lit,60
MMTI-2025-05621, quezon,Jeepney,Hit and Run,,Storm,36.0,Male,0,,Heavy,No Lights,30
MMTI-2025-10989,Quezon,Truck,Side-swipe,3.0,Cloudy,34.0,Male,0,578342.88,Heavy,Well-Lit,60
MMTI-2025-16777,Pasay,Car,Hit and Run,3,Clear,33.0,Male,0,45945.81,Moderate,Poorly-Lit,60 km/h
MMTI-2025-10556,Manila,,Rear-end,3,Clear,45.0,Male,0,78291.39,Light,Well-Lit,60
MMTI-2025-19231,Paranaque,Truck,Head-on,3,Clear,32.0,Male,0,99803.11,Heavy,Poorly-Lit,60
MMTI-2025-22124,Quezon,SUV/Van,Head-on,,Clear,37.0,Female,0,158341.09,Heavy,Unlit,40 km/h
MMTI-2025-12473,,,Hit and Run,3,Clear,41.0,Male,0,"PHP 141,571.32",Heavy,Well-Lit,60
MMTI-2025-15580,Quezon,Car,Hit and Run,3,Rainy,42.0,Male,0,1183664.34,Moderate,Well-Lit,40
MMTI-2025-04803,San Juan,SUV/Van,Side-swipe,3,Clear,27.0,Male,0,183968.46,,Well-Lit,60
MMTI-2025-03063,Manila,Motorcycle,Hit and Run,3.0,Cloudy,37.0,Male,0,185535.64,Heavy,dark,60
MMTI-2025-05222,Las Pinas,Motorcycle,Hit and Run,1,Clear,,Male,0,3722.58,Light,Poorly-Lit,60
MMTI-2025-15137,Mandaluyong,Car,Hit and Run,3,Clear,36.0,Male,0,70305.83,Heavy,Well-Lit,40 km/h
MMTI-2025-17633,Quezon,Motorcycle,Side-swipe,3.0,Cloudy,34.0,male,0,570524.98,Heavy,Well-Lit,60
MMTI-2025-10197,Pasig,Car,Head-on,Risk Level 3,Clear,23.0,Female,0,156165.09,Heavy,Well-Lit,80 kph
MMTI-2025-05304, makati,Motorcycle,Rear-end,3,Rain,36.0,Female,0,10782.15,,Poorly-Lit,60 kph
MMTI-2025-08383,,SUV/Van,Side-swipe,Risk Level 3,Clear,67.0,Male,0,141599.91,Heavy,Well-Lit,60
MMTI-2025-08479,Quezon,Motorcycle,Side-swipe,3,Rainy,41.0,Female,0,1048758.31,Moderate,Poorly-Lit,40 kph
MMTI-2025-02241,Quezon,Car,Head-on,6,Rainy,28.0,Male,4,714579.55,Moderate,No Lights,80 km/h
MMTI-2025-11832,Caloocan,Car,Head-on,Risk Level 3,Clear,60.0,Male,0,44652.48,Heavy,Poorly-Lit,30
MMTI-2025-15712,Navotas,Motorcycle,Head-on,3,Rain,,Male,0,"PHP 58,978.95",Heavy,Well-Lit,60
MMTI-2025-01599,Manila,Car,Side-swipe,Risk Level 3,Cloudy,34.0,Male,0,170292.32,Moderate,Well-Lit,80
MMTI-2025-00386,,Bus,Side-swipe,3,Cloudy,,Male,0,460529.93,Heavy,Well-Lit,60 kph
MMTI-2025-09388,Quezon,Truck,Side-swipe,3.0,Rainy,54.0,Male,0,743665.84,Moderate,Well-Lit,40
MMTI-2025-22982,Las Pinas,Car,Head-on,3,Clear,17.0,Male,0,94229.83,Heavy,Well-Lit,40
MMTI-2025-12882,,SUV/Van,Side-swipe,3.0,Clear,41.0,Male,0,134754.95,Heavy,Well-Lit,40 kph
MMTI-2025-01402,Manila,Car,Hit and Run,3,Cloudy,53.0,Male,0,204608.32,Heavy,Well-Lit,60
MMTI-2025-09897,Pasay,Motorcycle,Head-on,Risk Level 3,,53.0,male,0,7601.37,Heavy,Lit,40
MMTI-2025-12950,Muntinlupa,Car,Head-on,3,Clear,39.0,Male,0,54102.07,Heavy,Well-Lit,100
MMTI-2025-11858,VALENZUELA ,,Head-on,Risk Level 6,Clear,17.0,Male,2,109078.92,Light,Well-Lit,30
MMTI-2025-03186,Quezon,Motorcycle,Hit and Run,2,Cloudy,62.0,Female,0,370898.89,Heavy,Unlit,80
MMTI-2025-08914,Caloocan,Car,Head-on,Risk Level 3,Clear,42.0,Female,0,43081.16,Moderate,Poorly-Lit,60
MMTI-2025-21276,Quezon,Motorcycle,Hit and Run,3.0,Stormy,44.0,Male,0,77777777,Moderate,Well-Lit,80
MMTI-2025-03477,QUEZON ,Motorcycle,Side-swipe,3.0,Clear,26.0,Male,0,,Heavy,Well-Lit,40 kph
MMTI-2025-20376,Malabon,,Rear-end,6.0,Rain,44.0,Female,3,266534.13,HEAVY,Poorly-Lit,40
MMTI-2025-04897,Manila,Jeepney,Head-on,2,Clear,42.0,Male,0,"PHP 15,975.86",,Well-Lit,30
MMTI-2025-09072,San Juan,Motorcycle,Rear-end,,Cloudy,17.0,Male,4,7822.8,Heavy,No Lights,30
MMTI-2025-04997,Makati,Car,Hit and Run,,Clear,47.0,Male,0,56268.01,Heavy,Well-Lit,40
MMTI-2025-23449,Quezon,Car,Side-swipe,3,Cloudy,26.0,Male,0,361068.45,HEAVY,Well-Lit,60
MMTI-2025-18231,Quezon,Car,Head-on,3,Cloudy,39.0,F,0,412023.48,Heavy,Well-Lit,60
MMTI-2025-19559,TAGUIG ,Bus,Hit and Run,2,Clear,,Male,0,308160.52,Heavy,Well-Lit,40
MMTI-2025-15273,,Motorcycle,Head-on,Risk Level 6,Clear,50.0,Male,3,"PHP 61,030.26",Heavy,Poorly-Lit,60
MMTI-2025-01972,CALOOCAN ,Truck,Hit and Run,,,53.0,Female,3,333677.55,Heavy,Poorly-Lit,80
MMTI-2025-09035,Caloocan,,Hit and Run,,Clear,18.0,Female,0,0,Heavy,Poorly-Lit,30 kph
MMTI-2025-16137,Quezon,SUV/Van,Rear-end,3.0,Rainy,35.0,Male,0,1054764.45,Heavy,Poorly-Lit,60
MMTI-2025-17310,Quezon,Car,Side-swipe,3.0,Rainy,56.0,Male,0,1221860.65,Heavy,Well-Lit,60 km/h
MMTI-2025-03796,Valenzuela,,Side-swipe,6.0,Clear,17.0,Male,2,251738.23,Moderate,Well-Lit,60
MMTI-2025-16024,Manila,Bus,Head-on,Risk Level 2,,32.0,Male,0,178784.2,,Well-Lit,60
MMTI-2025-09228,,Truck,Rear-end,3,Clear,38.0,Male,0,588.4k,Heavy,Well-Lit,60
MMTI-2025-09561,Muntinlupa,Motorcycle,Side-swipe,3,Clear,17.0,male,0,54216.22,Heavy,Well-Lit,60
MMTI-2025-09612,Manila,Car,Side-swipe,3,Cloudy,36.0,Female,0,177405.95,HEAVY,well lit,30
MMTI-2025-06693,Taguig,Car,Rear-end,Risk Level 3,Clear,26.0,female ,0,,Heavy,Well-Lit,100
MMTI-2025-22788, manila,,Hit and Run,3.0,Cloudy,38.0,Male,4,139165.26,Heavy,Poorly-Lit,40
MMTI-2025-10107,Mandaluyong,Car,Hit and Run,3.0,Clear,29.0,Male,0,72313.07,Heavy,Well-Lit,60
MMTI-2025-22868,Taguig,Car,Head-on,Risk Level 3,Cloudy,42.0,Male,0,343791.93,HEAVY,Well-Lit,60 km/h
MMTI-2025-07858,Pasig,Jeepney,Side-swipe,,Storm,35.0,Female,2,8539.21,Heavy,Poorly-Lit,60
MMTI-2025-11565,Quezon,Car,Hit and Run,3,Cloudy,30.0,Female,0,365887.57,Heavy,Well-Lit,60 km/h
MMTI-2025-05685,Marikina,Truck,Hit and Run,Risk Level 3,Rain,21.0,Male,0,,Heavy,Unlit,80
MMTI-2025-13977,Paranaque,Car,Head-on,3,Clear,44.0,Female,0,"PHP 106,709.59",Heavy,Well-Lit,60
MMTI-2025-09023,Taguig,Car,Side-swipe,3,Cloudy,32.0,Male,0,"PHP 330,244.06",Moderate,No Lights,60 km/h
MMTI-2025-16501,Mandaluyong,SUV/Van,Hit and Run,Risk Level 3,Clear,17.0,Female,0,68995.26,Heavy,Poorly-Lit,60
MMTI-2025-14054,Quezon,Truck,Rear-end,3,,43.0,Male,0,926081.34,Heavy,Well-Lit,100
MMTI-2025-03489,Manila,Motorcycle,Head-on,3,Rain,,Male,0,25203.55,HEAVY,Well-Lit,30
MMTI-2025-02726,Makati,Car,Side-swipe,6,Clear,47.0,Female,1,,,Poorly-Lit,100
MMTI-2025-19207,Pasay,Car,Side-swipe,3,Clear,47.0,Male,0,47305.11,Moderate,Well-Lit,60
MMTI-2025-15948,Valenzuela,SUV/Van,Side-swipe,3.0,Clear,35.0,Male,0,,Light,Well-Lit,60
MMTI-2025-14991,Paranaque,Car,Side-swipe,3.0,Clear,35.0,Male,0,110852.69,Heavy,Well-Lit,60 km/h
MMTI-2025-21158,San Juan,Motorcycle,Side-swipe,2,Clear,39.0,Female,0,40864.31,Heavy,Lit,40
MMTI-2025-22284,QUEZON ,Bus,Head-on,,Storm,17.0,Unknown,4,65059.61,Heavy,Well-Lit,40
MMTI-2025-09859,Caloocan,Truck,Rear-end,3,Clear,28.0,Male,0,44489.85,Heavy,Well-Lit,60
MMTI-2025-18798,Navotas,Jeepney,Side-swipe,Risk Level 3,Rain,41.0,Female,0,,Heavy,Well-Lit,60
MMTI-2025-15082,Mandaluyong,Motorcycle,Side-swipe,,Clear,30.0,Female,0,13486.89,Moderate,Poorly-Lit,60
MMTI-2025-04158,Manila,Car,Side-swipe,2,Cloudy,37.0,Female,0,176536.86,Moderate,Poorly-Lit,30
MMTI-2025-18331,Paranaque,SUV/Van,Side-swipe,3.0,Clear,27.0,Male,0,107327.12,Heavy,Well-Lit,40 km/h
MMTI-2025-18101,Taguig,Truck,Rear-end,2.0,Cloudy,29.0,Male,0,342.8k,Heavy,Well-Lit,60
MMTI-2025-07343,Quezon,Car,Rear-end,3.0,Stormy,32.0,Male,0,99999999,Heavy,Poorly-Lit,30
MMTI-2025-10324,Quezon,Car,Side-swipe,,Cloudy,35.0,Male,3,,Heavy,Well-Lit,40
MMTI-2025-10241,Quezon,Car,Head-on,3,Stormy,39.0,Male,0,1765664.53,Heavy,Well-Lit,60
MMTI-2025-09398,Makati,SUV/Van,Hit and Run,6.0,Cloudy,32.0,Female,1,255448.78,Light,Well-Lit,40
MMTI-2025-02843,Quezon,Jeepney,Side-swipe,6,Cloudy,0.0,Male,3,606886.67,Moderate,Well-Lit,40
MMTI-2025-19534,Manila,Truck,Hit and Run,3,Cloudy,22.0,Female,0,172825.69,Moderate,Unlit,60 km/h
MMTI-2025-12193,Marikina,Motorcycle,Hit and Run,6.0,Clear,38.0,Female,1,61515.71,Heavy,Well-Lit,60
MMTI-2025-08596,Quezon,SUV/Van,Hit and Run,2.0,,39.0,Male,0,38391.3,Moderate,Poorly-Lit,60 kph
MMTI-2025-03221,Quezon,Truck,Side-swipe,6,Stormy,17.0,Male,2,2386028.09,Heavy,Well-Lit,60
MMTI-2025-03361,Manila,Jeepney,Hit and Run,3,Cloudy,51.0,Female,0,181456.58,Heavy,Unlit,60
MMTI-2025-19967,Las Pinas,Car,Rear-end,3,Clear,38.0,Female,0,"PHP 87,770.79",Heavy,Poorly-Lit,60
MMTI-2025-00688,Caloocan,,Hit and Run,Risk Level 3,Clear,35.0,Male,0,183506.16,Heavy,Well-Lit,60
MMTI-2025-06769,Las Pinas,Motorcycle,Rear-end,3,Clear,40.0,Male,0,82266.75,Heavy,No Lights,40 km/h
MMTI-2025-19460,Manila,Car,Head-on,3,Cloudy,39.0,Female,0,204860.92,Heavy,Lit,100
MMTI-2025-11651,Pateros,,Rear-end,3.0,Rain,30.0,Male,0,"PHP 201,148.84",Moderate,Well-Lit,30
MMTI-2025-19649,Caloocan,Jeepney,Rear-end,3,Clear,47.0,Male,0,42631.65,Heavy,Well-Lit,60
MMTI-2025-23306,Paranaque,Car,Hit and Run,2,Clear,56.0,Male,0,115179.19,Moderate,Well-Lit,60
MMTI-2025-15308,Mandaluyong,,Side-swipe,,Clear,26.0,Male,0,52902.18,Heavy,Well-Lit,60 km/h
MMTI-2025-15366,Quezon,Car,Rear-end,Risk Level 3,Rainy,46.0,Female,0,747918.35,Heavy,Well-Lit,60
MMTI-2025-14987,Quezon,Car,Side-swipe,Risk Level 6,Rainy,39.0,Female,3,902644.14,Moderate,dark,60 kph
MMTI-2025-19866,Navotas,Bus,Head-on,3,,22.0,Male,0,879962.58,Heavy,Poorly-Lit,40
MMTI-2025-10377,Pateros,,Rear-end,3.0,Rain,28.0,Male,0,140379.91,Heavy,Well-Lit,60
MMTI-2025-10900,Taguig,Motorcycle,Side-swipe,Risk Level 3,Cloudy,39.0,Female,0,"PHP 271,744.80",Heavy,Poorly-Lit,40
MMTI-2025-03277,Las Pinas,Motorcycle,Head-on,3.0,Clear,28.0,Female,0,96464.74,Heavy,Well-Lit,40
MMTI-2025-05589,Mandaluyong,SUV/Van,Head-on,3.0,Clear,25.0,Male,0,74440.85,MODERATE,Well-Lit,60
MMTI-2025-19454,Malabon,Car,Head-on,2.0,Clear,46.0,Female,0,36699.28,Light,Poorly-Lit,60
MMTI-2025-02881,Mandaluyong,Car,Side-swipe,Risk Level 6,Clear,45.0,Male,2,71583.3,Heavy,Poorly-Lit,60