Incident_ID,City,Vehicle_Type,Accident_Type,Severity,Weather_Condition,Driver_Age,Driver_Gender,Injury_Count,Damage_Cost_PHP,Traffic_Volume,Road_Lighting,Speed_Limit
MMTI-2025-12904,San Juan,Car,Rear-end,Risk Level 2,Clear,31.0,Female,0,39372.31,Moderate,Poorly-Lit,60
MMTI-2025-09528,MANILA ,Truck,Head-on,3,Clear,,Male,0,1237659.3,Heavy,Unlit,60
MMTI-2025-07060,Quezon,SUV/Van,Side-swipe,2,Cloudy,47.0,M,0,405568.97,Moderate,Well-Lit,60
MMTI-2025-14501,Pateros,Car,Rear-end,3,Clear,45.0,Female,0,,Moderate,No Lights,60
MMTI-2025-05266,Manila,,Rear-end,3,Clear,59.0,Male,0,160440.28,Moderate,Well-Lit,40
MMTI-2025-02805,Pasig,Car,Hit and Run,3,Clear,41.0,female ,0,155657.28,Moderate,POOR,40 km/h
MMTI-2025-21488,Paranaque,SUV/Van,Rear-end,Risk Level 3,Clear,-10.0,Male,0,98775.21,Heavy,dark,60 kph
MMTI-2025-02052,Las Pinas,Car,Rear-end,3,Clear,33.0,Male,0,84267.11,Moderate,Poorly-Lit,40
MMTI-2025-05381,Manila,Car,Head-on,6.0,Cloudy,25.0,Male,1,195617.25,Heavy,Poorly-Lit,40
MMTI-2025-14590,Manila,Car,Head-on,,Storm,18.0,Female,3,"PHP 66,636.82",Heavy,Unlit,60
MMTI-2025-13230,Makati,Bus,Head-on,1,Clear,32.0,Male,0,163110.9,,Well-Lit,60
MMTI-2025-07814,,,Hit and Run,2,,23.0,Male,0,24443.87,Moderate,Lit,40
MMTI-2025-03194,MANILA ,Bus,Head-on,3,Clear,26.0,Male,0,297809.58,,Well-Lit,40
MMTI-2025-20651,Marikina,Car,Head-on,3.0,Clear,26.0,Female,0,60823.32,Heavy,Poorly-Lit,80 km/h
MMTI-2025-06220, quezon,,Head-on,Risk Level 3,Clear,44.0,Female,0,135078.02,Light,Unlit,60
MMTI-2025-20717,QUEZON ,Motorcycle,Head-on,2,Clear,42.0,Male,0,16567.96,,Well-Lit,30 km/h
MMTI-2025-15789,Pasig,Car,Hit and Run,3,Clear,35.0,Male,0,153881.21,Moderate,Poorly-Lit,30 kph
MMTI-2025-18561,Caloocan,Car,Head-on,1.0,Clear,20.0,Male,0,44325.93,Moderate,Unlit,60
MMTI-2025-22768,Pasay,Car,Side-swipe,3.0,Clear,36.0,Male,0,45534.24,Heavy,Well-Lit,40
MMTI-2025-14589,Marikina,SUV/Van,Rear-end,3,,43.0,Male,0,107084.45,Heavy,Well-Lit,60
MMTI-2025-00252,Muntinlupa,Car,Head-on,Risk Level 3,Clear,35.0,Male,0,54973.09,Heavy,Well-Lit,60 km/h
MMTI-2025-09994,Valenzuela,Car,Rear-end,3,Clear,18.0,Male,0,37421.93,Heavy,Poorly-Lit,60
MMTI-2025-10737,Quezon,Motorcycle,Head-on,3.0,Rainy,32.0,Male,0,639586.43,Heavy,Well-Lit,100
MMTI-2025-16833,Las Pinas,Car,Rear-end,Risk Level 3,Clear,40.0,Male,0,84.7k,Heavy,Well-Lit,60
MMTI-2025-15676,Malabon,Car,Side-swipe,,Clear,17.0,Female,2,57858.29,Moderate,Well-Lit,40 km/h
MMTI-2025-10413,,,Rear-end,2,Clear,57.0,Male,0,56537.17,Heavy,Poorly-Lit,60 km/h
MMTI-2025-22003,Paranaque,SUV/Van,Hit and Run,Risk Level 2,Clear,40.0,Male,0,101258.34,Heavy,Well-Lit,40
MMTI-2025-18010,Quezon,Car,Side-swipe,3.0,Rainy,40.0,Female,1,796.6k,Heavy,Poorly-Lit,60 km/h
MMTI-2025-03453,Las Pinas,Motorcycle,Side-swipe,1,Clear,40.0,Unknown,0,"PHP 82,652.95",Moderate,Poorly-Lit,40
MMTI-2025-19680,Quezon,Car,Head-on,Risk Level 3,Rainy,46.0,Male,0,824537.68,Heavy,Well-Lit,60 kph
MMTI-2025-20566,Quezon,,Hit and Run,3.0,Clear,31.0,male,0,73649.92,Light,Poorly-Lit,80
MMTI-2025-23335,Malabon,Car,Head-on,3,Clear,63.0,Male,0,153815.55,,Well-Lit,60
MMTI-2025-16700,Las Pinas,Car,Side-swipe,Risk Level 6,Clear,39.0,Male,1,82475.75,Heavy,Well-Lit,60
MMTI-2025-03798,,,Hit and Run,3,Clear,44.0,Female,0,143496.4,Moderate,Poorly-Lit,80
MMTI-2025-11309,San Juan,Motorcycle,Head-on,2,Clear,46.0,Female,0,41029.32,Moderate,Well-Lit,80
MMTI-2025-13323,Quezon,SUV/Van,Hit and Run,3,Cloudy,46.0,Male,0,358915.7,Moderate,POOR,60
MMTI-2025-22738,Paranaque,Car,Hit and Run,2,Rain,52.0,Male,0,54305.36,,Poorly-Lit,40
MMTI-2025-21444,QUEZON ,Bus,Hit and Run,,Rain,39.0,Male,0,"PHP 304,572.56",Heavy,Unlit,60
MMTI-2025-08600,Paranaque,Car,Rear-end,3,Clear,46.0,Male,0,118012.86,Moderate,Poorly-Lit,60 kph
MMTI-2025-13988,Quezon,Motorcycle,Rear-end,3,Cloudy,17.0,Male,0,448748.16,Moderate,POOR,100 km/h
MMTI-2025-22347,Pasig,Car,Head-on,3,Clear,42.0,Female,0,135447.07,Heavy,Poorly-Lit,60
MMTI-2025-20682,Quezon,Jeepney,Side-swipe,3.0,Rainy,45.0,Male,0,1068202.93,Moderate,Poorly-Lit,60
MMTI-2025-17852,Paranaque,Car,Side-swipe,3.0,Clear,40.0,Male,0,121955.11,Light,Well-Lit,80
MMTI-2025-13784,Manila,Car,Head-on,3,Clear,51.0,Male,0,,Light,Well-Lit,100 km/h
MMTI-2025-00397,Manila,Car,Hit and Run,3,Cloudy,17.0,Female,0,189214.65,Moderate,well lit,60 km/h
MMTI-2025-11308,Manila,Car,Hit and Run,Risk Level 3,Cloudy,36.0,Male,0,186426.1,Heavy,Well-Lit,100
MMTI-2025-22911,Pasig,Motorcycle,Head-on,9,Clear,43.0,Female,2,,Heavy,Well-Lit,60 km/h
MMTI-2025-09280,Quezon,Car,Hit and Run,3,Stormy,55.0,Male,0,"PHP 1,872,278.37",Heavy,Poorly-Lit,100
MMTI-2025-05874,Quezon,Motorcycle,Side-swipe,3,Rainy,30.0,Unknown,0,656864.52,Heavy,No Lights,40 kph
MMTI-2025-20669,Paranaque,Car,Side-swipe,3,Clear,59.0,Male,0,99212.26,Heavy,Poorly-Lit,60
MMTI-2025-02339,Manila,SUV/Van,Rear-end,3,Cloudy,47.0,Male,0,184858.41,Heavy,Well-Lit,30
MMTI-2025-21925,Taguig,Car,Side-swipe,3,Cloudy,45.0,Male,0,295325.81,Heavy,Well-Lit,60 km/h
MMTI-2025-04845,Makati,Car,Rear-end,3,Cloudy,33.0,M,0,227944.27,Light,Poorly-Lit,60
MMTI-2025-13410,Paranaque,Car,Head-on,3,Clear,39.0,F,0,106956.62,Heavy,Unlit,60
MMTI-2025-02351,Quezon,Car,Hit and Run,3,Cloudy,36.0,Female,0,591854.95,Light,Poorly-Lit,60
MMTI-2025-22864,Pasig,Car,Hit and Run,3,Clear,43.0,Male,0,132947.25,Light,Well-Lit,40
MMTI-2025-12908,Caloocan,Truck,Rear-end,Risk Level 3,Rain,43.0,Male,0,,Heavy,POOR,60 km/h
MMTI-2025-07076,,Bus,Hit and Run,2.0,Clear,39.0,Male,4,210763.02,Moderate,Well-Lit,80
MMTI-2025-18390,Quezon,Motorcycle,Rear-end,3,Clear,150.0,Male,0,37456.07,,Well-Lit,100
MMTI-2025-22214,Makati,Car,Side-swipe,,Rain,29.0,Male,0,41003.38,,Well-Lit,80
MMTI-2025-07959,Quezon,Car,Rear-end,3,Rainy,17.0,Male,0,789523.17,Heavy,well lit,100
MMTI-2025-14284,Quezon,Truck,Hit and Run,3,Rainy,28.0,Male,0,880810.66,HEAVY,Unlit,60 km/h
MMTI-2025-09461,Manila,Truck,Head-on,3,Clear,,Male,0,1857162.85,Heavy,Well-Lit,60 km/h
MMTI-2025-08336,Taguig,Car,Head-on,3,Cloudy,29.0,Male,0,314316.78,Heavy,Well-Lit,40
MMTI-2025-19175,Quezon,Car,Rear-end,6,Cloudy,40.0,Male,1,525297.77,Heavy,Well-Lit,60
MMTI-2025-14700,Quezon,Car,Rear-end,3,Rainy,47.0,Male,0,960101.05,HEAVY,Well-Lit,60
MMTI-2025-23483,Makati,Car,Rear-end,3,Cloudy,32.0,Male,0,223489.48,Heavy,Poorly-Lit,30 km/h
MMTI-2025-13754,Quezon,Car,Side-swipe,3,Cloudy,36.0,Male,0,462850.06,Heavy,Well-Lit,60
MMTI-2025-17294,Manila,Car,Hit and Run,2.0,Cloudy,28.0,Male,0,187720.97,Moderate,Unlit,60
MMTI-2025-05854,Paranaque,Car,Rear-end,3,Clear,51.0,Male,0,,Moderate,Lit,60
MMTI-2025-07828,Manila,Car,Side-swipe,3.0,Cloudy,42.0,Female,0,184052.89,Moderate,POOR,60
MMTI-2025-22979,Quezon,Motorcycle,Head-on,Risk Level 2,Cloudy,42.0,Female,0,"PHP 433,133.62",Moderate,POOR,60
MMTI-2025-17593,Quezon,SUV/Van,Rear-end,9,Cloudy,30.0,Male,1,477770.51,Moderate,well lit,60
MMTI-2025-12218,Marikina,Truck,Hit and Run,,Clear,36.0,Female,0,84404.89,Heavy,Poorly-Lit,60
MMTI-2025-06378,Mandaluyong,Truck,Side-swipe,1,Clear,38.0,Male,0,74699.07,Light,Lit,60
MMTI-2025-04835,Quezon,Car,Head-on,3,Rainy,39.0,Male,0,1711965.94,Heavy,Well-Lit,60
MMTI-2025-17702,Malabon,Motorcycle,Rear-end,,Rain,36.0,Male,0,13683.0,Moderate,Well-Lit,80
MMTI-2025-21126,Mandaluyong,Car,Hit and Run,3,Clear,38.0,Male,0,79659.59,Heavy,Poorly-Lit,60
MMTI-2025-15156,Taguig,Motorcycle,Rear-end,6.0,Rain,53.0,male,2,,Heavy,Poorly-Lit,100 km/h
MMTI-2025-04136,,Bus,Hit and Run,Risk Level 3,Rain,,Male,0,262904.17,Moderate,Poorly-Lit,40
MMTI-2025-07089,Pasig,Motorcycle,Head-on,2,Clear,44.0,Female,0,138904.04,Heavy,POOR,60 kph
MMTI-2025-12010,Caloocan,,Rear-end,3,Clear,45.0,Male,0,178165.11,Moderate,well lit,60
MMTI-2025-14332,Quezon,Car,Head-on,3,Rainy,46.0,Female,0,1395537.92,Heavy,Poorly-Lit,40
MMTI-2025-19727,Marikina,Car,Hit and Run,6,Clear,48.0,Female,3,66695.22,Heavy,Well-Lit,80
MMTI-2025-21997,Mandaluyong,Car,Rear-end,Risk Level 3,Clear,28.0,Male,0,73692.45,Moderate,Well-Lit,60
MMTI-2025-19691,Makati,Motorcycle,Rear-end,3,Cloudy,29.0,Male,0,255294.7,Moderate,Well-Lit,80
MMTI-2025-15349,Quezon,Motorcycle,Hit and Run,3.0,Cloudy,56.0,Female,0,"PHP 570,580.93",Heavy,Well-Lit,60
MMTI-2025-15304,PARANAQUE ,Motorcycle,Hit and Run,6.0,,23.0,Male,3,73831.89,Light,Poorly-Lit,30
MMTI-2025-20570,Taguig,Truck,Rear-end,,Clear,44.0,Male,0,"PHP 281,222.80",Heavy,Unlit,80
MMTI-2025-07728,Paranaque,SUV/Van,Side-swipe,6,Clear,20.0,Male,4,107198.85,Moderate,Unlit,60
MMTI-2025-03418,Taguig,Car,Head-on,2,Cloudy,45.0,male,0,"PHP 298,792.13",Moderate,Well-Lit,60
MMTI-2025-13506,Quezon,Jeepney,Side-swipe,,Rain,32.0,Male,0,"PHP 7,391.70",Heavy,Unlit,60
MMTI-2025-17569,Quezon,Car,Head-on,Risk Level 3,Rainy,32.0,Male,0,769806.01,Heavy,Well-Lit,60
MMTI-2025-06090,Makati,Truck,Rear-end,3,Cloudy,48.0,Male,0,,Heavy,Well-Lit,60
MMTI-2025-12751,Mandaluyong,Truck,Head-on,3,Clear,48.0,Male,0,72126.84,Heavy,Well-Lit,60
MMTI-2025-09861,Manila,Car,Side-swipe,3.0,Cloudy,28.0,Male,0,"PHP 177,867.16",Heavy,Well-Lit,40 km/h
MMTI-2025-20812,Quezon,Car,Side-swipe,2,,150.0,Male,0,53263.16,Light,Well-Lit,60 km/h
MMTI-2025-14695,Las Pinas,Car,Rear-end,3,Clear,48.0,Male,0,92343.23,Heavy,Unlit,30 km/h
MMTI-2025-21661,Quezon,Car,Head-on,3,Cloudy,29.0,Male,0,427982.67,Heavy,Well-Lit,60
MMTI-2025-04556,Makati,,Side-swipe,3.0,Clear,41.0,Male,0,166686.14,HEAVY,POOR,80
MMTI-2025-08377,Taguig,Car,Hit and Run,3,Cloudy,57.0,Male,0,307055.02,Heavy,Well-Lit,60 km/h
MMTI-2025-04184,Pasay,SUV/Van,Side-swipe,1,Clear,17.0,Male,0,45216.52,Light,Well-Lit,60
MMTI-2025-15992,,Motorcycle,Side-swipe,3,Rain,56.0,Female,0,31708.3,Heavy,Unlit,60 km/h
MMTI-2025-05574,Pasig,Motorcycle,Head-on,3.0,Clear,40.0,Male,0,132948.79,Heavy,Poorly-Lit,30
MMTI-2025-16125,MANILA ,SUV/Van,Hit and Run,2.0,Storm,17.0,Female,0,88965.15,,Poorly-Lit,60 km/h
MMTI-2025-03203,Quezon,Car,Side-swipe,Risk Level 3,Cloudy,17.0,Male,0,579103.85,Heavy,dark,40
MMTI-2025-21939,,Car,Head-on,Risk Level 3,Cloudy,,Male,0,255326.73,Heavy,Poorly-Lit,40
MMTI-2025-18167,Makati,Car,Side-swipe,3.0,Cloudy,30.0,Female,0,248022.34,Heavy,Well-Lit,60
MMTI-2025-10967,Quezon,Car,Head-on,2.0,Clear,29.0,Male,0,,Heavy,Well-Lit,80
MMTI-2025-07172,Pasig,Car,Head-on,,Clear,29.0,Male,0,,Heavy,Poorly-Lit,60 kph
MMTI-2025-22435,Taguig,Car,Head-on,3,Cloudy,34.0,Male,0,"PHP 279,544.68",Light,Well-Lit,60 km/h
MMTI-2025-13158,Quezon,Car,Rear-end,3,Cloudy,42.0,Male,0,374576.42,Light,dark,80
MMTI-2025-06767,Marikina,Car,Side-swipe,3,Clear,36.0,Male,0,58956.33,Light,Well-Lit,30
MMTI-2025-16024,Manila,Bus,Head-on,Risk Level 2,,32.0,Male,0,178784.2,,Well-Lit,60
MMTI-2025-16941,Quezon,Car,Hit and Run,3,Rainy,28.0,Male,0,809974.69,Heavy,Well-Lit,60
MMTI-2025-07668,Paranaque,,Side-swipe,Risk Level 3,Clear,36.0,Female,0,92588.42,Heavy,Poorly-Lit,60 kph
MMTI-2025-21154,Makati,Car,Side-swipe,3,Cloudy,29.0,Male,0,244598.43,Light,Well-Lit,60 km/h
MMTI-2025-06146,Quezon,Car,Side-swipe,3.0,Rainy,42.0,Male,0,"PHP 1,352,615.09",Heavy,Well-Lit,40
MMTI-2025-17131,Paranaque,SUV/Van,Side-swipe,3,Storm,,Female,0,363670.31,Moderate,Unlit,40
MMTI-2025-18851,Quezon,SUV/Van,Hit and Run,3,Cloudy,39.0,Female,0,489705.63,Moderate,well lit,60
MMTI-2025-00758,,Car,Side-swipe,Risk Level 3,,31.0,Male,0,111830.52,Heavy,Poorly-Lit,60 km/h
MMTI-2025-13076,Quezon,Car,Rear-end,Risk Level 3,Rainy,29.0,Male,0,1212609.34,Heavy,Poorly-Lit,60
MMTI-2025-17296,Paranaque,Bus,Side-swipe,,,33.0,Male,0,331747.36,Light,No Lights,30 km/h
MMTI-2025-14928,Quezon,Car,Rear-end,6,Cloudy,55.0,Male,2,537041.74,Heavy,dark,60 km/h
MMTI-2025-02506,Las Pinas,Truck,Rear-end,Risk Level 3,Clear,45.0,Male,0,87913.85,Heavy,Lit,60
MMTI-2025-19389,Quezon,Car,Head-on,6,Cloudy,39.0,Male,2,592247.54,Moderate,Poorly-Lit,60
MMTI-2025-06263,Quezon,,Side-swipe,6,Clear,39.0,Male,3,389556.99,Heavy,Well-Lit,60
MMTI-2025-11736,San Juan,Car,Side-swipe,2.0,Clear,35.0,Male,0,41168.75,Heavy,Poorly-Lit,100 kph
MMTI-2025-14468,Manila,Truck,Head-on,3.0,Rain,40.0,F,0,1101538.47,,Well-Lit,60 km/h
MMTI-2025-17496,Quezon,SUV/Van,Rear-end,3.0,Rainy,50.0,Male,0,1111725.38,Heavy,Well-Lit,40 kph
MMTI-2025-11947,Quezon,Truck,Side-swipe,,Cloudy,35.0,F,0,124458.07,Moderate,Well-Lit,60
MMTI-2025-12054,Paranaque,Car,Head-on,Risk Level 3,Clear,38.0,Female,0,121309.73,Heavy,Poorly-Lit,40
MMTI-2025-03089,,Jeepney,Hit and Run,2,Cloudy,23.0,Female,0,23325.12,MODERATE,Unlit,60
MMTI-2025-16019,Marikina,Motorcycle,Rear-end,2,Clear,52.0,Male,0,65709.1,Light,Well-Lit,60 kph
MMTI-2025-20382,Quezon,Motorcycle,Hit and Run,3,Cloudy,27.0,Male,0,443400.7,MODERATE,Well-Lit,80 km/h
MMTI-2025-07278,,Motorcycle,Rear-end,Risk Level 3,Clear,49.0,Female,0,45810.21,Heavy,Poorly-Lit,60
MMTI-2025-21865,,Truck,Side-swipe,3,Clear,34.0,Male,0,581267.16,Heavy,Poorly-Lit,60
MMTI-2025-23387,Pasig,Truck,Rear-end,,Rain,56.0,Male,2,365657.99,Light,Well-Lit,60
MMTI-2025-08406,Manila,,Side-swipe,4,Rain,30.0,Male,1,148704.43,Moderate,Poorly-Lit,40
MMTI-2025-05485,Paranaque,Truck,Side-swipe,3,Clear,29.0,Male,0,107402.89,Moderate,Unlit,60
MMTI-2025-22993,Quezon,Car,Rear-end,3,Rainy,33.0,Male,0,669.6k,Heavy,Poorly-Lit,60 km/h
MMTI-2025-09095,Quezon,Motorcycle,Head-on,Risk Level 3,Cloudy,39.0,Male,0,465405.05,HEAVY,Well-Lit,40
MMTI-2025-05127,Malabon,Car,Rear-end,2,Clear,50.0,Female,0,,HEAVY,Well-Lit,60
MMTI-2025-23371,Manila,Bus,Side-swipe,3,Cloudy,53.0,Male,0,,Heavy,Unlit,60
MMTI-2025-11192,Quezon,Car,Head-on,3,Rainy,33.0,Unknown,0,1599569.79,Heavy,Poorly-Lit,60
MMTI-2025-18774,Makati,,Rear-end,3,Clear,27.0,Male,0,,Heavy,Poorly-Lit,80
MMTI-2025-09494,Quezon,Truck,Head-on,6.0,Stormy,18.0,Unknown,1,2047659.15,Heavy,Well-Lit,60
MMTI-2025-11422,,Jeepney,Hit and Run,3,Cloudy,40.0,Male,0,108401.61,Heavy,Well-Lit,60
MMTI-2025-06593,Quezon,Car,Head-on,Risk Level 3,Cloudy,55.0,Female,0,484336.87,HEAVY,Well-Lit,60
MMTI-2025-14736,Pasay,SUV/Van,Rear-end,3,Clear,39.0,Male,0,49882.94,Moderate,well lit,60
MMTI-2025-23554,Quezon,Motorcycle,Head-on,3,Cloudy,41.0,Male,0,474712.89,Heavy,Poorly-Lit,60 kph
MMTI-2025-13756,,Jeepney,Rear-end,6,Clear,37.0,Female,2,78.8k,Heavy,Well-Lit,60
MMTI-2025-21946,Quezon,Motorcycle,Head-on,6,Stormy,35.0,Male,1,2965926.58,Moderate,Well-Lit,60
MMTI-2025-22417,,Truck,Hit and Run,3.0,Clear,33.0,Female,0,1009606.21,Heavy,Poorly-Lit,40
MMTI-2025-15254,,Jeepney,Hit and Run,3.0,Rain,38.0,Male,0,53763.31,Heavy,No Lights,60 km/h
MMTI-2025-04223,Manila,Motorcycle,Head-on,Risk Level 3,Cloudy,37.0,Female,0,196.7k,Moderate,Poorly-Lit,40
MMTI-2025-03201,,Bus,Hit and Run,3.0,Clear,42.0,Male,0,375856.59,Heavy,Well-Lit,60 km/h
MMTI-2025-09721,Quezon,Motorcycle,Rear-end,3.0,Rainy,26.0,Male,0,796347.83,Heavy,Well-Lit,30
MMTI-2025-19563,Quezon,Car,Rear-end,3,Rainy,47.0,Female,0,943.8k,Light,Well-Lit,60
MMTI-2025-22335,Pasay,Motorcycle,Hit and Run,,Clear,50.0,Male,0,,Heavy,Poorly-Lit,40
MMTI-2025-05950,Quezon,Motorcycle,Hit and Run,3,Rain,,Male,0,,Heavy,Poorly-Lit,30 km/h
MMTI-2025-10821,Pasig,,Side-swipe,3,Clear,35.0,Male,0,149998.75,Light,Well-Lit,60
MMTI-2025-23248,Muntinlupa,Car,Hit and Run,4,Clear,27.0,Male,2,53405.12,Moderate,Well-Lit,60 km/h
MMTI-2025-11511,Taguig,SUV/Van,Rear-end,2.0,Cloudy,29.0,Male,0,314627.18,Heavy,Well-Lit,80 kph
MMTI-2025-01610,Quezon,Car,Side-swipe,Risk Level 3,Cloudy,50.0,Male,0,581850.49,Heavy,Well-Lit,60
MMTI-2025-01004,Taguig,Motorcycle,Hit and Run,Risk Level 2,Cloudy,42.0,Male,0,279508.71,HEAVY,Poorly-Lit,80
MMTI-2025-06940,Quezon,Car,Side-swipe,Risk Level 6,Cloudy,42.0,female ,4,399527.2,Heavy,Unlit,60 kph
MMTI-2025-08840,Pasay,Car,Side-swipe,3.0,Clear,46.0,Male,0,"PHP 48,538.25",Heavy,Well-Lit,40 km/h
MMTI-2025-17243,Pasay,Jeepney,Head-on,3,Cloudy,41.0,Male,0,"PHP 42,409.77",,Unlit,60
MMTI-2025-20249,Quezon,Motorcycle,Rear-end,3,Cloudy,40.0,Male,0,549956.14,Heavy,Unlit,60
MMTI-2025-06142,Quezon,SUV/Van,Side-swipe,3,Rainy,37.0,Male,0,985806.94,Heavy,Poorly-Lit,40 km/h
MMTI-2025-18431,Marikina,SUV/Van,Hit and Run,Risk Level 2,Clear,37.0,Male,0,67428.2,Heavy,Poorly-Lit,30
MMTI-2025-02651,Quezon,Jeepney,Head-on,,Clear,42.0,Male,0,35590.92,Heavy,Well-Lit,80
MMTI-2025-21974,Muntinlupa,,Hit and Run,,Clear,49.0,Male,0,13536.37,Moderate,Unlit,30
MMTI-2025-12267,Malabon,Motorcycle,Side-swipe,,Clear,29.0,Male,2,10612.0,Heavy,Well-Lit,60
MMTI-2025-16350, manila,Bus,Head-on,4,Rain,,male,4,660901.5,Light,Well-Lit,60 kph
MMTI-2025-20868, pasig,Jeepney,Rear-end,,Clear,45.0,Male,0,40378.71,Light,Poorly-Lit,40
MMTI-2025-14349,Pasig,Car,Head-on,3,Clear,41.0,Male,0,124617.92,Moderate,Poorly-Lit,80
MMTI-2025-02225,Manila,Motorcycle,Hit and Run,3.0,Cloudy,21.0,Male,0,208436.49,Heavy,Well-Lit,60
MMTI-2025-20506,Quezon,SUV/Van,Side-swipe,6.0,Cloudy,34.0,Male,3,466843.35,Heavy,Well-Lit,80 kph
MMTI-2025-09142,Makati,Car,Head-on,3,Cloudy,30.0,Male,0,258875.63,Heavy,Well-Lit,100
MMTI-2025-09010,Mandaluyong,Truck,Rear-end,3,,42.0,Female,0,1572011.13,HEAVY,Lit,60 km/h
MMTI-2025-01495,Quezon,Car,Side-swipe,6.0,Rainy,56.0,Male,1,1083748.47,Moderate,Well-Lit,60
MMTI-2025-05175,Quezon,SUV/Van,Rear-end,,Rain,30.0,Male,3,68090.15,Moderate,Poorly-Lit,60
MMTI-2025-21829,MANILA ,Truck,Head-on,,Clear,49.0,male,1,286866.11,Heavy,well lit,60
MMTI-2025-23389,Las Pinas,Car,Rear-end,3,Clear,31.0,Male,0,91647.15,Heavy,Well-Lit,100
MMTI-2025-10936,Mandaluyong,Car,Rear-end,2,Clear,31.0,Male,0,75510.54,Heavy,Well-Lit,30
MMTI-2025-22637,Quezon,Car,Rear-end,3,Stormy,37.0,Female,0,99999999,Heavy,Well-Lit,60
MMTI-2025-20062,Quezon,Car,Head-on,Risk Level 3,Rainy,51.0,Female,0,1709406.95,Heavy,Poorly-Lit,60
MMTI-2025-13138,Mandaluyong,Car,Head-on,Risk Level 3,Clear,27.0,Female,0,71.5k,Heavy,Poorly-Lit,60
MMTI-2025-05652,Quezon,SUV/Van,Hit and Run,6,Rain,38.0,Female,3,"PHP 815,043.04",,well lit,80
MMTI-2025-05157,Quezon,Car,Side-swipe,Risk Level 6,Stormy,30.0,Male,2,"PHP 1,793,933.64",Heavy,Well-Lit,40
MMTI-2025-04820,San Juan,SUV/Van,Hit and Run,Risk Level 2,Clear,41.0,male,4,150210.02,,POOR,60
MMTI-2025-06617,Manila,Jeepney,Rear-end,,Clear,18.0,Female,0,25869.96,Heavy,Well-Lit,60
MMTI-2025-22603,Makati,,Head-on,Risk Level 2,Clear,36.0,Female,0,24522.86,Light,Well-Lit,100 km/h
MMTI-2025-02274,MANILA ,Truck,Head-on,3,Clear,69.0,Female,0,,Heavy,Well-Lit,40
MMTI-2025-02712,Pasig,Car,Side-swipe,3,Clear,43.0,Female,0,138210.14,Heavy,Well-Lit,80
MMTI-2025-01637,Mandaluyong,Truck,Rear-end,3,Clear,39.0,Male,0,678855.46,,well lit,30 km/h
MMTI-2025-06020,Valenzuela,Bus,Rear-end,3,Rain,,Male,0,0,Heavy,well lit,60 km/h
MMTI-2025-20644,Quezon,Motorcycle,Head-on,2,Cloudy,41.0,Male,0,403223.9,Heavy,Well-Lit,60
MMTI-2025-12459,Quezon,Motorcycle,Head-on,3,Cloudy,32.0,Female,0,510143.05,Heavy,Poorly-Lit,40 km/h
MMTI-2025-08094,VALENZUELA ,SUV/Van,Rear-end,3.0,Rain,39.0,Female,0,,Moderate,Lit,60 kph
MMTI-2025-23494,Makati,Car,Rear-end,3,Cloudy,44.0,Male,0,259888.64,HEAVY,Poorly-Lit,60
MMTI-2025-20915,Quezon,Car,Head-on,3.0,Rainy,45.0,Male,0,726584.59,Moderate,dark,100
MMTI-2025-10932,Pasig,Motorcycle,Rear-end,,Clear,41.0,Male,0,9835.64,,Unlit,40 kph
MMTI-2025-07166,Quezon,Car,Head-on,,Rain,19.0,Female,0,18578.43,Heavy,Well-Lit,30
MMTI-2025-17608,,Motorcycle,Head-on,3,Clear,41.0,Male,0,54181.13,Light,Poorly-Lit,60
MMTI-2025-11099,,Bus,Head-on,3,Clear,43.0,Male,0,"PHP 752,576.42",Moderate,Poorly-Lit,40
MMTI-2025-21845,Manila,Motorcycle,Hit and Run,Risk Level 3,Cloudy,43.0,Male,0,181032.98,Moderate,Well-Lit,60
MMTI-2025-17667,Quezon,Car,Hit and Run,6.0,Cloudy,55.0,Male,1,368908.72,MODERATE,Well-Lit,60
MMTI-2025-09265,Manila,Car,Hit and Run,6,Cloudy,29.0,Male,4,197016.93,Heavy,Poorly-Lit,30
MMTI-2025-12001,Makati,Jeepney,Rear-end,3,Rain,43.0,M,0,"PHP 54,669.34",,Poorly-Lit,60
MMTI-2025-01842,Quezon,Motorcycle,Side-swipe,3,Cloudy,42.0,Male,0,603488.22,Heavy,Well-Lit,80
MMTI-2025-10621,Quezon,Motorcycle,Side-swipe,3,Cloudy,44.0,F,0,620.7k,Moderate,Well-Lit,80 km/h
MMTI-2025-05666,San Juan,Jeepney,Rear-end,,Clear,32.0,Male,0,14662.38,Heavy,Well-Lit,60
MMTI-2025-07752,Makati,Jeepney,Hit and Run,,Clear,41.0,Male,0,39980.06,Heavy,Well-Lit,80
MMTI-2025-01530,Makati,,Rear-end,3,Rain,43.0,female ,0,"PHP 58,221.68",Heavy,Well-Lit,60
MMTI-2025-18280,Quezon,Car,Hit and Run,6,Cloudy,44.0,Male,2,"PHP 542,710.38",Heavy,Well-Lit,80 km/h
MMTI-2025-15585,Valenzuela,Car,Rear-end,3,,41.0,Male,0,75542.54,Heavy,Unlit,60 km/h
MMTI-2025-05973,,SUV/Van,Hit and Run,Risk Level 3,Clear,36.0,Male,0,88298.97,Moderate,dark,30