Incident_ID,City,Vehicle_Type,Accident_Type,Severity,Weather_Condition,Driver_Age,Driver_Gender,Injury_Count,Damage_Cost_PHP,Traffic_Volume,Road_Lighting,Speed_Limit
MMTI-2025-10079, manila,Motorcycle,Rear-end,3,Clear,23.0,Male,0,,Heavy,Well-Lit,60
MMTI-2025-10812,Quezon,Car,Rear-end,3,Stormy,33.0,Male,0,77777777,Light,Well-Lit,60
MMTI-2025-17894,Taguig,Car,Head-on,3,Cloudy,40.0,Male,0,334.4k,Heavy,Well-Lit,30
MMTI-2025-09054,,Bus,Side-swipe,3.0,Rain,60.0,Male,0,699073.79,Heavy,Poorly-Lit,60 km/h
MMTI-2025-07143,Quezon,Car,Rear-end,6,Rainy,44.0,Unknown,4,827530.48,Heavy,Well-Lit,30
MMTI-2025-02732, pasig ,Bus,Hit and Run,3,Clear,21.0,male,0,,Moderate,Poorly-Lit,80 km/h
MMTI-2025-16760,Valenzuela,Jeepney,Head-on,,Clear,51.0,Female,0,"PHP 35,238.07",Light,Well-Lit,40
MMTI-2025-13434,Pasig,Car,Head-on,3,Clear,42.0,Female,0,140703.13,Moderate,Well-Lit,80
MMTI-2025-14426,Las Pinas,Motorcycle,Head-on,Risk Level 3,Clear,33.0,Male,0,90979.2,Moderate,Well-Lit,100
MMTI-2025-17374,,Motorcycle,Head-on,3,Clear,45.0,Male,0,13809.91,Heavy,Poorly-Lit,60
MMTI-2025-17183,Quezon,Truck,Hit and Run,6,Rainy,34.0,Male,3,1289738.65,Heavy,dark,80
MMTI-2025-16285, manila,Motorcycle,Rear-end,3.0,Clear,22.0,Male,0,"PHP 10,394.82",,Unlit,60
MMTI-2025-14915,Caloocan,Car,Side-swipe,3,Clear,48.0,Male,0,"PHP 82,935.56",,Well-Lit,60
MMTI-2025-12881,Quezon,SUV/Van,Side-swipe,Risk Level 6,Rainy,47.0,Male,3,1087219.37,Heavy,Well-Lit,30
MMTI-2025-16168,Navotas,Bus,Hit and Run,4,Rain,17.0,Male,1,500532.8,,Poorly-Lit,60
MMTI-2025-04268,Muntinlupa,SUV/Van,Hit and Run,Risk Level 3,Clear,,Male,0,54955.08,Moderate,Well-Lit,60
MMTI-2025-09946,Manila,Car,Hit and Run,3,Cloudy,24.0,Male,0,181639.6,Moderate,Poorly-Lit,60
MMTI-2025-10844,Quezon,SUV/Van,Side-swipe,3,,51.0,Male,0,139664.35,Light,Poorly-Lit,60 km/h
MMTI-2025-20491,Mandaluyong,Motorcycle,Hit and Run,3,Clear,37.0,Female,0,80559.15,Moderate,Well-Lit,80
MMTI-2025-16279,,Jeepney,Hit and Run,Risk Level 6,Clear,53.0,Male,3,102860.85,Moderate,Poorly-Lit,40
MMTI-2025-02132,Pasay,Car,Rear-end,3.0,Clear,62.0,Male,0,46407.5,HEAVY,Well-Lit,60
MMTI-2025-04699,Las Pinas,Car,Hit and Run,3,Clear,48.0,Male,0,87725.52,Moderate,Well-Lit,60
MMTI-2025-15547,Marikina,Car,Head-on,1,Clear,31.0,Male,0,65191.45,Moderate,Well-Lit,60
MMTI-2025-22723,Makati,Bus,Side-swipe,,,62.0,Male,0,401474.41,Heavy,Poorly-Lit,80
MMTI-2025-08701,Quezon,Motorcycle,Hit and Run,Risk Level 3,Rainy,51.0,Male,0,1118072.26,Heavy,Well-Lit,30 km/h
MMTI-2025-10647,Quezon,,Side-swipe,Risk Level 3,Rain,33.0,Male,0,91687.01,HEAVY,Poorly-Lit,40
MMTI-2025-09060,,Bus,Side-swipe,3,Cloudy,38.0,Male,2,1063862.28,Moderate,Well-Lit,60 km/h
MMTI-2025-08597,Pasig,Motorcycle,Head-on,3,,21.0,Male,0,99999999,Heavy,Well-Lit,60
MMTI-2025-01850,Quezon,Car,Head-on,3,Rainy,48.0,Male,0,697414.21,Heavy,dark,80 km/h
MMTI-2025-22303,Makati,Car,Head-on,Risk Level 3,Cloudy,51.0,Female,0,214.3k,Heavy,Well-Lit,60
MMTI-2025-05762,Navotas,,Side-swipe,,Clear,47.0,Female,0,56808.61,Light,Well-Lit,60
MMTI-2025-12723,Quezon,Jeepney,Hit and Run,6,Rainy,35.0,Male,3,704847.52,HEAVY,Well-Lit,60
MMTI-2025-23060,Quezon,SUV/Van,Side-swipe,3.0,Clear,46.0,Male,0,294178.8,,Well-Lit,30 km/h
MMTI-2025-20858,Marikina,Bus,Rear-end,Risk Level 3,,22.0,Male,0,,Heavy,Poorly-Lit,60
MMTI-2025-16438,Quezon,Car,Head-on,6.0,Rainy,34.0,Male,2,1138652.57,Moderate,Well-Lit,60 kph
MMTI-2025-11383,Quezon,Jeepney,Hit and Run,,Clear,43.0,Female,0,21710.6,Heavy,Poorly-Lit,60
MMTI-2025-16491,Quezon,SUV/Van,Rear-end,6,Cloudy,36.0,male,1,382677.03,Heavy,Well-Lit,60
MMTI-2025-13798,,Car,Side-swipe,3,Storm,32.0,Female,0,101541.25,MODERATE,Poorly-Lit,40
MMTI-2025-22000,Quezon,SUV/Van,Rear-end,Risk Level 3,Rainy,48.0,Male,0,1225890.98,Heavy,Well-Lit,80 kph
MMTI-2025-09268,Quezon,SUV/Van,Hit and Run,6,Rainy,29.0,Male,3,832133.01,Moderate,No Lights,30
MMTI-2025-17012,Mandaluyong,,Rear-end,3.0,Cloudy,27.0,Male,0,294041.67,Heavy,Well-Lit,40
MMTI-2025-06887,MARIKINA ,,Side-swipe,3,Clear,65.0,Male,0,198612.05,HEAVY,Well-Lit,30
MMTI-2025-04023,Manila,Car,Side-swipe,,Clear,42.0,Female,0,106316.01,HEAVY,Well-Lit,60
MMTI-2025-04940,Marikina,Jeepney,Rear-end,1,Cloudy,25.0,Female,0,"PHP 35,936.02",,Lit,80
MMTI-2025-09923, muntinlupa,Car,Hit and Run,6.0,Rain,42.0,Female,1,167796.23,,Unlit,60
MMTI-2025-04595,Malabon,,Hit and Run,3.0,Clear,42.0,Male,0,,Heavy,Poorly-Lit,30
MMTI-2025-18492,Pasay,Motorcycle,Head-on,1.0,Clear,52.0,Male,0,48694.97,Moderate,Well-Lit,60 kph
MMTI-2025-14563,Manila,SUV/Van,Hit and Run,Risk Level 3,Cloudy,31.0,Male,0,180437.76,Heavy,Well-Lit,40 km/h
MMTI-2025-16169,San Juan,Motorcycle,Hit and Run,3.0,Clear,45.0,Male,0,,Moderate,Well-Lit,60
MMTI-2025-23507,Quezon,Truck,Hit and Run,3.0,Clear,0.0,Male,0,,Moderate,Well-Lit,60
MMTI-2025-10881,,Bus,Side-swipe,3,Clear,36.0,Female,0,658095.15,Heavy,Poorly-Lit,80
MMTI-2025-23615,Makati,SUV/Van,Hit and Run,3,Cloudy,51.0,Male,0,238726.93,Heavy,Unlit,60
MMTI-2025-02570,Taguig,Bus,Hit and Run,2,Rain,33.0,Male,0,276914.06,,Well-Lit,60
MMTI-2025-02651,Quezon,Jeepney,Head-on,,Clear,42.0,Male,0,35590.92,Heavy,Well-Lit,80
MMTI-2025-15575,Quezon,Car,Head-on,3.0,Cloudy,54.0,Female,0,440690.23,Heavy,Well-Lit,80
MMTI-2025-21931,Pasig,Car,Head-on,Risk Level 3,Clear,23.0,Female,0,147130.61,Heavy,Well-Lit,80 km/h
MMTI-2025-10104,Pasig,Car,Hit and Run,Risk Level 3,Clear,22.0,Female,0,143339.47,Heavy,Unlit,30
MMTI-2025-07799,Quezon,SUV/Van,Hit and Run,3,Rainy,41.0,Male,0,700951.05,Light,Well-Lit,30 km/h
MMTI-2025-22216,CALOOCAN ,,Hit and Run,3,Clear,25.0,Male,0,124034.57,Heavy,Well-Lit,40 kph
MMTI-2025-00427,Manila,Car,Rear-end,Risk Level 3,Cloudy,43.0,Male,0,185376.72,Moderate,Well-Lit,30
MMTI-2025-09707,Valenzuela,Motorcycle,Head-on,,Cloudy,34.0,Male,0,5872.63,Heavy,Well-Lit,60 km/h
MMTI-2025-00957,Quezon,Car,Rear-end,3,Rainy,35.0,Male,0,1542052.88,Moderate,Poorly-Lit,40
MMTI-2025-12499,Quezon,Motorcycle,Side-swipe,Risk Level 3,Rainy,32.0,Male,0,842416.0,Heavy,Poorly-Lit,60
MMTI-2025-20053,San Juan,Car,Head-on,2,Clear,44.0,Male,0,38619.75,Moderate,Unlit,60
MMTI-2025-20458,Makati,Car,Hit and Run,3,Cloudy,38.0,Female,0,237579.86,Moderate,Well-Lit,60
MMTI-2025-01239,Quezon,Motorcycle,Side-swipe,3,Cloudy,28.0,Female,0,384757.38,Light,Well-Lit,40
MMTI-2025-03829,,Motorcycle,Side-swipe,2,Cloudy,40.0,Male,0,,Heavy,Unlit,80
MMTI-2025-09387, manila,Motorcycle,Rear-end,3,,27.0,Male,0,"PHP 17,151.03",Heavy,Well-Lit,40
MMTI-2025-02412,Valenzuela,,Side-swipe,,Clear,45.0,female ,0,18365.23,,Well-Lit,60
MMTI-2025-06822,Quezon,Motorcycle,Side-swipe,6,Rainy,26.0,F,2,975806.57,Moderate,No Lights,60
MMTI-2025-21094,Taguig,Motorcycle,Side-swipe,3,Cloudy,27.0,Male,0,301711.6,Heavy,Well-Lit,40
MMTI-2025-07462,QUEZON ,Car,Hit and Run,3,Cloudy,29.0,Male,0,,Heavy,Well-Lit,60 km/h
MMTI-2025-19148,,Car,Hit and Run,6,Clear,57.0,M,1,197399.98,Heavy,Well-Lit,40 km/h
MMTI-2025-01102,Quezon,Car,Head-on,Risk Level 3,Rainy,47.0,Male,0,647759.45,Light,Well-Lit,80
MMTI-2025-06943,Quezon,SUV/Van,Side-swipe,2,Clear,,M,0,26080.57,Heavy,Well-Lit,60 km/h
MMTI-2025-13482,Quezon,Motorcycle,Rear-end,6.0,Stormy,36.0,male,3,4183775.68,HEAVY,Well-Lit,40
MMTI-2025-20301,Quezon,Car,Head-on,3,Rainy,42.0,Male,0,1187804.03,Moderate,Poorly-Lit,30
MMTI-2025-00964,Quezon,Motorcycle,Side-swipe,3,Rainy,32.0,Male,0,973905.4,Light,No Lights,60 km/h
MMTI-2025-19820,Mandaluyong,Car,Hit and Run,3.0,Clear,54.0,Male,0,80604.79,Heavy,Well-Lit,40
MMTI-2025-06543,Quezon,Car,Head-on,3,Cloudy,33.0,Male,0,"PHP 378,193.75",Heavy,Unlit,30
MMTI-2025-09718,Paranaque,Car,Side-swipe,3,Clear,35.0,Male,0,121300.12,Heavy,Well-Lit,60
MMTI-2025-11923,Taguig,Jeepney,Hit and Run,2,Cloudy,49.0,Female,0,276170.72,Light,Well-Lit,80
MMTI-2025-04120,Quezon,Car,Rear-end,3,Cloudy,35.0,Male,0,395759.28,Moderate,well lit,60
MMTI-2025-18110,Makati,Car,Hit and Run,3.0,Cloudy,0.0,Male,0,215382.63,Moderate,Poorly-Lit,30
MMTI-2025-15767,Quezon,,Hit and Run,,Rain,21.0,Male,0,37554.89,Moderate,Well-Lit,60
MMTI-2025-08570,San Juan,Jeepney,Hit and Run,3,Clear,35.0,Male,0,39118.0,HEAVY,Well-Lit,40
MMTI-2025-11109,Quezon,Car,Hit and Run,3.0,Rainy,50.0,Male,0,1685145.51,Heavy,Well-Lit,100
MMTI-2025-05415,San Juan,Motorcycle,Hit and Run,6,Clear,46.0,Female,1,41006.49,Heavy,Poorly-Lit,60
MMTI-2025-20767,Pasig,Motorcycle,Side-swipe,Risk Level 2,Clear,47.0,Male,0,125872.35,Heavy,Well-Lit,80
MMTI-2025-18545,Makati,Truck,Head-on,2.0,Cloudy,20.0,Male,0,246882.51,Heavy,Well-Lit,60
MMTI-2025-10140,Pasig,Car,Head-on,3,Clear,38.0,Male,0,137252.29,Heavy,Unlit,30
MMTI-2025-23515,San Juan,Motorcycle,Head-on,1.0,Clear,35.0,Male,0,39664.15,Light,Well-Lit,40 kph
MMTI-2025-02619,Quezon,SUV/Van,Hit and Run,6,Rainy,42.0,Male,4,1011031.63,Moderate,Well-Lit,30 km/h
MMTI-2025-06745,Manila,Car,Side-swipe,3,Cloudy,38.0,Male,0,182589.06,Heavy,Well-Lit,80
MMTI-2025-03114,Quezon,,Side-swipe,3,Clear,28.0,Male,0,173636.77,LIGHT,Well-Lit,60
MMTI-2025-06652,San Juan,Motorcycle,Rear-end,,Storm,-10.0,Male,1,11522.04,Heavy,Well-Lit,40
MMTI-2025-03365,,SUV/Van,Side-swipe,6.0,Clear,49.0,Male,1,552419.12,Light,Poorly-Lit,100
MMTI-2025-16412,Manila,SUV/Van,Rear-end,Risk Level 3,Cloudy,19.0,Male,0,198486.62,Moderate,Well-Lit,40
MMTI-2025-00638,Quezon,SUV/Van,Head-on,3,,41.0,F,0,233683.85,HEAVY,Well-Lit,40
MMTI-2025-03839,Marikina,,Hit and Run,2.0,Clear,27.0,Female,0,67882.44,Moderate,Unlit,60
MMTI-2025-16032,,Jeepney,Side-swipe,Risk Level 1,Cloudy,48.0,Male,0,,Moderate,Well-Lit,60
MMTI-2025-19179,Pasay,Truck,Side-swipe,1.0,Clear,46.0,Female,0,45570.8,Light,Unlit,40 kph
MMTI-2025-06370,Valenzuela,Bus,Hit and Run,6.0,,53.0,Female,1,1188966.11,Moderate,Poorly-Lit,60
MMTI-2025-22940,Caloocan,Car,Head-on,3,Clear,0.0,Male,0,,Heavy,dark,40
MMTI-2025-07285,Manila,Car,Rear-end,3.0,Cloudy,40.0,Male,0,183538.87,Moderate,Well-Lit,60
MMTI-2025-02737,Quezon,Car,Hit and Run,3.0,Rainy,44.0,Male,0,1213873.1,Light,Poorly-Lit,40
MMTI-2025-05954,Manila,Jeepney,Head-on,6,,42.0,Male,2,161.0k,Heavy,Poorly-Lit,60
MMTI-2025-05054,Caloocan,Car,Hit and Run,2,Rain,49.0,Female,0,96585.86,,Poorly-Lit,40 km/h
MMTI-2025-02501,Caloocan,Car,Rear-end,Risk Level 3,Clear,0.0,Male,0,41480.02,Heavy,Poorly-Lit,30
MMTI-2025-16303,Valenzuela,Truck,Hit and Run,3,Clear,48.0,Male,0,37369.79,Light,Unlit,60 km/h
MMTI-2025-04581,Taguig,Jeepney,Hit and Run,3,Cloudy,37.0,Female,0,300726.57,Heavy,well lit,60 km/h
MMTI-2025-03226,Makati,SUV/Van,Head-on,3,Cloudy,34.0,F,0,237449.81,Light,Well-Lit,80 km/h
MMTI-2025-11350,Pasay,Car,Hit and Run,,Rain,42.0,Male,0,"PHP 81,072.61",Heavy,Poorly-Lit,80
MMTI-2025-05320,Quezon,Motorcycle,Hit and Run,3,Rainy,17.0,Male,0,"PHP 890,461.86",Heavy,Poorly-Lit,40 km/h
MMTI-2025-15889,Makati,SUV/Van,Side-swipe,3,Cloudy,39.0,Male,0,244513.04,Heavy,dark,40 km/h
MMTI-2025-02768,,SUV/Van,Side-swipe,2.0,Cloudy,36.0,female ,0,76566.59,,Poorly-Lit,60 km/h
MMTI-2025-07834,Pasig,Car,Side-swipe,3,Clear,22.0,Male,0,146260.07,Heavy,Poorly-Lit,80
MMTI-2025-14302,Quezon,Car,Rear-end,3,Rainy,999.0,M,0,1074785.45,Moderate,No Lights,60 km/h
MMTI-2025-19586,Mandaluyong,SUV/Van,Hit and Run,Risk Level 3,Clear,-10.0,Male,0,77451.52,Heavy,Poorly-Lit,40
MMTI-2025-07814,,,Hit and Run,2,,23.0,Male,0,24443.87,Moderate,Lit,40
MMTI-2025-09217,Paranaque,Truck,Rear-end,2,Clear,,Male,0,,Light,Well-Lit,60
MMTI-2025-18555,Las Pinas,Car,Head-on,3,Clear,52.0,Male,0,92826.62,Heavy,Well-Lit,60
MMTI-2025-22819,MUNTINLUPA ,SUV/Van,Head-on,3,Rain,,Male,0,467918.74,Light,Poorly-Lit,60
MMTI-2025-03904,Mandaluyong,Car,Hit and Run,Risk Level 3,Clear,36.0,Male,0,159856.45,,Well-Lit,40
MMTI-2025-14298,Mandaluyong,SUV/Van,Rear-end,3.0,Clear,34.0,Male,0,72292.09,Heavy,Well-Lit,60 km/h
MMTI-2025-07278,,Motorcycle,Rear-end,Risk Level 3,Clear,49.0,Female,0,45810.21,Heavy,Poorly-Lit,60
MMTI-2025-06668, quezon,Truck,Side-swipe,,Clear,27.0,Male,0,280198.68,Heavy,Poorly-Lit,60 km/h
MMTI-2025-06245,Caloocan,Car,Head-on,3.0,Clear,35.0,Male,0,41.3k,Heavy,Well-Lit,40
MMTI-2025-19077,Paranaque,Car,Head-on,3,Clear,34.0,Male,0,113423.83,Heavy,Poorly-Lit,30 kph
MMTI-2025-13427,,Truck,Rear-end,3,Storm,34.0,Male,0,1584621.53,Heavy,Poorly-Lit,80 kph
MMTI-2025-11345,MANDALUYONG ,SUV/Van,Side-swipe,3,,29.0,Male,0,84898.11,Light,well lit,60
MMTI-2025-03401,Muntinlupa,Jeepney,Hit and Run,6,Clear,38.0,Male,1,55076.24,Moderate,Well-Lit,30
MMTI-2025-02308,Quezon,Motorcycle,Head-on,3,Cloudy,18.0,Male,0,584128.61,Heavy,Unlit,60
MMTI-2025-01232,MANILA ,Bus,Hit and Run,3,,24.0,Female,0,254773.39,Heavy,Poorly-Lit,60
MMTI-2025-20776,Manila,Car,Hit and Run,3,Cloudy,37.0,Female,0,184772.8,Light,Well-Lit,60
MMTI-2025-12123,Taguig,,Side-swipe,3,Rain,43.0,Male,0,212856.61,Heavy,Well-Lit,80
MMTI-2025-14602, paranaque,Jeepney,Head-on,2,,17.0,Male,0,27548.62,Heavy,dark,30 kph
MMTI-2025-09515,,SUV/Van,Head-on,3,Clear,39.0,Female,0,368920.32,Moderate,Well-Lit,80
MMTI-2025-14166, quezon,Truck,Head-on,,Clear,34.0,M,0,419087.82,Heavy,Well-Lit,40
MMTI-2025-12726,Manila,Motorcycle,Hit and Run,Risk Level 3,Cloudy,0.0,Male,0,"PHP 169,878.55",Heavy,Well-Lit,60
MMTI-2025-16616,Las Pinas,Truck,Head-on,4,Clear,44.0,Male,2,753055.51,,Poorly-Lit,60
MMTI-2025-05593,Quezon,Motorcycle,Rear-end,6,Stormy,42.0,Female,2,3278434.12,Heavy,Well-Lit,60 km/h
MMTI-2025-15146,Las Pinas,Truck,Hit and Run,Risk Level 3,Clear,39.0,Male,0,87732.74,Heavy,Well-Lit,30
MMTI-2025-12032,Quezon,Motorcycle,Side-swipe,Risk Level 3,Rainy,26.0,Male,0,724413.1,Heavy,Poorly-Lit,40
MMTI-2025-03274,Makati,Bus,Head-on,Risk Level 3,Cloudy,33.0,Male,0,,Heavy,Poorly-Lit,80 km/h
MMTI-2025-02768,,SUV/Van,Side-swipe,2.0,Cloudy,36.0,female ,0,76566.59,,Poorly-Lit,60 km/h
MMTI-2025-00534,Paranaque,,Hit and Run,Risk Level 6,Clear,36.0,Male,4,201790.12,Heavy,Well-Lit,60
MMTI-2025-05170,Las Pinas,Jeepney,Side-swipe,6,Clear,39.0,Male,3,,Heavy,Poorly-Lit,40
MMTI-2025-11298,Makati,Car,Rear-end,6.0,Cloudy,47.0,Male,3,239314.81,Heavy,Poorly-Lit,60
MMTI-2025-04482,Quezon,Car,Hit and Run,3.0,Rainy,37.0,Male,0,1080223.42,HEAVY,Well-Lit,80
MMTI-2025-17700,Marikina,Bus,Hit and Run,,Clear,29.0,Male,0,242992.99,Heavy,Poorly-Lit,60
MMTI-2025-18290,Paranaque,Bus,Hit and Run,,Clear,48.0,Male,0,427985.17,Light,Well-Lit,60 kph
MMTI-2025-22937,Manila,Bus,Hit and Run,,Clear,38.0,Female,0,263976.05,Heavy,Poorly-Lit,60 km/h
MMTI-2025-16961,San Juan,Motorcycle,Head-on,Risk Level 3,Clear,66.0,Male,0,"PHP 40,078.70",Moderate,Lit,60
MMTI-2025-04512,Makati,,Head-on,2,Cloudy,34.0,Female,0,48993.18,Moderate,No Lights,40
MMTI-2025-16935,,Motorcycle,Hit and Run,3,Clear,40.0,Male,0,"PHP 40,827.75",Heavy,Well-Lit,80 km/h
MMTI-2025-00981,,Bus,Side-swipe,Risk Level 3,Rain,32.0,Male,0,462462.52,Heavy,Well-Lit,80 km/h
MMTI-2025-01339,Quezon,SUV/Van,Side-swipe,3,Rainy,33.0,Male,0,644149.98,Heavy,well lit,60
MMTI-2025-03696,Manila,Car,Hit and Run,3,Cloudy,32.0,Male,0,170990.33,Moderate,Well-Lit,40
MMTI-2025-16984,Muntinlupa,Jeepney,Hit and Run,6,Rain,50.0,Male,1,133846.36,,Poorly-Lit,60 kph
MMTI-2025-07057,Quezon,Car,Hit and Run,6,Cloudy,37.0,Male,1,546409.96,Light,Well-Lit,80 kph
MMTI-2025-18059,,Car,Hit and Run,3,Cloudy,51.0,Male,0,"PHP 309,458.18",Heavy,Well-Lit,40
MMTI-2025-01592,Quezon,Car,Hit and Run,3,Rainy,36.0,Male,0,1355069.89,Heavy,Poorly-Lit,60
MMTI-2025-18525,Manila,Truck,Hit and Run,3,Rain,25.0,M,0,,Heavy,Lit,60
MMTI-2025-08916,Paranaque,Car,Rear-end,3.0,Clear,36.0,Male,0,111628.0,Heavy,Well-Lit,40
MMTI-2025-10746,QUEZON ,,Hit and Run,Risk Level 6,Storm,53.0,Female,4,"PHP 615,487.28",Heavy,Well-Lit,40
MMTI-2025-20930,Taguig,Motorcycle,Head-on,3.0,Cloudy,51.0,Male,0,341221.29,Moderate,Well-Lit,80
MMTI-2025-01164,Quezon,Car,Side-swipe,,Clear,0.0,F,0,20962.56,Moderate,Unlit,60 km/h
MMTI-2025-07841,Manila,Truck,Head-on,3,,31.0,M,0,1585018.83,Light,Well-Lit,40 km/h
MMTI-2025-07833,Muntinlupa,Truck,Side-swipe,Risk Level 3,Clear,,Female,0,998541.94,Heavy,Well-Lit,40
MMTI-2025-11190,Caloocan,Motorcycle,Rear-end,3.0,Clear,46.0,Male,0,"PHP 42,962.70",Heavy,Lit,60
MMTI-2025-22769,Quezon,,Head-on,3,Clear,39.0,Male,0,254865.24,,Poorly-Lit,60
MMTI-2025-21322,Muntinlupa,Car,Side-swipe,3,Clear,39.0,Male,0,"PHP 52,041.66",Heavy,Well-Lit,80
MMTI-2025-19741,San Juan,Motorcycle,Rear-end,,Clear,38.0,Male,0,8594.37,Heavy,well lit,30 km/h
MMTI-2025-21172,Quezon,SUV/Van,Head-on,3,,33.0,Female,0,225814.68,Heavy,Poorly-Lit,60
MMTI-2025-07999,,,Hit and Run,3,Rain,,Male,0,249944.75,Heavy,Poorly-Lit,60
MMTI-2025-23522,Pasig,Truck,Side-swipe,3,Clear,40.0,Male,0,138.0k,Heavy,POOR,40
MMTI-2025-07203,Quezon,Motorcycle,Head-on,3,Rainy,34.0,Male,0,1741041.89,Heavy,Poorly-Lit,30
MMTI-2025-02830,Manila,Jeepney,Side-swipe,3.0,Cloudy,38.0,Female,0,174994.58,Heavy,Well-Lit,40
MMTI-2025-02739,Quezon,Car,Side-swipe,3,Cloudy,58.0,Male,0,436243.04,Heavy,Poorly-Lit,80 km/h
MMTI-2025-06545,Marikina,Jeepney,Side-swipe,,Clear,25.0,Male,0,34867.99,Moderate,Well-Lit,40 kph
MMTI-2025-14949, paranaque,Bus,Head-on,,Cloudy,51.0,Male,0,131940.72,HEAVY,Poorly-Lit,30 kph
MMTI-2025-07083,Pasay,SUV/Van,Head-on,3.0,Clear,37.0,Male,0,50367.45,Heavy,Well-Lit,60
MMTI-2025-23452,Muntinlupa,Truck,Rear-end,1,Clear,31.0,Female,0,,Moderate,Unlit,60 km/h
MMTI-2025-07502,Muntinlupa,SUV/Van,Side-swipe,3,Clear,48.0,Male,0,53784.9,Moderate,Well-Lit,60 kph
MMTI-2025-03960,Mandaluyong,Truck,Head-on,2.0,Clear,,female ,0,622232.11,Light,Poorly-Lit,40 km/h
MMTI-2025-11367,Manila,Car,Head-on,3,Cloudy,22.0,Male,0,165933.34,Moderate,Well-Lit,80
MMTI-2025-17019,Manila,Truck,Hit and Run,,Clear,42.0,Male,0,334099.51,Heavy,POOR,60
MMTI-2025-01209,,SUV/Van,Hit and Run,3,,42.0,Male,0,124487.37,Heavy,Poorly-Lit,60
MMTI-2025-18780,,Car,Hit and Run,3.0,Clear,17.0,Male,0,89.6k,Moderate,Well-Lit,60
MMTI-2025-16516,Quezon,,Head-on,3.0,Clear,52.0,Male,0,40693.52,,Well-Lit,60
MMTI-2025-10203,Quezon,Truck,Head-on,3,Clear,31.0,Male,0,1394836.14,,Poorly-Lit,80
MMTI-2025-08680,Quezon,Car,Rear-end,2,,35.0,Male,0,81532.83,Moderate,Well-Lit,30
MMTI-2025-06385,Manila,Car,Side-swipe,3.0,Cloudy,42.0,Female,0,205072.64,Heavy,Poorly-Lit,60 km/h
MMTI-2025-00092,Makati,Car,Rear-end,Risk Level 3,Cloudy,44.0,Male,0,247597.94,MODERATE,Poorly-Lit,40
MMTI-2025-09473,Taguig,Motorcycle,Head-on,,Clear,41.0,Male,0,17211.81,Light,Unlit,40
MMTI-2025-18704, manila,Truck,Head-on,3,,48.0,Female,3,"PHP 370,848.42",Moderate,Well-Lit,60 kph
MMTI-2025-23606,Quezon,Car,Hit and Run,2,Cloudy,27.0,Male,0,468770.13,Heavy,Well-Lit,40
MMTI-2025-00341,Pasig,Car,Hit and Run,2.0,Clear,54.0,Male,0,"PHP 145,445.87",MODERATE,Well-Lit,40
MMTI-2025-06265,Taguig,Jeepney,Hit and Run,3.0,Cloudy,60.0,Male,0,289648.33,Moderate,Unlit,30
MMTI-2025-14068,Quezon,Car,Rear-end,Risk Level 3,Cloudy,46.0,Male,0,585221.41,Light,Well-Lit,40
MMTI-2025-19086,Quezon,Motorcycle,Head-on,3,Rainy,21.0,F,0,1427217.07,Heavy,dark,40 km/h
MMTI-2025-00535,Paranaque,Car,Rear-end,2,Clear,62.0,male,0,102459.2,Heavy,Poorly-Lit,60
MMTI-2025-09568,Muntinlupa,Car,Hit and Run,3.0,Clear,26.0,Female,0,55328.04,Moderate,Well-Lit,60
MMTI-2025-09587,Caloocan,,Rear-end,3,Rain,29.0,Male,0,"PHP 77,593.76",Light,Well-Lit,80
MMTI-2025-21957,Pasay,Truck,Side-swipe,3.0,,31.0,Male,0,622492.38,Heavy,Well-Lit,60
MMTI-2025-16733,Pasig,Motorcycle,Rear-end,3.0,Clear,35.0,Female,0,163390.14,Moderate,Well-Lit,40
MMTI-2025-15062,Las Pinas,,Head-on,3,Clear,48.0,Male,0,,Heavy,Well-Lit,40
MMTI-2025-01306,Quezon,Jeepney,Hit and Run,Risk Level 3,,53.0,Male,0,38514.94,Moderate,Poorly-Lit,60
MMTI-2025-07319,Caloocan,Motorcycle,Rear-end,3,Clear,32.0,Male,0,43011.87,Heavy,Well-Lit,80 km/h
MMTI-2025-23301,,,Hit and Run,3,Rain,47.0,Male,1,257832.72,Heavy,dark,30
MMTI-2025-14412,Marikina,SUV/Van,Side-swipe,3.0,,29.0,Male,0,283172.19,Moderate,Poorly-Lit,60
MMTI-2025-00622,Valenzuela,SUV/Van,Rear-end,,Clear,48.0,Male,0,65491.77,HEAVY,Poorly-Lit,60
MMTI-2025-00194,,Jeepney,Head-on,3,Clear,17.0,Female,0,,Heavy,Poorly-Lit,60
MMTI-2025-00284,Manila,Car,Head-on,3,Clear,28.0,Male,0,"PHP 189,221.85",,Well-Lit,40 km/h
MMTI-2025-08055,Makati,Car,Side-swipe,3,Cloudy,38.0,Male,0,241900.26,Heavy,Well-Lit,30
MMTI-2025-13420,Taguig,Jeepney,Side-swipe,2,Cloudy,43.0,Male,0,289950.69,Heavy,Well-Lit,60
MMTI-2025-02743,Quezon,SUV/Van,Side-swipe,3,Stormy,39.0,Male,0,99999999,Heavy,POOR,40
MMTI-2025-03853,Quezon,Car,Rear-end,3,Cloudy,45.0,Male,0,512528.59,Heavy,Well-Lit,40
MMTI-2025-22167,Manila,Motorcycle,Head-on,3,Cloudy,24.0,Male,0,172233.05,Moderate,Well-Lit,60