Incident_ID,City,Vehicle_Type,Accident_Type,Severity,Weather_Condition,Driver_Age,Driver_Gender,Injury_Count,Damage_Cost_PHP,Traffic_Volume,Road_Lighting,Speed_Limit
MMTI-2025-19340,Taguig,SUV/Van,Rear-end,Risk Level 3,Cloudy,48.0,Female,0,319891.91,Heavy,Poorly-Lit,60
MMTI-2025-03001,Manila,SUV/Van,Side-swipe,Risk Level 3,Cloudy,18.0,Male,0,170582.88,Moderate,Well-Lit,80
MMTI-2025-03682,Malabon,Bus,Head-on,Risk Level 3,Clear,57.0,Unknown,0,,Heavy,Well-Lit,80
MMTI-2025-10076,Makati,Motorcycle,Hit and Run,3,Cloudy,44.0,Male,0,250331.14,HEAVY,Well-Lit,40
MMTI-2025-02290,Makati,Motorcycle,Rear-end,3.0,Cloudy,49.0,Male,0,226925.44,Light,Well-Lit,60
MMTI-2025-20800,Manila,Bus,Head-on,3.0,Rain,36.0,Female,0,,Heavy,Well-Lit,30
MMTI-2025-04472,Quezon,SUV/Van,Hit and Run,2.0,Cloudy,45.0,Male,0,354864.77,Heavy,Well-Lit,40
MMTI-2025-22862,Valenzuela,,Head-on,3,Cloudy,33.0,Male,0,297115.23,Moderate,Unlit,40
MMTI-2025-19947,Taguig,Car,Side-swipe,3,Cloudy,23.0,Male,0,"PHP 328,490.99",Moderate,Well-Lit,40 km/h
MMTI-2025-08199,Pasay,Car,Hit and Run,2,Clear,19.0,Male,0,48900.6,Moderate,Well-Lit,60
MMTI-2025-17629,Makati,SUV/Van,Hit and Run,Risk Level 3,Clear,38.0,F,0,,Heavy,Well-Lit,60
MMTI-2025-05383,Manila,Truck,Hit and Run,3,Clear,58.0,Male,0,437595.83,,Poorly-Lit,60
MMTI-2025-07167, paranaque,Jeepney,Side-swipe,,Clear,51.0,Female,0,19382.32,Moderate,Poorly-Lit,80
MMTI-2025-14699,Paranaque,SUV/Van,Rear-end,,Rain,57.0,Female,3,117431.52,Moderate,Poorly-Lit,60 km/h
MMTI-2025-17796,Manila,Car,Hit and Run,3,Clear,53.0,Male,0,,Heavy,Well-Lit,60
MMTI-2025-12546,,Bus,Head-on,3.0,Clear,28.0,male,0,613329.95,Heavy,Poorly-Lit,60
MMTI-2025-18354,Manila,,Rear-end,4,Clear,31.0,Male,2,87560.25,Moderate,Well-Lit,80
MMTI-2025-19627,Muntinlupa,Car,Rear-end,3.0,Clear,999.0,Female,0,54256.6,Light,Well-Lit,60 kph
MMTI-2025-12673,Manila,Car,Hit and Run,3,Cloudy,-10.0,M,0,202607.92,Heavy,Well-Lit,60 km/h
MMTI-2025-13844,Quezon,Motorcycle,Hit and Run,3,Cloudy,35.0,Male,0,585642.09,Heavy,Well-Lit,60
MMTI-2025-14861,Las Pinas,Motorcycle,Head-on,6.0,Clear,30.0,male,3,92495.17,Heavy,Unlit,60
MMTI-2025-14500,Quezon,Car,Side-swipe,Risk Level 6,Cloudy,31.0,Male,4,529558.83,Moderate,Well-Lit,100 km/h
MMTI-2025-04450,Quezon,Bus,Head-on,,Cloudy,37.0,Male,0,404069.66,MODERATE,Lit,40
MMTI-2025-01068,Quezon,Truck,Head-on,3,Cloudy,18.0,Male,0,374824.77,Heavy,Poorly-Lit,60
MMTI-2025-19609,Quezon,Motorcycle,Rear-end,6.0,Rainy,35.0,Male,3,882832.93,Heavy,Well-Lit,100 km/h
MMTI-2025-19161,Manila,Car,Side-swipe,3.0,Cloudy,36.0,Male,0,"PHP 187,189.90",Heavy,Well-Lit,80
MMTI-2025-12389,Las Pinas,Jeepney,Side-swipe,,Clear,48.0,Female,0,11186.42,Light,Well-Lit,30
MMTI-2025-13093,,Bus,Hit and Run,3,Storm,29.0,male,0,853431.75,,Lit,30
MMTI-2025-07165,Las Pinas,Car,Head-on,3,Clear,49.0,Female,0,83609.78,Heavy,Well-Lit,60
MMTI-2025-16376,MANILA ,Motorcycle,Side-swipe,,Clear,19.0,Male,0,17751.24,Moderate,Well-Lit,30 km/h
MMTI-2025-19764,Pasay,Car,Rear-end,,Clear,,Female,0,73596.25,Heavy,well lit,80 km/h
MMTI-2025-23347,Quezon,,Head-on,1,Clear,25.0,Male,0,104892.95,,Well-Lit,80
MMTI-2025-01307,Makati,Motorcycle,Head-on,Risk Level 3,Cloudy,33.0,male,0,258112.48,Moderate,Poorly-Lit,60
MMTI-2025-09260,,Jeepney,Hit and Run,6.0,Clear,32.0,Male,1,66862.33,Moderate,Well-Lit,60
MMTI-2025-07920,Taguig,Bus,Side-swipe,3.0,,27.0,Male,0,529695.94,Heavy,Well-Lit,30
MMTI-2025-01250,Makati,Motorcycle,Head-on,Risk Level 3,Cloudy,23.0,Male,0,236871.26,Light,Well-Lit,40 km/h
MMTI-2025-22086,Quezon,Motorcycle,Head-on,3,Rainy,19.0,Male,0,1163141.53,Heavy,well lit,40
MMTI-2025-21631,Las Pinas,Car,Rear-end,Risk Level 2,,17.0,Male,0,14404.76,Light,Well-Lit,30
MMTI-2025-12354,San Juan,Car,Side-swipe,Risk Level 2,Clear,45.0,Male,0,"PHP 38,947.01",Heavy,Well-Lit,60
MMTI-2025-01530,Makati,,Rear-end,3,Rain,43.0,female ,0,"PHP 58,221.68",Heavy,Well-Lit,60
MMTI-2025-04381,,Jeepney,Side-swipe,3,Clear,999.0,Female,0,72766.47,Heavy,Well-Lit,60 km/h
MMTI-2025-23557,San Juan,Truck,Head-on,3,Clear,32.0,Male,0,41279.69,Heavy,Well-Lit,60
MMTI-2025-20383,Pasig,Car,Hit and Run,3,Clear,36.0,Male,0,139791.27,Heavy,Poorly-Lit,60 km/h
MMTI-2025-15567,Quezon,SUV/Van,Rear-end,3,Rainy,42.0,Male,0,"PHP 690,775.82",Heavy,Well-Lit,100 kph
MMTI-2025-07954,Mandaluyong,Car,Rear-end,Risk Level 3,Clear,23.0,Male,0,68048.98,Heavy,Well-Lit,80
MMTI-2025-07945,Quezon,Truck,Side-swipe,6,Stormy,42.0,Female,3,1886.6k,Heavy,Well-Lit,40
MMTI-2025-03650,Muntinlupa,Motorcycle,Rear-end,,Cloudy,44.0,Male,0,12733.8,Heavy,POOR,60 km/h
MMTI-2025-02035,Quezon,Motorcycle,Side-swipe,3,Rainy,61.0,Male,0,"PHP 1,371,011.43",Heavy,Poorly-Lit,40
MMTI-2025-11313,Makati,,Rear-end,3,,42.0,Male,0,"PHP 118,252.08",,Well-Lit,60
MMTI-2025-01868,Manila,Motorcycle,Head-on,3,Cloudy,47.0,Male,0,179139.27,Light,Well-Lit,40 kph
MMTI-2025-09852,,Truck,Side-swipe,3,Rain,71.0,Male,0,732992.03,Heavy,POOR,40
MMTI-2025-07488,Quezon,Car,Rear-end,3.0,Cloudy,28.0,Male,0,371524.03,Heavy,Well-Lit,60
MMTI-2025-22560,Manila,Bus,Rear-end,Risk Level 3,,46.0,Female,0,633348.93,Heavy,Well-Lit,80
MMTI-2025-03318,Muntinlupa,Car,Head-on,Risk Level 3,Clear,57.0,Male,0,51336.59,Heavy,Unlit,40
MMTI-2025-09276,Mandaluyong,Car,Side-swipe,6,Clear,44.0,Male,3,78217.81,Heavy,Poorly-Lit,60
MMTI-2025-03235,Manila,,Rear-end,,Rain,45.0,Male,0,67754.68,Moderate,Well-Lit,60 kph
MMTI-2025-12606,Pasig,Car,Rear-end,3.0,Clear,40.0,Unknown,0,128432.73,Heavy,Poorly-Lit,40 km/h
MMTI-2025-12510,Quezon,Car,Head-on,3,Rainy,47.0,Male,0,921816.73,Heavy,Well-Lit,80
MMTI-2025-21671,Marikina,Car,Rear-end,6.0,Clear,48.0,Male,1,59422.44,Light,Unlit,40 kph
MMTI-2025-02238,Manila,Car,Rear-end,3,Clear,42.0,Male,0,163.4k,Heavy,Poorly-Lit,80 km/h
MMTI-2025-08872,Valenzuela,Truck,Hit and Run,3.0,Cloudy,40.0,Male,4,,Moderate,Well-Lit,40
MMTI-2025-11374,Paranaque,Car,Side-swipe,3,Clear,42.0,female ,0,118214.15,Heavy,Poorly-Lit,60
MMTI-2025-11333,SAN JUAN ,Truck,Head-on,Risk Level 3,,46.0,Male,0,1512719.85,Heavy,Poorly-Lit,80 kph
MMTI-2025-11756,,Truck,Hit and Run,Risk Level 3,Clear,37.0,Female,0,551839.03,Light,Well-Lit,60 km/h
MMTI-2025-04614,Taguig,Bus,Hit and Run,3,Clear,,Male,0,1013803.7,Heavy,Poorly-Lit,60
MMTI-2025-20244,Quezon,Car,Side-swipe,2.0,Cloudy,41.0,Male,0,384889.04,Moderate,Poorly-Lit,60
MMTI-2025-19063,Manila,,Side-swipe,3,Rain,33.0,male,0,307960.32,Heavy,Well-Lit,60 km/h
MMTI-2025-09931,Makati,Jeepney,Hit and Run,,Cloudy,38.0,Female,0,"PHP 31,041.67",Moderate,Well-Lit,30
MMTI-2025-07674,Pasig,SUV/Van,Rear-end,3.0,Clear,999.0,Male,0,131533.19,Moderate,Well-Lit,30
MMTI-2025-10202,Makati,Motorcycle,Rear-end,1,Clear,41.0,Male,0,14262.31,,Well-Lit,60
MMTI-2025-22059,Quezon,Car,Rear-end,3.0,Rainy,35.0,Male,0,1576507.03,Moderate,well lit,60 km/h
MMTI-2025-05654,Pasig,Car,Side-swipe,3,Clear,24.0,Male,0,149082.17,Heavy,Well-Lit,40
MMTI-2025-08272,,SUV/Van,Hit and Run,3,Storm,29.0,Female,0,247800.2,HEAVY,Unlit,80
MMTI-2025-00635, manila,Bus,Head-on,2,Clear,42.0,female ,0,,Heavy,No Lights,60 kph
MMTI-2025-20976,Pasay,Car,Side-swipe,3,Clear,39.0,Male,0,46734.47,Heavy,Well-Lit,60
MMTI-2025-02515, manila,Motorcycle,Side-swipe,,Rain,26.0,Male,0,6091.46,Moderate,Well-Lit,60 kph
MMTI-2025-12990,Paranaque,Jeepney,Rear-end,3,Clear,40.0,Female,0,100235.04,Heavy,No Lights,80
MMTI-2025-21302,Pasig,Truck,Rear-end,Risk Level 3,Clear,40.0,Male,0,130653.76,Heavy,Well-Lit,60 km/h
MMTI-2025-16366,Quezon,Motorcycle,Side-swipe,3.0,Rainy,62.0,Male,0,775023.19,Heavy,Poorly-Lit,60 km/h
MMTI-2025-14419,,Car,Rear-end,3,Clear,34.0,Male,0,125306.4,Moderate,Well-Lit,60 kph
MMTI-2025-16656,Quezon,Car,Head-on,6.0,Cloudy,43.0,Male,2,558294.16,Heavy,Well-Lit,40
MMTI-2025-01809,Mandaluyong,Car,Head-on,3,,49.0,Male,0,56790.96,Heavy,Unlit,60
MMTI-2025-20508,,Car,Hit and Run,6,Rain,60.0,Male,1,377013.06,Heavy,Well-Lit,60
MMTI-2025-01751,Quezon,Motorcycle,Rear-end,6,Rainy,33.0,Male,4,749517.42,Heavy,Unlit,40
MMTI-2025-20366,Quezon,Car,Side-swipe,3,Cloudy,53.0,Female,0,472435.61,Heavy,Well-Lit,60 kph
MMTI-2025-17727,Taguig,SUV/Van,Side-swipe,2,Cloudy,46.0,Male,0,343577.05,Moderate,Well-Lit,60 km/h
MMTI-2025-16278,Quezon,Motorcycle,Head-on,3,Stormy,33.0,F,0,99999999,Heavy,Poorly-Lit,60 km/h
MMTI-2025-05633,Quezon,Truck,Rear-end,4,Rainy,50.0,Male,4,1198738.6,Heavy,Unlit,30
MMTI-2025-21508,San Juan,Car,Side-swipe,3.0,Clear,38.0,Male,0,40802.83,Heavy,Well-Lit,40
MMTI-2025-19095,QUEZON ,SUV/Van,Hit and Run,,Clear,42.0,Unknown,2,"PHP 140,280.40",Moderate,Well-Lit,60
MMTI-2025-09756,Pasig,SUV/Van,Side-swipe,3,Clear,36.0,Male,0,151742.54,Moderate,Poorly-Lit,60
MMTI-2025-16253,Paranaque,SUV/Van,Hit and Run,3,Clear,33.0,Female,0,"PHP 101,786.97",Heavy,Well-Lit,80 km/h
MMTI-2025-20000,Pasig,Car,Rear-end,Risk Level 3,Clear,32.0,Male,0,156699.75,Heavy,Poorly-Lit,100
MMTI-2025-11869,,Bus,Hit and Run,3.0,Clear,35.0,Male,0,518799.0,Heavy,Well-Lit,80
MMTI-2025-21327,Manila,SUV/Van,Hit and Run,3,Cloudy,,Male,0,,Light,Well-Lit,60
MMTI-2025-18950,Manila,SUV/Van,Head-on,3,Cloudy,46.0,Male,0,180423.91,Heavy,Well-Lit,60
MMTI-2025-22819,MUNTINLUPA ,SUV/Van,Head-on,3,Rain,,Male,0,467918.74,Light,Poorly-Lit,60
MMTI-2025-04775,Manila,Motorcycle,Side-swipe,Risk Level 3,Cloudy,36.0,Female,0,187881.49,Heavy,Unlit,60
MMTI-2025-08229,Manila,Bus,Side-swipe,1.0,Cloudy,,Female,0,214083.42,Moderate,Unlit,40
MMTI-2025-03875,,Car,Rear-end,3,Cloudy,999.0,Male,0,206.4k,Moderate,Well-Lit,60
MMTI-2025-19723,Paranaque,Car,Rear-end,6,Clear,46.0,Male,4,100874.01,MODERATE,No Lights,40
MMTI-2025-03881,Makati,Car,Rear-end,Risk Level 3,Cloudy,37.0,Male,0,227544.41,Moderate,Well-Lit,80
MMTI-2025-20116,Paranaque,Car,Head-on,3,Clear,20.0,Male,0,105162.0,Heavy,Well-Lit,60
MMTI-2025-17114,Pasig,SUV/Van,Hit and Run,3.0,Clear,150.0,Female,0,150052.56,Heavy,Well-Lit,60
MMTI-2025-11061,,Truck,Hit and Run,3,Clear,26.0,Female,0,636114.89,Heavy,well lit,60
MMTI-2025-06016,Quezon,Car,Rear-end,3,Rainy,39.0,Male,0,715436.1,Moderate,Well-Lit,60
MMTI-2025-15752,Taguig,Car,Rear-end,3,Cloudy,28.0,Male,0,"PHP 284,655.32",Light,Well-Lit,60 km/h
MMTI-2025-20170,San Juan,Car,Hit and Run,3,Clear,29.0,Male,0,39207.27,Heavy,POOR,60
MMTI-2025-04646,Taguig,Motorcycle,Head-on,3.0,Cloudy,999.0,Male,0,308021.68,Heavy,Poorly-Lit,40
MMTI-2025-23197,VALENZUELA ,Jeepney,Hit and Run,Risk Level 3,Clear,32.0,Male,0,,Heavy,No Lights,40 kph
MMTI-2025-10365,,SUV/Van,Rear-end,2,Clear,36.0,Female,0,117124.6,Moderate,Unlit,30
MMTI-2025-00082,Quezon,Car,Hit and Run,3,Cloudy,33.0,Male,0,508689.57,Heavy,Well-Lit,60 km/h
MMTI-2025-14327,Mandaluyong,Car,Head-on,6,Clear,25.0,Male,4,73692.83,Heavy,Well-Lit,80 km/h
MMTI-2025-02435,Quezon,Car,Head-on,3,Stormy,31.0,Female,0,77777777,Heavy,Well-Lit,60 km/h
MMTI-2025-20417,Marikina,Car,Rear-end,3,Clear,28.0,female ,0,59051.98,Light,Well-Lit,40
MMTI-2025-05448,Makati,Car,Head-on,3.0,Cloudy,43.0,Male,0,266278.23,HEAVY,Poorly-Lit,60 km/h
MMTI-2025-05644,Pasay,Motorcycle,Head-on,3.0,Clear,42.0,Male,0,49987.81,Moderate,Well-Lit,60 kph
MMTI-2025-11447,Quezon,Bus,Side-swipe,,Rain,39.0,Male,0,196985.41,Heavy,Well-Lit,60 kph
MMTI-2025-16123,San Juan,Motorcycle,Hit and Run,3,Clear,37.0,Female,0,38686.03,Light,Unlit,60
MMTI-2025-05394,Taguig,Car,Head-on,Risk Level 3,Cloudy,46.0,Male,0,339545.32,Heavy,Poorly-Lit,60
MMTI-2025-03949,San Juan,Car,Head-on,3,Clear,48.0,Male,0,"PHP 38,762.43",HEAVY,Poorly-Lit,40
MMTI-2025-18163,Quezon,Car,Rear-end,Risk Level 3,Cloudy,27.0,Male,0,578306.52,Heavy,Poorly-Lit,100
MMTI-2025-00412,Marikina,Car,Head-on,3,Clear,27.0,Male,0,62519.41,Heavy,Poorly-Lit,60
MMTI-2025-04081,Quezon,Car,Head-on,6,Rainy,17.0,Male,3,765304.54,Heavy,Well-Lit,60 km/h
MMTI-2025-20329,Pasig,Car,Rear-end,3.0,Clear,45.0,Male,0,"PHP 137,592.84",Heavy,Well-Lit,80
MMTI-2025-15738,Muntinlupa,Motorcycle,Hit and Run,2,Clear,37.0,Male,0,55904.53,Moderate,Well-Lit,60
MMTI-2025-04778,,SUV/Van,Side-swipe,6,Cloudy,45.0,Male,3,266819.02,Heavy,Well-Lit,100 km/h
MMTI-2025-14363,Manila,Car,Head-on,Risk Level 6,Rain,54.0,F,3,,Heavy,Well-Lit,80 km/h
MMTI-2025-13750,,Motorcycle,Hit and Run,1,Clear,30.0,F,0,4963.21,Light,Unlit,80 km/h
MMTI-2025-00839,San Juan,SUV/Van,Side-swipe,2.0,Clear,32.0,Male,0,40759.94,Heavy,Well-Lit,30 kph
MMTI-2025-16856,Makati,Car,Side-swipe,3.0,Cloudy,40.0,Male,0,265587.38,Moderate,Well-Lit,60 km/h
MMTI-2025-09784,MUNTINLUPA ,Truck,Side-swipe,3.0,,19.0,Male,0,1434416.48,Moderate,Well-Lit,60 km/h
MMTI-2025-07668,Las Pinas,Car,Side-swipe,3,Clear,37.0,Female,0,82681.56,Heavy,Well-Lit,60 km/h
MMTI-2025-00258,Pasig,SUV/Van,Head-on,3.0,Clear,47.0,Male,0,160528.69,Heavy,Well-Lit,30
MMTI-2025-10271,Paranaque,Car,Head-on,3,Clear,40.0,Female,0,114948.04,Moderate,Well-Lit,40
MMTI-2025-10060,Manila,,Rear-end,3,Clear,40.0,Male,0,77777777,Heavy,dark,60
MMTI-2025-15759,Quezon,Car,Head-on,3,Rainy,29.0,female ,0,732169.19,Heavy,Well-Lit,100 km/h
MMTI-2025-03213,Manila,SUV/Van,Side-swipe,3.0,Cloudy,39.0,Male,0,201919.78,Moderate,Well-Lit,60
MMTI-2025-22829,Quezon,,Side-swipe,Risk Level 3,Clear,34.0,Male,0,"PHP 122,530.18",Heavy,Well-Lit,60
MMTI-2025-13823,Manila,Jeepney,Hit and Run,3,Rain,47.0,Female,0,87830.13,,Poorly-Lit,60
MMTI-2025-03947,Pasig,SUV/Van,Head-on,3.0,Clear,32.0,Female,0,128321.85,Moderate,Unlit,60 km/h
MMTI-2025-01369,Quezon,SUV/Van,Hit and Run,3,Rainy,52.0,Male,0,632614.41,Heavy,Poorly-Lit,80
MMTI-2025-13330,Quezon,Car,Side-swipe,3,Rainy,27.0,Male,0,757402.82,Heavy,Well-Lit,30
MMTI-2025-06612,Manila,Car,Side-swipe,3,Clear,44.0,female ,0,,,Well-Lit,60
MMTI-2025-17305,Quezon,Car,Hit and Run,6,Cloudy,41.0,Male,3,559319.96,Moderate,Well-Lit,100 km/h
MMTI-2025-22108,PARANAQUE ,Motorcycle,Head-on,,Clear,60.0,Male,1,17313.45,HEAVY,Well-Lit,60
MMTI-2025-21929,Pasig,Car,Head-on,3,Clear,36.0,M,0,129467.84,Moderate,Well-Lit,60
MMTI-2025-11630,MARIKINA ,Jeepney,Rear-end,3,,37.0,Male,0,71222.85,Heavy,Well-Lit,40 kph
MMTI-2025-08824,Manila,Jeepney,Rear-end,Risk Level 3,Cloudy,40.0,Male,0,100459.31,,Well-Lit,60
MMTI-2025-18327,,Car,Side-swipe,6,Rain,21.0,Male,2,398.1k,Heavy,Well-Lit,40
MMTI-2025-16986,Quezon,Motorcycle,Side-swipe,3,Cloudy,50.0,Male,0,"PHP 407,142.04",Heavy,dark,60 km/h
MMTI-2025-23282,,Truck,Side-swipe,3,Clear,35.0,Male,1,1031880.94,Heavy,Well-Lit,40 kph
MMTI-2025-22399,Quezon,Motorcycle,Head-on,3,Rain,38.0,Male,0,,Moderate,No Lights,80
MMTI-2025-21223,Quezon,Car,Hit and Run,3.0,Cloudy,55.0,Male,0,493552.7,Light,Well-Lit,60
MMTI-2025-18558,Caloocan,Car,Side-swipe,3.0,Clear,40.0,Male,0,44136.22,Moderate,Well-Lit,60
MMTI-2025-14232,Taguig,Jeepney,Side-swipe,3,Cloudy,28.0,Female,0,275671.38,HEAVY,Well-Lit,40
MMTI-2025-20879,Makati,Car,Rear-end,3,Cloudy,31.0,Male,0,263840.46,Moderate,well lit,30
MMTI-2025-00565,Valenzuela,Truck,Side-swipe,3.0,,,Female,0,"PHP 467,249.25",Moderate,Unlit,60
MMTI-2025-07599,Pasig,Motorcycle,Hit and Run,3,Clear,38.0,F,0,130038.46,Moderate,Well-Lit,60
MMTI-2025-05118,Pasay,Car,Hit and Run,Risk Level 3,Clear,34.0,Male,0,"PHP 46,855.35",Heavy,Poorly-Lit,40 kph
MMTI-2025-05967,Quezon,Car,Head-on,3,Cloudy,37.0,Male,0,557134.38,Moderate,Well-Lit,40
MMTI-2025-01638,Quezon,Truck,Rear-end,3,Cloudy,36.0,Male,0,592232.06,Light,Well-Lit,40
MMTI-2025-04339,Quezon,SUV/Van,Side-swipe,4,Cloudy,23.0,Male,2,411024.13,Heavy,Well-Lit,40
MMTI-2025-22889,Manila,Motorcycle,Side-swipe,Risk Level 3,Cloudy,28.0,Male,0,176990.33,Heavy,Well-Lit,80
MMTI-2025-11413,Quezon,Car,Side-swipe,3,Rainy,35.0,Female,0,1459845.35,Heavy,dark,60
MMTI-2025-22371,MAKATI ,Bus,Hit and Run,,Clear,29.0,Male,0,385304.2,Heavy,Poorly-Lit,30
MMTI-2025-04973,Quezon,Motorcycle,Rear-end,Risk Level 3,Cloudy,22.0,Female,0,429332.56,Heavy,Well-Lit,60
MMTI-2025-02664,Quezon,Car,Head-on,3.0,Rainy,39.0,Male,0,1173967.66,Heavy,Poorly-Lit,60
MMTI-2025-01469,Quezon,Car,Head-on,Risk Level 6,Rainy,27.0,Male,1,"PHP 1,067,718.59",Heavy,Poorly-Lit,60
MMTI-2025-05787,Manila,Car,Side-swipe,Risk Level 3,Cloudy,-10.0,F,0,172917.76,Heavy,Poorly-Lit,60
MMTI-2025-01764,Quezon,Motorcycle,Rear-end,3,,21.0,Male,0,21879.38,Heavy,Well-Lit,60
MMTI-2025-08458, manila,Car,Hit and Run,,Clear,41.0,Male,0,25115.46,Moderate,Well-Lit,40
MMTI-2025-10712,Quezon,Motorcycle,Rear-end,3,Cloudy,37.0,Male,0,386594.1,Heavy,Poorly-Lit,60
MMTI-2025-02952,Pasig,Car,Rear-end,Risk Level 2,Clear,28.0,Male,0,152694.77,Heavy,Poorly-Lit,60
MMTI-2025-21992,Caloocan,,Hit and Run,4,Clear,46.0,Male,1,297195.13,Heavy,Lit,40
MMTI-2025-15846,Quezon,Car,Side-swipe,Risk Level 3,Rainy,47.0,Female,0,1074241.6,Heavy,Well-Lit,60
MMTI-2025-09603,Makati,Car,Side-swipe,3,Cloudy,34.0,Female,0,220192.71,Heavy,Well-Lit,60 km/h
MMTI-2025-16521,Pasig,SUV/Van,Side-swipe,Risk Level 3,Clear,24.0,Male,0,"PHP 150,605.93",Heavy,Well-Lit,60 km/h
MMTI-2025-06903,Pasig,Car,Head-on,6.0,Clear,43.0,Male,1,"PHP 155,374.61",Moderate,POOR,60
MMTI-2025-19790,,Motorcycle,Side-swipe,3,Clear,32.0,Male,0,8474.57,Heavy,well lit,80
MMTI-2025-02916,Manila,SUV/Van,Rear-end,Risk Level 3,,33.0,Male,0,"PHP 370,321.92",HEAVY,Well-Lit,60 km/h
MMTI-2025-16024,Manila,Bus,Head-on,Risk Level 2,,32.0,Male,0,178784.2,,Well-Lit,60
MMTI-2025-03692,Pasig,,Side-swipe,Risk Level 3,,58.0,Male,0,131391.3,Heavy,Lit,80
MMTI-2025-13817,Manila,,Hit and Run,,Cloudy,37.0,Female,1,87885.01,Heavy,Well-Lit,60
MMTI-2025-06794,Paranaque,Motorcycle,Hit and Run,3.0,Clear,19.0,Male,0,107643.29,Heavy,dark,60
MMTI-2025-09660,Paranaque,Motorcycle,Side-swipe,3.0,Clear,34.0,Male,0,,Heavy,Well-Lit,40 km/h
MMTI-2025-06921,Paranaque,Car,Hit and Run,6,Clear,46.0,Male,4,,Heavy,Well-Lit,60
MMTI-2025-09796,Quezon,Motorcycle,Side-swipe,6,Cloudy,28.0,Male,4,"PHP 443,871.30",Heavy,Poorly-Lit,80
MMTI-2025-21937,Quezon,Car,Rear-end,3,Storm,17.0,Female,0,95879.1,,well lit,40
MMTI-2025-05330,,SUV/Van,Hit and Run,3,Clear,38.0,Male,0,265913.99,Heavy,Well-Lit,60
MMTI-2025-19711,CALOOCAN ,Motorcycle,Rear-end,3,Cloudy,31.0,Male,0,,Moderate,Poorly-Lit,60
MMTI-2025-15893,Manila,Car,Side-swipe,3.0,Cloudy,0.0,Male,0,171685.08,Heavy,well lit,30
MMTI-2025-07745,Quezon,Car,Head-on,3.0,Rainy,42.0,Male,0,1258305.6,Heavy,Unlit,60
MMTI-2025-11810,Mandaluyong,Motorcycle,Hit and Run,2,Clear,34.0,female ,0,79793.45,Heavy,Well-Lit,40
MMTI-2025-07734,Quezon,Car,Side-swipe,3,Cloudy,52.0,Female,0,364530.56,Heavy,Well-Lit,60
MMTI-2025-14254,Muntinlupa,Car,Rear-end,Risk Level 3,Clear,43.0,male,0,51324.33,HEAVY,Well-Lit,60 km/h
MMTI-2025-05699,Quezon,Car,Hit and Run,3,,49.0,Male,0,168798.06,HEAVY,Well-Lit,80 km/h
MMTI-2025-00257,Las Pinas,Car,Rear-end,3.0,Clear,28.0,Unknown,0,91270.06,Heavy,Unlit,60
MMTI-2025-15307,Quezon,Car,Rear-end,6,Stormy,47.0,Male,4,3481652.34,Heavy,Well-Lit,40
MMTI-2025-12486,Manila,,Hit and Run,4,Rain,34.0,Male,1,82715.6,Moderate,Poorly-Lit,40
MMTI-2025-17317,Makati,Motorcycle,Head-on,3.0,Cloudy,36.0,Male,0,231849.09,Moderate,Poorly-Lit,80
MMTI-2025-21538,Muntinlupa,Bus,Rear-end,3.0,Clear,41.0,F,0,717121.81,,Poorly-Lit,40
MMTI-2025-02904,Caloocan,SUV/Van,Side-swipe,,Clear,39.0,Female,0,86633.49,Heavy,Well-Lit,60
MMTI-2025-00880, quezon,Bus,Side-swipe,3,Clear,48.0,Male,0,,Heavy,Well-Lit,40
MMTI-2025-04190,Quezon,SUV/Van,Head-on,Risk Level 3,Rainy,38.0,Male,0,655774.67,Moderate,well lit,60
MMTI-2025-19634, makati,Bus,Rear-end,,Cloudy,44.0,Male,0,119.3k,Moderate,Poorly-Lit,30
MMTI-2025-01942,Manila,SUV/Van,Hit and Run,Risk Level 3,,33.0,Male,0,,Heavy,Well-Lit,60
MMTI-2025-18430,Pasig,Car,Head-on,3,Clear,39.0,Male,0,144305.67,Moderate,dark,100
MMTI-2025-02508,Mandaluyong,,Hit and Run,,Clear,30.0,Male,0,,Light,Well-Lit,40 km/h
MMTI-2025-12261,Taguig,Truck,Hit and Run,3,Clear,56.0,Male,0,1620347.64,,Poorly-Lit,60
MMTI-2025-18356,Quezon,Truck,Head-on,3,,46.0,Male,0,594692.69,Light,Well-Lit,30
MMTI-2025-07608,Las Pinas,Jeepney,Hit and Run,3,Clear,33.0,Female,0,"PHP 87,532.71",Heavy,Unlit,40
MMTI-2025-10160,Muntinlupa,Car,Side-swipe,2.0,Clear,54.0,Male,0,50865.27,MODERATE,Poorly-Lit,30
MMTI-2025-12500,,Car,Rear-end,Risk Level 3,Clear,40.0,Male,4,55864.88,Heavy,Well-Lit,60
MMTI-2025-03650,Muntinlupa,Motorcycle,Rear-end,,Cloudy,44.0,Male,0,12733.8,Heavy,POOR,60 km/h
MMTI-2025-02929,,Truck,Side-swipe,2,,44.0,Male,0,440.1k,Light,Unlit,40
MMTI-2025-18481,Quezon,Truck,Rear-end,3,Clear,52.0,Male,0,,Heavy,Well-Lit,60
MMTI-2025-02420,Quezon,Car,Head-on,3,Cloudy,38.0,Male,0,498855.16,Heavy,Well-Lit,60 km/h