Incident_ID,City,Vehicle_Type,Accident_Type,Severity,Weather_Condition,Driver_Age,Driver_Gender,Injury_Count,Damage_Cost_PHP,Traffic_Volume,Road_Lighting,Speed_Limit
MMTI-2025-00225,Mandaluyong,Motorcycle,Rear-end,2,Rain,20.0,Male,0,,Light,Well-Lit,60
MMTI-2025-02568,Makati,,Side-swipe,Risk Level 3,Clear,150.0,Female,0,160906.9,Moderate,Well-Lit,30 km/h
MMTI-2025-12944,Mandaluyong,Car,Side-swipe,3,Clear,18.0,M,0,69107.93,Heavy,Well-Lit,40 kph
MMTI-2025-09060,,Bus,Side-swipe,3,Cloudy,38.0,Male,2,1063862.28,Moderate,Well-Lit,60 km/h
MMTI-2025-00806,Quezon,Jeepney,Rear-end,3,,58.0,Male,0,-25000,Heavy,Poorly-Lit,30
MMTI-2025-14946,Manila,Motorcycle,Side-swipe,3,Cloudy,39.0,Female,0,205709.39,Moderate,Poorly-Lit,60 km/h
MMTI-2025-09128,Marikina,,Head-on,Risk Level 3,Clear,45.0,F,0,99999999,Heavy,Well-Lit,60
MMTI-2025-07212,,Jeepney,Hit and Run,3,Rain,45.0,Male,0,47217.64,HEAVY,Well-Lit,60 kph
MMTI-2025-14296,Caloocan,Car,Side-swipe,Risk Level 3,Clear,27.0,Female,0,44085.65,Moderate,Well-Lit,60
MMTI-2025-08242,Taguig,Car,Hit and Run,,Clear,41.0,Male,0,86769.82,Heavy,Well-Lit,60 kph
MMTI-2025-03231,Taguig,Car,Head-on,3.0,Cloudy,25.0,Male,0,271871.08,Heavy,Poorly-Lit,30
MMTI-2025-00207,,Car,Head-on,3.0,Rain,42.0,F,0,271716.71,Heavy,No Lights,60
MMTI-2025-18102,Paranaque,Jeepney,Side-swipe,6,Clear,17.0,Male,2,117631.83,Heavy,Well-Lit,40
MMTI-2025-23420,Quezon,Car,Side-swipe,3,Rainy,55.0,Male,0,901236.89,Heavy,well lit,40
MMTI-2025-22257,,Truck,Side-swipe,3,,52.0,F,0,1748322.63,Moderate,Unlit,40 kph
MMTI-2025-15332,,Motorcycle,Side-swipe,6.0,Rain,36.0,Male,2,142302.37,Heavy,Poorly-Lit,30
MMTI-2025-19594,Pasig,Car,Side-swipe,3,Clear,35.0,M,0,131042.22,HEAVY,Well-Lit,40
MMTI-2025-11247,Quezon,Car,Rear-end,6,Stormy,32.0,Female,1,4247992.34,Heavy,Poorly-Lit,60
MMTI-2025-11670,Valenzuela,Jeepney,Rear-end,,Rain,53.0,Male,0,,Moderate,Poorly-Lit,60
MMTI-2025-05020,Valenzuela,Truck,Hit and Run,2.0,Clear,45.0,Female,0,"PHP 423,259.78",,Poorly-Lit,100
MMTI-2025-19616,Paranaque,,Head-on,3.0,Clear,25.0,Female,0,,Light,Well-Lit,60 km/h
MMTI-2025-17123,Pasig,Truck,Rear-end,Risk Level 3,Clear,51.0,Male,0,339.6k,,Well-Lit,60
MMTI-2025-16436,Quezon,,Side-swipe,6.0,Storm,43.0,Male,2,184909.84,Moderate,POOR,60 km/h
MMTI-2025-00417,,Car,Hit and Run,3,Rain,65.0,Male,0,50198.77,Light,Poorly-Lit,30
MMTI-2025-13939,Pasig,Jeepney,Side-swipe,Risk Level 2,Clear,41.0,Female,0,150412.95,Moderate,Poorly-Lit,30
MMTI-2025-02147,,Motorcycle,Hit and Run,3,Clear,39.0,Male,0,18199.34,LIGHT,Well-Lit,60 km/h
MMTI-2025-08953,Paranaque,,Hit and Run,1.0,Clear,25.0,Female,0,40941.92,,dark,40
MMTI-2025-18707,Taguig,Motorcycle,Head-on,3,Cloudy,61.0,Female,0,"PHP 320,256.49",Light,Poorly-Lit,60
MMTI-2025-06696,Quezon,Car,Side-swipe,3.0,Cloudy,29.0,Female,0,484524.1,HEAVY,Poorly-Lit,40
MMTI-2025-06638,Las Pinas,SUV/Van,Hit and Run,3,Clear,46.0,Male,0,88882.29,Light,Well-Lit,80 km/h
MMTI-2025-04215,Pasay,SUV/Van,Hit and Run,Risk Level 3,Clear,19.0,Male,0,48250.92,Light,Poorly-Lit,30
MMTI-2025-09930,Quezon,Car,Side-swipe,Risk Level 3,Cloudy,28.0,Male,0,594095.45,Light,Well-Lit,60 kph
MMTI-2025-05053,Paranaque,Motorcycle,Head-on,3,Clear,44.0,Male,0,101861.23,Heavy,well lit,60 kph
MMTI-2025-10541,,Jeepney,Head-on,3.0,Clear,51.0,Male,0,83183.63,Heavy,Well-Lit,60
MMTI-2025-08913,Makati,Motorcycle,Head-on,6,Cloudy,999.0,Male,4,257819.13,Heavy,Poorly-Lit,60 km/h
MMTI-2025-00834,Taguig,SUV/Van,Rear-end,3.0,Cloudy,40.0,Male,0,303113.93,Heavy,Well-Lit,60
MMTI-2025-06194,Paranaque,SUV/Van,Hit and Run,3.0,Clear,45.0,M,0,107460.29,Heavy,Lit,60 km/h
MMTI-2025-08797,,Jeepney,Hit and Run,2,Clear,17.0,Male,0,10312.87,Light,Well-Lit,60 km/h
MMTI-2025-15348,Quezon,SUV/Van,Hit and Run,3,Cloudy,53.0,Male,0,,Heavy,Poorly-Lit,40
MMTI-2025-07066,Muntinlupa,Car,Hit and Run,3,Clear,25.0,Male,0,53815.93,Moderate,Well-Lit,30 km/h
MMTI-2025-18020,Quezon,Car,Side-swipe,6.0,Rainy,36.0,Male,1,881072.52,Heavy,Poorly-Lit,60
MMTI-2025-08312,Marikina,Car,Head-on,3,Clear,42.0,Male,0,61716.56,HEAVY,POOR,30
MMTI-2025-09221,Manila,Motorcycle,Hit and Run,6.0,Cloudy,,Male,4,98782.99,Heavy,Well-Lit,40
MMTI-2025-04388,Malabon,Jeepney,Head-on,3,Clear,17.0,Male,0,,Heavy,Well-Lit,60 km/h
MMTI-2025-08493,Pasay,SUV/Van,Hit and Run,2,Clear,32.0,Male,0,45241.57,Moderate,Well-Lit,40
MMTI-2025-21973,Pasig,Car,Head-on,3,Clear,58.0,M,0,133032.23,Heavy,Poorly-Lit,40
MMTI-2025-14120,Makati,Truck,Rear-end,3.0,,38.0,Male,0,1444660.33,Heavy,Well-Lit,60 kph
MMTI-2025-13573,Valenzuela,Car,Rear-end,1.0,Clear,44.0,Male,0,37611.68,Light,Well-Lit,100
MMTI-2025-17431,Marikina,Car,Side-swipe,3,Clear,19.0,Male,0,59578.45,Moderate,Well-Lit,100
MMTI-2025-18564,Mandaluyong,Motorcycle,Rear-end,3,Clear,26.0,Male,0,75651.61,Heavy,Well-Lit,30
MMTI-2025-09514,Manila,Truck,Head-on,3.0,Clear,33.0,Male,0,"PHP 1,100,738.92",,dark,40
MMTI-2025-01577,Makati,Car,Hit and Run,3.0,Cloudy,34.0,Male,0,217716.09,Moderate,Well-Lit,60 km/h
MMTI-2025-16945,Malabon,Car,Hit and Run,3,Clear,23.0,Male,0,37178.49,Heavy,Lit,60
MMTI-2025-15823,Makati,Motorcycle,Rear-end,6.0,Cloudy,38.0,Unknown,4,226198.87,Heavy,Well-Lit,40 km/h
MMTI-2025-07628,Quezon,Motorcycle,Head-on,1,Cloudy,46.0,Female,0,507861.64,Moderate,Well-Lit,40 km/h
MMTI-2025-03407,Caloocan,,Head-on,2,Clear,44.0,Male,0,48602.69,Moderate,Unlit,80
MMTI-2025-00391,Pasig,SUV/Van,Hit and Run,4,Clear,57.0,Male,2,126448.81,LIGHT,Poorly-Lit,60
MMTI-2025-17068,Quezon,Truck,Side-swipe,Risk Level 3,Cloudy,17.0,Male,0,447159.62,Heavy,Well-Lit,30
MMTI-2025-03660,,SUV/Van,Side-swipe,3.0,Clear,28.0,Male,0,309056.58,Moderate,Poorly-Lit,60 km/h
MMTI-2025-13607,Quezon,Car,Rear-end,3.0,Rainy,57.0,Male,0,1075855.97,Heavy,POOR,60
MMTI-2025-14301,Mandaluyong,Car,Head-on,Risk Level 3,Clear,23.0,Female,0,69.4k,Heavy,Well-Lit,60
MMTI-2025-12359,Muntinlupa,Car,Head-on,3.0,Clear,48.0,Male,0,57659.07,Moderate,Unlit,60 km/h
MMTI-2025-06037,Mandaluyong,Truck,Head-on,Risk Level 3,Clear,31.0,Male,0,"PHP 78,706.34",Moderate,Poorly-Lit,30
MMTI-2025-11042,Paranaque,Car,Hit and Run,3.0,Clear,34.0,Male,0,111643.69,Moderate,Well-Lit,60
MMTI-2025-05295,Las Pinas,Car,Hit and Run,3,Clear,22.0,Male,0,87645.99,Heavy,Lit,60 km/h
MMTI-2025-16837,Manila,Jeepney,Head-on,3.0,Cloudy,53.0,Male,0,176150.22,Heavy,Lit,60 km/h
MMTI-2025-18691,Quezon,SUV/Van,Head-on,Risk Level 3,Rainy,32.0,Male,0,1073354.79,Heavy,Well-Lit,40 km/h
MMTI-2025-17657,Mandaluyong,Truck,Rear-end,3,,33.0,Male,0,"PHP 276,864.71",Heavy,Well-Lit,60
MMTI-2025-19751, mandaluyong,Motorcycle,Head-on,,,,Female,0,11150.16,Heavy,Poorly-Lit,30
MMTI-2025-07370,Quezon,Car,Head-on,3.0,Rainy,41.0,Female,0,"PHP 737,710.27",Heavy,Well-Lit,80
MMTI-2025-16154,Manila,Truck,Head-on,3.0,Cloudy,72.0,Male,0,170870.62,Heavy,Well-Lit,60
MMTI-2025-00992,Makati,Truck,Hit and Run,,Cloudy,34.0,Male,0,"PHP 559,257.87",Heavy,Poorly-Lit,100 km/h
MMTI-2025-01927,Quezon,Motorcycle,Hit and Run,3.0,Cloudy,25.0,Female,0,497489.19,Moderate,Well-Lit,40
MMTI-2025-18221,Manila,Bus,Hit and Run,6.0,Clear,45.0,Male,4,,Heavy,Well-Lit,60
MMTI-2025-00777,Manila,,Head-on,Risk Level 3,Clear,37.0,Male,0,64625.2,Heavy,Well-Lit,100 km/h
MMTI-2025-04584, quezon,Truck,Side-swipe,6.0,Rain,50.0,Male,4,,Light,Poorly-Lit,40 km/h
MMTI-2025-13192,Quezon,,Hit and Run,3,Clear,34.0,Female,0,67227.12,Heavy,dark,80
MMTI-2025-16440,Mandaluyong,Jeepney,Rear-end,,Clear,25.0,Male,1,27552.06,Heavy,Well-Lit,80
MMTI-2025-22123,Pasig,Truck,Side-swipe,Risk Level 2,Clear,64.0,Male,0,156055.9,Heavy,Poorly-Lit,60
MMTI-2025-03993, caloocan ,Bus,Head-on,3,,39.0,Female,0,264371.65,Moderate,Well-Lit,60
MMTI-2025-10859,QUEZON ,Car,Head-on,,Clear,0.0,Male,2,91209.47,Heavy,Poorly-Lit,80
MMTI-2025-00814,Quezon,Motorcycle,Head-on,Risk Level 3,Cloudy,42.0,Male,0,455416.96,Moderate,Well-Lit,80
MMTI-2025-06086,Quezon,Jeepney,Rear-end,Risk Level 3,Rainy,43.0,Female,0,716591.5,Heavy,dark,60 kph
MMTI-2025-14830,,Motorcycle,Side-swipe,3.0,Clear,42.0,Male,0,64638.43,Heavy,Well-Lit,60
MMTI-2025-04421,Quezon,Car,Head-on,6,,44.0,Female,1,474018.56,Heavy,Unlit,60
MMTI-2025-13734,Manila,SUV/Van,Side-swipe,Risk Level 2,Cloudy,37.0,Male,0,193601.12,Moderate,Poorly-Lit,60 km/h
MMTI-2025-15667,,Car,Head-on,3,Clear,50.0,Male,0,31437.55,Moderate,Well-Lit,30
MMTI-2025-00858,MARIKINA ,Motorcycle,Side-swipe,3.0,Clear,32.0,Male,0,10983.7,,Well-Lit,40
MMTI-2025-20077,,Jeepney,Hit and Run,1,Clear,43.0,Male,0,12721.39,Moderate,Lit,100 km/h
MMTI-2025-16879,Muntinlupa,Motorcycle,Rear-end,3,Clear,,Female,0,34919.58,Heavy,Well-Lit,60
MMTI-2025-06070,Manila,Car,Hit and Run,3,Clear,20.0,Female,0,"PHP 164,501.81",Heavy,Well-Lit,30
MMTI-2025-14750, valenzuela,Motorcycle,Head-on,,Cloudy,33.0,Male,0,3498.62,Heavy,Well-Lit,60 km/h
MMTI-2025-19350,Taguig,Car,Head-on,3,Cloudy,41.0,Male,0,337006.24,Heavy,Well-Lit,40
MMTI-2025-16030,QUEZON ,,Hit and Run,,Clear,39.0,Male,0,,Heavy,Well-Lit,40
MMTI-2025-02502,Pasig,Car,Side-swipe,3.0,Clear,46.0,Male,0,131017.45,Moderate,Unlit,60
MMTI-2025-09218,Quezon,Car,Side-swipe,Risk Level 3,Rainy,30.0,Male,0,883752.13,LIGHT,Lit,60
MMTI-2025-02005,Las Pinas,Jeepney,Head-on,Risk Level 3,Clear,,Male,0,88118.99,HEAVY,No Lights,30 kph
MMTI-2025-03862,Quezon,Motorcycle,Side-swipe,3,Rainy,28.0,Female,0,702228.76,Light,Well-Lit,80
MMTI-2025-19557,Marikina,Motorcycle,Rear-end,6,Clear,51.0,Male,2,"PHP 66,778.70",Heavy,Unlit,40 km/h
MMTI-2025-13449,,Car,Side-swipe,6,,26.0,Male,3,336183.48,,Well-Lit,60
MMTI-2025-22973,Quezon,Car,Rear-end,6.0,Stormy,34.0,Male,2,2653895.03,Heavy,Well-Lit,60 km/h
MMTI-2025-08521,Quezon,SUV/Van,Side-swipe,3,Clear,25.0,Female,0,277701.89,,Well-Lit,100 km/h
MMTI-2025-17531,Quezon,Motorcycle,Rear-end,3,Cloudy,38.0,Male,0,489488.86,Moderate,Poorly-Lit,80 kph
MMTI-2025-04884,Taguig,SUV/Van,Side-swipe,2,Cloudy,40.0,Male,0,345892.01,Moderate,Well-Lit,80 km/h
MMTI-2025-13575,QUEZON ,,Head-on,Risk Level 3,Clear,46.0,Male,0,169906.2,Heavy,Unlit,60 kph
MMTI-2025-19442,Muntinlupa,Motorcycle,Head-on,6,Clear,,Male,3,58651.31,Light,Well-Lit,60
MMTI-2025-22946,Manila,Car,Rear-end,3.0,Clear,,Male,0,99999999,Heavy,Well-Lit,40
MMTI-2025-12367,Quezon,,Head-on,,Clear,47.0,Male,0,65337.47,Moderate,Poorly-Lit,40 km/h
MMTI-2025-20881,Quezon,Car,Head-on,3.0,Cloudy,32.0,Male,0,405447.59,Heavy,Poorly-Lit,30
MMTI-2025-21129,Quezon,SUV/Van,Head-on,Risk Level 3,Rainy,39.0,Male,0,1454915.5,Moderate,Lit,40 kph
MMTI-2025-04355,Taguig,Bus,Head-on,6.0,Clear,31.0,Male,4,,Moderate,Well-Lit,30
MMTI-2025-11959,,,Hit and Run,3,Clear,26.0,Male,0,125329.28,Moderate,Well-Lit,60 kph
MMTI-2025-19676,Pasig,Car,Rear-end,6,Clear,40.0,Male,2,135286.02,Heavy,Unlit,60
MMTI-2025-21007,Pasig,Car,Rear-end,3,Clear,32.0,Male,0,127477.03,Heavy,Well-Lit,60
MMTI-2025-05400,Pasig,Car,Head-on,3,Clear,43.0,Female,0,129043.37,Heavy,Poorly-Lit,40 km/h
MMTI-2025-14389,Quezon,Car,Hit and Run,6,Stormy,51.0,Female,2,"PHP 2,439,027.45",Heavy,Well-Lit,40
MMTI-2025-21537,Manila,Car,Hit and Run,Risk Level 6,Cloudy,32.0,Female,1,"PHP 195,830.51",Heavy,No Lights,60
MMTI-2025-17048,Makati,Jeepney,Side-swipe,3.0,Clear,29.0,F,0,,,Well-Lit,80
MMTI-2025-20030,Las Pinas,Motorcycle,Side-swipe,Risk Level 2,Clear,41.0,Male,0,"PHP 89,448.40",Moderate,No Lights,60
MMTI-2025-01779,Quezon,Motorcycle,Head-on,Risk Level 3,Rainy,50.0,Female,0,827.2k,Heavy,Well-Lit,60
MMTI-2025-15310,Marikina,Car,Head-on,3,Clear,27.0,Male,0,58720.7,Moderate,Lit,30 km/h
MMTI-2025-04642,Pasig,Motorcycle,Hit and Run,Risk Level 3,,21.0,Female,0,36965.03,Heavy,Well-Lit,60
MMTI-2025-16609,QUEZON ,,Hit and Run,3.0,Clear,35.0,Male,0,,Moderate,Well-Lit,40
MMTI-2025-08812,Manila,Truck,Hit and Run,Risk Level 9,Cloudy,61.0,Male,1,186559.38,Heavy,Well-Lit,40
MMTI-2025-03525,Quezon,Motorcycle,Rear-end,3,Cloudy,47.0,Female,0,387420.58,Heavy,Poorly-Lit,60 kph
MMTI-2025-09668, manila,Bus,Rear-end,Risk Level 3,Rain,,Male,0,586169.15,Heavy,Well-Lit,60
MMTI-2025-04723,Caloocan,Car,Head-on,3,Clear,40.0,Female,0,44860.43,Moderate,Well-Lit,30
MMTI-2025-16146,Makati,Truck,Rear-end,Risk Level 3,Cloudy,41.0,Male,0,268144.52,Heavy,POOR,60
MMTI-2025-10781,Makati,Motorcycle,Head-on,3.0,Cloudy,26.0,Male,0,214523.6,Moderate,Well-Lit,60
MMTI-2025-21073,,,Head-on,3,Rain,31.0,female ,0,,Heavy,Well-Lit,60
MMTI-2025-17563,Mandaluyong,Jeepney,Head-on,3,Clear,31.0,Female,0,,LIGHT,POOR,80
MMTI-2025-16157,,,Rear-end,,Clear,34.0,Male,0,27717.34,HEAVY,Well-Lit,60 km/h
MMTI-2025-17783,Pasig,SUV/Van,Hit and Run,,Clear,35.0,Female,0,49911.4,Heavy,Well-Lit,60
MMTI-2025-18064,Quezon,Motorcycle,Hit and Run,6.0,Cloudy,35.0,Female,4,"PHP 363,305.53",Heavy,Well-Lit,60
MMTI-2025-04135,Paranaque,Motorcycle,Hit and Run,2,Clear,29.0,Male,0,121618.32,Moderate,Well-Lit,40
MMTI-2025-13766,Quezon,Car,Side-swipe,3,Cloudy,45.0,Male,0,532767.81,Heavy,Well-Lit,60
MMTI-2025-10538,Marikina,,Hit and Run,6.0,Clear,24.0,Male,2,312338.98,Light,Well-Lit,40
MMTI-2025-12171,Quezon,SUV/Van,Rear-end,Risk Level 3,Rainy,55.0,male,0,1402816.13,Light,Well-Lit,60 km/h
MMTI-2025-15689, caloocan,Car,Head-on,3,,30.0,Male,0,"PHP 76,802.44",Heavy,Lit,60
MMTI-2025-13587,VALENZUELA ,Bus,Side-swipe,3,,-10.0,Female,0,725.9k,Moderate,Well-Lit,60
MMTI-2025-15878,Pasay,Car,Rear-end,3,Clear,-10.0,Male,0,49249.96,Heavy,Well-Lit,60 km/h
MMTI-2025-09481,Makati,Car,Head-on,3,Cloudy,37.0,Male,0,259215.1,Heavy,Poorly-Lit,80
MMTI-2025-12317,Quezon,Car,Head-on,6,Rainy,36.0,Male,1,797296.37,Moderate,Well-Lit,80
MMTI-2025-17595,Quezon,SUV/Van,Rear-end,6,Stormy,40.0,Female,3,2158034.59,Heavy,Well-Lit,60 km/h
MMTI-2025-08161,Pasig,Car,Rear-end,3,Clear,58.0,Male,0,134289.52,Heavy,Poorly-Lit,60
MMTI-2025-11001,Makati,Truck,Rear-end,2,Cloudy,32.0,Male,0,"PHP 248,408.88",Heavy,Poorly-Lit,40
MMTI-2025-14870,Malabon,Jeepney,Head-on,2,Clear,,Male,0,17310.51,,Well-Lit,60 km/h
MMTI-2025-15259,,Motorcycle,Rear-end,3.0,Clear,40.0,Male,0,41919.15,Heavy,Poorly-Lit,60
MMTI-2025-08943,Makati,Motorcycle,Hit and Run,3,Clear,27.0,Male,0,,MODERATE,Well-Lit,30
MMTI-2025-21283, caloocan,SUV/Van,Head-on,Risk Level 3,Rain,,Male,0,223187.85,Heavy,No Lights,100
MMTI-2025-01070,Makati,SUV/Van,Hit and Run,3,Cloudy,41.0,Female,0,259123.91,Heavy,Well-Lit,80
MMTI-2025-00485,,Jeepney,Side-swipe,6.0,Cloudy,33.0,Male,1,,Moderate,Poorly-Lit,60
MMTI-2025-03879,Quezon,Car,Head-on,6,Stormy,40.0,Male,2,2272949.61,Heavy,Lit,30
MMTI-2025-13228,Las Pinas,,Hit and Run,3,Clear,53.0,Male,0,130089.76,Heavy,Well-Lit,80 kph
MMTI-2025-18390,Quezon,Motorcycle,Rear-end,3,Clear,150.0,Male,0,37456.07,,Well-Lit,100
MMTI-2025-14535,Quezon,,Head-on,3,Clear,42.0,Male,0,73077.22,,Poorly-Lit,60
MMTI-2025-08044,Navotas,Motorcycle,Side-swipe,3.0,Clear,,Male,0,17983.2,Heavy,Well-Lit,60
MMTI-2025-16644,Quezon,Motorcycle,Rear-end,6.0,Stormy,39.0,Male,3,2398386.4,Moderate,Unlit,80
MMTI-2025-15649,Las Pinas,Car,Hit and Run,,Clear,46.0,Male,0,38205.13,Heavy,Poorly-Lit,60
MMTI-2025-08225,Valenzuela,Truck,Rear-end,3.0,Rain,44.0,Male,0,,Heavy,Well-Lit,60
MMTI-2025-01023,Muntinlupa,Motorcycle,Side-swipe,2,Clear,38.0,Male,0,57605.94,Moderate,Poorly-Lit,40
MMTI-2025-06416, manila,,Head-on,2,Clear,44.0,Female,0,,Heavy,Well-Lit,60
MMTI-2025-13785,Makati,Car,Hit and Run,4,Cloudy,19.0,Male,3,236156.62,Heavy,Well-Lit,60 km/h
MMTI-2025-16168,Navotas,Bus,Hit and Run,4,Rain,17.0,Male,1,500532.8,,Poorly-Lit,60
MMTI-2025-21536,Paranaque,Car,Side-swipe,4.0,Clear,27.0,Male,1,117149.9,Moderate,Well-Lit,60
MMTI-2025-02975,Quezon,Motorcycle,Hit and Run,3,Stormy,40.0,F,0,1772926.57,Heavy,Unlit,40
MMTI-2025-22817,Taguig,Car,Side-swipe,6,Cloudy,36.0,Male,4,270317.65,Heavy,Poorly-Lit,60
MMTI-2025-09035,Caloocan,,Hit and Run,,Clear,18.0,Female,0,0,Heavy,Poorly-Lit,30 kph
MMTI-2025-16542,Quezon,Car,Rear-end,Risk Level 6,Stormy,48.0,Male,4,77777777,Moderate,Well-Lit,60 km/h
MMTI-2025-21617,Quezon,Car,Hit and Run,3,Stormy,31.0,Female,0,99999999,Light,Well-Lit,40
MMTI-2025-17288,Marikina,SUV/Van,Rear-end,Risk Level 3,Clear,27.0,Male,0,67234.02,Heavy,Well-Lit,60
MMTI-2025-09087,Makati,Truck,Rear-end,3,Cloudy,46.0,Female,0,217196.19,Heavy,dark,100
MMTI-2025-17367,Caloocan,SUV/Van,Side-swipe,3,,50.0,Male,0,262546.26,Light,Poorly-Lit,60
MMTI-2025-16344,Makati,Car,Hit and Run,3,Cloudy,38.0,Male,0,229557.47,Heavy,Well-Lit,60 km/h
MMTI-2025-02590,Taguig,Jeepney,Side-swipe,Risk Level 6,Rain,29.0,Female,3,,Light,Well-Lit,40
MMTI-2025-01766,Quezon,Car,Hit and Run,Risk Level 3,Rainy,63.0,Male,0,858626.04,Moderate,Poorly-Lit,30 kph
MMTI-2025-10259,Manila,SUV/Van,Hit and Run,,Storm,34.0,Male,0,,Moderate,Well-Lit,60 km/h
MMTI-2025-07494,Las Pinas,Car,Rear-end,Risk Level 3,Clear,49.0,Female,0,93263.36,Heavy,Unlit,80
MMTI-2025-17067,Taguig,Car,Head-on,2,Cloudy,17.0,Female,0,322700.95,Heavy,Poorly-Lit,60
MMTI-2025-17519,Taguig,Motorcycle,Head-on,3.0,Cloudy,32.0,Male,0,288095.78,Heavy,Well-Lit,60
MMTI-2025-18588, muntinlupa,Jeepney,Head-on,,Rain,30.0,Unknown,0,31166.49,Moderate,Poorly-Lit,60
MMTI-2025-04878,Las Pinas,Jeepney,Head-on,,Clear,49.0,Female,0,12522.28,Moderate,Well-Lit,60 kph
MMTI-2025-10626,Muntinlupa,SUV/Van,Rear-end,Risk Level 3,Clear,46.0,Male,0,52867.74,Heavy,Poorly-Lit,40
MMTI-2025-15117,Manila,SUV/Van,Head-on,,Cloudy,47.0,Female,0,87331.01,Light,Poorly-Lit,80 km/h
MMTI-2025-19663,,Motorcycle,Hit and Run,3,Clear,45.0,Male,0,56042.19,Heavy,Poorly-Lit,60
MMTI-2025-18910,San Juan,SUV/Van,Hit and Run,,,25.0,Male,0,106562.45,Heavy,well lit,60 km/h
MMTI-2025-16080,Marikina,Bus,Hit and Run,,Clear,42.0,Male,1,412917.55,Light,Well-Lit,40
MMTI-2025-12217,Quezon,,Side-swipe,3.0,Clear,22.0,Male,0,144857.46,Moderate,Well-Lit,60 km/h
MMTI-2025-22402,Quezon,SUV/Van,Rear-end,3.0,Stormy,37.0,M,0,99999999,Heavy,Well-Lit,60
MMTI-2025-04520,,Truck,Hit and Run,Risk Level 3,Clear,43.0,Female,0,1346767.69,HEAVY,Well-Lit,80 km/h
MMTI-2025-00594,Quezon,SUV/Van,Hit and Run,2,Cloudy,44.0,Female,0,559609.54,Heavy,Poorly-Lit,60
MMTI-2025-19715,Marikina,Truck,Side-swipe,6,Clear,45.0,Female,3,59339.32,Heavy,POOR,80 km/h
MMTI-2025-13923,,Jeepney,Hit and Run,2,Rain,42.0,Male,0,30697.62,,dark,60 km/h
MMTI-2025-06109,Quezon,Car,Side-swipe,3,Cloudy,41.0,Male,0,"PHP 470,053.80",Heavy,Poorly-Lit,30
MMTI-2025-20968,Taguig,Car,Hit and Run,3.0,Cloudy,32.0,Male,0,297103.15,Heavy,Poorly-Lit,40
MMTI-2025-07541,Quezon,Car,Side-swipe,3,Rainy,49.0,Male,0,1595719.97,Heavy,Poorly-Lit,60 km/h
MMTI-2025-00730,Quezon,Car,Rear-end,6,Stormy,40.0,Male,3,2484957.19,Heavy,Poorly-Lit,40
MMTI-2025-14890,Manila,Car,Side-swipe,9.0,Cloudy,47.0,Female,2,,HEAVY,Well-Lit,80
MMTI-2025-13830,Pasay,Truck,Side-swipe,3,Clear,24.0,Female,0,,Light,Poorly-Lit,60
MMTI-2025-12002,Pasig,Jeepney,Head-on,2,Cloudy,38.0,Unknown,0,28672.31,,Lit,60
MMTI-2025-07790,Quezon,Car,Head-on,6.0,Stormy,43.0,Male,2,2329.9k,Heavy,Well-Lit,60
MMTI-2025-14453,Quezon,Motorcycle,Side-swipe,3,Clear,44.0,F,0,,Heavy,Poorly-Lit,30 km/h
MMTI-2025-21572,Quezon,Truck,Side-swipe,6.0,Stormy,33.0,Male,1,3130220.11,Moderate,Well-Lit,40 km/h
MMTI-2025-18767,Taguig,Motorcycle,Hit and Run,3,Cloudy,40.0,Male,0,282474.92,Light,Well-Lit,60
MMTI-2025-15726,Taguig,Car,Side-swipe,3.0,Cloudy,55.0,Male,0,270918.69,Heavy,No Lights,60
MMTI-2025-02794,Manila,Bus,Side-swipe,6,Cloudy,26.0,Male,4,2666898.03,,Well-Lit,30
MMTI-2025-23484,Caloocan,,Head-on,3,Clear,36.0,Male,0,"PHP 119,121.33",Moderate,Well-Lit,60 kph
MMTI-2025-19178,Pasig,Truck,Rear-end,Risk Level 2,Clear,24.0,Unknown,0,133566.0,Moderate,Well-Lit,60
MMTI-2025-13027,Marikina,Car,Head-on,2,Clear,47.0,M,0,61925.01,Moderate,Well-Lit,40
MMTI-2025-01129,Pasig,Car,Hit and Run,4,Clear,41.0,Male,4,131706.46,Heavy,Unlit,40
MMTI-2025-16695,,Car,Head-on,3,Rain,40.0,Male,0,"PHP 128,757.24",Heavy,No Lights,60 km/h
MMTI-2025-06048,Mandaluyong,Car,Head-on,Risk Level 3,Clear,51.0,Male,0,69832.09,Heavy,well lit,30
MMTI-2025-05091,Marikina,Truck,Side-swipe,3,Clear,57.0,Male,0,1598805.31,,Poorly-Lit,80
MMTI-2025-23600,Quezon,Car,Rear-end,3.0,Cloudy,55.0,Male,0,369168.45,Light,Well-Lit,60
MMTI-2025-01711,,Car,Hit and Run,3,Clear,23.0,Male,0,166814.47,Heavy,Well-Lit,60
MMTI-2025-00493,Pasig,SUV/Van,Hit and Run,3,Clear,65.0,Male,0,159358.31,Moderate,Well-Lit,30 km/h
MMTI-2025-18384,Makati,Jeepney,Rear-end,3,,47.0,Male,0,,,Well-Lit,100
MMTI-2025-11292,Manila,Car,Side-swipe,3.0,Cloudy,24.0,Male,0,201708.99,Heavy,No Lights,60
MMTI-2025-20754,Makati,Motorcycle,Head-on,1.0,Clear,51.0,Male,0,21705.45,,Well-Lit,60