Incident_ID,City,Vehicle_Type,Accident_Type,Severity,Weather_Condition,Driver_Age,Driver_Gender,Injury_Count,Damage_Cost_PHP,Traffic_Volume,Road_Lighting,Speed_Limit
MMTI-2025-23011,Manila,Truck,Side-swipe,,Rain,17.0,Male,0,307064.34,Heavy,dark,40
MMTI-2025-03594,,Truck,Rear-end,3.0,Rain,44.0,Male,0,413209.49,Moderate,dark,60
MMTI-2025-15604,Manila,Motorcycle,Side-swipe,3,Clear,29.0,Male,0,36325.78,,POOR,60
MMTI-2025-04718,Quezon,Car,Hit and Run,3,Stormy,20.0,Male,0,99999999,Moderate,Well-Lit,60
MMTI-2025-07824,,SUV/Van,Rear-end,6.0,Storm,48.0,Male,2,770738.43,Heavy,Well-Lit,60
MMTI-2025-16436,Quezon,,Side-swipe,6.0,Storm,43.0,Male,2,184909.84,Moderate,POOR,60 km/h
MMTI-2025-20632,Pasig,Jeepney,Rear-end,Risk Level 3,,23.0,M,0,"PHP 136,863.08",Heavy,well lit,60 kph
MMTI-2025-22427,Mandaluyong,Car,Hit and Run,3.0,Clear,38.0,Male,0,71588.39,Heavy,Well-Lit,30
MMTI-2025-21621,,Motorcycle,Hit and Run,3,Clear,33.0,Male,0,30915.95,Heavy,Well-Lit,30
MMTI-2025-10042,Marikina,Car,Head-on,3,Clear,33.0,Male,0,61346.82,MODERATE,Well-Lit,40 km/h
MMTI-2025-14688,Taguig,Jeepney,Head-on,3,Clear,,Male,0,85912.21,Heavy,Poorly-Lit,60
MMTI-2025-15876,Quezon,Car,Side-swipe,3,Clear,35.0,Male,0,,Heavy,dark,100
MMTI-2025-09774,,Truck,Hit and Run,Risk Level 3,Clear,34.0,Male,0,340381.69,Light,Well-Lit,80
MMTI-2025-09980,Paranaque,Car,Head-on,6,Clear,42.0,Male,2,114808.06,HEAVY,Poorly-Lit,60
MMTI-2025-03872,Quezon,,Hit and Run,6,,19.0,Male,1,,MODERATE,Well-Lit,40
MMTI-2025-03030,Makati,Jeepney,Hit and Run,3,Clear,,Male,0,73502.09,Heavy,well lit,30
MMTI-2025-14347,Taguig,Car,Side-swipe,3,Cloudy,50.0,Male,0,314189.58,Heavy,Unlit,100
MMTI-2025-15607,Manila,Car,Rear-end,3.0,Cloudy,47.0,Female,0,199.8k,Heavy,dark,60
MMTI-2025-09514,Manila,Truck,Head-on,3.0,Clear,33.0,Male,0,"PHP 1,100,738.92",,dark,40
MMTI-2025-03350,Quezon,Motorcycle,Side-swipe,6,Rainy,33.0,Female,2,"PHP 831,403.91",Moderate,Well-Lit,80
MMTI-2025-06268,San Juan,Car,Side-swipe,3,Clear,52.0,Male,0,40471.23,Heavy,No Lights,60 km/h
MMTI-2025-13340,Quezon,SUV/Van,Hit and Run,,Clear,36.0,F,1,99108.95,Heavy,Well-Lit,80
MMTI-2025-03191,Quezon,Truck,Head-on,3,Stormy,150.0,F,0,1777134.49,Heavy,Poorly-Lit,60
MMTI-2025-08564,Makati,Car,Side-swipe,3.0,Storm,49.0,Male,0,134221.08,,Well-Lit,80 km/h
MMTI-2025-15466, manila,,Head-on,Risk Level 3,,60.0,M,0,133703.58,Heavy,Poorly-Lit,30
MMTI-2025-19766,Paranaque,SUV/Van,Hit and Run,3,Clear,24.0,Male,0,112484.42,Heavy,Poorly-Lit,40 km/h
MMTI-2025-21421,Pasig,Car,Hit and Run,3,Clear,40.0,Male,0,126687.62,Moderate,Poorly-Lit,60 kph
MMTI-2025-08820,Quezon,,Head-on,3,Rain,34.0,male,0,164.7k,HEAVY,Unlit,60
MMTI-2025-22052,Paranaque,Car,Side-swipe,2.0,Clear,43.0,Male,0,121903.2,HEAVY,Well-Lit,60
MMTI-2025-06320,Taguig,Car,Rear-end,6.0,Cloudy,37.0,Male,2,291116.39,Heavy,No Lights,40 km/h
MMTI-2025-20508,,Car,Hit and Run,6,Rain,60.0,Male,1,377013.06,Heavy,Well-Lit,60
MMTI-2025-02732, pasig ,Bus,Hit and Run,3,Clear,21.0,male,0,,Moderate,Poorly-Lit,80 km/h
MMTI-2025-15154,Mandaluyong,Car,Rear-end,1.0,Clear,27.0,Male,0,80081.74,Moderate,Well-Lit,40
MMTI-2025-14350,Makati,Car,Side-swipe,3,Cloudy,36.0,Male,0,255928.5,Moderate,Well-Lit,60
MMTI-2025-04021,Taguig,Motorcycle,Head-on,3,Cloudy,17.0,Female,0,281054.71,Heavy,Unlit,40 kph
MMTI-2025-10256,Paranaque,Car,Head-on,3.0,Clear,44.0,Female,0,108624.15,Heavy,dark,40 km/h
MMTI-2025-21747,Mandaluyong,Truck,Hit and Run,1,Clear,25.0,Female,0,74371.38,Moderate,Poorly-Lit,40
MMTI-2025-11726,Pasay,Motorcycle,Side-swipe,3,Clear,59.0,Female,0,"PHP 47,781.22",Moderate,Poorly-Lit,60
MMTI-2025-00722,Makati,Truck,Hit and Run,6,,49.0,Male,4,1022823.11,Heavy,Well-Lit,100
MMTI-2025-10950,Quezon,Car,Hit and Run,3,Cloudy,46.0,Female,0,466803.91,Moderate,Well-Lit,30
MMTI-2025-16213,Quezon,Truck,Hit and Run,3,Rainy,26.0,Female,0,772912.23,Moderate,Poorly-Lit,40
MMTI-2025-10757,Paranaque,Motorcycle,Hit and Run,Risk Level 3,Clear,24.0,Male,0,110772.63,HEAVY,Well-Lit,60
MMTI-2025-08458, manila,Car,Hit and Run,,Clear,41.0,Male,0,25115.46,Moderate,Well-Lit,40
MMTI-2025-10470,Quezon,Truck,Hit and Run,,Clear,29.0,Male,0,178497.55,HEAVY,Poorly-Lit,30
MMTI-2025-08067,Makati,Car,Hit and Run,3,Cloudy,43.0,Male,0,224659.72,HEAVY,Unlit,40
MMTI-2025-10341,Makati,Car,Head-on,2.0,Cloudy,44.0,Male,0,241910.63,Light,Poorly-Lit,80
MMTI-2025-19488,Pasig,Truck,Side-swipe,3.0,,49.0,Male,0,"PHP 277,306.90",Heavy,Well-Lit,100
MMTI-2025-19073,Quezon,,Side-swipe,3.0,Clear,54.0,Male,0,98953.55,Heavy,Unlit,30 km/h
MMTI-2025-04930,TAGUIG ,SUV/Van,Hit and Run,3,Clear,,Male,0,250969.36,Heavy,Well-Lit,40 km/h
MMTI-2025-02412,Quezon,Truck,Side-swipe,3.0,Rainy,53.0,Female,0,861898.66,Light,Well-Lit,60
MMTI-2025-16860,Taguig,Motorcycle,Side-swipe,6,Cloudy,32.0,Male,3,305029.21,Heavy,Well-Lit,80
MMTI-2025-00670, manila,SUV/Van,Hit and Run,,Cloudy,40.0,Female,0,77911.11,Moderate,Well-Lit,60
MMTI-2025-19576,Mandaluyong,,Rear-end,3.0,Clear,40.0,Female,0,91469.69,,Well-Lit,60
MMTI-2025-13427,,Truck,Rear-end,3,Storm,34.0,Male,0,1584621.53,Heavy,Poorly-Lit,80 kph
MMTI-2025-09341,San Juan,Jeepney,Hit and Run,3.0,Clear,47.0,Male,0,41188.54,Heavy,Poorly-Lit,40 km/h
MMTI-2025-10134,Mandaluyong,Truck,Hit and Run,2,Clear,39.0,Male,0,80286.53,Heavy,well lit,60
MMTI-2025-06061,Manila,Motorcycle,Rear-end,3,Cloudy,49.0,Female,0,189463.79,Light,Well-Lit,60 km/h
MMTI-2025-19716,Quezon,SUV/Van,Side-swipe,6,Cloudy,38.0,Male,1,543611.21,Heavy,Well-Lit,30
MMTI-2025-08211,Quezon,Car,Rear-end,Risk Level 3,Stormy,46.0,Male,0,1780233.5,Heavy,Poorly-Lit,60
MMTI-2025-05497, taguig,Truck,Side-swipe,Risk Level 3,,42.0,Male,0,942136.86,Moderate,Lit,60
MMTI-2025-12282,Las Pinas,Car,Head-on,3,Clear,31.0,Male,0,83349.29,Heavy,Well-Lit,40 km/h
MMTI-2025-08557,Taguig,Motorcycle,Side-swipe,3.0,Cloudy,34.0,Female,0,288188.1,Heavy,Well-Lit,60
MMTI-2025-07885,Quezon,Motorcycle,Rear-end,Risk Level 3,Rainy,55.0,Female,4,1313133.42,Moderate,Well-Lit,30
MMTI-2025-00813,Paranaque,Car,Side-swipe,3,Clear,48.0,Male,0,109361.69,Heavy,Well-Lit,40
MMTI-2025-11265,Muntinlupa,Car,Rear-end,Risk Level 4,Clear,44.0,Male,3,53091.52,Moderate,Unlit,60
MMTI-2025-15421,Mandaluyong,Motorcycle,Rear-end,3.0,Clear,35.0,Male,0,76839.52,Heavy,Well-Lit,30
MMTI-2025-01623,Quezon,Truck,Hit and Run,3,Rainy,37.0,Male,0,800331.2,Heavy,Poorly-Lit,80
MMTI-2025-07023,Pasay,Car,Side-swipe,Risk Level 3,Clear,150.0,Male,0,48161.42,Moderate,Poorly-Lit,40
MMTI-2025-00096,,Truck,Hit and Run,3.0,Rain,27.0,Male,0,897082.41,Moderate,Well-Lit,80 km/h
MMTI-2025-22144,Quezon,Motorcycle,Rear-end,Risk Level 3,Rainy,31.0,Male,0,1031773.2,Heavy,Well-Lit,100
MMTI-2025-11409,Manila,SUV/Van,Head-on,4,Cloudy,31.0,Male,2,196.9k,Moderate,Poorly-Lit,60 km/h
MMTI-2025-03905,Valenzuela,Car,Rear-end,3.0,Clear,27.0,Male,0,38.1k,Heavy,Well-Lit,60 kph
MMTI-2025-04892,Makati,Car,Side-swipe,3.0,Cloudy,31.0,Male,0,241001.44,MODERATE,Well-Lit,60
MMTI-2025-02252,Marikina,Truck,Head-on,,Clear,30.0,Male,0,599241.89,Heavy,Unlit,40
MMTI-2025-19855,,Motorcycle,Side-swipe,,Clear,-10.0,Male,0,4618.23,Heavy,Well-Lit,100 km/h
MMTI-2025-02791,,SUV/Van,Rear-end,1,Clear,42.0,Male,0,109723.67,Moderate,Poorly-Lit,60
MMTI-2025-02628,Quezon,SUV/Van,Head-on,2.0,Cloudy,34.0,Male,0,495268.03,Light,POOR,40
MMTI-2025-19658,Quezon,Motorcycle,Side-swipe,Risk Level 3,Rainy,33.0,Female,0,1188766.22,Heavy,Well-Lit,60
MMTI-2025-22333,San Juan,SUV/Van,Side-swipe,Risk Level 3,Clear,26.0,Male,0,"PHP 41,112.35",Light,Well-Lit,40
MMTI-2025-03761,Malabon,Car,Hit and Run,Risk Level 3,Clear,34.0,Male,0,36986.05,Heavy,POOR,40
MMTI-2025-18645,,Motorcycle,Head-on,3.0,,44.0,Male,0,46308.31,Heavy,Well-Lit,60 km/h
MMTI-2025-15551,QUEZON ,Jeepney,Side-swipe,3,Rain,25.0,Male,0,51518.52,,Well-Lit,60
MMTI-2025-19910,Quezon,Car,Rear-end,2.0,,26.0,Female,0,78133.03,Heavy,well lit,60
MMTI-2025-06844,Pasay,Motorcycle,Side-swipe,3,Clear,46.0,Male,0,46688.8,Heavy,Well-Lit,60
MMTI-2025-01086,QUEZON ,Car,Rear-end,3.0,Cloudy,28.0,Female,0,"PHP 129,326.37",,Well-Lit,60 km/h
MMTI-2025-02530,Quezon,Car,Hit and Run,4.0,Rainy,37.0,male,3,876454.09,Light,POOR,100
MMTI-2025-17696,Caloocan,,Head-on,3,Cloudy,33.0,Male,0,115012.97,Heavy,Well-Lit,60
MMTI-2025-01815,QUEZON ,Motorcycle,Rear-end,3,Rain,37.0,Male,0,11824.39,,Unlit,40 km/h
MMTI-2025-10273,Makati,Car,Side-swipe,3,Cloudy,46.0,Female,0,238080.89,Heavy,Well-Lit,40
MMTI-2025-00366,Paranaque,Motorcycle,Rear-end,3,Clear,49.0,Unknown,0,104614.37,Heavy,No Lights,60
MMTI-2025-11564,Valenzuela,Car,Head-on,Risk Level 2,Clear,56.0,Male,0,62007.17,,Well-Lit,100
MMTI-2025-17197,Pasay,Car,Rear-end,3.0,Clear,29.0,Male,0,48679.52,Light,Well-Lit,60 km/h
MMTI-2025-00283,Manila,Jeepney,Side-swipe,1.0,Clear,28.0,Male,0,22078.67,,Well-Lit,40
MMTI-2025-18425,,Car,Hit and Run,3,,31.0,Male,0,136127.07,Moderate,Poorly-Lit,80
MMTI-2025-03704,,SUV/Van,Side-swipe,,Clear,54.0,Male,3,80444.35,Moderate,Poorly-Lit,60
MMTI-2025-03997,Marikina,Car,Head-on,2,Clear,60.0,Male,0,65412.71,Moderate,Poorly-Lit,60
MMTI-2025-08885,Marikina,Car,Rear-end,3.0,Clear,30.0,Male,0,62389.15,Light,Well-Lit,60
MMTI-2025-13470,Paranaque,Motorcycle,Rear-end,2,Clear,39.0,Male,0,110517.55,MODERATE,No Lights,40
MMTI-2025-00672,Quezon,Car,Head-on,6,Stormy,20.0,Male,3,2144614.73,MODERATE,Well-Lit,30
MMTI-2025-12584,Makati,SUV/Van,Head-on,3,Cloudy,32.0,Male,0,224330.16,Moderate,Well-Lit,30 km/h
MMTI-2025-21303,QUEZON ,,Rear-end,Risk Level 3,Clear,49.0,Male,0,53860.44,HEAVY,Well-Lit,40
MMTI-2025-19856, pateros,Motorcycle,Head-on,9,Rain,46.0,Male,4,,Heavy,Unlit,80
MMTI-2025-15936,Quezon,Car,Head-on,3,Rainy,28.0,Male,0,1060702.23,Heavy,Well-Lit,60 km/h
MMTI-2025-11082,Marikina,Car,Rear-end,6,Clear,31.0,Female,2,63971.94,Moderate,Well-Lit,40
MMTI-2025-01007,Paranaque,Truck,Rear-end,Risk Level 3,Clear,43.0,Male,0,110360.27,Moderate,Lit,60
MMTI-2025-08144,Quezon,Car,Hit and Run,3,Cloudy,30.0,Male,0,"PHP 618,432.56",Moderate,Poorly-Lit,80
MMTI-2025-02143,Taguig,Car,Rear-end,3,Cloudy,36.0,Male,0,307721.04,Heavy,Unlit,60
MMTI-2025-10111,Las Pinas,Car,Side-swipe,3,Clear,21.0,Male,0,84633.61,Heavy,No Lights,100
MMTI-2025-13309,QUEZON ,Jeepney,Hit and Run,6.0,Rain,44.0,Female,4,,Moderate,Unlit,60
MMTI-2025-08595,Paranaque,Motorcycle,Rear-end,3.0,Clear,56.0,Male,0,104919.52,HEAVY,Well-Lit,80
MMTI-2025-06298,Quezon,Car,Head-on,Risk Level 6,Rainy,53.0,Male,2,941957.81,Heavy,Well-Lit,60 km/h
MMTI-2025-09097, manila,SUV/Van,Rear-end,4,Clear,40.0,Male,3,,Moderate,Well-Lit,60 km/h
MMTI-2025-14793,Manila,Car,Rear-end,3.0,Cloudy,64.0,Unknown,0,165232.23,Heavy,Poorly-Lit,60 kph
MMTI-2025-01548,Mandaluyong,Motorcycle,Head-on,3,Clear,19.0,Female,0,80582.51,Moderate,Well-Lit,80 km/h
MMTI-2025-03618,Quezon,Motorcycle,Rear-end,Risk Level 3,Rainy,19.0,female ,0,1307600.41,Moderate,Well-Lit,100 km/h
MMTI-2025-16513,Quezon,Motorcycle,Side-swipe,,Clear,48.0,Male,0,12147.67,Heavy,Well-Lit,40 km/h
MMTI-2025-20655,Marikina,Motorcycle,Side-swipe,Risk Level 3,Clear,56.0,Male,0,62651.68,Heavy,Well-Lit,60 km/h
MMTI-2025-10000,Caloocan,Bus,Rear-end,,Rain,,Male,0,492970.24,Heavy,Poorly-Lit,60 kph
MMTI-2025-17700,Marikina,Bus,Hit and Run,,Clear,29.0,Male,0,242992.99,Heavy,Poorly-Lit,60
MMTI-2025-04141,Taguig,Jeepney,Side-swipe,3,Cloudy,38.0,Male,0,269184.84,Moderate,Well-Lit,40
MMTI-2025-13368,Caloocan,Car,Rear-end,Risk Level 3,Clear,21.0,Male,0,44496.22,Moderate,Unlit,30
MMTI-2025-14392,Quezon,Car,Rear-end,3,Rainy,39.0,Male,0,1279787.62,Heavy,Unlit,60
MMTI-2025-10110,Pasig,Motorcycle,Rear-end,3,Clear,35.0,Female,0,"PHP 129,647.80",Moderate,Well-Lit,80
MMTI-2025-07176,Manila,Car,Side-swipe,3,Cloudy,41.0,Male,0,193872.28,Moderate,Well-Lit,60 kph
MMTI-2025-12330,Quezon,Car,Rear-end,6.0,Rainy,37.0,Male,3,1517907.83,Heavy,Well-Lit,60 km/h
MMTI-2025-15385,Pasig,Motorcycle,Head-on,3.0,Clear,38.0,Male,0,139702.01,Moderate,Well-Lit,80 km/h
MMTI-2025-04283,Marikina,SUV/Van,Side-swipe,3,Clear,43.0,Male,0,60524.07,Heavy,Well-Lit,40
MMTI-2025-20276, makati,Jeepney,Hit and Run,2,,24.0,Male,0,,Heavy,Well-Lit,60
MMTI-2025-02002,Manila,Car,Side-swipe,3,,25.0,Male,0,163472.05,Heavy,Well-Lit,60
MMTI-2025-04735,Makati,Motorcycle,Head-on,3,Cloudy,36.0,male,0,226498.13,Moderate,dark,40
MMTI-2025-05504,Manila,Car,Side-swipe,3,,999.0,Male,0,"PHP 93,372.55",Heavy,Well-Lit,30 km/h
MMTI-2025-08227,Marikina,SUV/Van,Rear-end,2,Clear,41.0,Female,0,61.9k,Heavy,Well-Lit,100
MMTI-2025-11356,Pasig,Bus,Hit and Run,6,Rain,,Male,1,1388628.92,Heavy,Well-Lit,60
MMTI-2025-04871,Manila,,Head-on,3,Clear,36.0,Male,0,77777777,MODERATE,Well-Lit,60
MMTI-2025-21960,Quezon,Jeepney,Rear-end,3,Clear,48.0,Male,0,,Heavy,Poorly-Lit,60
MMTI-2025-16296,Quezon,Motorcycle,Rear-end,3,Cloudy,26.0,Male,0,359303.76,Light,Poorly-Lit,30
MMTI-2025-17260,Manila,Car,Hit and Run,Risk Level 3,Cloudy,40.0,Male,0,190.2k,Heavy,POOR,80
MMTI-2025-11538,Paranaque,SUV/Van,Hit and Run,3.0,Clear,50.0,Male,2,120283.58,Heavy,Poorly-Lit,40 km/h
MMTI-2025-14628,Taguig,,Hit and Run,3.0,Clear,46.0,Male,0,221459.58,Moderate,Poorly-Lit,40 km/h
MMTI-2025-19946,Marikina,Motorcycle,Head-on,2,Clear,41.0,Male,0,66989.19,Heavy,POOR,40
MMTI-2025-00503,Mandaluyong,Car,Side-swipe,Risk Level 3,Clear,41.0,Male,0,79401.78,Heavy,well lit,40 km/h
MMTI-2025-20697,Marikina,Motorcycle,Side-swipe,3.0,Clear,34.0,Male,0,59238.65,Heavy,Well-Lit,60
MMTI-2025-10215,Caloocan,Bus,Hit and Run,,Clear,32.0,F,0,"PHP 360,307.14",Heavy,Unlit,40
MMTI-2025-12412,Quezon,Car,Side-swipe,3,Cloudy,42.0,Male,0,417811.33,Heavy,Lit,60
MMTI-2025-02155,Manila,Jeepney,Side-swipe,3,Cloudy,43.0,Male,0,,Heavy,Poorly-Lit,80
MMTI-2025-13625,Taguig,Car,Hit and Run,3,Cloudy,52.0,Male,0,309080.49,HEAVY,POOR,40
MMTI-2025-10011,Pasig,,Head-on,,Clear,47.0,Unknown,0,69820.52,Heavy,Well-Lit,60
MMTI-2025-08625,Makati,Car,Hit and Run,2.0,Cloudy,37.0,Male,0,232317.96,Moderate,Poorly-Lit,60 km/h
MMTI-2025-04161,Makati,SUV/Van,Rear-end,3,,37.0,Male,0,240172.09,Heavy,Well-Lit,60
MMTI-2025-22856,Quezon,SUV/Van,Rear-end,3.0,Rainy,34.0,Female,0,1191393.79,Moderate,Well-Lit,40 km/h
MMTI-2025-04100,Manila,Car,Hit and Run,2.0,Cloudy,57.0,Male,0,204762.76,Heavy,Well-Lit,60
MMTI-2025-05237,Paranaque,Car,Side-swipe,3.0,Clear,53.0,male,0,103896.51,Heavy,Poorly-Lit,60
MMTI-2025-10928,Makati,Jeepney,Hit and Run,6.0,,44.0,Male,3,230695.15,,Well-Lit,30 km/h
MMTI-2025-05082,Quezon,Motorcycle,Rear-end,Risk Level 3,Rainy,51.0,Male,0,772403.86,Heavy,Poorly-Lit,60
MMTI-2025-08206,Paranaque,Motorcycle,Rear-end,3,Clear,18.0,Male,0,112165.08,Light,dark,60 km/h
MMTI-2025-19851,,Car,Side-swipe,3,Cloudy,33.0,Male,0,183231.66,Heavy,Well-Lit,60
MMTI-2025-09108,Mandaluyong,Motorcycle,Head-on,2,Clear,31.0,Male,0,68018.78,Heavy,Poorly-Lit,40
MMTI-2025-23127,Quezon,Car,Head-on,6,Stormy,20.0,Female,2,3376150.05,Moderate,Well-Lit,40
MMTI-2025-06256,Pasig,Jeepney,Head-on,3.0,Clear,43.0,Male,0,132252.79,Heavy,Poorly-Lit,40
MMTI-2025-12397,Taguig,Motorcycle,Side-swipe,3,Cloudy,31.0,Female,0,332005.97,Moderate,Well-Lit,60
MMTI-2025-14920,Las Pinas,Motorcycle,Rear-end,Risk Level 3,Clear,35.0,Male,0,84662.55,Moderate,Well-Lit,40
MMTI-2025-15496,Las Pinas,Car,Rear-end,6,Clear,28.0,Male,4,91267.49,Heavy,Poorly-Lit,40
MMTI-2025-00618,Quezon,SUV/Van,Side-swipe,Risk Level 6,Stormy,33.0,Male,4,3308283.24,Heavy,Well-Lit,40 km/h
MMTI-2025-12841,,Jeepney,Hit and Run,3.0,Clear,32.0,Male,0,54979.65,Heavy,Well-Lit,60
MMTI-2025-16245,Muntinlupa,,Hit and Run,3,Storm,44.0,Male,0,292106.45,Moderate,Well-Lit,60
MMTI-2025-08041,Manila,Bus,Hit and Run,3,Rain,40.0,Male,0,,Heavy,Well-Lit,80
MMTI-2025-17003,,Car,Hit and Run,3,Rain,47.0,Male,0,198792.69,Heavy,POOR,40
MMTI-2025-11287,,Bus,Rear-end,3,Clear,41.0,Female,0,570966.97,Heavy,Well-Lit,80
MMTI-2025-15718,Quezon,Motorcycle,Head-on,3,Rainy,35.0,Male,0,"PHP 1,465,084.31",Heavy,Poorly-Lit,60
MMTI-2025-14833,Quezon,Car,Head-on,3.0,Rainy,38.0,Male,0,764771.65,Moderate,Lit,60
MMTI-2025-14855,Manila,Bus,Hit and Run,Risk Level 2,Clear,52.0,Male,0,180940.92,,Poorly-Lit,40 kph
MMTI-2025-22664,Manila,Car,Rear-end,Risk Level 3,Clear,28.0,Male,0,164952.06,Heavy,Poorly-Lit,40 km/h
MMTI-2025-18417,,,Head-on,Risk Level 2,Clear,35.0,male,0,16490.59,Heavy,POOR,60
MMTI-2025-11104,,Motorcycle,Rear-end,Risk Level 3,Rain,43.0,Male,0,,Heavy,Well-Lit,60
MMTI-2025-18309,Manila,Motorcycle,Hit and Run,3,Cloudy,39.0,Male,0,195664.87,Light,Well-Lit,60
MMTI-2025-00703,Muntinlupa,Jeepney,Rear-end,1,Clear,26.0,Male,0,8836.69,,Well-Lit,60
MMTI-2025-07918,Paranaque,Motorcycle,Head-on,3,Clear,30.0,Male,0,97119.14,Heavy,Well-Lit,60
MMTI-2025-13570,Quezon,Motorcycle,Head-on,3,Rainy,23.0,male,0,987664.59,Light,Poorly-Lit,80 km/h
MMTI-2025-00335,Manila,Car,Hit and Run,3,Cloudy,42.0,Male,0,192695.7,Heavy,Well-Lit,40
MMTI-2025-21537,Manila,SUV/Van,Hit and Run,,Clear,27.0,Female,1,21774.71,Heavy,Well-Lit,60
MMTI-2025-01200,Quezon,Motorcycle,Head-on,Risk Level 6,Cloudy,45.0,Male,4,397514.97,HEAVY,Well-Lit,60
MMTI-2025-17832,Quezon,Car,Head-on,3,Stormy,51.0,Male,0,"PHP 1,809,230.88",Light,Well-Lit,40
MMTI-2025-08718,MARIKINA ,Jeepney,Head-on,Risk Level 3,Cloudy,,Female,0,61024.23,Heavy,Poorly-Lit,60
MMTI-2025-00360,Manila,Motorcycle,Side-swipe,Risk Level 3,,23.0,Male,0,,Heavy,Well-Lit,60
MMTI-2025-00868,Marikina,SUV/Van,Rear-end,Risk Level 3,Cloudy,,Male,0,76109.94,Moderate,Unlit,80
MMTI-2025-12787,Quezon,SUV/Van,Rear-end,3,Cloudy,42.0,F,0,477453.31,Heavy,Poorly-Lit,60
MMTI-2025-17632,Quezon,Car,Head-on,Risk Level 3,Cloudy,44.0,Male,0,412075.12,Moderate,Well-Lit,40 km/h
MMTI-2025-08184,,Bus,Head-on,3,Storm,37.0,Male,0,321846.37,Heavy,well lit,30
MMTI-2025-21940,Pasig,Car,Head-on,3,Clear,30.0,Male,0,148785.89,Heavy,Well-Lit,80
MMTI-2025-14863,Pasay,Car,Head-on,3.0,Clear,46.0,Male,0,49700.78,Moderate,Unlit,60
MMTI-2025-21473,PASIG ,,Head-on,3,Clear,27.0,Male,0,166597.82,Heavy,Poorly-Lit,60 km/h
MMTI-2025-17459,Manila,Truck,Head-on,,,42.0,Female,0,224993.36,Moderate,Well-Lit,60
MMTI-2025-12687,Makati,SUV/Van,Head-on,,Clear,51.0,Male,0,81711.41,Heavy,Well-Lit,80
MMTI-2025-23335,Malabon,Car,Head-on,3,Clear,63.0,Male,0,153815.55,,Well-Lit,60
MMTI-2025-01196,Caloocan,Car,Side-swipe,3,Clear,26.0,Male,0,41451.8,Moderate,Poorly-Lit,60
MMTI-2025-17921,Taguig,Motorcycle,Hit and Run,2,Clear,21.0,Male,0,,Moderate,Well-Lit,60 kph
MMTI-2025-08183,Mandaluyong,Motorcycle,Rear-end,3,Clear,37.0,Male,0,68340.19,Moderate,Poorly-Lit,60
MMTI-2025-19794,Caloocan,Car,Head-on,,Clear,27.0,Female,4,64475.05,HEAVY,Well-Lit,40
MMTI-2025-21772,Manila,Motorcycle,Head-on,Risk Level 3,Cloudy,33.0,Male,0,34123.74,,well lit,60 km/h
MMTI-2025-18352,Malabon,Motorcycle,Side-swipe,Risk Level 2,Clear,22.0,Male,0,,Moderate,Well-Lit,60
MMTI-2025-21120,Manila,,Side-swipe,3,Rain,43.0,Male,0,"PHP 202,572.70",,Well-Lit,60 km/h
MMTI-2025-22561,Manila,Car,Side-swipe,3.0,Clear,33.0,Female,0,164254.93,Heavy,Poorly-Lit,40
MMTI-2025-18695,Navotas,SUV/Van,Head-on,3,Clear,39.0,Female,0,36349.63,Moderate,Poorly-Lit,40 kph
MMTI-2025-03732,Quezon,Car,Hit and Run,3,Stormy,36.0,Male,0,77777777,Heavy,Poorly-Lit,60
MMTI-2025-17381,Manila,Motorcycle,Hit and Run,Risk Level 3,,39.0,Female,0,20278.26,Heavy,Well-Lit,40 km/h
MMTI-2025-10721,MAKATI ,,Hit and Run,3,Clear,21.0,Male,0,302268.27,Moderate,Unlit,60
MMTI-2025-07880,Las Pinas,Motorcycle,Side-swipe,3,Clear,0.0,Male,0,84343.36,Moderate,dark,60 km/h
MMTI-2025-09802,Muntinlupa,Jeepney,Head-on,3,,27.0,Male,0,49480.14,Heavy,Well-Lit,60
MMTI-2025-22341,Quezon,Motorcycle,Hit and Run,3,Rainy,29.0,Female,0,718541.02,Heavy,Poorly-Lit,60 kph
MMTI-2025-18099,Pasig,Jeepney,Hit and Run,3,Storm,35.0,Male,0,,Heavy,Poorly-Lit,60
MMTI-2025-10414,Mandaluyong,SUV/Van,Hit and Run,3,Clear,34.0,Male,0,79932.17,Moderate,Poorly-Lit,60
MMTI-2025-10996,,Motorcycle,Head-on,3,Clear,37.0,Male,0,46089.96,HEAVY,Well-Lit,60
MMTI-2025-18694,Quezon,Motorcycle,Side-swipe,3.0,Cloudy,33.0,Male,0,489569.71,Heavy,Well-Lit,40
MMTI-2025-15662,Quezon,Truck,Rear-end,3.0,Rainy,43.0,Female,0,910291.01,Heavy,Poorly-Lit,40
MMTI-2025-03670,Quezon,Car,Rear-end,,Rain,53.0,Male,0,103080.04,Heavy,Poorly-Lit,40
MMTI-2025-12008,Muntinlupa,Car,Hit and Run,3,Clear,24.0,Female,0,51603.16,Heavy,Well-Lit,80 km/h
MMTI-2025-03666,Quezon,Motorcycle,Side-swipe,Risk Level 3,Rainy,43.0,Female,0,1658.7k,Heavy,Well-Lit,60 kph
MMTI-2025-14481,,Jeepney,Rear-end,2.0,Cloudy,28.0,Female,0,19430.16,Heavy,Poorly-Lit,30