Incident_ID,City,Vehicle_Type,Accident_Type,Severity,Weather_Condition,Driver_Age,Driver_Gender,Injury_Count,Damage_Cost_PHP,Traffic_Volume,Road_Lighting,Speed_Limit
MMTI-2025-09837,Quezon,SUV/Van,Rear-end,3,Cloudy,20.0,Female,0,526233.66,Heavy,Unlit,60
MMTI-2025-15171,Makati,Truck,Side-swipe,3,Cloudy,22.0,Male,0,230145.38,Light,Well-Lit,60
MMTI-2025-14560,Muntinlupa,Motorcycle,Head-on,Risk Level 3,,31.0,Male,0,39172.91,Moderate,Well-Lit,30
MMTI-2025-19259,Quezon,Car,Hit and Run,6,Stormy,50.0,Male,3,2188.4k,Heavy,Well-Lit,30
MMTI-2025-17558,Muntinlupa,Truck,Head-on,3.0,Rain,33.0,Male,0,,Heavy,Lit,40
MMTI-2025-17819,Quezon,Car,Head-on,9,Rainy,35.0,Male,3,963387.52,Moderate,well lit,60 km/h
MMTI-2025-07748,Las Pinas,SUV/Van,Rear-end,3,Clear,39.0,M,0,92938.83,Moderate,Well-Lit,60 km/h
MMTI-2025-08184,,Bus,Head-on,3,Storm,37.0,Male,0,321846.37,Heavy,well lit,30
MMTI-2025-07354,Quezon,Motorcycle,Rear-end,3,Rainy,44.0,Male,0,1359655.11,Heavy,Poorly-Lit,60
MMTI-2025-18975,Quezon,Car,Side-swipe,Risk Level 3,Rainy,32.0,Male,0,1077013.51,Heavy,Well-Lit,30
MMTI-2025-16583,Muntinlupa,SUV/Van,Hit and Run,Risk Level 3,Clear,58.0,Male,0,54025.93,Heavy,Poorly-Lit,60
MMTI-2025-11313,Makati,,Rear-end,3,,42.0,Male,0,"PHP 118,252.08",,Well-Lit,60
MMTI-2025-15566,Makati,Car,Side-swipe,3.0,,39.0,Male,0,58917.28,Heavy,dark,60
MMTI-2025-18698,Taguig,Car,Side-swipe,3,Cloudy,47.0,Male,0,348016.44,Heavy,Unlit,60
MMTI-2025-00358,Paranaque,Car,Rear-end,3,Clear,40.0,Male,0,109004.19,Heavy,Unlit,80
MMTI-2025-14746,Pasig,Jeepney,Hit and Run,3.0,,60.0,Male,0,100114.66,Heavy,well lit,40
MMTI-2025-04724,Taguig,SUV/Van,Head-on,3,Cloudy,30.0,Male,0,337893.07,Moderate,Well-Lit,40 km/h
MMTI-2025-12423,Quezon,SUV/Van,Rear-end,3.0,Rainy,29.0,female ,0,1270893.38,Heavy,Well-Lit,60
MMTI-2025-22009,Taguig,SUV/Van,Rear-end,Risk Level 3,Cloudy,60.0,Male,0,"PHP 270,420.58",Heavy,Well-Lit,60
MMTI-2025-05407,,Bus,Side-swipe,3,Clear,35.0,Male,0,1304456.67,Heavy,dark,60
MMTI-2025-13041,Manila,Car,Side-swipe,3.0,Rain,58.0,Male,0,,Heavy,Well-Lit,60 km/h
MMTI-2025-11871, manila,Car,Hit and Run,,Clear,51.0,Male,0,98341.5,Heavy,Well-Lit,60
MMTI-2025-19517,PARANAQUE ,Car,Head-on,,,51.0,Male,0,75041.71,Moderate,Well-Lit,40
MMTI-2025-15461,,Truck,Side-swipe,Risk Level 6,Clear,32.0,Female,1,"PHP 3,668,005.01",Moderate,Well-Lit,40 km/h
MMTI-2025-07330,Pasig,Car,Head-on,3,Clear,50.0,Male,4,"PHP 147,368.64",Heavy,Poorly-Lit,60
MMTI-2025-09109,Quezon,Car,Head-on,Risk Level 3,Stormy,39.0,Male,0,99999999,HEAVY,No Lights,60 km/h
MMTI-2025-18281,Quezon,Bus,Head-on,3,Clear,39.0,Male,0,"PHP 241,585.70",,Poorly-Lit,60
MMTI-2025-15054,Makati,Truck,Hit and Run,4.0,Clear,32.0,Male,3,,Heavy,Well-Lit,60
MMTI-2025-12788,San Juan,Car,Rear-end,3.0,Clear,32.0,Female,0,38944.35,Moderate,dark,60
MMTI-2025-15971,QUEZON ,,Side-swipe,3,Rain,36.0,Male,0,226742.77,Moderate,dark,60
MMTI-2025-13190,Manila,Truck,Hit and Run,,Clear,21.0,Male,0,417493.51,Heavy,Well-Lit,60
MMTI-2025-16025,Quezon,Motorcycle,Hit and Run,6.0,Rainy,54.0,Female,1,808796.69,Light,No Lights,60
MMTI-2025-20902,Pasig,SUV/Van,Hit and Run,3.0,Clear,44.0,Male,0,152551.78,Heavy,Lit,60 km/h
MMTI-2025-03333,Quezon,Truck,Side-swipe,6,,44.0,Female,4,1842719.22,Heavy,Well-Lit,40
MMTI-2025-07384,Quezon,SUV/Van,Side-swipe,3.0,Cloudy,20.0,Male,0,582785.67,Moderate,Well-Lit,80 km/h
MMTI-2025-08368,,,Rear-end,3.0,Clear,40.0,Male,0,,Moderate,Poorly-Lit,80
MMTI-2025-09223,Quezon,Car,Head-on,3,Rainy,50.0,Female,0,1328669.73,Heavy,Well-Lit,60
MMTI-2025-05296,Quezon,Car,Hit and Run,3.0,Cloudy,38.0,Female,0,404523.15,Moderate,Well-Lit,80 km/h
MMTI-2025-20605,Manila,Car,Side-swipe,Risk Level 3,Clear,30.0,Male,0,164432.85,Heavy,Well-Lit,60
MMTI-2025-13487,Muntinlupa,Truck,Head-on,2.0,Clear,29.0,Male,0,53096.92,Heavy,POOR,60
MMTI-2025-03919,Quezon,Motorcycle,Rear-end,Risk Level 3,Rainy,36.0,Male,0,905381.82,Heavy,Well-Lit,60
MMTI-2025-23229,,Jeepney,Side-swipe,6,Storm,41.0,Male,3,360323.84,Heavy,Well-Lit,60 km/h
MMTI-2025-08198,Las Pinas,Motorcycle,Head-on,3.0,Clear,31.0,Male,0,89574.7,Heavy,Well-Lit,60 km/h
MMTI-2025-21067,Makati,Motorcycle,Side-swipe,3,Cloudy,20.0,Male,0,217696.22,Light,Well-Lit,80
MMTI-2025-17133,Quezon,Car,Head-on,6,Rainy,65.0,Unknown,4,806852.8,Heavy,Well-Lit,80 km/h
MMTI-2025-21442,Manila,SUV/Van,Side-swipe,Risk Level 3,,0.0,Male,0,310866.87,Heavy,Poorly-Lit,60
MMTI-2025-20954,Marikina,Car,Side-swipe,3.0,,35.0,Male,0,"PHP 113,131.39",Heavy,Well-Lit,80 km/h
MMTI-2025-03443,Taguig,Car,Side-swipe,3,Cloudy,50.0,Male,0,319724.25,Heavy,Well-Lit,60 kph
MMTI-2025-18892,Quezon,,Rear-end,6.0,Clear,36.0,Male,2,196409.98,Heavy,dark,60
MMTI-2025-07130,Makati,Motorcycle,Hit and Run,3,Clear,23.0,Female,0,28005.54,,Poorly-Lit,100
MMTI-2025-07670,Manila,Car,Side-swipe,Risk Level 3,,52.0,Male,0,140170.23,Light,Poorly-Lit,60
MMTI-2025-12243,Las Pinas,Motorcycle,Head-on,,Cloudy,45.0,Unknown,0,3806.94,Heavy,Well-Lit,60
MMTI-2025-10066,Paranaque,Motorcycle,Head-on,3.0,Clear,53.0,male,0,"PHP 99,010.06",MODERATE,Unlit,30
MMTI-2025-15347,Quezon,Truck,Hit and Run,6.0,Cloudy,51.0,Female,3,607884.62,Heavy,Well-Lit,60
MMTI-2025-16427,Quezon,Motorcycle,Hit and Run,3.0,Stormy,29.0,Male,0,99999999,Heavy,Poorly-Lit,80
MMTI-2025-00185,Manila,Bus,Side-swipe,3.0,,45.0,Male,0,854264.44,Heavy,well lit,40 km/h
MMTI-2025-20451,Paranaque,Car,Head-on,3,Clear,55.0,Male,0,114964.98,Heavy,Well-Lit,60 km/h
MMTI-2025-20755,Paranaque,Car,Head-on,3,Clear,50.0,Female,0,105055.4,Heavy,Well-Lit,40
MMTI-2025-07662,Muntinlupa,Car,Hit and Run,Risk Level 3,Clear,33.0,Unknown,0,"PHP 54,190.86",Heavy,Unlit,60
MMTI-2025-20832, pasig,Motorcycle,Hit and Run,6,Rain,51.0,Male,2,,Moderate,Well-Lit,60
MMTI-2025-02682,Valenzuela,Truck,Head-on,2,,38.0,Male,0,323411.67,Heavy,Poorly-Lit,60
MMTI-2025-05200,Makati,Car,Rear-end,3,Cloudy,49.0,Male,0,256737.46,HEAVY,Poorly-Lit,60 kph
MMTI-2025-15621,Pasig,Jeepney,Side-swipe,Risk Level 2,Clear,17.0,Female,0,124222.61,Moderate,Poorly-Lit,60
MMTI-2025-19036,Caloocan,Jeepney,Head-on,Risk Level 2,Clear,57.0,Male,0,,Moderate,Unlit,60
MMTI-2025-04627,Pasig,SUV/Van,Head-on,3.0,Clear,30.0,Male,0,145454.15,HEAVY,Well-Lit,80
MMTI-2025-11594,Quezon,Car,Rear-end,Risk Level 6,Rainy,39.0,Male,4,1698849.72,HEAVY,well lit,60
MMTI-2025-18392,Pasig,Motorcycle,Head-on,2,Clear,18.0,Male,0,162170.1,Heavy,Well-Lit,30
MMTI-2025-16477,Las Pinas,Car,Head-on,3,Clear,38.0,Male,0,85326.97,Heavy,Poorly-Lit,60 kph
MMTI-2025-08603,Pasay,Car,Side-swipe,3,Clear,34.0,Male,0,48920.71,Heavy,Well-Lit,60
MMTI-2025-05707,Pasig,,Side-swipe,3,Clear,45.0,Male,0,183110.18,Heavy,Well-Lit,40
MMTI-2025-23145,Pasig,Car,Head-on,3.0,Clear,42.0,Female,0,143137.84,LIGHT,Well-Lit,80 km/h
MMTI-2025-13171,Malabon,Motorcycle,Side-swipe,,Clear,47.0,F,0,10446.85,Moderate,Well-Lit,60
MMTI-2025-18399,Quezon,Car,Hit and Run,3,Rainy,28.0,Female,0,713652.4,Heavy,Lit,60
MMTI-2025-22463,Quezon,Bus,Head-on,,Rain,17.0,Male,0,403813.89,Heavy,Well-Lit,60
MMTI-2025-16657,Makati,Car,Hit and Run,3,Cloudy,42.0,Female,0,253802.26,Heavy,Lit,60 km/h
MMTI-2025-18906,Quezon,SUV/Van,Side-swipe,Risk Level 3,Rainy,45.0,Male,0,636411.48,Heavy,Well-Lit,60
MMTI-2025-22481,Makati,Car,Side-swipe,3,Cloudy,36.0,Male,0,214104.52,Light,well lit,60
MMTI-2025-21312,Malabon,,Hit and Run,,Clear,18.0,Male,0,47136.81,Moderate,dark,60 km/h
MMTI-2025-11896, makati ,,Side-swipe,3,Cloudy,35.0,Male,0,229723.79,Light,Poorly-Lit,40
MMTI-2025-21006,Quezon,Motorcycle,Head-on,3,Rainy,17.0,Female,0,"PHP 812,057.94",Heavy,Well-Lit,60 km/h
MMTI-2025-10972,Caloocan,Car,Side-swipe,,Clear,42.0,Male,0,24211.61,Heavy,POOR,60
MMTI-2025-02875,Quezon,Car,Side-swipe,3.0,Rainy,37.0,Female,0,1350510.91,Heavy,Poorly-Lit,60
MMTI-2025-12085,Pasig,Car,Hit and Run,3,Clear,38.0,Male,0,151878.54,Light,Poorly-Lit,60
MMTI-2025-16017,Makati,Car,Side-swipe,Risk Level 3,Cloudy,38.0,Male,0,259987.19,Heavy,Poorly-Lit,60
MMTI-2025-13462,Quezon,Car,Head-on,3,Cloudy,43.0,F,0,453119.02,Heavy,Well-Lit,60
MMTI-2025-07027,Quezon,Car,Head-on,3,Rainy,21.0,Male,0,986029.48,Moderate,Well-Lit,40
MMTI-2025-09619,,Bus,Hit and Run,2,Clear,44.0,F,0,322961.08,Heavy,Well-Lit,100 kph
MMTI-2025-06206,Las Pinas,Motorcycle,Head-on,3,Clear,35.0,Male,0,87717.09,Heavy,well lit,30
MMTI-2025-01704,,Motorcycle,Side-swipe,6,Clear,43.0,Male,1,119801.99,Moderate,Lit,80
MMTI-2025-22332,Makati,Truck,Hit and Run,3,,32.0,Female,0,288041.15,HEAVY,Well-Lit,80
MMTI-2025-08661,Quezon,SUV/Van,Hit and Run,2,Cloudy,31.0,Male,0,374229.86,Moderate,Poorly-Lit,60
MMTI-2025-19719,Valenzuela,Car,Rear-end,3,Clear,17.0,Female,0,"PHP 38,190.63",Heavy,Well-Lit,60
MMTI-2025-21409,Quezon,,Rear-end,,Rain,40.0,Female,0,68343.54,Heavy,Well-Lit,60 km/h
MMTI-2025-22892,,Truck,Side-swipe,3,Clear,35.0,Male,0,1756767.28,HEAVY,Well-Lit,40
MMTI-2025-04905,Makati,Car,Hit and Run,3,Cloudy,21.0,Unknown,0,267150.17,Heavy,Well-Lit,60
MMTI-2025-15775,,Bus,Head-on,,Clear,23.0,Female,0,132184.35,Heavy,Poorly-Lit,80
MMTI-2025-00825,Manila,SUV/Van,Head-on,3,Cloudy,31.0,Female,0,206431.2,Heavy,Well-Lit,30 km/h
MMTI-2025-16980,Pasig,Bus,Side-swipe,,Clear,38.0,female ,0,117624.82,Moderate,Well-Lit,80 kph
MMTI-2025-09193,QUEZON ,Bus,Hit and Run,Risk Level 3,,0.0,Male,0,608.2k,Heavy,Well-Lit,60
MMTI-2025-12658,MANILA ,Jeepney,Hit and Run,3.0,Storm,,Male,0,76291.69,Heavy,Well-Lit,40
MMTI-2025-18216,,Bus,Hit and Run,,Clear,53.0,male,0,217513.35,Light,Well-Lit,80
MMTI-2025-21062,Pasig,Motorcycle,Head-on,3,Clear,27.0,Male,0,150664.83,Heavy,Well-Lit,60 km/h
MMTI-2025-06149, las pinas,,Rear-end,3,Clear,34.0,Female,0,147879.32,Heavy,Poorly-Lit,60
MMTI-2025-11060,Makati,Bus,Head-on,,Clear,39.0,Female,0,,Heavy,Well-Lit,80
MMTI-2025-02114,Quezon,Motorcycle,Rear-end,3.0,Rainy,42.0,Female,0,1032372.39,Heavy,Poorly-Lit,80 km/h
MMTI-2025-04374,Muntinlupa,Car,Rear-end,3,Clear,33.0,Female,0,51001.57,Heavy,Lit,60
MMTI-2025-14411,Valenzuela,Car,Rear-end,Risk Level 3,Rain,52.0,Male,0,76722.31,,Well-Lit,80 km/h
MMTI-2025-08669, muntinlupa,Truck,Side-swipe,Risk Level 3,,38.0,Male,0,1506811.62,Moderate,Well-Lit,60
MMTI-2025-07773,Paranaque,Motorcycle,Rear-end,2,Clear,46.0,Male,0,121157.66,Heavy,Well-Lit,80 kph
MMTI-2025-14166, quezon,Truck,Head-on,,Clear,34.0,M,0,419087.82,Heavy,Well-Lit,40
MMTI-2025-22799,Quezon,Motorcycle,Hit and Run,3,Cloudy,46.0,Male,0,598035.2,Heavy,Well-Lit,40 km/h
MMTI-2025-13175,Paranaque,Car,Rear-end,Risk Level 3,Clear,26.0,Male,0,115549.52,Heavy,Poorly-Lit,40 km/h
MMTI-2025-06641,Quezon,SUV/Van,Hit and Run,Risk Level 9,Cloudy,56.0,Male,1,491342.2,Heavy,Well-Lit,60
MMTI-2025-23062,Quezon,Motorcycle,Hit and Run,3,Cloudy,39.0,Male,0,"PHP 354,506.04",Moderate,Poorly-Lit,60
MMTI-2025-14977,Quezon,Truck,Hit and Run,3,Rainy,37.0,Female,0,1545308.75,Heavy,Well-Lit,40
MMTI-2025-20524,Navotas,Motorcycle,Rear-end,Risk Level 3,,36.0,Male,0,29186.7,Heavy,Well-Lit,60
MMTI-2025-13515,Quezon,Car,Side-swipe,3.0,Cloudy,39.0,Male,0,367452.85,Heavy,Poorly-Lit,60
MMTI-2025-15222,Manila,Truck,Hit and Run,2,,,Female,0,423525.89,Heavy,Well-Lit,80
MMTI-2025-00398,Manila,Car,Rear-end,Risk Level 2,Cloudy,23.0,Female,0,173558.35,Moderate,Well-Lit,40 kph
MMTI-2025-20488,,Motorcycle,Side-swipe,Risk Level 3,Clear,0.0,Male,0,"PHP 67,461.62",Heavy,Well-Lit,60 km/h
MMTI-2025-12672,Paranaque,Motorcycle,Side-swipe,3.0,Clear,30.0,M,0,116046.69,Heavy,Poorly-Lit,40
MMTI-2025-04890,Quezon,Truck,Rear-end,6,Cloudy,19.0,Male,2,"PHP 461,448.20",Moderate,Well-Lit,100
MMTI-2025-20959,Makati,Motorcycle,Head-on,3,Cloudy,46.0,Male,0,"PHP 238,369.73",Heavy,Poorly-Lit,30
MMTI-2025-21432,Manila,SUV/Van,Rear-end,3.0,Clear,32.0,Female,0,546411.58,,Poorly-Lit,40
MMTI-2025-18855,Pasig,Truck,Rear-end,Risk Level 3,Clear,28.0,Female,0,163316.41,Moderate,Poorly-Lit,80
MMTI-2025-09186,Pasay,Car,Head-on,Risk Level 3,Clear,29.0,Male,0,"PHP 48,846.99",Heavy,Poorly-Lit,60
MMTI-2025-00686,,Car,Hit and Run,3.0,Clear,17.0,Male,0,195539.31,Moderate,Unlit,60 kph
MMTI-2025-17758,Marikina,SUV/Van,Rear-end,3,Clear,19.0,Male,0,59153.72,Heavy,Well-Lit,60
MMTI-2025-02041,MAKATI ,Truck,Rear-end,,Clear,44.0,Male,0,200.6k,Moderate,Well-Lit,80 km/h
MMTI-2025-01884,Paranaque,Truck,Hit and Run,3,Clear,17.0,Female,0,116891.75,HEAVY,Unlit,80 kph
MMTI-2025-04515,Quezon,Car,Hit and Run,3,Cloudy,43.0,Male,0,581.4k,Heavy,Unlit,60
MMTI-2025-11185,Taguig,Motorcycle,Side-swipe,3,Cloudy,41.0,Female,0,284811.32,Moderate,Well-Lit,60
MMTI-2025-04742,Quezon,Motorcycle,Side-swipe,3,Rainy,38.0,Male,0,1217457.88,Moderate,well lit,40
MMTI-2025-00283,Manila,Jeepney,Side-swipe,1.0,Clear,28.0,Male,0,22078.67,,Well-Lit,40
MMTI-2025-03749,Makati,Car,Rear-end,Risk Level 3,Cloudy,33.0,Unknown,0,252941.15,Heavy,Well-Lit,80 km/h
MMTI-2025-22459,Quezon,Car,Head-on,Risk Level 3,Cloudy,34.0,Male,0,378.0k,Heavy,Unlit,40
MMTI-2025-13438,Muntinlupa,Car,Side-swipe,Risk Level 1,Clear,42.0,Male,0,57.3k,Light,Well-Lit,60
MMTI-2025-15280,Manila,Motorcycle,Side-swipe,3,,40.0,Male,0,11696.25,,Well-Lit,100 km/h
MMTI-2025-03490,Quezon,Car,Hit and Run,3,Cloudy,38.0,Female,0,611044.68,Heavy,well lit,60
MMTI-2025-16160,Makati,Motorcycle,Side-swipe,,Clear,56.0,Female,0,10214.59,Heavy,Unlit,30 km/h
MMTI-2025-14573,Quezon,Motorcycle,Side-swipe,Risk Level 3,Rainy,31.0,Male,0,1230939.76,Heavy,Well-Lit,60
MMTI-2025-02615,,Truck,Head-on,6,Clear,39.0,Male,1,2973111.09,Moderate,Poorly-Lit,40
MMTI-2025-15998,Valenzuela,SUV/Van,Rear-end,,Cloudy,28.0,Male,0,93327.53,Heavy,Poorly-Lit,60 km/h
MMTI-2025-16373,San Juan,,Rear-end,,,45.0,Male,0,"PHP 62,473.39",Moderate,Well-Lit,60
MMTI-2025-10666,Pasig,Car,Side-swipe,6,Clear,999.0,Male,4,127204.45,Moderate,Poorly-Lit,40
MMTI-2025-14860,Quezon,Jeepney,Rear-end,3,Cloudy,40.0,Male,0,580872.83,Heavy,Unlit,60 km/h
MMTI-2025-10551,Pasig,Car,Head-on,3.0,Clear,36.0,Male,0,127042.49,Light,Well-Lit,40
MMTI-2025-10778,Quezon,Car,Rear-end,Risk Level 3,Rainy,50.0,Male,0,"PHP 1,017,317.81",Moderate,Poorly-Lit,80
MMTI-2025-09211,Quezon,Car,Rear-end,3,Cloudy,32.0,Male,0,478275.6,Moderate,Well-Lit,40
MMTI-2025-10381,Manila,Motorcycle,Side-swipe,Risk Level 3,,26.0,Male,0,55362.03,Heavy,Well-Lit,80
MMTI-2025-11263,MAKATI ,Motorcycle,Rear-end,3,Clear,46.0,female ,0,,Heavy,Poorly-Lit,40
MMTI-2025-02270,Quezon,Car,Side-swipe,6,Rainy,41.0,Male,1,1324911.89,Heavy,Poorly-Lit,60
MMTI-2025-00175,Quezon,Motorcycle,Side-swipe,3,,34.0,Unknown,0,13864.43,Moderate,Poorly-Lit,60
MMTI-2025-15682,Makati,,Side-swipe,3,Rain,22.0,Female,0,167243.1,Heavy,Well-Lit,60 km/h
MMTI-2025-10180,Manila,Car,Side-swipe,6.0,Cloudy,39.0,Male,3,208291.87,Heavy,Well-Lit,80
MMTI-2025-09787,,Motorcycle,Rear-end,3,Cloudy,25.0,Unknown,0,29455.46,Heavy,Unlit,100
MMTI-2025-02487,Muntinlupa,Jeepney,Hit and Run,Risk Level 4,Clear,45.0,Female,4,54738.96,Moderate,Well-Lit,40
MMTI-2025-18357,Quezon,Car,Head-on,3.0,Cloudy,-10.0,Male,0,537063.49,Moderate,Well-Lit,30
MMTI-2025-20848,Quezon,Car,Head-on,2.0,Cloudy,32.0,Female,0,527723.78,Light,Poorly-Lit,60
MMTI-2025-23553,Quezon,Truck,Side-swipe,3,Clear,,Male,0,502173.05,Moderate,Poorly-Lit,60
MMTI-2025-19005,Mandaluyong,Car,Head-on,3,Clear,59.0,Male,0,73279.31,MODERATE,Well-Lit,60
MMTI-2025-02729,Quezon,Jeepney,Side-swipe,,Rain,38.0,male,2,28379.58,Heavy,Well-Lit,80 km/h
MMTI-2025-08351,Taguig,Car,Side-swipe,3,Cloudy,33.0,Male,0,301695.32,Heavy,well lit,60
MMTI-2025-09558,Quezon,Car,Head-on,3.0,Rainy,56.0,Unknown,0,1201564.6,Light,Well-Lit,80
MMTI-2025-14676,Manila,Car,Rear-end,2,,35.0,Male,0,72545.48,Heavy,Well-Lit,60
MMTI-2025-21944,Quezon,Motorcycle,Hit and Run,3.0,Cloudy,-10.0,Male,0,455399.76,Moderate,Unlit,60
MMTI-2025-07078,,SUV/Van,Head-on,9.0,Clear,52.0,Male,4,"PHP 256,054.89",Heavy,Well-Lit,60
MMTI-2025-01058,Quezon,,Side-swipe,3.0,Clear,46.0,Male,0,91.5k,Light,POOR,40
MMTI-2025-18945,Manila,Jeepney,Side-swipe,,Clear,31.0,Male,0,8108.75,Heavy,Poorly-Lit,40
MMTI-2025-14892,Malabon,Motorcycle,Rear-end,2,Storm,36.0,Female,0,,Moderate,No Lights,80
MMTI-2025-17195,Quezon,Motorcycle,Rear-end,6,Rainy,17.0,Male,3,1070731.11,Heavy,Well-Lit,80 km/h
MMTI-2025-14047,Taguig,Car,Side-swipe,3,Cloudy,31.0,Female,0,"PHP 305,780.23",Heavy,Well-Lit,80
MMTI-2025-21519,Manila,Car,Side-swipe,Risk Level 3,Cloudy,33.0,Female,0,209868.57,MODERATE,Lit,60
MMTI-2025-14070,Las Pinas,Car,Side-swipe,3.0,Clear,41.0,F,0,96879.99,Moderate,Well-Lit,60
MMTI-2025-18610,Makati,,Head-on,3,Rain,33.0,Male,0,60046.41,Moderate,Well-Lit,60
MMTI-2025-17933,Paranaque,Motorcycle,Hit and Run,3,Clear,29.0,Female,0,105632.12,Moderate,Well-Lit,100 km/h
MMTI-2025-17461,Las Pinas,Motorcycle,Hit and Run,2,Clear,41.0,Male,3,90111.13,Moderate,Well-Lit,40 km/h
MMTI-2025-17176,Makati,Motorcycle,Hit and Run,3,Cloudy,31.0,Female,0,236584.01,Moderate,Well-Lit,30
MMTI-2025-09746,Taguig,Jeepney,Rear-end,Risk Level 6,Rain,29.0,Female,3,"PHP 355,882.37",,Well-Lit,80
MMTI-2025-13061,Marikina,Car,Head-on,3,Clear,49.0,Male,0,62377.35,Heavy,Poorly-Lit,30
MMTI-2025-22899,Quezon,Motorcycle,Side-swipe,6.0,Stormy,41.0,Male,2,3679572.98,Heavy,Unlit,40
MMTI-2025-09765,Quezon,Motorcycle,Side-swipe,3,Cloudy,40.0,Male,0,448274.48,Heavy,Poorly-Lit,40
MMTI-2025-05788,Quezon,Car,Rear-end,3,Cloudy,30.0,Male,0,401621.97,Heavy,Well-Lit,60 km/h
MMTI-2025-09335,Quezon,Motorcycle,Head-on,3,Rainy,30.0,Male,0,1237353.37,Heavy,Poorly-Lit,60 km/h
MMTI-2025-01615,Quezon,Car,Hit and Run,3.0,Rainy,45.0,Male,0,"PHP 1,489,689.09",HEAVY,Well-Lit,40
MMTI-2025-09684,Caloocan,Jeepney,Rear-end,3.0,Clear,45.0,Unknown,0,22059.83,,Unlit,40 km/h
MMTI-2025-08638,Quezon,Car,Hit and Run,4.0,Rainy,45.0,Female,1,904187.68,Heavy,Unlit,80
MMTI-2025-01468,Quezon,Truck,Head-on,Risk Level 3,Rainy,17.0,Male,0,1230240.93,Heavy,Well-Lit,60
MMTI-2025-16314,San Juan,Car,Hit and Run,3,Clear,39.0,Female,0,39280.86,Heavy,Well-Lit,100
MMTI-2025-11916,Las Pinas,Car,Hit and Run,Risk Level 3,Clear,17.0,Male,0,82683.19,Heavy,Well-Lit,30
MMTI-2025-02665,Mandaluyong,Car,Rear-end,3,Clear,28.0,F,0,"PHP 72,217.73",Light,dark,60
MMTI-2025-08133,Quezon,Car,Side-swipe,3,Rainy,30.0,Male,0,1041195.58,Heavy,Well-Lit,60 km/h
MMTI-2025-03180,Taguig,Jeepney,Side-swipe,2,Cloudy,23.0,Male,0,272962.98,Heavy,Unlit,60 km/h
MMTI-2025-11618,Pasig,Car,Hit and Run,6,Clear,30.0,Male,1,157777.96,Light,Well-Lit,80
MMTI-2025-04695,Paranaque,,Hit and Run,Risk Level 3,Clear,37.0,Female,0,258048.01,Heavy,Well-Lit,60
MMTI-2025-00002,Makati,Car,Rear-end,Risk Level 2,Cloudy,48.0,Male,0,252096.21,Heavy,Well-Lit,60
MMTI-2025-06469,Pasig,Car,Hit and Run,3.0,Clear,17.0,F,0,132447.0,Heavy,Well-Lit,60
MMTI-2025-09471,Quezon,Motorcycle,Rear-end,6.0,Stormy,19.0,male,1,2568801.3,Heavy,Well-Lit,30
MMTI-2025-07255,Manila,SUV/Van,Hit and Run,2.0,Cloudy,51.0,Female,0,,Heavy,Unlit,40
MMTI-2025-01713,Marikina,Bus,Hit and Run,3.0,Clear,40.0,Male,0,,Heavy,Well-Lit,80
MMTI-2025-21221,Pasig,Car,Hit and Run,Risk Level 3,Clear,35.0,Female,0,151377.72,Moderate,Well-Lit,60 kph
MMTI-2025-01404,Quezon,Motorcycle,Side-swipe,3.0,Rainy,45.0,Male,0,1217101.8,Heavy,Poorly-Lit,40 km/h
MMTI-2025-02787,Manila,,Head-on,2,Clear,35.0,Female,0,81712.38,Moderate,Well-Lit,60
MMTI-2025-05763,Las Pinas,Motorcycle,Head-on,,Rain,39.0,Male,0,0,Heavy,Poorly-Lit,60
MMTI-2025-03583, manila,Jeepney,Head-on,Risk Level 3,,54.0,Female,0,28780.01,Moderate,Poorly-Lit,40 km/h
MMTI-2025-05965,Quezon,Car,Head-on,Risk Level 3,Rainy,28.0,Male,0,841538.81,MODERATE,Well-Lit,60
MMTI-2025-13155,Quezon,SUV/Van,Side-swipe,3,Rainy,30.0,Female,0,1534970.18,Heavy,Well-Lit,60 kph
MMTI-2025-19477,Quezon,SUV/Van,Side-swipe,3,,48.0,female ,0,190497.86,Moderate,Poorly-Lit,100
MMTI-2025-03902,Manila,Jeepney,Side-swipe,3,Clear,50.0,Male,0,,Heavy,Well-Lit,60
MMTI-2025-21208,Quezon,SUV/Van,Rear-end,3,,61.0,Female,0,"PHP 217,257.53",Heavy,Well-Lit,30
MMTI-2025-00486,Pasay,,Side-swipe,,Clear,62.0,Male,2,33874.85,Heavy,Poorly-Lit,40 kph
MMTI-2025-01499,Makati,Jeepney,Rear-end,,Clear,37.0,Female,4,37423.1,Heavy,Well-Lit,60
MMTI-2025-19661,Pasig,Bus,Rear-end,,Cloudy,51.0,Male,0,377376.16,Heavy,Well-Lit,60
MMTI-2025-11930,Taguig,Truck,Head-on,4.0,Cloudy,52.0,Female,1,298114.46,Moderate,Poorly-Lit,60 km/h
MMTI-2025-04811,Quezon,SUV/Van,Side-swipe,Risk Level 3,Cloudy,46.0,Female,0,413582.4,Moderate,dark,40
MMTI-2025-12017, quezon,,Hit and Run,Risk Level 3,Clear,28.0,Male,0,118388.68,Heavy,Well-Lit,60
MMTI-2025-13565,Pasig,Truck,Head-on,3,Clear,44.0,Male,0,163286.28,Light,Well-Lit,80