Incident_ID,City,Vehicle_Type,Accident_Type,Severity,Weather_Condition,Driver_Age,Driver_Gender,Injury_Count,Damage_Cost_PHP,Traffic_Volume,Road_Lighting,Speed_Limit
MMTI-2025-08112,Paranaque,Car,Head-on,3,Clear,35.0,Male,0,103698.5,HEAVY,Well-Lit,60
MMTI-2025-20310,Makati,,Head-on,3,Clear,47.0,Male,0,131144.44,Heavy,Well-Lit,60
MMTI-2025-01331,Quezon,SUV/Van,Head-on,Risk Level 3,Cloudy,49.0,Male,0,402469.65,Heavy,Poorly-Lit,60
MMTI-2025-07671,Quezon,Car,Rear-end,3.0,Stormy,23.0,Male,0,77777777,Heavy,Well-Lit,80
MMTI-2025-00569,Navotas,,Head-on,2,Cloudy,32.0,Male,0,21927.94,Moderate,well lit,60
MMTI-2025-14811,San Juan,Motorcycle,Rear-end,3.0,Clear,42.0,Male,0,38666.28,Heavy,POOR,60
MMTI-2025-10300,Pasig,Car,Hit and Run,1,Clear,21.0,Female,0,,Moderate,Poorly-Lit,40
MMTI-2025-14501,Pateros,Car,Rear-end,3,Clear,45.0,Female,0,,Moderate,No Lights,60
MMTI-2025-00347,Las Pinas,Jeepney,Side-swipe,3,Clear,60.0,Male,0,84499.96,Heavy,Well-Lit,30
MMTI-2025-00242,Quezon,Truck,Head-on,3,Clear,31.0,Male,0,,Heavy,Unlit,60
MMTI-2025-01880,Las Pinas,Motorcycle,Hit and Run,2.0,Clear,37.0,Female,0,"PHP 81,595.72",Heavy,Well-Lit,80
MMTI-2025-13999,Quezon,Car,Side-swipe,Risk Level 6,Rainy,30.0,Female,2,963416.4,Moderate,Poorly-Lit,40
MMTI-2025-17678,,,Hit and Run,3.0,Cloudy,17.0,Male,0,40776.77,MODERATE,Well-Lit,80 kph
MMTI-2025-10914,Quezon,Car,Head-on,Risk Level 4,Cloudy,45.0,Female,3,606271.29,Heavy,Well-Lit,80 km/h
MMTI-2025-22725,Quezon,Motorcycle,Hit and Run,Risk Level 3,Rainy,39.0,Female,0,1183088.3,Heavy,Well-Lit,100
MMTI-2025-08068,Quezon,Car,Head-on,4,Rainy,57.0,Female,3,1210010.68,Moderate,Well-Lit,60
MMTI-2025-03980,Quezon,Jeepney,Hit and Run,Risk Level 3,Rainy,43.0,Male,0,757.7k,Heavy,No Lights,60
MMTI-2025-19730,Las Pinas,Car,Hit and Run,3.0,Clear,34.0,Male,0,96512.86,Heavy,well lit,30
MMTI-2025-07631,Valenzuela,Car,Rear-end,3.0,Clear,40.0,Male,0,37360.04,Heavy,Well-Lit,30
MMTI-2025-15953,Quezon,Car,Side-swipe,3,Cloudy,54.0,Male,0,614974.07,Moderate,Poorly-Lit,100 km/h
MMTI-2025-00540,,SUV/Van,Hit and Run,6,,41.0,F,3,-25000,Heavy,Well-Lit,60
MMTI-2025-03941,Caloocan,Bus,Hit and Run,Risk Level 3,Clear,53.0,Female,0,495924.59,,Well-Lit,60
MMTI-2025-09628,Caloocan,SUV/Van,Rear-end,2.0,Clear,0.0,Male,0,,Heavy,Well-Lit,30
MMTI-2025-09758,Quezon,Motorcycle,Head-on,6,Cloudy,40.0,Female,3,394366.66,Heavy,well lit,40 km/h
MMTI-2025-14472,Manila,Truck,Hit and Run,3,Cloudy,49.0,Male,0,"PHP 203,292.14",Heavy,Poorly-Lit,40 km/h
MMTI-2025-19304,Pasig,Motorcycle,Head-on,Risk Level 3,Clear,999.0,Male,0,156504.4,Heavy,Poorly-Lit,80
MMTI-2025-10124,Las Pinas,Car,Head-on,3,Clear,24.0,Male,0,89633.65,Moderate,Well-Lit,30
MMTI-2025-21174,QUEZON ,Bus,Rear-end,,Rain,31.0,Male,0,205691.22,Heavy,Well-Lit,40
MMTI-2025-16655,QUEZON ,Car,Side-swipe,3.0,Clear,40.0,Male,0,,Heavy,Well-Lit,40
MMTI-2025-23063,Pasig,SUV/Van,Side-swipe,3.0,Clear,40.0,Male,0,"PHP 139,547.77",Moderate,Well-Lit,60
MMTI-2025-12440,Quezon,Car,Side-swipe,Risk Level 3,Stormy,42.0,Male,0,2040834.08,Heavy,Well-Lit,80
MMTI-2025-02474,Muntinlupa,Motorcycle,Hit and Run,3.0,Clear,52.0,Male,0,57004.14,Heavy,Well-Lit,60
MMTI-2025-01563,Quezon,Motorcycle,Side-swipe,6,Cloudy,41.0,Female,2,506822.36,Heavy,dark,60
MMTI-2025-18288,Quezon,Truck,Rear-end,Risk Level 3,Rainy,45.0,Male,0,1374354.89,Moderate,dark,40
MMTI-2025-07955,Quezon,,Rear-end,3.0,Clear,17.0,Male,0,113576.31,Moderate,Well-Lit,100 km/h
MMTI-2025-19003,Taguig,Motorcycle,Head-on,4,Cloudy,47.0,Male,1,296846.04,Heavy,Well-Lit,60
MMTI-2025-20612,,SUV/Van,Side-swipe,3,Clear,41.0,Female,0,136616.76,Heavy,POOR,60
MMTI-2025-19835,Paranaque,Motorcycle,Rear-end,3,Clear,52.0,Male,0,99350.64,Heavy,Poorly-Lit,30 km/h
MMTI-2025-23462,,Jeepney,Side-swipe,3,Clear,31.0,Male,0,,Heavy,Well-Lit,60
MMTI-2025-06786,MALABON ,,Side-swipe,3,,29.0,Male,0,117072.47,Moderate,Well-Lit,30 km/h
MMTI-2025-01100,Caloocan,Truck,Side-swipe,1,Clear,44.0,Male,0,41923.12,Moderate,Well-Lit,60
MMTI-2025-21636,Manila,SUV/Van,Side-swipe,3,Cloudy,42.0,Female,0,"PHP 195,626.79",HEAVY,POOR,60
MMTI-2025-13441,Paranaque,SUV/Van,Hit and Run,Risk Level 3,Clear,44.0,Male,0,121389.8,HEAVY,Poorly-Lit,60
MMTI-2025-20924,Pasig,Jeepney,Rear-end,3,Clear,45.0,Male,0,145005.05,Heavy,Well-Lit,40
MMTI-2025-01618,Manila,Motorcycle,Head-on,,Storm,46.0,Male,0,,Moderate,Poorly-Lit,60
MMTI-2025-16690,Manila,Jeepney,Side-swipe,Risk Level 3,Rain,33.0,Female,0,120156.37,,Well-Lit,60
MMTI-2025-12488,Paranaque,Car,Side-swipe,6,Clear,38.0,Female,2,109375.83,Heavy,Well-Lit,60
MMTI-2025-14046,Manila,SUV/Van,Head-on,3,Cloudy,24.0,Male,0,173741.27,Heavy,Well-Lit,40 km/h
MMTI-2025-07137,Manila,Car,Side-swipe,2.0,Clear,33.0,Female,0,,Light,Poorly-Lit,60
MMTI-2025-08342,Manila,Car,Side-swipe,3,Cloudy,63.0,Male,0,186335.47,Light,Well-Lit,100
MMTI-2025-07170,Las Pinas,Motorcycle,Head-on,3.0,Clear,33.0,Male,0,96649.42,HEAVY,Poorly-Lit,60
MMTI-2025-07978,Manila,Car,Head-on,,Clear,17.0,Female,0,78276.11,Heavy,well lit,60
MMTI-2025-21422,Quezon,SUV/Van,Side-swipe,3.0,Rainy,41.0,Unknown,0,726110.72,MODERATE,Well-Lit,80
MMTI-2025-12830,Pasig,Bus,Side-swipe,3,Clear,53.0,Male,0,,Heavy,Well-Lit,80
MMTI-2025-09831,Taguig,SUV/Van,Side-swipe,Risk Level 3,Cloudy,52.0,Male,0,325623.7,Moderate,Poorly-Lit,60 kph
MMTI-2025-03236,Las Pinas,Car,Head-on,3,Clear,37.0,Female,0,83442.55,Moderate,Unlit,40 kph
MMTI-2025-09574,Pasig,Motorcycle,Rear-end,3,Clear,56.0,Male,0,159123.27,Moderate,Poorly-Lit,80
MMTI-2025-05350,Taguig,Car,Hit and Run,Risk Level 6,Cloudy,47.0,Male,3,337520.79,Heavy,Poorly-Lit,40
MMTI-2025-01105,Pasig,,Head-on,3,Cloudy,29.0,Female,0,64909.42,,Well-Lit,80 kph
MMTI-2025-17936,,SUV/Van,Rear-end,3.0,Clear,33.0,Male,0,-500,Heavy,Poorly-Lit,40
MMTI-2025-14066,,SUV/Van,Hit and Run,3,Cloudy,19.0,Male,0,187036.4,Heavy,Well-Lit,60
MMTI-2025-19067,,SUV/Van,Hit and Run,3,Clear,34.0,Male,0,84782.5,Heavy,Poorly-Lit,60
MMTI-2025-14608,Pasay,Car,Hit and Run,3.0,Clear,33.0,Female,0,44935.2,Heavy,Lit,60
MMTI-2025-08534,Quezon,Car,Head-on,2.0,Clear,,Female,0,64870.29,Heavy,Poorly-Lit,60
MMTI-2025-00910,Manila,Jeepney,Side-swipe,3,Cloudy,40.0,Male,0,167218.85,Heavy,Well-Lit,40
MMTI-2025-08878,Quezon,Truck,Rear-end,3,Cloudy,45.0,Male,0,429856.54,Heavy,Well-Lit,60 km/h
MMTI-2025-04028, manila,Truck,Head-on,Risk Level 3,Storm,54.0,Male,0,,Heavy,Unlit,30
MMTI-2025-01956,Mandaluyong,Car,Side-swipe,3.0,Clear,36.0,Female,0,79351.2,Heavy,Well-Lit,40
MMTI-2025-10595,Quezon,,Head-on,,Rain,20.0,Male,0,39688.94,Heavy,Well-Lit,80
MMTI-2025-05279,Quezon,Car,Rear-end,3,Rainy,34.0,Male,0,1082576.84,Moderate,Well-Lit,40
MMTI-2025-09225,Quezon,Motorcycle,Hit and Run,3,Rainy,46.0,Male,0,"PHP 736,196.32",Heavy,POOR,60
MMTI-2025-03894,Makati,Car,Head-on,Risk Level 3,Cloudy,31.0,Male,0,235743.18,Heavy,Unlit,60
MMTI-2025-05551,Marikina,,Rear-end,6,Rain,45.0,male,3,231233.45,Heavy,Unlit,60
MMTI-2025-21874,Quezon,Car,Hit and Run,6.0,Stormy,43.0,Male,1,2120871.71,Moderate,Poorly-Lit,40
MMTI-2025-17889,Makati,Car,Head-on,Risk Level 1,Cloudy,47.0,Male,0,237220.59,Moderate,Well-Lit,30
MMTI-2025-05304, makati,Motorcycle,Rear-end,3,Rain,36.0,Female,0,10782.15,,Poorly-Lit,60 kph
MMTI-2025-03613, taguig,SUV/Van,Head-on,Risk Level 3,,43.0,Male,0,466032.41,Heavy,POOR,60
MMTI-2025-10573,Quezon,,Hit and Run,3,Rain,30.0,Female,0,80631.17,Heavy,Well-Lit,60
MMTI-2025-03598,Quezon,Motorcycle,Rear-end,3,Rainy,29.0,male,0,1168739.79,Heavy,dark,80
MMTI-2025-05815,Pateros,Truck,Hit and Run,3,,45.0,Female,0,77777777,Heavy,Well-Lit,40
MMTI-2025-19222, manila,,Side-swipe,Risk Level 3,Rain,37.0,Female,0,88081.15,,Well-Lit,60
MMTI-2025-08666,,Motorcycle,Head-on,Risk Level 3,Rain,41.0,Female,0,21744.82,Light,Well-Lit,60 km/h
MMTI-2025-11532,Muntinlupa,Car,Head-on,3,Clear,30.0,Female,0,51467.35,Heavy,Well-Lit,60
MMTI-2025-16659,Quezon,SUV/Van,Rear-end,2,Cloudy,32.0,Male,0,579167.53,Heavy,Poorly-Lit,40
MMTI-2025-02989,Quezon,Car,Head-on,Risk Level 3,Rainy,55.0,Male,0,"PHP 1,233,868.60",Moderate,Poorly-Lit,60 km/h
MMTI-2025-10051,Muntinlupa,Car,Hit and Run,2,Clear,54.0,Male,0,,Heavy,Well-Lit,60
MMTI-2025-02983,Quezon,Car,Head-on,Risk Level 6,Rainy,27.0,Male,1,752514.35,Heavy,Well-Lit,30
MMTI-2025-17577,,Jeepney,Head-on,3,Clear,42.0,Male,0,,Heavy,Well-Lit,60
MMTI-2025-19663,,Motorcycle,Hit and Run,3,Clear,45.0,Male,0,56042.19,Heavy,Poorly-Lit,60
MMTI-2025-18132,Quezon,Motorcycle,Side-swipe,6,Cloudy,38.0,female ,4,"PHP 362,114.63",Moderate,Well-Lit,60
MMTI-2025-07427,Quezon,Car,Rear-end,3,Stormy,52.0,Male,0,"PHP 1,924,516.76",Moderate,dark,40
MMTI-2025-06700,Taguig,Car,Rear-end,3,Cloudy,999.0,Male,0,342306.6,Heavy,Well-Lit,30 km/h
MMTI-2025-07288,Las Pinas,Motorcycle,Hit and Run,3,Clear,25.0,F,0,81521.62,Heavy,Well-Lit,60
MMTI-2025-04691,Taguig,Car,Head-on,3,Cloudy,36.0,Female,0,289856.83,Moderate,Well-Lit,40
MMTI-2025-20077,,Jeepney,Hit and Run,1,Clear,43.0,Male,0,12721.39,Moderate,Lit,100 km/h
MMTI-2025-11003,Manila,Car,Hit and Run,3,Cloudy,43.0,Female,0,169014.48,HEAVY,Well-Lit,40 km/h
MMTI-2025-09097, manila,SUV/Van,Rear-end,4,Clear,40.0,Male,3,,Moderate,Well-Lit,60 km/h
MMTI-2025-07816,Caloocan,Jeepney,Head-on,3,,33.0,F,0,"PHP 24,022.13",Moderate,Well-Lit,60
MMTI-2025-19449,Mandaluyong,Car,Rear-end,3,Clear,24.0,Male,0,73085.0,Heavy,Well-Lit,60
MMTI-2025-01951,Quezon,Car,Rear-end,6,Rainy,40.0,Female,4,1253879.38,HEAVY,Poorly-Lit,60
MMTI-2025-22350,PASIG ,,Hit and Run,3,Clear,31.0,male,0,82300.39,Moderate,Well-Lit,40 km/h
MMTI-2025-00414,Makati,Car,Side-swipe,3.0,Cloudy,,Male,0,45916.39,Heavy,Poorly-Lit,80 km/h
MMTI-2025-17500,Taguig,Motorcycle,Side-swipe,3,Cloudy,40.0,Male,0,273450.74,Heavy,Well-Lit,60
MMTI-2025-04893,Muntinlupa,Car,Hit and Run,3,Clear,51.0,Male,0,54306.87,HEAVY,Poorly-Lit,30
MMTI-2025-14652,Quezon,SUV/Van,Side-swipe,3,Rainy,18.0,Male,0,660056.42,MODERATE,Well-Lit,30
MMTI-2025-20113,Quezon,Bus,Head-on,Risk Level 3,,50.0,Male,0,679125.69,Moderate,Well-Lit,60
MMTI-2025-11347,,Jeepney,Hit and Run,2,Clear,30.0,Male,0,44683.25,Light,Lit,60
MMTI-2025-00543,San Juan,Car,Side-swipe,3.0,Clear,46.0,Male,0,39802.6,Heavy,Poorly-Lit,80
MMTI-2025-04176, quezon,,Side-swipe,3.0,Rain,52.0,Female,0,71912.62,Moderate,Well-Lit,60
MMTI-2025-05046,Marikina,Car,Rear-end,2.0,Clear,39.0,Female,0,67175.58,Heavy,Well-Lit,60
MMTI-2025-12444,Quezon,SUV/Van,Hit and Run,3,Rainy,45.0,Male,0,"PHP 636,944.95",Heavy,Well-Lit,100
MMTI-2025-17791,,,Rear-end,3.0,Rain,40.0,Female,0,"PHP 89,202.94",Heavy,Poorly-Lit,30
MMTI-2025-05368,Mandaluyong,,Hit and Run,Risk Level 3,Clear,29.0,Male,0,137271.0,MODERATE,Well-Lit,80 km/h
MMTI-2025-15905,Quezon,,Side-swipe,1,Cloudy,38.0,Male,0,62362.8,Moderate,Lit,60
MMTI-2025-13509,Pasay,Car,Rear-end,3.0,Clear,33.0,Male,3,45864.04,Moderate,Poorly-Lit,60
MMTI-2025-08368,,,Rear-end,3.0,Clear,40.0,Male,0,,Moderate,Poorly-Lit,80
MMTI-2025-05852,Mandaluyong,Car,Side-swipe,Risk Level 6,Clear,32.0,Female,2,77248.08,Heavy,dark,60
MMTI-2025-01557,Paranaque,Car,Rear-end,3,Clear,30.0,Male,0,100054.48,Heavy,well lit,40
MMTI-2025-14425,Las Pinas,Motorcycle,Hit and Run,Risk Level 3,Clear,34.0,Male,0,33335.15,,Poorly-Lit,40 km/h
MMTI-2025-10430,,Jeepney,Head-on,2,Clear,54.0,Female,0,22263.32,Light,Well-Lit,40 km/h
MMTI-2025-13259,Quezon,,Rear-end,3,,25.0,Male,0,206383.23,Heavy,dark,40 km/h
MMTI-2025-12355,Quezon,SUV/Van,Rear-end,3,Rainy,35.0,Male,0,1226683.86,Heavy,Unlit,60 km/h
MMTI-2025-20397,Quezon,,Hit and Run,3,Clear,28.0,Male,0,106936.82,HEAVY,Well-Lit,60
MMTI-2025-06606,Quezon,Car,Head-on,3,Rainy,36.0,Male,0,733488.06,Heavy,Well-Lit,40
MMTI-2025-15406,Paranaque,Car,Side-swipe,Risk Level 3,Clear,24.0,Male,0,121356.62,Heavy,dark,60 km/h
MMTI-2025-01579,Taguig,Motorcycle,Rear-end,3.0,Cloudy,37.0,Female,0,279.5k,Heavy,Well-Lit,60 km/h
MMTI-2025-02589,Paranaque,,Head-on,Risk Level 3,Clear,38.0,Male,0,194869.46,Heavy,Poorly-Lit,60
MMTI-2025-17076,Muntinlupa,Car,Rear-end,3,Clear,48.0,Male,0,"PHP 216,264.74",,Poorly-Lit,100 km/h
MMTI-2025-00546,Manila,Bus,Rear-end,,Cloudy,51.0,Male,1,107475.61,Heavy,Poorly-Lit,60
MMTI-2025-13990,Quezon,Jeepney,Hit and Run,6,,43.0,Male,1,314.4k,HEAVY,Well-Lit,80
MMTI-2025-10918,Quezon,Car,Side-swipe,3,Rainy,43.0,Male,0,988429.43,Moderate,Well-Lit,60
MMTI-2025-12388,Quezon,SUV/Van,Hit and Run,3,Rainy,39.0,Male,0,820477.26,Light,Well-Lit,80 km/h
MMTI-2025-06493,Makati,Truck,Side-swipe,,Clear,23.0,Male,1,702109.38,MODERATE,POOR,60
MMTI-2025-21439,Mandaluyong,Car,Head-on,3,Clear,29.0,Male,0,"PHP 78,536.22",Heavy,Well-Lit,60
MMTI-2025-00410,,Truck,Rear-end,3,Clear,,Male,0,349061.98,Heavy,Well-Lit,60
MMTI-2025-21654,Taguig,Bus,Side-swipe,Risk Level 3,Clear,66.0,Male,0,,Heavy,Well-Lit,100
MMTI-2025-20792,Paranaque,Car,Side-swipe,6.0,Clear,35.0,Male,1,106749.23,Moderate,Well-Lit,60
MMTI-2025-01579,Taguig,Car,Rear-end,3.0,Cloudy,23.0,Female,0,337498.2,Moderate,Unlit,80
MMTI-2025-17618,Taguig,Bus,Hit and Run,2,,27.0,Male,0,424728.95,Light,Well-Lit,60
MMTI-2025-09871,Manila,Bus,Hit and Run,3.0,,45.0,Male,0,786284.48,Heavy,Well-Lit,80
MMTI-2025-05653,Pasig,Motorcycle,Hit and Run,3,Clear,51.0,Female,0,149070.69,Moderate,Poorly-Lit,30
MMTI-2025-10115,Manila,Motorcycle,Side-swipe,,Clear,39.0,Male,0,12605.42,Heavy,Well-Lit,60
MMTI-2025-01980,Taguig,SUV/Van,Rear-end,2,Cloudy,38.0,Male,0,283131.92,Heavy,Well-Lit,60
MMTI-2025-00037,Paranaque,SUV/Van,Head-on,3,Clear,43.0,male,0,104518.15,Heavy,Well-Lit,60 kph
MMTI-2025-06400,Manila,Car,Side-swipe,2.0,Clear,,Male,0,40536.89,Heavy,Poorly-Lit,60
MMTI-2025-18751,Taguig,Motorcycle,Side-swipe,2.0,Cloudy,54.0,Male,0,305650.24,Light,Poorly-Lit,100
MMTI-2025-06881,Quezon,Car,Head-on,3,Rainy,54.0,Male,0,1341222.88,Moderate,Well-Lit,60
MMTI-2025-04516,Makati,Car,Hit and Run,3.0,Cloudy,40.0,Male,0,246727.5,Moderate,Poorly-Lit,30 km/h
MMTI-2025-16260,Makati,Car,Side-swipe,3,Cloudy,37.0,F,0,260871.55,Heavy,Poorly-Lit,60
MMTI-2025-18422,Quezon,Car,Side-swipe,1.0,Cloudy,50.0,Female,0,370307.34,MODERATE,Poorly-Lit,40
MMTI-2025-03425,Quezon,Motorcycle,Side-swipe,3.0,Cloudy,37.0,Male,0,414155.99,Heavy,Well-Lit,60
MMTI-2025-14196,Manila,Jeepney,Hit and Run,3,,0.0,Male,0,85549.94,Heavy,Unlit,40
MMTI-2025-12442,Paranaque,SUV/Van,Side-swipe,4,Clear,51.0,Unknown,2,114108.23,Moderate,No Lights,60 km/h
MMTI-2025-01064,QUEZON ,Bus,Side-swipe,3,Cloudy,47.0,Female,0,,Heavy,Well-Lit,60 km/h
MMTI-2025-06160,Taguig,Car,Hit and Run,3,Cloudy,34.0,Female,0,277997.06,Heavy,Well-Lit,60 km/h
MMTI-2025-05887,Quezon,Car,Head-on,3,Rainy,33.0,Female,0,1000080.32,Heavy,Poorly-Lit,100 km/h
MMTI-2025-06027,Caloocan,,Hit and Run,3,Clear,26.0,Female,0,170639.68,Heavy,Well-Lit,60 km/h
MMTI-2025-17130,Quezon,Car,Head-on,,Clear,55.0,Female,0,29119.66,Moderate,Well-Lit,60
MMTI-2025-08438,Manila,,Rear-end,,Clear,40.0,Female,0,65468.33,Heavy,Well-Lit,60
MMTI-2025-18179,Manila,Truck,Side-swipe,3,Storm,46.0,Male,0,841627.51,,Poorly-Lit,60 km/h
MMTI-2025-19297,Taguig,Car,Head-on,3.0,Cloudy,38.0,Male,0,336011.29,Heavy,Poorly-Lit,30 km/h
MMTI-2025-17713,Pasay,Motorcycle,Rear-end,3.0,,46.0,Male,0,"PHP 56,893.30",Moderate,Poorly-Lit,60
MMTI-2025-00326,Quezon,Car,Side-swipe,3.0,Cloudy,40.0,Male,0,568982.99,Moderate,Poorly-Lit,60
MMTI-2025-21429,Quezon,Car,Side-swipe,3,Rainy,39.0,Female,0,693781.22,Heavy,Poorly-Lit,60
MMTI-2025-10507,Las Pinas,Car,Head-on,3.0,Clear,48.0,Male,0,86812.48,Light,Well-Lit,60
MMTI-2025-22342,Taguig,Motorcycle,Head-on,6.0,Cloudy,52.0,Male,2,281007.86,Heavy,Well-Lit,40
MMTI-2025-21875,Quezon,Motorcycle,Head-on,3,Rainy,50.0,female ,0,773589.59,Light,Poorly-Lit,60 kph
MMTI-2025-22496,Quezon,Motorcycle,Rear-end,Risk Level 3,Cloudy,28.0,Male,0,614898.01,MODERATE,dark,30
MMTI-2025-11330,Quezon,Car,Hit and Run,Risk Level 3,Rainy,31.0,Male,0,1582030.32,Heavy,Poorly-Lit,60 km/h
MMTI-2025-14116,Mandaluyong,Truck,Head-on,3,Clear,29.0,Male,0,70212.18,Heavy,Well-Lit,100
MMTI-2025-06577,Paranaque,Bus,Side-swipe,3,Clear,,Female,0,961569.28,Heavy,Poorly-Lit,60
MMTI-2025-14909,Quezon,Motorcycle,Rear-end,1,Cloudy,54.0,Male,0,459687.87,Light,POOR,40
MMTI-2025-20985,Quezon,Car,Head-on,3,Rainy,47.0,Male,0,699027.61,Heavy,Well-Lit,60
MMTI-2025-12677,Pasig,Car,Rear-end,Risk Level 3,Clear,54.0,male,0,134506.79,Moderate,Lit,60 km/h
MMTI-2025-15883, quezon,Bus,Head-on,3,Clear,47.0,Male,0,,Heavy,Well-Lit,60 km/h
MMTI-2025-22791,Paranaque,Bus,Rear-end,3,Clear,34.0,Male,0,733552.05,,Unlit,60
MMTI-2025-21339,Taguig,Truck,Hit and Run,2.0,Cloudy,35.0,Male,0,296998.78,MODERATE,POOR,60 kph
MMTI-2025-08247,Makati,Truck,Rear-end,3.0,Cloudy,70.0,M,0,267600.58,HEAVY,Well-Lit,80
MMTI-2025-20768,Quezon,Car,Head-on,3.0,Cloudy,41.0,Male,0,614925.9,Moderate,Well-Lit,40 km/h
MMTI-2025-20810,Pasig,Car,Head-on,1.0,Clear,38.0,Male,0,126493.12,Moderate,Well-Lit,30
MMTI-2025-21192,Muntinlupa,SUV/Van,Rear-end,3.0,Clear,39.0,Male,0,53930.03,Moderate,Unlit,60
MMTI-2025-00195,MANILA ,Jeepney,Side-swipe,3,Clear,49.0,Male,0,77777777,,No Lights,60 km/h
MMTI-2025-07499,Pasig,Car,Head-on,3.0,Clear,30.0,Male,3,138167.35,Heavy,Poorly-Lit,60
MMTI-2025-09841,,,Hit and Run,3,Clear,36.0,Male,0,43860.85,Light,Poorly-Lit,60
MMTI-2025-18660,Makati,Car,Side-swipe,,Clear,43.0,Female,0,19498.14,Moderate,Unlit,60
MMTI-2025-13776,Taguig,Jeepney,Rear-end,6,Cloudy,27.0,Male,1,"PHP 274,960.53",Heavy,Poorly-Lit,80 km/h
MMTI-2025-18672,Taguig,Car,Rear-end,3.0,Cloudy,44.0,Male,0,335.0k,Heavy,Poorly-Lit,60
MMTI-2025-14616,Manila,,Rear-end,3,Clear,35.0,Male,0,40007.07,Heavy,Poorly-Lit,30
MMTI-2025-03872,Quezon,,Hit and Run,6,,19.0,Male,1,,MODERATE,Well-Lit,40
MMTI-2025-18776,Quezon,Motorcycle,Side-swipe,3,Rainy,27.0,Male,0,936.2k,Heavy,Poorly-Lit,40 km/h
MMTI-2025-05690,Quezon,Motorcycle,Rear-end,3,Rainy,29.0,Male,0,852084.44,Moderate,Unlit,40
MMTI-2025-06496,Quezon,Motorcycle,Side-swipe,6,Rainy,30.0,Female,2,750151.64,Heavy,Well-Lit,60
MMTI-2025-09351,NAVOTAS ,Truck,Rear-end,,Cloudy,43.0,Male,0,300213.88,Heavy,No Lights,60
MMTI-2025-06695,Valenzuela,,Rear-end,Risk Level 3,Clear,,Female,0,"PHP 131,335.90",Heavy,Well-Lit,80
MMTI-2025-17353,Quezon,Car,Rear-end,6,Stormy,58.0,female ,3,1850612.11,Heavy,Well-Lit,60 km/h
MMTI-2025-14244,Manila,Car,Rear-end,Risk Level 3,Cloudy,46.0,Male,0,174442.77,Heavy,Unlit,60
MMTI-2025-06976,Quezon,Car,Head-on,Risk Level 3,Rainy,45.0,Male,0,777830.89,Heavy,Well-Lit,60
MMTI-2025-01863,Taguig,Car,Rear-end,3.0,Cloudy,29.0,Male,0,287428.28,Heavy,Well-Lit,60
MMTI-2025-19037,Makati,Car,Hit and Run,3.0,Cloudy,40.0,Male,0,254842.31,Light,Well-Lit,60
MMTI-2025-12501,Pasig,Truck,Head-on,3,Clear,29.0,Male,0,143140.42,Heavy,Poorly-Lit,60
MMTI-2025-01338,Quezon,Car,Side-swipe,3,Rainy,36.0,Male,0,1119101.38,HEAVY,Poorly-Lit,100 km/h
MMTI-2025-13559,Quezon,Truck,Head-on,1.0,Cloudy,29.0,Female,0,"PHP 487,283.25",Light,Well-Lit,40 km/h
MMTI-2025-00969,Taguig,Car,Side-swipe,3.0,Cloudy,24.0,male,0,313378.67,Light,Well-Lit,80 kph
MMTI-2025-06558, makati,Motorcycle,Side-swipe,Risk Level 2,Cloudy,48.0,female ,0,,,Well-Lit,60
MMTI-2025-01671,,Car,Head-on,Risk Level 1,Cloudy,48.0,Male,0,14700.23,,Poorly-Lit,30 kph
MMTI-2025-20105,Quezon,Motorcycle,Head-on,2,,41.0,Male,0,5176.17,Heavy,Poorly-Lit,60
MMTI-2025-18141,,SUV/Van,Hit and Run,6,,43.0,Male,2,419358.43,Moderate,Well-Lit,60 kph
MMTI-2025-03756,Paranaque,Bus,Rear-end,3,Clear,43.0,Male,0,382215.77,,Well-Lit,40
MMTI-2025-10129,Paranaque,Truck,Side-swipe,3.0,Clear,41.0,Female,0,106415.3,Moderate,Poorly-Lit,40
MMTI-2025-21277, quezon,Jeepney,Head-on,3.0,Clear,38.0,Male,0,,Heavy,Well-Lit,60 km/h
MMTI-2025-00093,Malabon,Truck,Head-on,3.0,Cloudy,,Male,0,617020.93,Moderate,Well-Lit,80
MMTI-2025-00819,Quezon,Motorcycle,Side-swipe,2,Cloudy,54.0,Male,0,"PHP 596,050.52",Moderate,Well-Lit,80
MMTI-2025-03992,Manila,Car,Rear-end,Risk Level 3,Cloudy,45.0,Female,0,177.8k,Heavy,Well-Lit,60
MMTI-2025-19756,Makati,Bus,Rear-end,3,,70.0,Male,0,443796.5,Heavy,Poorly-Lit,40
MMTI-2025-15274,Quezon,Motorcycle,Rear-end,2,Stormy,43.0,Female,0,77777777,Light,dark,30 kph
MMTI-2025-09107,Manila,Car,Side-swipe,Risk Level 2,Cloudy,29.0,Male,0,182868.14,Heavy,Well-Lit,80
MMTI-2025-01570,Manila,Motorcycle,Hit and Run,3.0,Cloudy,19.0,Male,0,194048.31,Heavy,Lit,60
MMTI-2025-23324,Mandaluyong,Car,Hit and Run,3,Clear,33.0,Unknown,0,72130.1,Moderate,dark,60
MMTI-2025-03611,Caloocan,,Rear-end,3,Clear,42.0,male,0,153650.5,Heavy,Poorly-Lit,60
MMTI-2025-23563,Taguig,Car,Hit and Run,3,Cloudy,33.0,Male,0,327464.18,Light,Poorly-Lit,60