Incident_ID,City,Vehicle_Type,Accident_Type,Severity,Weather_Condition,Driver_Age,Driver_Gender,Injury_Count,Damage_Cost_PHP,Traffic_Volume,Road_Lighting,Speed_Limit
MMTI-2025-14631,Quezon,Truck,Side-swipe,Risk Level 1,Cloudy,43.0,Male,0,,Moderate,Well-Lit,60
MMTI-2025-00504,Paranaque,Car,Head-on,3.0,Clear,36.0,Female,0,100430.38,MODERATE,Lit,60
MMTI-2025-17165,Makati,Car,Rear-end,3,Cloudy,42.0,Female,0,226043.85,Moderate,Well-Lit,60
MMTI-2025-09605,Mandaluyong,,Side-swipe,Risk Level 2,Clear,44.0,Male,0,,Heavy,Poorly-Lit,60
MMTI-2025-07426,Quezon,Jeepney,Side-swipe,,Clear,50.0,M,0,27443.14,Heavy,Lit,60
MMTI-2025-20617,Quezon,Car,Head-on,6,Stormy,32.0,Female,1,1883095.01,Heavy,Unlit,40
MMTI-2025-04784,Makati,Car,Side-swipe,6,Cloudy,38.0,Male,1,256586.14,HEAVY,No Lights,60
MMTI-2025-10103,Quezon,Car,Head-on,3,Rainy,23.0,Male,0,839176.69,Heavy,Poorly-Lit,60
MMTI-2025-22049,Quezon,Jeepney,Hit and Run,3,Clear,27.0,Male,0,,Heavy,Well-Lit,40
MMTI-2025-10148,Las Pinas,Motorcycle,Hit and Run,Risk Level 3,Clear,24.0,M,0,95904.12,Heavy,Well-Lit,60
MMTI-2025-03687,Mandaluyong,Jeepney,Rear-end,6,Clear,,Female,3,212247.08,HEAVY,Well-Lit,60
MMTI-2025-07912,Quezon,SUV/Van,Hit and Run,3.0,Stormy,38.0,Female,0,77777777,Heavy,Unlit,60 km/h
MMTI-2025-01836,Taguig,SUV/Van,Hit and Run,3,Cloudy,49.0,Male,0,341128.67,Moderate,Well-Lit,60
MMTI-2025-03555,Marikina,,Head-on,3.0,Storm,22.0,Female,0,123707.49,Moderate,Well-Lit,60
MMTI-2025-17196,Makati,Car,Head-on,1,Cloudy,34.0,Female,0,268867.26,Moderate,Well-Lit,40
MMTI-2025-00959,Marikina,,Head-on,Risk Level 2,Clear,34.0,Male,0,13824.62,Moderate,Well-Lit,80
MMTI-2025-19331,Muntinlupa,SUV/Van,Side-swipe,Risk Level 3,Clear,45.0,Male,0,53689.12,Heavy,Well-Lit,40
MMTI-2025-00712,Mandaluyong,Car,Head-on,3,Clear,36.0,Male,0,"PHP 73,145.98",Heavy,POOR,40 km/h
MMTI-2025-14599,Pasig,Motorcycle,Head-on,3,Clear,42.0,Female,0,141126.32,HEAVY,Poorly-Lit,60
MMTI-2025-23301,,,Hit and Run,3,Rain,47.0,Male,1,257832.72,Heavy,dark,30
MMTI-2025-06049,,Truck,Side-swipe,3,Clear,27.0,Male,0,547075.46,Heavy,No Lights,80
MMTI-2025-00167,Manila,Jeepney,Head-on,3,Cloudy,41.0,Female,0,165870.71,HEAVY,dark,40
MMTI-2025-05017,Quezon,Car,Head-on,3,Cloudy,36.0,Male,0,427914.65,Heavy,Well-Lit,80 km/h
MMTI-2025-09465,Quezon,Motorcycle,Rear-end,3,Rainy,46.0,Male,0,1392109.44,LIGHT,POOR,60
MMTI-2025-23406,Pasig,Car,Rear-end,3.0,Clear,56.0,Male,0,"PHP 147,586.07",Heavy,Poorly-Lit,60
MMTI-2025-17359,Caloocan,SUV/Van,Hit and Run,3.0,Clear,31.0,Male,0,"PHP 43,147.62",Heavy,Well-Lit,60
MMTI-2025-20136,Quezon,Motorcycle,Side-swipe,3,Rainy,32.0,Male,0,1335261.55,Moderate,Poorly-Lit,60
MMTI-2025-20207,Caloocan,Motorcycle,Hit and Run,3.0,Clear,45.0,Female,0,39311.39,,Well-Lit,40
MMTI-2025-17699,Taguig,Truck,Rear-end,Risk Level 3,Cloudy,37.0,Female,0,"PHP 309,125.73",Heavy,No Lights,60
MMTI-2025-12009,Manila,Car,Rear-end,3,Cloudy,43.0,Male,0,174905.68,Heavy,Well-Lit,60
MMTI-2025-18446,,Motorcycle,Hit and Run,3,,45.0,Male,0,,Moderate,Well-Lit,100
MMTI-2025-09616,Mandaluyong,Truck,Hit and Run,3.0,Clear,38.0,Male,0,,Heavy,Well-Lit,100
MMTI-2025-22904,Quezon,Car,Head-on,3,Rainy,47.0,Male,0,1200682.71,Heavy,Well-Lit,60
MMTI-2025-03735,Paranaque,Car,Head-on,3.0,Clear,34.0,Unknown,0,97.7k,Heavy,Poorly-Lit,60
MMTI-2025-05920,Las Pinas,Car,Hit and Run,3,Clear,41.0,Male,0,95.1k,Moderate,Well-Lit,40 km/h
MMTI-2025-07723,Taguig,Car,Head-on,Risk Level 3,Cloudy,34.0,M,0,319224.79,Heavy,Well-Lit,40
MMTI-2025-00623,Quezon,Motorcycle,Rear-end,3.0,Cloudy,26.0,male,0,495417.64,Heavy,Well-Lit,40 kph
MMTI-2025-02243,Las Pinas,Car,Side-swipe,3,Clear,27.0,F,0,83823.1,Moderate,dark,80
MMTI-2025-01312,Malabon,Bus,Head-on,3.0,,53.0,Male,0,518580.16,Heavy,Unlit,80
MMTI-2025-00166,Makati,Motorcycle,Side-swipe,3,Cloudy,39.0,Male,0,214893.68,Light,Well-Lit,60
MMTI-2025-09212,Manila,,Rear-end,2,Clear,36.0,Male,0,26155.49,Moderate,Well-Lit,60
MMTI-2025-12340,Navotas,Motorcycle,Rear-end,3.0,Clear,26.0,male,0,36799.39,,Well-Lit,60
MMTI-2025-17191,Paranaque,Truck,Hit and Run,,Cloudy,31.0,Male,0,201950.66,Moderate,Well-Lit,100
MMTI-2025-09745,,Truck,Head-on,3.0,Clear,26.0,Male,0,619969.88,Heavy,Well-Lit,40 km/h
MMTI-2025-18321,Manila,Motorcycle,Rear-end,3.0,Clear,49.0,Male,0,,Moderate,Well-Lit,60
MMTI-2025-22087,Manila,Car,Side-swipe,3,,37.0,Male,0,55735.07,,Well-Lit,60
MMTI-2025-21274,Paranaque,Truck,Side-swipe,2.0,Clear,49.0,Male,0,,Light,Poorly-Lit,60
MMTI-2025-06191,Quezon,Car,Side-swipe,3.0,Rainy,43.0,Female,0,828306.38,Heavy,Well-Lit,60
MMTI-2025-10366,,Bus,Side-swipe,Risk Level 3,Storm,52.0,Male,0,1098047.81,Light,Poorly-Lit,80
MMTI-2025-18146,Quezon,Car,Head-on,Risk Level 3,Rainy,37.0,Male,0,1647140.76,Heavy,Well-Lit,80 km/h
MMTI-2025-06668, quezon,Truck,Side-swipe,,Clear,27.0,Male,0,280198.68,Heavy,Poorly-Lit,60 km/h
MMTI-2025-02740,Quezon,SUV/Van,Side-swipe,3,Clear,,Male,0,240220.15,Heavy,Well-Lit,40 km/h
MMTI-2025-17103,Quezon,Jeepney,Rear-end,3,Rainy,46.0,Male,0,773335.66,Heavy,Unlit,80
MMTI-2025-09809,Manila,Motorcycle,Hit and Run,6.0,,28.0,Male,3,118283.71,Heavy,Unlit,40
MMTI-2025-08186,Navotas,Bus,Side-swipe,,Rain,39.0,Male,0,288501.95,Heavy,Well-Lit,30
MMTI-2025-20117,Quezon,Car,Head-on,3.0,Cloudy,39.0,Male,0,537473.94,Light,Well-Lit,30 km/h
MMTI-2025-18787,Pateros,Truck,Side-swipe,3,Clear,38.0,Male,0,,Moderate,Unlit,80 km/h
MMTI-2025-01059,Taguig,Car,Hit and Run,3.0,Cloudy,29.0,Female,0,276542.09,Heavy,Poorly-Lit,80 km/h
MMTI-2025-03833,Manila,,Head-on,,Rain,36.0,Male,0,58537.39,Heavy,Well-Lit,60
MMTI-2025-01963,Quezon,,Side-swipe,2,Clear,30.0,Female,0,74288.66,Heavy,Well-Lit,60
MMTI-2025-01514,Quezon,Car,Hit and Run,1,Cloudy,25.0,Male,0,392.2k,Moderate,Well-Lit,100
MMTI-2025-02603,,Motorcycle,Side-swipe,3,Clear,,Male,0,49717.35,MODERATE,Lit,40
MMTI-2025-02150,Mandaluyong,Car,Rear-end,3,Clear,27.0,Male,0,69199.03,Moderate,Poorly-Lit,30
MMTI-2025-06663,Paranaque,Car,Rear-end,Risk Level 2,Clear,40.0,Female,0,104703.4,LIGHT,Well-Lit,40
MMTI-2025-20572,Muntinlupa,Car,Hit and Run,3,Clear,31.0,Female,0,53981.21,Heavy,Well-Lit,80
MMTI-2025-08562,,Motorcycle,Hit and Run,4.0,Clear,44.0,Female,4,17924.43,Heavy,Unlit,30 km/h
MMTI-2025-15111,Mandaluyong,Car,Hit and Run,Risk Level 6,Clear,43.0,M,4,81148.16,Heavy,Poorly-Lit,60
MMTI-2025-02239,Manila,Motorcycle,Side-swipe,3,Clear,44.0,Male,0,13660.32,,Well-Lit,60
MMTI-2025-22845,Taguig,Car,Hit and Run,3,Cloudy,39.0,Male,0,325078.11,Heavy,Well-Lit,30
MMTI-2025-12028,Paranaque,Car,Hit and Run,3,Clear,46.0,Female,0,111049.21,Moderate,Well-Lit,60
MMTI-2025-04202,Paranaque,Truck,Head-on,3,Clear,37.0,Male,0,103865.11,Heavy,Poorly-Lit,60
MMTI-2025-07454,Quezon,SUV/Van,Rear-end,Risk Level 6,Stormy,51.0,Female,1,2628823.71,Moderate,Well-Lit,80
MMTI-2025-07817,Pasig,Motorcycle,Rear-end,6,Clear,30.0,Male,4,133052.94,Heavy,Well-Lit,100 km/h
MMTI-2025-06095,,,Rear-end,Risk Level 3,Rain,27.0,Male,0,94079.19,Moderate,dark,80
MMTI-2025-05940,Quezon,Car,Head-on,3,Rainy,39.0,Male,0,1090721.12,HEAVY,Poorly-Lit,30 kph
MMTI-2025-18679,Quezon,Car,Rear-end,Risk Level 3,Rainy,17.0,Male,0,1685456.24,Light,Well-Lit,60
MMTI-2025-17399,Quezon,Car,Side-swipe,3,Rainy,27.0,Unknown,0,780997.92,Heavy,Unlit,60 km/h
MMTI-2025-11791,Marikina,Motorcycle,Hit and Run,3,Clear,42.0,Male,0,62626.98,Moderate,Lit,40 kph
MMTI-2025-08299,,Motorcycle,Hit and Run,Risk Level 3,Clear,23.0,Male,0,23803.3,Heavy,Poorly-Lit,60
MMTI-2025-00387,Quezon,,Head-on,3,Clear,32.0,Female,0,79304.63,Heavy,Well-Lit,60
MMTI-2025-06525,,Car,Hit and Run,3,Rain,42.0,Female,0,,Heavy,Unlit,40
MMTI-2025-03628,,,Rear-end,Risk Level 3,Clear,29.0,Male,0,165205.25,,Well-Lit,60 km/h
MMTI-2025-15677,Manila,Motorcycle,Head-on,3.0,Cloudy,41.0,Male,0,165494.78,Heavy,POOR,100
MMTI-2025-17049,Quezon,Car,Side-swipe,1,Cloudy,40.0,Female,0,591486.76,Moderate,Poorly-Lit,60
MMTI-2025-02907, marikina,Truck,Head-on,,Clear,42.0,Male,0,147217.88,Heavy,Poorly-Lit,60
MMTI-2025-15678,San Juan,Car,Side-swipe,3,,33.0,Male,0,"PHP 219,351.00",Heavy,Well-Lit,60
MMTI-2025-20684,Quezon,Car,Side-swipe,6,Cloudy,38.0,Male,4,508.9k,Heavy,Unlit,40
MMTI-2025-11912,Las Pinas,Motorcycle,Rear-end,3,Clear,42.0,Male,0,86512.63,Light,well lit,60 km/h
MMTI-2025-12051,Quezon,SUV/Van,Head-on,3,Rainy,40.0,Male,0,1124989.99,Heavy,Well-Lit,60
MMTI-2025-03896,Quezon,Motorcycle,Rear-end,3,Stormy,33.0,Male,0,99999999,Light,Unlit,40 km/h
MMTI-2025-16730,Quezon,Car,Side-swipe,3.0,Rainy,39.0,Male,0,759669.55,Heavy,Unlit,60
MMTI-2025-18230,Manila,,Side-swipe,3,Clear,46.0,Male,0,132664.85,Light,Well-Lit,40
MMTI-2025-01561,Pasig,SUV/Van,Rear-end,1,Clear,18.0,Male,0,154191.87,Light,Poorly-Lit,60
MMTI-2025-04865,Caloocan,Car,Hit and Run,3.0,Clear,27.0,Female,0,42350.2,Moderate,Poorly-Lit,60
MMTI-2025-00704,Las Pinas,Car,Hit and Run,3,Clear,36.0,Male,0,83018.72,Heavy,No Lights,80
MMTI-2025-22724,Valenzuela,,Rear-end,Risk Level 3,Clear,37.0,Male,0,114331.33,Light,Poorly-Lit,60
MMTI-2025-13308,SAN JUAN ,SUV/Van,Rear-end,3,Clear,43.0,Male,0,218947.14,,Lit,60
MMTI-2025-12891, quezon,,Side-swipe,2.0,Clear,41.0,Female,0,22606.77,Heavy,Well-Lit,80
MMTI-2025-02929,,Truck,Side-swipe,2,,44.0,Male,0,440.1k,Light,Unlit,40
MMTI-2025-00734,Mandaluyong,SUV/Van,Rear-end,3,Clear,48.0,Female,0,73098.09,Heavy,Well-Lit,60 kph
MMTI-2025-12292,Quezon,Car,Rear-end,3,Cloudy,37.0,Female,0,559874.17,Heavy,Well-Lit,60 kph
MMTI-2025-14618,Paranaque,Jeepney,Rear-end,Risk Level 3,Clear,50.0,Male,0,108774.49,Moderate,Well-Lit,60
MMTI-2025-18220,Pasay,Car,Hit and Run,3,Clear,46.0,female ,0,50573.5,Light,Lit,100
MMTI-2025-09217,Paranaque,Truck,Rear-end,2,Clear,,Male,0,,Light,Well-Lit,60
MMTI-2025-17112,San Juan,SUV/Van,Head-on,,Storm,45.0,F,1,42309.26,Heavy,dark,60
MMTI-2025-16857,Pasig,SUV/Van,Head-on,3,Clear,64.0,Male,0,135587.29,Heavy,POOR,60
MMTI-2025-09274,Paranaque,Motorcycle,Hit and Run,Risk Level 6,Clear,40.0,Female,3,106126.68,Heavy,Well-Lit,60
MMTI-2025-19796,Quezon,,Head-on,Risk Level 1,Clear,49.0,Male,0,19544.38,Light,Poorly-Lit,100
MMTI-2025-16357,Caloocan,Car,Head-on,3.0,Clear,41.0,Male,0,42211.18,Moderate,Well-Lit,80
MMTI-2025-16852,Quezon,,Hit and Run,3.0,Clear,38.0,Male,0,148544.85,Moderate,Well-Lit,40
MMTI-2025-10958,Quezon,Truck,Side-swipe,3.0,Rainy,53.0,Male,0,1394810.43,Moderate,Poorly-Lit,60
MMTI-2025-03814,Quezon,Motorcycle,Side-swipe,6,Rainy,45.0,Male,1,1491106.29,HEAVY,Well-Lit,60 kph
MMTI-2025-23262,Las Pinas,Motorcycle,Rear-end,,Clear,21.0,Male,0,4858.16,Heavy,well lit,60 km/h
MMTI-2025-01553,Manila,Jeepney,Side-swipe,,Clear,43.0,Male,0,6.4k,HEAVY,Well-Lit,40 kph
MMTI-2025-22169,Muntinlupa,Car,Head-on,3.0,Clear,42.0,Male,0,56367.64,Heavy,well lit,80 km/h
MMTI-2025-13934,Makati,,Rear-end,3.0,Clear,53.0,Male,0,91669.09,Heavy,Well-Lit,60 km/h
MMTI-2025-03530,Quezon,Jeepney,Hit and Run,6,,34.0,Male,3,"PHP 124,552.24",,Well-Lit,40
MMTI-2025-05472,Manila,Bus,Head-on,6,Clear,,Male,4,1265628.55,Moderate,Well-Lit,40
MMTI-2025-01251,Caloocan,Car,Hit and Run,3.0,Clear,44.0,Male,0,"PHP 43,501.69",Heavy,well lit,60 kph
MMTI-2025-08662,Marikina,Car,Side-swipe,3,Clear,34.0,Male,0,65133.25,Heavy,Poorly-Lit,60
MMTI-2025-08733,Quezon,Car,Head-on,6.0,Cloudy,999.0,Male,1,"PHP 359,148.31",Moderate,Poorly-Lit,40 km/h
MMTI-2025-05902,Marikina,Truck,Rear-end,9,Clear,29.0,Male,1,,Heavy,Poorly-Lit,40
MMTI-2025-04737,Pasig,Car,Hit and Run,3,Clear,42.0,Male,0,154263.21,Moderate,Well-Lit,30
MMTI-2025-13064,Manila,Motorcycle,Head-on,3.0,Cloudy,51.0,Male,0,198704.28,HEAVY,Well-Lit,60 km/h
MMTI-2025-19153,,SUV/Van,Rear-end,,Clear,43.0,Male,0,89.3k,Heavy,Poorly-Lit,30 km/h
MMTI-2025-19385,,SUV/Van,Rear-end,Risk Level 1,Clear,24.0,Male,0,98915.88,Moderate,POOR,80
MMTI-2025-14013,TAGUIG ,Motorcycle,Head-on,,,43.0,Male,0,4638.15,Heavy,Poorly-Lit,60
MMTI-2025-23490,Makati,Motorcycle,Side-swipe,,Clear,32.0,Male,3,10020.22,Heavy,Well-Lit,40
MMTI-2025-09867,Valenzuela,Car,Rear-end,2,Clear,35.0,Unknown,0,37435.34,HEAVY,Well-Lit,30
MMTI-2025-16852,Quezon,,Hit and Run,3.0,Clear,38.0,Male,0,148544.85,Moderate,Well-Lit,40
MMTI-2025-09784,MUNTINLUPA ,Truck,Side-swipe,3.0,,19.0,Male,0,1434416.48,Moderate,Well-Lit,60 km/h
MMTI-2025-02451,,Car,Head-on,3,Clear,31.0,Male,0,137388.48,Heavy,Poorly-Lit,80
MMTI-2025-05954,Manila,Jeepney,Head-on,6,,42.0,Male,2,161.0k,Heavy,Poorly-Lit,60
MMTI-2025-17599,Quezon,Car,Side-swipe,Risk Level 3,Rainy,29.0,female ,0,663465.31,Heavy,Poorly-Lit,60
MMTI-2025-17548,Manila,Truck,Rear-end,Risk Level 2,,18.0,Male,0,237552.01,Light,POOR,60
MMTI-2025-07381,Mandaluyong,Car,Head-on,3,Clear,44.0,Male,0,75131.0,Heavy,Well-Lit,40 km/h
MMTI-2025-01465,PASAY ,,Head-on,3,Clear,30.0,Male,0,206031.82,Heavy,Well-Lit,60
MMTI-2025-08304,Makati,Bus,Hit and Run,6,,44.0,F,4,1420354.97,Heavy,Well-Lit,100
MMTI-2025-01618,Manila,Motorcycle,Head-on,,Storm,46.0,Male,0,,Moderate,Poorly-Lit,60
MMTI-2025-06514,Las Pinas,Car,Side-swipe,3.0,Clear,49.0,M,0,94300.86,Heavy,Unlit,80
MMTI-2025-18379,Paranaque,Motorcycle,Hit and Run,3.0,Clear,40.0,F,0,106131.31,Heavy,Poorly-Lit,60
MMTI-2025-17386,Paranaque,Car,Side-swipe,3.0,Clear,36.0,Male,0,105705.5,Heavy,Well-Lit,60
MMTI-2025-09508,Las Pinas,SUV/Van,Hit and Run,3,Clear,21.0,Male,0,92272.08,Heavy,Poorly-Lit,40 km/h
MMTI-2025-22486,Taguig,Truck,Hit and Run,3,,49.0,Male,0,1698019.47,Moderate,well lit,40 kph
MMTI-2025-04294,Las Pinas,Car,Head-on,3,Clear,47.0,Male,0,95.4k,Moderate,POOR,60
MMTI-2025-02923,Quezon,Car,Side-swipe,3,Stormy,18.0,Male,0,"PHP 1,916,306.67",Heavy,dark,60 kph
MMTI-2025-04701,Pasig,SUV/Van,Hit and Run,3,Clear,28.0,Male,0,"PHP 137,076.10",Heavy,Well-Lit,30 km/h
MMTI-2025-10022,,Jeepney,Side-swipe,3,Clear,33.0,Female,0,148445.51,Heavy,Well-Lit,40 km/h
MMTI-2025-06737,Taguig,Car,Rear-end,3,Cloudy,26.0,Male,0,292966.41,Moderate,Well-Lit,60
MMTI-2025-02767,MARIKINA ,SUV/Van,Side-swipe,3,Clear,36.0,Male,0,,Heavy,Poorly-Lit,60
MMTI-2025-17827,Manila,Car,Side-swipe,2,Cloudy,35.0,F,0,182909.3,Moderate,Well-Lit,80
MMTI-2025-13803,Muntinlupa,Car,Head-on,3.0,Clear,53.0,Male,0,56755.72,Heavy,POOR,80 km/h
MMTI-2025-15581,Quezon,Car,Side-swipe,3,Cloudy,50.0,Male,0,535744.35,Heavy,Unlit,40
MMTI-2025-19237,Taguig,Motorcycle,Side-swipe,3,Cloudy,19.0,Male,0,276143.69,Moderate,Poorly-Lit,60
MMTI-2025-12121,Manila,Motorcycle,Rear-end,4.0,Cloudy,53.0,Male,3,196213.91,Moderate,Well-Lit,60
MMTI-2025-03129,Manila,Car,Rear-end,Risk Level 3,Cloudy,54.0,Female,0,195823.03,Moderate,Poorly-Lit,40
MMTI-2025-15493,Quezon,Car,Side-swipe,6,Rainy,40.0,Male,4,1178175.79,Heavy,Well-Lit,60
MMTI-2025-11318,Las Pinas,Car,Side-swipe,3,Clear,35.0,Male,0,"PHP 91,352.99",Moderate,Well-Lit,40 km/h
MMTI-2025-17122,Quezon,Motorcycle,Rear-end,6,Cloudy,47.0,Male,3,428499.29,HEAVY,Well-Lit,60
MMTI-2025-09467,Quezon,Truck,Side-swipe,2,Cloudy,37.0,Male,0,"PHP 378,599.83",Heavy,dark,60
MMTI-2025-18257,Quezon,Car,Head-on,2,Cloudy,37.0,Male,3,395295.89,Light,Poorly-Lit,60 kph
MMTI-2025-14011,Las Pinas,Truck,Rear-end,3,Clear,43.0,Male,0,"PHP 87,505.53",Light,Well-Lit,80
MMTI-2025-03966,Marikina,Motorcycle,Side-swipe,3,,59.0,Unknown,0,12463.03,Heavy,Well-Lit,40
MMTI-2025-16807,Quezon,Car,Hit and Run,,Clear,41.0,Female,0,21712.71,Moderate,Well-Lit,60
MMTI-2025-12221,Muntinlupa,Car,Side-swipe,3,Clear,51.0,Male,0,51219.72,Light,Well-Lit,40
MMTI-2025-15821,Manila,SUV/Van,Head-on,Risk Level 3,Cloudy,38.0,Male,0,177234.46,Moderate,Well-Lit,100 km/h
MMTI-2025-00332,Paranaque,Jeepney,Head-on,9,Clear,46.0,Male,2,114224.74,Moderate,Well-Lit,60
MMTI-2025-10459,Quezon,Bus,Head-on,3.0,Clear,,Male,0,559819.94,Moderate,Poorly-Lit,30
MMTI-2025-13086,,SUV/Van,Side-swipe,3,Clear,29.0,Male,0,387100.36,Moderate,Unlit,80
MMTI-2025-22159,Pasig,Car,Head-on,3.0,Clear,38.0,Male,0,148622.82,Heavy,Unlit,60
MMTI-2025-21113,,Jeepney,Rear-end,3,Cloudy,55.0,Male,0,"PHP 79,835.04",Heavy,Poorly-Lit,40 km/h
MMTI-2025-14929,Makati,Car,Head-on,3,Cloudy,37.0,Male,0,214.0k,Moderate,Lit,60
MMTI-2025-00319,,Motorcycle,Hit and Run,3,Cloudy,49.0,Female,0,12764.03,Moderate,Poorly-Lit,60 km/h
MMTI-2025-15432,Pasig,,Head-on,2.0,Clear,40.0,Unknown,0,40028.95,Light,Poorly-Lit,80 km/h
MMTI-2025-12875,Pasig,SUV/Van,Rear-end,3,,39.0,Male,0,,Heavy,Well-Lit,60
MMTI-2025-12156,Quezon,Car,Rear-end,3,Cloudy,52.0,male,0,"PHP 573,570.96",Heavy,Poorly-Lit,80
MMTI-2025-18517,Quezon,Car,Head-on,6,,22.0,Female,1,268994.55,Heavy,Poorly-Lit,60 km/h
MMTI-2025-02844,Mandaluyong,Truck,Rear-end,3.0,,999.0,Male,0,810076.16,Heavy,Well-Lit,60
MMTI-2025-13917,Taguig,Truck,Rear-end,,Clear,41.0,Female,0,239819.87,Heavy,Lit,30
MMTI-2025-22782,,Motorcycle,Hit and Run,6,Clear,44.0,M,1,79266.52,HEAVY,Well-Lit,60
MMTI-2025-05458,Taguig,Motorcycle,Hit and Run,,Storm,30.0,Female,0,4351.83,Heavy,Well-Lit,60 km/h
MMTI-2025-18180,Marikina,Car,Side-swipe,Risk Level 3,Clear,61.0,Female,0,62273.73,Heavy,Well-Lit,80
MMTI-2025-08780,Mandaluyong,Motorcycle,Head-on,3,Clear,45.0,Male,0,74000.37,Moderate,Unlit,60 km/h
MMTI-2025-16224,Makati,Truck,Head-on,3,Cloudy,45.0,Male,0,212218.52,Heavy,Well-Lit,40 km/h
MMTI-2025-01982,PATEROS ,Motorcycle,Hit and Run,3.0,,30.0,Male,0,10071.55,Heavy,well lit,60 km/h
MMTI-2025-07226,Quezon,SUV/Van,Hit and Run,Risk Level 2,Clear,24.0,Female,0,,Light,Well-Lit,40 km/h
MMTI-2025-20859,Las Pinas,Car,Rear-end,2.0,Clear,38.0,Male,0,88606.42,Moderate,Unlit,40 km/h
MMTI-2025-03337,Pasig,Car,Side-swipe,Risk Level 2,Clear,28.0,Male,0,159027.52,Heavy,Poorly-Lit,60 kph
MMTI-2025-17912,Quezon,Car,Hit and Run,6.0,Cloudy,31.0,Male,4,412458.4,Moderate,dark,60
MMTI-2025-20576,Taguig,Car,Hit and Run,Risk Level 2,Cloudy,46.0,F,0,340476.31,Heavy,Lit,80 km/h
MMTI-2025-19571,Las Pinas,SUV/Van,Hit and Run,6,Clear,24.0,Male,4,85126.89,Heavy,Poorly-Lit,60
MMTI-2025-19270,Marikina,Truck,Side-swipe,3.0,Clear,33.0,Male,0,64836.18,Moderate,Lit,60
MMTI-2025-18835,Manila,Truck,Hit and Run,1,Clear,,Male,0,297263.51,,Well-Lit,60
MMTI-2025-10147, caloocan,Bus,Rear-end,6.0,,40.0,Male,1,2674255.16,Heavy,Poorly-Lit,40 kph
MMTI-2025-15655, manila,,Head-on,3,Rain,60.0,Male,0,111180.62,Heavy,Well-Lit,40
MMTI-2025-15801,Quezon,Truck,Head-on,3,Rainy,27.0,Male,0,1570187.65,Moderate,Well-Lit,60
MMTI-2025-12347, manila,SUV/Van,Head-on,Risk Level 3,Cloudy,38.0,Male,0,,Heavy,Well-Lit,60 kph
MMTI-2025-21375,Marikina,Motorcycle,Head-on,2.0,,29.0,Male,0,14784.87,HEAVY,Poorly-Lit,40 km/h
MMTI-2025-18088,Pasig,Car,Rear-end,3,Clear,-10.0,Male,0,160192.34,Moderate,Well-Lit,40
MMTI-2025-19191,Muntinlupa,Truck,Head-on,3,Rain,37.0,Female,0,,Heavy,Poorly-Lit,60
MMTI-2025-17730,Makati,Bus,Hit and Run,2.0,Clear,43.0,F,0,,Moderate,Well-Lit,40
MMTI-2025-18231,Manila,Truck,Head-on,3.0,Rain,24.0,Male,0,,Heavy,Poorly-Lit,60 kph
MMTI-2025-20337,Paranaque,Car,Head-on,6,Clear,37.0,Male,4,113950.59,Light,Well-Lit,40
MMTI-2025-08649,Quezon,Truck,Side-swipe,3,Rainy,36.0,Male,0,1249.4k,Heavy,Unlit,30
MMTI-2025-07173,Las Pinas,Car,Side-swipe,Risk Level 3,Clear,20.0,Male,0,92608.56,Heavy,Well-Lit,60 kph
MMTI-2025-05635,Quezon,Car,Rear-end,3,Rainy,38.0,Male,0,917618.74,Heavy,Poorly-Lit,80
MMTI-2025-17825,Taguig,Car,Rear-end,Risk Level 3,Cloudy,30.0,Female,0,284475.56,Heavy,Well-Lit,60
MMTI-2025-13938,Makati,,Side-swipe,6,Clear,37.0,male,2,463167.25,Heavy,Well-Lit,80
MMTI-2025-16685,Quezon,Motorcycle,Head-on,3,Rainy,44.0,Male,0,1092332.7,Moderate,Well-Lit,60
MMTI-2025-07996,Taguig,Car,Head-on,3,Cloudy,38.0,male,0,312844.13,Heavy,Poorly-Lit,40
MMTI-2025-12974,Makati,Jeepney,Rear-end,3,Cloudy,29.0,Male,0,"PHP 218,782.21",Heavy,Well-Lit,60 km/h
MMTI-2025-17436,Marikina,Car,Head-on,3,Clear,41.0,Male,0,58669.65,Heavy,No Lights,30 km/h
MMTI-2025-16849,Quezon,Car,Head-on,6,Stormy,38.0,Male,2,2743116.38,Moderate,Well-Lit,60
MMTI-2025-00381,Mandaluyong,Car,Side-swipe,3.0,,17.0,Female,0,121937.19,Moderate,Well-Lit,80 kph
MMTI-2025-06322,,SUV/Van,Head-on,3.0,Rain,28.0,Male,0,101337.95,Heavy,Well-Lit,40 kph
MMTI-2025-10224,Manila,Motorcycle,Rear-end,,Cloudy,41.0,Male,0,12070.98,Heavy,Well-Lit,30
MMTI-2025-07253,Marikina,Car,Hit and Run,3,Cloudy,34.0,Male,0,,Heavy,Well-Lit,60
MMTI-2025-10758,Pasay,Car,Head-on,3,Clear,28.0,Female,0,47926.81,Moderate,Well-Lit,40
MMTI-2025-07903,Pasig,Car,Rear-end,Risk Level 3,Clear,31.0,Female,0,152184.59,Heavy,Poorly-Lit,80
MMTI-2025-07659,Caloocan,Car,Rear-end,2.0,Clear,34.0,Male,0,42397.9,Heavy,Well-Lit,60