Incident_ID,City,Vehicle_Type,Accident_Type,Severity,Weather_Condition,Driver_Age,Driver_Gender,Injury_Count,Damage_Cost_PHP,Traffic_Volume,Road_Lighting,Speed_Limit
MMTI-2025-06627,Caloocan,Motorcycle,Rear-end,2.0,Clear,59.0,Male,0,41385.67,Heavy,Poorly-Lit,80
MMTI-2025-00420,Valenzuela,Bus,Side-swipe,Risk Level 3,Clear,22.0,Male,0,"PHP 882,770.57",,dark,60 kph
MMTI-2025-12947,Pasig,Car,Rear-end,3,Rain,40.0,male,0,,,Poorly-Lit,60
MMTI-2025-04073,Quezon,Car,Rear-end,3.0,Rainy,26.0,Female,0,695013.05,Heavy,Unlit,80
MMTI-2025-06724,Taguig,SUV/Van,Rear-end,6.0,Rain,25.0,F,1,444115.95,,dark,60
MMTI-2025-22051,Muntinlupa,Car,Side-swipe,3,Clear,59.0,Male,0,53183.49,Moderate,Well-Lit,60
MMTI-2025-03372,Makati,Car,Hit and Run,3,,39.0,Male,3,262570.72,Moderate,Poorly-Lit,60
MMTI-2025-13589,,,Rear-end,3,Clear,36.0,Male,0,75802.07,Heavy,Well-Lit,60 km/h
MMTI-2025-14028, pasay,,Rear-end,3,Clear,41.0,Male,0,,Heavy,Well-Lit,80
MMTI-2025-14069,Quezon,Motorcycle,Head-on,3,Rainy,34.0,Male,0,1311917.75,Moderate,well lit,60 km/h
MMTI-2025-03067,Quezon,SUV/Van,Side-swipe,3,Clear,44.0,Male,0,,Heavy,Well-Lit,40 km/h
MMTI-2025-17670,Quezon,Car,Side-swipe,3,Rainy,40.0,Male,0,"PHP 772,086.54",Heavy,dark,80 km/h
MMTI-2025-17994,Makati,Jeepney,Head-on,Risk Level 3,Cloudy,42.0,Male,0,253199.29,Heavy,Unlit,30 kph
MMTI-2025-11965,Las Pinas,Truck,Head-on,3.0,Clear,29.0,Male,0,88571.7,Moderate,Lit,60
MMTI-2025-07700,Quezon,Motorcycle,Rear-end,3,Stormy,51.0,Male,0,2172270.91,Heavy,Well-Lit,60 km/h
MMTI-2025-03856,Pasay,Car,Hit and Run,,Clear,48.0,Female,0,"PHP 54,163.08",Heavy,Well-Lit,80 km/h
MMTI-2025-00479, pasig ,Jeepney,Head-on,3.0,Cloudy,24.0,Male,0,62332.95,,Unlit,100
MMTI-2025-03940,Quezon,Car,Side-swipe,Risk Level 2,Cloudy,43.0,Female,0,421.9k,Heavy,dark,80 kph
MMTI-2025-16328,,Car,Hit and Run,Risk Level 3,Clear,17.0,Female,0,257610.86,Light,Poorly-Lit,60
MMTI-2025-12624,Caloocan,,Side-swipe,3,Clear,27.0,Male,0,192208.56,MODERATE,Well-Lit,60
MMTI-2025-02535,Marikina,Car,Hit and Run,Risk Level 3,Clear,52.0,Male,0,62073.57,Heavy,No Lights,60
MMTI-2025-07578,Makati,,Hit and Run,3,Clear,35.0,Female,0,201943.11,Light,Well-Lit,40
MMTI-2025-07922,Paranaque,Car,Head-on,3,Clear,24.0,Male,0,98195.88,Heavy,POOR,30
MMTI-2025-14631,Quezon,Truck,Side-swipe,Risk Level 1,Cloudy,43.0,Male,0,,Moderate,Well-Lit,60
MMTI-2025-11518,Quezon,Motorcycle,Side-swipe,Risk Level 4,,26.0,Male,2,6451.16,Heavy,Well-Lit,40
MMTI-2025-15260,Manila,Bus,Head-on,2.0,Clear,33.0,Male,0,"PHP 73,116.63",,Unlit,60
MMTI-2025-11488,Quezon,Truck,Hit and Run,Risk Level 3,Cloudy,46.0,Male,0,405916.19,Moderate,Well-Lit,60
MMTI-2025-07684,Makati,SUV/Van,Hit and Run,6,Cloudy,52.0,Male,3,235864.09,Moderate,dark,60
MMTI-2025-15384,Pasay,Motorcycle,Hit and Run,1,Clear,26.0,Male,0,45668.27,Light,Well-Lit,60 km/h
MMTI-2025-04219,Quezon,Car,Side-swipe,3,Rainy,38.0,Male,0,"PHP 717,874.80",Heavy,Well-Lit,60
MMTI-2025-13857,Quezon,SUV/Van,Side-swipe,Risk Level 4,Stormy,40.0,Male,2,"PHP 2,082,266.88",Moderate,Well-Lit,60 kph
MMTI-2025-16254,Pasig,Car,Rear-end,1,Clear,37.0,Male,0,141271.02,Moderate,Lit,30 km/h
MMTI-2025-15890,Quezon,Car,Hit and Run,6,Rainy,18.0,Male,2,636773.87,Light,Unlit,40 km/h
MMTI-2025-14607,Quezon,SUV/Van,Rear-end,6.0,,57.0,male,3,,Heavy,Well-Lit,60
MMTI-2025-08366,Manila,Jeepney,Side-swipe,6,,999.0,Female,1,214400.56,Heavy,Poorly-Lit,60 km/h
MMTI-2025-23371,Manila,Bus,Side-swipe,3,Cloudy,53.0,Male,0,,Heavy,Unlit,60
MMTI-2025-15040,Makati,,Side-swipe,3.0,Clear,32.0,Male,0,,Heavy,No Lights,60
MMTI-2025-04400,PASAY ,Bus,Hit and Run,3,,25.0,Male,0,"PHP 922,707.75",Heavy,Well-Lit,60 km/h
MMTI-2025-03733,Quezon,Jeepney,Hit and Run,,Clear,,M,0,43295.54,Heavy,Poorly-Lit,40
MMTI-2025-11521,Valenzuela,Car,Side-swipe,3,,25.0,Male,0,"PHP 220,726.21",Heavy,Poorly-Lit,60
MMTI-2025-07479,Quezon,SUV/Van,Side-swipe,3,Rainy,43.0,Male,0,1481214.35,Moderate,Poorly-Lit,60
MMTI-2025-17007,Quezon,Car,Side-swipe,9,Rainy,32.0,Male,3,889687.71,Heavy,Well-Lit,60
MMTI-2025-23112,Paranaque,Car,Hit and Run,Risk Level 3,Clear,25.0,Male,0,121039.67,Heavy,dark,40
MMTI-2025-11711,Paranaque,Car,Hit and Run,9,Clear,51.0,male,3,118271.85,Heavy,Poorly-Lit,40
MMTI-2025-11102,Quezon,Car,Side-swipe,Risk Level 6,Cloudy,38.0,Male,4,496109.59,Heavy,Well-Lit,60 km/h
MMTI-2025-15605,Caloocan,Motorcycle,Side-swipe,,Cloudy,,Male,0,18149.05,HEAVY,Poorly-Lit,80
MMTI-2025-11338,Makati,Car,Hit and Run,Risk Level 2,Cloudy,37.0,Male,0,268783.07,Moderate,Poorly-Lit,40
MMTI-2025-08703,Pateros,Car,Hit and Run,6,,30.0,Male,1,"PHP 561,739.49",Moderate,Well-Lit,60
MMTI-2025-14994,Manila,Car,Side-swipe,Risk Level 3,Cloudy,0.0,Male,0,168400.0,Moderate,Well-Lit,60
MMTI-2025-16186,Manila,Car,Rear-end,3.0,Cloudy,49.0,female ,0,172627.47,Heavy,Well-Lit,40 km/h
MMTI-2025-17698,,SUV/Van,Hit and Run,3.0,Cloudy,31.0,Male,0,,,Well-Lit,30
MMTI-2025-11416,Pasig,Bus,Rear-end,,Clear,47.0,Male,0,251265.16,Heavy,well lit,60
MMTI-2025-21017,Quezon,Bus,Side-swipe,3.0,,29.0,M,0,875642.78,Heavy,Well-Lit,60 km/h
MMTI-2025-19235,Paranaque,,Head-on,3.0,Clear,30.0,M,0,247152.59,Heavy,Well-Lit,40
MMTI-2025-23018,Quezon,,Head-on,3,Clear,45.0,Male,0,262896.19,Heavy,Well-Lit,60
MMTI-2025-06012,Quezon,Car,Side-swipe,3,Rainy,47.0,Female,0,1103267.18,Heavy,Well-Lit,80 km/h
MMTI-2025-15321,Manila,SUV/Van,Side-swipe,Risk Level 1,Clear,47.0,Male,0,88996.54,,Lit,40
MMTI-2025-01324,Manila,Truck,Head-on,3,Clear,27.0,Female,0,,Heavy,Unlit,60
MMTI-2025-22168,,SUV/Van,Side-swipe,3,Clear,45.0,Male,0,348310.37,LIGHT,Poorly-Lit,60
MMTI-2025-21683,Quezon,Bus,Head-on,3,Clear,,Male,0,391986.14,Light,POOR,30
MMTI-2025-03334,Quezon,SUV/Van,Rear-end,Risk Level 2,Cloudy,63.0,Female,0,426620.09,MODERATE,Well-Lit,100
MMTI-2025-08434,Quezon,Motorcycle,Hit and Run,3,Stormy,43.0,Male,0,77777777,LIGHT,Well-Lit,60
MMTI-2025-05554,Quezon,Car,Rear-end,Risk Level 3,Rainy,46.0,Female,0,720256.18,Heavy,Unlit,80
MMTI-2025-09616,Mandaluyong,Truck,Hit and Run,3.0,Clear,38.0,Male,0,,Heavy,Well-Lit,100
MMTI-2025-08229,Manila,Bus,Side-swipe,1.0,Cloudy,,Female,0,214083.42,Moderate,Unlit,40
MMTI-2025-01748,Quezon,SUV/Van,Hit and Run,Risk Level 3,,40.0,Male,0,265573.53,Heavy,Well-Lit,60 km/h
MMTI-2025-18071,Las Pinas,Car,Side-swipe,2,Clear,30.0,Male,0,84185.17,Heavy,Poorly-Lit,40 km/h
MMTI-2025-15245,Quezon,SUV/Van,Head-on,3,,34.0,Male,0,"PHP 196,024.87",Moderate,Well-Lit,60
MMTI-2025-12364,Paranaque,,Hit and Run,6.0,Rain,45.0,Female,3,247858.86,Heavy,Well-Lit,40 kph
MMTI-2025-15224,Quezon,Motorcycle,Head-on,3,Rainy,46.0,Female,0,785301.44,Heavy,Well-Lit,60 km/h
MMTI-2025-17523,Muntinlupa,Jeepney,Hit and Run,Risk Level 2,Clear,46.0,Female,0,51315.19,Moderate,Well-Lit,60
MMTI-2025-20800,Manila,Bus,Head-on,3.0,Rain,36.0,Female,0,,Heavy,Well-Lit,30
MMTI-2025-08668,Quezon,Car,Side-swipe,,Clear,27.0,Female,0,80941.1,Moderate,Lit,40
MMTI-2025-16049,,,Hit and Run,Risk Level 2,Cloudy,24.0,Male,0,27676.31,Heavy,Well-Lit,60 kph
MMTI-2025-11282,Manila,Car,Rear-end,6,Cloudy,49.0,Unknown,3,177212.95,Heavy,Unlit,40
MMTI-2025-07150,,,Head-on,Risk Level 3,Cloudy,48.0,Male,0,110606.82,Heavy,Poorly-Lit,60
MMTI-2025-06034,PARANAQUE ,Motorcycle,Rear-end,1.0,,41.0,Male,0,15.4k,Moderate,Well-Lit,60
MMTI-2025-02287,Manila,,Hit and Run,2,Clear,37.0,Male,0,33.1k,Moderate,well lit,30
MMTI-2025-08460,Manila,,Head-on,3,Clear,34.0,Male,0,192177.49,MODERATE,Well-Lit,100
MMTI-2025-21560,Taguig,Truck,Head-on,Risk Level 1,Clear,37.0,Male,0,,Moderate,Well-Lit,60
MMTI-2025-15135,Makati,Car,Hit and Run,3,Cloudy,40.0,male,0,241867.62,HEAVY,dark,60
MMTI-2025-16784,Makati,Car,Side-swipe,3.0,Cloudy,40.0,Male,0,219940.12,Moderate,Well-Lit,60
MMTI-2025-20083,Marikina,Truck,Side-swipe,Risk Level 3,Clear,50.0,Unknown,0,,Heavy,Poorly-Lit,60
MMTI-2025-15400,Mandaluyong,Motorcycle,Head-on,3.0,Clear,34.0,Male,0,79309.55,Heavy,Well-Lit,40 km/h
MMTI-2025-20827,Makati,Jeepney,Head-on,3,Clear,48.0,Male,0,,Moderate,Well-Lit,60
MMTI-2025-04576,Marikina,Motorcycle,Head-on,3,Clear,25.0,Male,0,,Moderate,Well-Lit,60
MMTI-2025-08614,Quezon,Car,Side-swipe,6,Rainy,61.0,Female,1,795185.34,LIGHT,Poorly-Lit,40
MMTI-2025-15903,Mandaluyong,Car,Side-swipe,3,Clear,43.0,Female,0,78901.63,Moderate,Well-Lit,60 kph
MMTI-2025-18766,Taguig,Car,Rear-end,9.0,Cloudy,50.0,Female,2,339469.28,HEAVY,Well-Lit,100
MMTI-2025-08929,Quezon,Motorcycle,Side-swipe,,Clear,25.0,Male,0,18763.65,Light,well lit,30
MMTI-2025-12842,Quezon,Bus,Head-on,3.0,Cloudy,,Male,0,676694.76,Heavy,Well-Lit,40
MMTI-2025-11120,San Juan,Truck,Hit and Run,Risk Level 3,Clear,43.0,Male,0,39351.26,HEAVY,POOR,60 km/h
MMTI-2025-08297,Navotas,SUV/Van,Head-on,3.0,Clear,45.0,Male,0,36365.67,Heavy,POOR,60
MMTI-2025-01911,Pasay,Car,Hit and Run,Risk Level 1,Clear,17.0,Male,0,47607.56,Moderate,well lit,80
MMTI-2025-03193,Pasig,Truck,Side-swipe,1,Clear,33.0,Female,0,"PHP 147,067.67",Moderate,Well-Lit,80
MMTI-2025-00706,Marikina,Car,Side-swipe,3,Clear,59.0,Male,0,62888.39,HEAVY,Well-Lit,60
MMTI-2025-03620,Pasig,SUV/Van,Hit and Run,3.0,Clear,35.0,Male,0,138204.03,Heavy,well lit,60 km/h
MMTI-2025-12647,Pasig,Motorcycle,Hit and Run,3,Clear,44.0,Male,0,125310.17,Heavy,Poorly-Lit,80 km/h
MMTI-2025-16331,Quezon,Bus,Hit and Run,3.0,Rain,24.0,Male,0,,Moderate,Poorly-Lit,30
MMTI-2025-06608,,Motorcycle,Rear-end,,Clear,28.0,Male,0,-25000,Heavy,Poorly-Lit,60
MMTI-2025-09171,,Motorcycle,Rear-end,Risk Level 1,Clear,55.0,Male,0,14273.71,Moderate,Well-Lit,40
MMTI-2025-06598,Quezon,Car,Rear-end,3,Rainy,33.0,Male,0,"PHP 649,591.81",LIGHT,Well-Lit,60 kph
MMTI-2025-16450,Las Pinas,Car,Side-swipe,Risk Level 3,Clear,55.0,Male,0,93872.26,Light,Well-Lit,40 kph
MMTI-2025-12657,Pasig,SUV/Van,Side-swipe,3,Clear,50.0,Male,0,150068.99,Moderate,Well-Lit,60 km/h
MMTI-2025-13457,Pasig,Motorcycle,Side-swipe,3,Rain,,Male,0,19880.17,Heavy,Well-Lit,60
MMTI-2025-12055,Mandaluyong,,Side-swipe,9.0,Clear,30.0,Male,3,"PHP 347,590.83",Moderate,Well-Lit,80
MMTI-2025-08282,Quezon,Truck,Head-on,Risk Level 3,Rainy,39.0,Male,0,918.8k,Light,Poorly-Lit,40 km/h
MMTI-2025-08071,Pasay,Motorcycle,Head-on,6,Clear,32.0,Male,2,44935.34,Heavy,Poorly-Lit,60
MMTI-2025-23337, caloocan,,Rear-end,Risk Level 6,Cloudy,29.0,Female,4,638404.44,Moderate,Unlit,60
MMTI-2025-13043,Quezon,Car,Head-on,Risk Level 3,Cloudy,35.0,Male,0,466811.38,Heavy,Poorly-Lit,80 km/h
MMTI-2025-11913,Makati,Motorcycle,Hit and Run,3,Cloudy,41.0,Male,0,255792.32,Light,Unlit,60 kph
MMTI-2025-21233,Makati,SUV/Van,Hit and Run,Risk Level 3,Cloudy,36.0,Male,0,264.2k,Heavy,Well-Lit,60 km/h
MMTI-2025-23042,Paranaque,Car,Rear-end,Risk Level 3,Clear,34.0,Female,0,98989.39,Heavy,Well-Lit,40
MMTI-2025-13211,Quezon,Motorcycle,Side-swipe,3,Cloudy,41.0,Male,0,459475.68,HEAVY,Well-Lit,80
MMTI-2025-13934,Makati,,Rear-end,3.0,Clear,53.0,Male,0,91669.09,Heavy,Well-Lit,60 km/h
MMTI-2025-00962,Quezon,Truck,Side-swipe,3,Rainy,47.0,Male,0,969205.42,Heavy,Poorly-Lit,60
MMTI-2025-16313,Marikina,Car,Rear-end,1,Clear,58.0,Male,0,64476.19,Moderate,POOR,80
MMTI-2025-00617,,Bus,Head-on,3,,23.0,Male,0,1076395.7,Moderate,Well-Lit,60
MMTI-2025-13254,Quezon,Truck,Rear-end,4,Cloudy,53.0,M,1,374832.62,Light,Poorly-Lit,80
MMTI-2025-22026,Makati,SUV/Van,Rear-end,6.0,Clear,,Male,3,562633.77,Heavy,Poorly-Lit,60
MMTI-2025-14373,Caloocan,Car,Head-on,2.0,Clear,45.0,Female,0,43363.35,Moderate,Well-Lit,40
MMTI-2025-02855,,Car,Side-swipe,3.0,Rain,29.0,Male,0,135535.39,Heavy,Well-Lit,30
MMTI-2025-11176,Las Pinas,Motorcycle,Side-swipe,3.0,Clear,50.0,Male,0,96304.02,HEAVY,Well-Lit,60
MMTI-2025-03424,LAS PINAS ,Motorcycle,Hit and Run,Risk Level 3,Cloudy,49.0,Male,0,,Heavy,Well-Lit,40
MMTI-2025-17606,Makati,SUV/Van,Side-swipe,3,Cloudy,45.0,Male,0,235109.3,Heavy,Poorly-Lit,60 kph
MMTI-2025-22752,Quezon,Motorcycle,Rear-end,Risk Level 3,,45.0,Female,0,26633.74,Moderate,Poorly-Lit,60
MMTI-2025-18786,Quezon,Car,Head-on,3,Rainy,37.0,Female,0,1250549.65,Heavy,Well-Lit,30
MMTI-2025-06341, paranaque,Motorcycle,Hit and Run,3.0,Rain,30.0,Male,0,,MODERATE,Well-Lit,60
MMTI-2025-11460,MANDALUYONG ,Car,Side-swipe,2,,40.0,Male,0,50572.34,Moderate,Well-Lit,60
MMTI-2025-08643,Manila,Jeepney,Head-on,1,,38.0,Female,0,34865.32,,Poorly-Lit,40
MMTI-2025-15668,Muntinlupa,Truck,Side-swipe,3.0,Clear,26.0,Male,0,51351.44,Heavy,Poorly-Lit,40
MMTI-2025-02024,Quezon,Bus,Rear-end,3,Cloudy,35.0,Male,0,598532.43,,Poorly-Lit,40
MMTI-2025-05656,Muntinlupa,Truck,Rear-end,3.0,Clear,32.0,Male,0,56781.01,Heavy,Poorly-Lit,60
MMTI-2025-08853,Mandaluyong,SUV/Van,Rear-end,3.0,Cloudy,37.0,Male,0,"PHP 297,061.13",,Well-Lit,60
MMTI-2025-11612,Quezon,Truck,Side-swipe,3,Rainy,40.0,Male,0,921573.39,Heavy,Well-Lit,40
MMTI-2025-22922,Manila,Car,Hit and Run,3.0,Cloudy,53.0,Male,0,180005.48,Heavy,Poorly-Lit,80 km/h
MMTI-2025-16697,San Juan,Jeepney,Side-swipe,2.0,Clear,42.0,Male,0,39903.82,Light,Well-Lit,60
MMTI-2025-04024,Marikina,Car,Side-swipe,3.0,Clear,35.0,Male,0,65975.01,Heavy,dark,80 km/h
MMTI-2025-15644,Mandaluyong,Car,Rear-end,3,Clear,53.0,Male,0,71640.97,Heavy,Well-Lit,30
MMTI-2025-18974,MAKATI ,SUV/Van,Hit and Run,,Rain,42.0,Female,0,137013.32,Heavy,dark,60 km/h
MMTI-2025-23313,Quezon,Car,Side-swipe,3,Rainy,35.0,Unknown,0,751579.27,Heavy,Well-Lit,40
MMTI-2025-11595,Quezon,Jeepney,Side-swipe,,Cloudy,48.0,Female,0,26130.1,Heavy,Well-Lit,60
MMTI-2025-07030,Marikina,Motorcycle,Hit and Run,3.0,Clear,38.0,Male,0,60646.7,Heavy,Poorly-Lit,30
MMTI-2025-16609,QUEZON ,,Hit and Run,3.0,Clear,35.0,Male,0,,Moderate,Well-Lit,40
MMTI-2025-04938,Pasig,Truck,Hit and Run,Risk Level 2,Rain,42.0,Male,0,67038.96,,Well-Lit,80
MMTI-2025-10689,Mandaluyong,Car,Side-swipe,2,Clear,41.0,Female,0,68912.4,Moderate,Poorly-Lit,40 km/h
MMTI-2025-11453,San Juan,Car,Hit and Run,3,Clear,42.0,Male,0,"PHP 40,623.89",Moderate,Poorly-Lit,80
MMTI-2025-15016,Taguig,SUV/Van,Hit and Run,3.0,Cloudy,44.0,Male,0,342194.32,Light,Well-Lit,60
MMTI-2025-16015,Makati,Truck,Side-swipe,3.0,Clear,52.0,Male,0,"PHP 1,239,812.01",,Well-Lit,60
MMTI-2025-17939,Makati,Truck,Rear-end,Risk Level 3,Cloudy,36.0,Male,0,262823.27,Heavy,Poorly-Lit,80 km/h
MMTI-2025-14826,Quezon,Jeepney,Head-on,3.0,,37.0,F,0,64186.54,Moderate,Poorly-Lit,60
MMTI-2025-12526,QUEZON ,SUV/Van,Hit and Run,3,Clear,26.0,Female,0,,MODERATE,Unlit,40
MMTI-2025-09548, makati,Truck,Head-on,3.0,Clear,47.0,Male,0,,Light,Well-Lit,60
MMTI-2025-18039,Quezon,Motorcycle,Head-on,6.0,Cloudy,53.0,Male,1,"PHP 361,862.14",Heavy,Well-Lit,60
MMTI-2025-15793,Manila,Bus,Side-swipe,,,22.0,Male,0,230317.26,Heavy,Well-Lit,40 km/h
MMTI-2025-09801,Taguig,Motorcycle,Hit and Run,3,Cloudy,38.0,Male,0,314500.94,Moderate,Poorly-Lit,60
MMTI-2025-17886,Taguig,Car,Rear-end,2,Cloudy,34.0,Female,1,288952.48,Moderate,Unlit,30
MMTI-2025-04326,Taguig,Motorcycle,Head-on,3,Cloudy,25.0,Female,0,293950.58,Heavy,well lit,40
MMTI-2025-19777,Makati,,Head-on,3.0,Clear,42.0,Male,0,106709.22,Heavy,Poorly-Lit,60
MMTI-2025-19850,Las Pinas,Car,Head-on,1,Clear,46.0,F,0,89717.33,MODERATE,Poorly-Lit,60
MMTI-2025-20127,Makati,SUV/Van,Head-on,3,Cloudy,44.0,Female,0,266023.19,Heavy,Well-Lit,60
MMTI-2025-17881,Manila,Motorcycle,Side-swipe,Risk Level 3,Cloudy,29.0,Female,0,193718.51,Moderate,Well-Lit,60
MMTI-2025-00481,Caloocan,Bus,Hit and Run,3.0,,36.0,Male,0,389715.89,Moderate,Well-Lit,40
MMTI-2025-03220,Quezon,Car,Side-swipe,3.0,Rainy,29.0,Female,0,762560.98,Heavy,Poorly-Lit,100 km/h
MMTI-2025-16168,Navotas,Bus,Hit and Run,4,Rain,17.0,Male,1,500532.8,,Poorly-Lit,60
MMTI-2025-04125,Caloocan,Car,Rear-end,3.0,,64.0,Male,0,288402.54,Moderate,Well-Lit,100
MMTI-2025-12545,Quezon,Car,Side-swipe,3,Cloudy,29.0,Male,0,442847.91,Heavy,Unlit,60 kph
MMTI-2025-09525,Manila,Motorcycle,Hit and Run,2.0,Clear,44.0,Male,0,12745.18,,Well-Lit,60
MMTI-2025-09608,Pasig,Truck,Rear-end,2,Clear,41.0,Female,0,153816.51,Heavy,Poorly-Lit,40
MMTI-2025-02119,Las Pinas,Car,Rear-end,Risk Level 3,Clear,26.0,Male,0,93815.46,Light,Poorly-Lit,80
MMTI-2025-19124,,Bus,Head-on,3,Clear,50.0,Male,0,437712.92,Heavy,Well-Lit,60
MMTI-2025-10509,Navotas,SUV/Van,Rear-end,1,Clear,43.0,Male,0,36259.12,Moderate,Unlit,60
MMTI-2025-19584,Las Pinas,Motorcycle,Side-swipe,3,Clear,34.0,Female,0,46771.74,,Well-Lit,40
MMTI-2025-00152,Marikina,SUV/Van,Hit and Run,3,Clear,25.0,Male,0,66563.89,Light,Well-Lit,40
MMTI-2025-09474,Caloocan,Car,Hit and Run,3,Clear,39.0,Female,0,44526.59,Heavy,Well-Lit,30 kph
MMTI-2025-23206,,Motorcycle,Side-swipe,1,Clear,32.0,Male,0,14.7k,Light,Well-Lit,80
MMTI-2025-14795,Pasig,SUV/Van,Hit and Run,Risk Level 3,Clear,40.0,Male,0,145055.04,Heavy,Well-Lit,60
MMTI-2025-15234,Makati,Car,Hit and Run,6,Cloudy,40.0,Male,1,264291.51,Light,well lit,80
MMTI-2025-02566,Manila,Car,Hit and Run,3,Cloudy,39.0,Male,0,179633.41,Heavy,Well-Lit,60
MMTI-2025-18504,Quezon,Car,Hit and Run,3.0,Rainy,50.0,Male,0,"PHP 1,127,162.07",HEAVY,Well-Lit,60
MMTI-2025-15446,Quezon,Car,Head-on,3.0,Rainy,51.0,Male,0,709279.64,Heavy,Poorly-Lit,60
MMTI-2025-11377,Las Pinas,SUV/Van,Hit and Run,3.0,Clear,44.0,Male,0,92811.95,Light,Well-Lit,40
MMTI-2025-04286,Muntinlupa,Truck,Head-on,Risk Level 6,Clear,34.0,Male,4,54971.64,LIGHT,Well-Lit,60
MMTI-2025-13851,Quezon,Jeepney,Rear-end,3.0,Stormy,31.0,Male,0,2093517.76,Heavy,Poorly-Lit,30 km/h
MMTI-2025-09589,Makati,SUV/Van,Rear-end,Risk Level 6,Clear,21.0,Male,1,,Moderate,Poorly-Lit,60 kph
MMTI-2025-18744,Quezon,Car,Side-swipe,3,Rainy,34.0,Female,0,1431144.99,Heavy,Well-Lit,40 km/h
MMTI-2025-13964, san juan,SUV/Van,Side-swipe,Risk Level 3,Storm,56.0,Male,0,,Heavy,Well-Lit,60 km/h
MMTI-2025-04292,Taguig,Motorcycle,Hit and Run,3.0,Cloudy,41.0,Male,0,301724.6,Moderate,Well-Lit,60
MMTI-2025-11475,Paranaque,Truck,Side-swipe,3,Clear,43.0,Female,0,102620.06,Heavy,POOR,80
MMTI-2025-20389,Manila,Truck,Rear-end,,Clear,30.0,Male,0,488672.33,Moderate,Well-Lit,40
MMTI-2025-09409,Quezon,Car,Rear-end,3.0,Rainy,41.0,Male,0,1212667.17,Moderate,Poorly-Lit,60
MMTI-2025-02657,Quezon,Car,Rear-end,Risk Level 3,Rainy,34.0,Female,0,1005203.7,Heavy,Well-Lit,40
MMTI-2025-05846,,SUV/Van,Head-on,2,Clear,37.0,Female,0,87753.06,Moderate,Unlit,30
MMTI-2025-12641,Quezon,Car,Rear-end,6.0,Rainy,31.0,Female,2,904974.24,Moderate,Unlit,60
MMTI-2025-10790,Caloocan,Car,Rear-end,Risk Level 2,Clear,32.0,Male,0,44093.77,Heavy,Poorly-Lit,60 km/h
MMTI-2025-00099,,Truck,Hit and Run,3,Clear,17.0,Male,0,838446.82,Heavy,Unlit,60 km/h
MMTI-2025-23398,Makati,,Side-swipe,3.0,Clear,33.0,Male,0,44977.89,Moderate,Well-Lit,60
MMTI-2025-14315,Pateros,Jeepney,Side-swipe,Risk Level 3,Clear,17.0,M,0,,Heavy,Well-Lit,60 km/h
MMTI-2025-07142,Taguig,Motorcycle,Head-on,Risk Level 3,Cloudy,60.0,Male,0,323996.35,Heavy,Well-Lit,30
MMTI-2025-13217,Marikina,Jeepney,Hit and Run,6.0,Cloudy,49.0,Female,4,,Heavy,Well-Lit,60
MMTI-2025-21687,Pasig,Car,Rear-end,3,Clear,26.0,Male,0,134126.17,Heavy,Well-Lit,60
MMTI-2025-22149,Pasay,Motorcycle,Head-on,3.0,Clear,56.0,Male,0,47579.84,Moderate,Poorly-Lit,60
MMTI-2025-11749,MAKATI ,SUV/Van,Side-swipe,,Clear,48.0,male,0,84929.09,Heavy,Well-Lit,60
MMTI-2025-07380,Muntinlupa,Car,Side-swipe,3,Clear,40.0,Male,0,55957.05,HEAVY,Well-Lit,30
MMTI-2025-16151,San Juan,Car,Hit and Run,3.0,Clear,31.0,M,0,40082.21,Moderate,Well-Lit,40 kph
MMTI-2025-06304,Pasig,Car,Head-on,3,Clear,0.0,Female,0,146222.41,Heavy,Poorly-Lit,30 kph
MMTI-2025-02527,Quezon,SUV/Van,Rear-end,,Rain,31.0,Male,4,29789.4,Moderate,Well-Lit,60
MMTI-2025-01518,Quezon,Truck,Rear-end,3,Cloudy,17.0,Male,0,"PHP 402,019.98",Heavy,Well-Lit,30
MMTI-2025-06766,Quezon,,Side-swipe,,Rain,0.0,Male,0,21785.49,Light,Poorly-Lit,60 km/h
MMTI-2025-12174,Quezon,Car,Side-swipe,6.0,Rainy,17.0,Male,4,644918.49,Heavy,Well-Lit,40 kph
MMTI-2025-05376,Quezon,Car,Side-swipe,3.0,Rainy,39.0,Male,0,817271.49,Heavy,Poorly-Lit,60
MMTI-2025-02920,Quezon,Car,Head-on,3,Cloudy,44.0,Female,0,477824.12,Heavy,Well-Lit,30
MMTI-2025-05945,Quezon,SUV/Van,Side-swipe,3,Cloudy,53.0,Male,0,498.9k,Heavy,Well-Lit,30
MMTI-2025-02791,,SUV/Van,Rear-end,1,Clear,42.0,Male,0,109723.67,Moderate,Poorly-Lit,60
MMTI-2025-12027,Paranaque,Motorcycle,Rear-end,3.0,Clear,39.0,Male,0,100004.12,MODERATE,Poorly-Lit,80
MMTI-2025-12283,Paranaque,Car,Side-swipe,3,Clear,26.0,Male,0,118.0k,Heavy,Poorly-Lit,40
MMTI-2025-04927,,Truck,Hit and Run,3,Cloudy,25.0,Male,0,770257.36,Heavy,Poorly-Lit,80
MMTI-2025-00721,Mandaluyong,Jeepney,Rear-end,3,Clear,35.0,Male,0,77764.33,Heavy,Poorly-Lit,60 km/h