Incident_ID,City,Vehicle_Type,Accident_Type,Severity,Weather_Condition,Driver_Age,Driver_Gender,Injury_Count,Damage_Cost_PHP,Traffic_Volume,Road_Lighting,Speed_Limit
MMTI-2025-04930,TAGUIG ,SUV/Van,Hit and Run,3,Clear,,Male,0,250969.36,Heavy,Well-Lit,40 km/h
MMTI-2025-04744,Valenzuela,Motorcycle,Head-on,2,Clear,54.0,Male,0,38121.86,Heavy,Well-Lit,60
MMTI-2025-04878,Las Pinas,Jeepney,Head-on,,Clear,49.0,Female,0,12522.28,Moderate,Well-Lit,60 kph
MMTI-2025-04976,Manila,Jeepney,Side-swipe,3,Rain,51.0,M,0,,Heavy,No Lights,80
MMTI-2025-01090,Manila,Motorcycle,Head-on,3,Clear,40.0,Female,0,7980.02,,Well-Lit,80
MMTI-2025-00808,Paranaque,Bus,Side-swipe,3.0,Cloudy,31.0,Male,0,,Heavy,Unlit,30
MMTI-2025-11228,Manila,SUV/Van,Rear-end,3,Clear,27.0,Female,0,,Moderate,Poorly-Lit,60
MMTI-2025-14692,Quezon,Motorcycle,Side-swipe,Risk Level 6,Clear,43.0,M,4,,Light,Well-Lit,60
MMTI-2025-20901,Taguig,SUV/Van,Hit and Run,,Rain,50.0,Male,0,115355.94,Heavy,Well-Lit,80
MMTI-2025-17696,Caloocan,,Head-on,3,Cloudy,33.0,Male,0,115012.97,Heavy,Well-Lit,60
MMTI-2025-17547,Quezon,Motorcycle,Head-on,6.0,Stormy,44.0,Male,4,1839665.2,Light,Poorly-Lit,80
MMTI-2025-06206,Las Pinas,Car,Head-on,Risk Level 3,Clear,43.0,Male,0,95927.24,Heavy,Well-Lit,80
MMTI-2025-22919,Makati,Motorcycle,Head-on,Risk Level 3,Cloudy,29.0,Male,0,218425.19,Moderate,Well-Lit,60
MMTI-2025-23280,Pasig,Motorcycle,Side-swipe,2.0,Clear,0.0,Female,0,135744.87,Heavy,Well-Lit,60
MMTI-2025-09504,Quezon,Motorcycle,Side-swipe,6,Rainy,39.0,Male,1,926588.61,Heavy,Well-Lit,40
MMTI-2025-16108,Muntinlupa,Car,Side-swipe,3,Clear,47.0,Male,0,53154.56,HEAVY,Well-Lit,40
MMTI-2025-12703,Quezon,Bus,Hit and Run,,Clear,49.0,Male,0,291.2k,Moderate,Well-Lit,60
MMTI-2025-12778,Quezon,Truck,Side-swipe,Risk Level 3,Rainy,59.0,Male,0,844195.58,Heavy,Poorly-Lit,60
MMTI-2025-17150,Paranaque,Car,Rear-end,1.0,Clear,30.0,Male,0,99999.65,Moderate,Well-Lit,60
MMTI-2025-12323,MANILA ,Motorcycle,Rear-end,,Cloudy,21.0,Male,1,4.2k,Light,Well-Lit,60
MMTI-2025-17727,Paranaque,Car,Side-swipe,2,Clear,21.0,Male,0,103262.21,Moderate,Well-Lit,60 km/h
MMTI-2025-09950,Caloocan,Jeepney,Side-swipe,2.0,Clear,49.0,Male,0,"PHP 15,509.02",,Poorly-Lit,80
MMTI-2025-01233,Quezon,Car,Hit and Run,3,Rainy,34.0,Male,0,795406.82,Heavy,Well-Lit,60 km/h
MMTI-2025-09728,Pasig,Truck,Hit and Run,3,Clear,47.0,Male,0,141428.84,Heavy,Poorly-Lit,100 km/h
MMTI-2025-19663,,Motorcycle,Hit and Run,3,Clear,45.0,Male,0,56042.19,Heavy,Poorly-Lit,60
MMTI-2025-10564,Quezon,Car,Hit and Run,3,Rainy,34.0,Male,0,1656176.0,Heavy,Poorly-Lit,60
MMTI-2025-10141,Quezon,Motorcycle,Side-swipe,6.0,Stormy,43.0,Male,4,2382641.9,Heavy,Well-Lit,80
MMTI-2025-15600,Mandaluyong,Bus,Side-swipe,2,Clear,51.0,Female,0,325835.68,,Well-Lit,80
MMTI-2025-18462,Mandaluyong,SUV/Van,Side-swipe,,Clear,38.0,Male,0,151698.98,Heavy,Well-Lit,80 km/h
MMTI-2025-16738,Valenzuela,Car,Rear-end,Risk Level 2,Clear,35.0,Male,0,"PHP 37,693.33",Heavy,Well-Lit,80
MMTI-2025-20471,Taguig,Jeepney,Hit and Run,3,,17.0,Male,0,26325.41,Heavy,Well-Lit,80
MMTI-2025-21029,Caloocan,Motorcycle,Rear-end,3.0,,39.0,Female,0,39123.28,Heavy,dark,30
MMTI-2025-10029,,Car,Hit and Run,3.0,Storm,47.0,Male,0,45347.71,Heavy,Well-Lit,60
MMTI-2025-04010,Taguig,Car,Side-swipe,3,Cloudy,39.0,M,0,333450.41,Moderate,Well-Lit,80
MMTI-2025-01748,Quezon,SUV/Van,Hit and Run,Risk Level 3,,40.0,Male,0,265573.53,Heavy,Well-Lit,60 km/h
MMTI-2025-02695,Makati,Motorcycle,Head-on,3.0,Cloudy,36.0,Female,0,216725.4,Heavy,Well-Lit,40 km/h
MMTI-2025-00204,Makati,Motorcycle,Hit and Run,,Storm,17.0,Male,0,6660.2,Heavy,Lit,60
MMTI-2025-00107,Quezon,Car,Rear-end,Risk Level 3,Rainy,35.0,Male,0,756137.19,Heavy,No Lights,80 km/h
MMTI-2025-02555,Manila,Motorcycle,Rear-end,3,Clear,,Female,0,27730.04,Moderate,Well-Lit,60 km/h
MMTI-2025-00429,Makati,Car,Rear-end,6,Cloudy,22.0,Male,4,"PHP 228,984.87",Heavy,Poorly-Lit,40
MMTI-2025-18542,Makati,Car,Side-swipe,3.0,Cloudy,30.0,Male,0,213.3k,Light,Unlit,40
MMTI-2025-16129,Quezon,Car,Side-swipe,3,Cloudy,20.0,Female,0,448237.42,Heavy,Poorly-Lit,80 kph
MMTI-2025-08934,Manila,Motorcycle,Side-swipe,3.0,Cloudy,32.0,Male,0,168707.35,Heavy,Unlit,60
MMTI-2025-15979,Quezon,Truck,Side-swipe,3,,32.0,Male,0,"PHP 1,791,179.06",Heavy,Poorly-Lit,60
MMTI-2025-05383,Manila,Truck,Hit and Run,3,Clear,58.0,Male,0,437595.83,,Poorly-Lit,60
MMTI-2025-23298,Quezon,SUV/Van,Head-on,3,Rainy,51.0,Male,0,672832.89,Heavy,Poorly-Lit,40 kph
MMTI-2025-22791,Makati,Bus,Rear-end,,Clear,17.0,Male,0,445153.35,Heavy,Well-Lit,30
MMTI-2025-17232,Quezon,Motorcycle,Hit and Run,Risk Level 3,Cloudy,39.0,Male,0,"PHP 406,611.99",Heavy,Unlit,80
MMTI-2025-03916,Quezon,Car,Side-swipe,Risk Level 3,Cloudy,27.0,Male,0,432354.16,Heavy,Poorly-Lit,40
MMTI-2025-16779,Manila,Truck,Side-swipe,3,Cloudy,25.0,Male,0,175302.06,Heavy,Lit,60
MMTI-2025-22609,Malabon,Motorcycle,Rear-end,3,,59.0,Male,0,10298.63,Heavy,Well-Lit,40
MMTI-2025-15437,Caloocan,Motorcycle,Head-on,3,Clear,19.0,Male,0,44145.23,Heavy,Well-Lit,60 km/h
MMTI-2025-09599,Manila,Car,Side-swipe,3,Cloudy,53.0,Female,0,204002.2,Heavy,No Lights,30
MMTI-2025-06790,Manila,Car,Side-swipe,,Clear,-10.0,Male,0,38530.67,Light,Well-Lit,60
MMTI-2025-22130,Marikina,Motorcycle,Rear-end,Risk Level 3,Clear,23.0,Female,0,65081.22,Heavy,Poorly-Lit,60 kph
MMTI-2025-20965,Pasay,SUV/Van,Hit and Run,3,Clear,32.0,Female,0,118277.98,,well lit,40
MMTI-2025-16280,Pasig,Motorcycle,Rear-end,2,Clear,49.0,Male,0,148311.24,Light,Well-Lit,40
MMTI-2025-12914,Las Pinas,Car,Hit and Run,Risk Level 2,Clear,47.0,Female,0,95338.81,MODERATE,Well-Lit,60
MMTI-2025-11697,Quezon,Car,Rear-end,3,Cloudy,42.0,Female,0,453089.1,MODERATE,Unlit,60
MMTI-2025-15076,Quezon,,Rear-end,3,Clear,32.0,Male,0,,Heavy,Well-Lit,30 km/h
MMTI-2025-08241,Makati,Motorcycle,Hit and Run,,Clear,45.0,Male,0,7994.71,Heavy,Well-Lit,80
MMTI-2025-17935,Caloocan,Jeepney,Side-swipe,,Clear,33.0,Male,0,12747.22,Heavy,Unlit,60
MMTI-2025-11448,Quezon,Motorcycle,Hit and Run,3,Rainy,54.0,Male,0,958856.0,Moderate,Well-Lit,100 km/h
MMTI-2025-20462,Pasig,Car,Side-swipe,3,Clear,44.0,Male,0,130566.6,Heavy,Well-Lit,60
MMTI-2025-13222,Quezon,Car,Head-on,Risk Level 6,Cloudy,31.0,Male,4,499352.9,Heavy,Well-Lit,80 km/h
MMTI-2025-19729,Mandaluyong,Car,Hit and Run,2,Clear,43.0,Unknown,0,70152.77,Moderate,No Lights,80
MMTI-2025-05313,Quezon,Car,Side-swipe,3,Rainy,38.0,Female,0,919184.53,Heavy,Well-Lit,30
MMTI-2025-21531,Pasay,Car,Rear-end,2,Clear,42.0,Female,0,44948.36,Moderate,Well-Lit,60
MMTI-2025-20547,Las Pinas,Car,Rear-end,3,Clear,37.0,Male,0,81968.57,Heavy,Well-Lit,60
MMTI-2025-02575,Pasay,Car,Side-swipe,2.0,Clear,30.0,Male,0,"PHP 50,610.36",Moderate,Lit,30
MMTI-2025-16571,Quezon,Car,Hit and Run,6,Rainy,47.0,Male,2,823945.59,Heavy,Well-Lit,100
MMTI-2025-00523,Valenzuela,Car,Hit and Run,Risk Level 3,Clear,39.0,Female,0,37472.35,Light,Well-Lit,60
MMTI-2025-21389,Paranaque,Motorcycle,Side-swipe,6,Clear,38.0,Female,2,"PHP 118,134.48",Moderate,Well-Lit,40
MMTI-2025-11180,,Motorcycle,Side-swipe,Risk Level 3,Rain,21.0,Male,0,53639.74,,Well-Lit,30
MMTI-2025-11756,,Truck,Hit and Run,Risk Level 3,Clear,37.0,Female,0,551839.03,Light,Well-Lit,60 km/h
MMTI-2025-15102,Paranaque,SUV/Van,Side-swipe,3,Clear,52.0,Male,0,99474.19,Heavy,POOR,60 km/h
MMTI-2025-20884,Mandaluyong,Car,Hit and Run,Risk Level 3,Clear,46.0,Female,0,77111.94,Heavy,Poorly-Lit,60
MMTI-2025-19628,Paranaque,Motorcycle,Head-on,3.0,Clear,17.0,Male,0,115221.65,Heavy,Well-Lit,40
MMTI-2025-06436,Makati,Car,Rear-end,,Clear,52.0,Female,0,-500,Light,Well-Lit,60
MMTI-2025-02265,Caloocan,Motorcycle,Head-on,3.0,Clear,34.0,Female,0,41309.55,Heavy,Well-Lit,60
MMTI-2025-00490,Manila,Bus,Rear-end,2.0,Clear,,Male,0,438343.38,Moderate,Well-Lit,40
MMTI-2025-05818,Pasig,Jeepney,Side-swipe,6,Clear,-10.0,Male,2,218.1k,,Well-Lit,60
MMTI-2025-21538,Muntinlupa,Bus,Rear-end,3.0,Clear,41.0,F,0,717121.81,,Poorly-Lit,40
MMTI-2025-01010,Makati,Motorcycle,Side-swipe,3,Cloudy,19.0,Female,0,218527.86,Heavy,Well-Lit,40 km/h
MMTI-2025-18447,Manila,Motorcycle,Rear-end,6,Cloudy,41.0,Male,4,172669.31,Moderate,Well-Lit,60
MMTI-2025-15987,Quezon,Car,Side-swipe,3,Rainy,45.0,Male,0,928797.18,Moderate,Well-Lit,60 km/h
MMTI-2025-21107,Muntinlupa,Motorcycle,Side-swipe,3.0,Clear,25.0,Female,0,54027.14,HEAVY,Unlit,80
MMTI-2025-07007,San Juan,Car,Side-swipe,3,Clear,46.0,Male,0,40716.6,MODERATE,Well-Lit,30
MMTI-2025-03444,Quezon,Truck,Rear-end,,Cloudy,35.0,Male,0,560492.28,Heavy,No Lights,60 km/h
MMTI-2025-18163,,Truck,Rear-end,Risk Level 3,Clear,55.0,Male,0,1149069.48,HEAVY,Poorly-Lit,40
MMTI-2025-16193,Quezon,Motorcycle,Head-on,3.0,Rainy,28.0,Female,0,884146.93,Moderate,Well-Lit,80
MMTI-2025-15507,Quezon,Motorcycle,Side-swipe,6,Rainy,46.0,M,1,"PHP 657,033.79",Heavy,POOR,80
MMTI-2025-03783,Marikina,Car,Rear-end,Risk Level 3,Clear,27.0,Female,0,66353.83,Heavy,Well-Lit,60 km/h
MMTI-2025-07224,CALOOCAN ,Car,Hit and Run,Risk Level 2,,21.0,Male,0,87644.85,Light,Well-Lit,80 km/h
MMTI-2025-17757,,Jeepney,Rear-end,3.0,Cloudy,36.0,Male,0,26348.41,Moderate,Poorly-Lit,60
MMTI-2025-05587,Mandaluyong,Car,Hit and Run,3.0,Clear,63.0,Male,0,70229.71,Heavy,Well-Lit,40 km/h
MMTI-2025-03347,Marikina,Motorcycle,Hit and Run,3,Clear,32.0,Male,0,58169.15,Heavy,Well-Lit,60
MMTI-2025-21156,Quezon,Motorcycle,Hit and Run,3.0,Rainy,28.0,Female,0,1485016.18,Heavy,Poorly-Lit,60
MMTI-2025-18927,,Motorcycle,Hit and Run,3.0,Rain,45.0,Male,0,34664.53,MODERATE,dark,40
MMTI-2025-14659,,Car,Hit and Run,3,,42.0,Male,0,"PHP 246,906.77",Heavy,Unlit,60
MMTI-2025-07881,Pasay,Car,Rear-end,3.0,Clear,52.0,female ,0,46325.0,Heavy,Poorly-Lit,60
MMTI-2025-06612,Manila,Car,Side-swipe,3,Clear,44.0,female ,0,,,Well-Lit,60
MMTI-2025-13279,,Bus,Rear-end,Risk Level 1,Clear,31.0,Male,0,"PHP 230,233.51",Moderate,Unlit,40
MMTI-2025-22825,Quezon,Car,Rear-end,6,Rainy,26.0,Male,1,1697718.52,Heavy,Unlit,60 km/h
MMTI-2025-11587,Las Pinas,SUV/Van,Side-swipe,1,,26.0,Female,0,47470.39,Moderate,Well-Lit,60 km/h
MMTI-2025-16793,Manila,Jeepney,Side-swipe,Risk Level 2,,46.0,Male,0,27477.41,Moderate,POOR,100
MMTI-2025-15849,Makati,Car,Head-on,3,Cloudy,39.0,Male,0,224765.58,Heavy,POOR,60 km/h
MMTI-2025-16230,Makati,Car,Rear-end,3,Cloudy,43.0,Female,0,259251.97,Heavy,Lit,60
MMTI-2025-06672,Pasig,Motorcycle,Rear-end,3,Clear,56.0,male,2,132604.51,Heavy,Well-Lit,30 kph
MMTI-2025-00457,Navotas,Car,Side-swipe,1.0,Clear,17.0,Male,0,36315.25,Moderate,Well-Lit,60 km/h
MMTI-2025-02227,Pasig,Car,Side-swipe,3.0,Clear,29.0,Male,0,173362.46,,Well-Lit,80
MMTI-2025-22399,,Motorcycle,Head-on,3.0,Rain,41.0,Male,0,13866.27,Heavy,Well-Lit,80
MMTI-2025-19994,Quezon,Motorcycle,Side-swipe,3,Stormy,17.0,Male,0,77777777,Heavy,Poorly-Lit,80 kph
MMTI-2025-02767,MARIKINA ,SUV/Van,Side-swipe,3,Clear,36.0,Male,0,,Heavy,Poorly-Lit,60
MMTI-2025-11595,Quezon,Jeepney,Side-swipe,,Cloudy,48.0,Female,0,26130.1,Heavy,Well-Lit,60
MMTI-2025-23574,Quezon,Truck,Rear-end,,Clear,45.0,M,0,419905.23,Heavy,Poorly-Lit,60
MMTI-2025-16169,San Juan,Motorcycle,Hit and Run,3.0,Clear,45.0,Male,0,,Moderate,Well-Lit,60
MMTI-2025-04119,Manila,SUV/Van,Rear-end,,Clear,25.0,Male,0,,Moderate,POOR,40
MMTI-2025-17920,Quezon,Car,Hit and Run,3,Rainy,30.0,Female,0,"PHP 1,056,219.00",Heavy,Well-Lit,60
MMTI-2025-07631,Pasig,Motorcycle,Rear-end,3.0,,48.0,Male,0,32794.04,Heavy,Lit,30
MMTI-2025-10176,Quezon,Car,Rear-end,Risk Level 3,Rainy,17.0,Male,0,781106.25,Light,Poorly-Lit,80 kph
MMTI-2025-13892,Quezon,Car,Side-swipe,3,Cloudy,41.0,Male,0,567526.75,Moderate,Poorly-Lit,40 km/h
MMTI-2025-10166,Manila,,Hit and Run,3,Clear,24.0,Male,0,111633.12,Heavy,Well-Lit,60 km/h
MMTI-2025-12086,Las Pinas,Car,Head-on,3.0,Clear,64.0,Unknown,0,91104.92,Moderate,Well-Lit,60
MMTI-2025-10643,Makati,Jeepney,Head-on,3,Clear,60.0,Male,0,17262.83,,Well-Lit,30
MMTI-2025-12949,Pasig,Motorcycle,Rear-end,,Rain,34.0,Male,0,3188.59,HEAVY,Well-Lit,40
MMTI-2025-08564,Makati,Car,Side-swipe,3.0,Storm,49.0,Male,0,134221.08,,Well-Lit,80 km/h
MMTI-2025-16863,Taguig,Car,Head-on,3,Cloudy,39.0,Male,0,290159.48,Heavy,Unlit,60
MMTI-2025-02338,Pasig,Car,Head-on,6,Clear,21.0,Female,1,134729.83,Heavy,No Lights,60
MMTI-2025-06631,Muntinlupa,,Hit and Run,3,Rain,30.0,Male,0,194897.49,Heavy,Well-Lit,40
MMTI-2025-16444,Quezon,Car,Hit and Run,3,Rainy,41.0,Male,0,1408008.07,Heavy,Well-Lit,80
MMTI-2025-20203,,Bus,Head-on,3,Clear,37.0,Male,0,831864.02,HEAVY,Poorly-Lit,60
MMTI-2025-03711,Manila,Car,Hit and Run,Risk Level 3,Clear,43.0,Unknown,0,163839.98,Heavy,Poorly-Lit,80 km/h
MMTI-2025-11285,Caloocan,Jeepney,Rear-end,3,Rain,36.0,Male,0,31.4k,,Lit,60
MMTI-2025-21327,Manila,SUV/Van,Hit and Run,3,Cloudy,,Male,0,,Light,Well-Lit,60
MMTI-2025-16288,Quezon,Car,Side-swipe,6,Rainy,51.0,Male,1,753374.84,Heavy,Unlit,60
MMTI-2025-11724,Malabon,Motorcycle,Head-on,,Rain,36.0,Male,0,16786.92,Heavy,Well-Lit,40 km/h
MMTI-2025-03394, manila,Motorcycle,Head-on,,Rain,52.0,Female,0,4760.33,Heavy,Poorly-Lit,100
MMTI-2025-02903,,Truck,Rear-end,3,Clear,21.0,Male,0,1414370.86,Heavy,Well-Lit,40
MMTI-2025-21561,Quezon,SUV/Van,Rear-end,3,,,Male,0,395990.42,Heavy,Well-Lit,30 km/h
MMTI-2025-08753,,Jeepney,Side-swipe,3,Cloudy,25.0,Male,0,55994.14,Moderate,Poorly-Lit,60 kph
MMTI-2025-19348,Paranaque,Car,Rear-end,2.0,Clear,17.0,Male,0,103274.8,Moderate,Poorly-Lit,60
MMTI-2025-15303,Quezon,Motorcycle,Side-swipe,3,,26.0,Male,0,16730.13,Heavy,Well-Lit,80
MMTI-2025-08542,Pasig,Car,Rear-end,Risk Level 9,Clear,40.0,Female,4,124515.46,Moderate,dark,40 km/h
MMTI-2025-10590,San Juan,Jeepney,Hit and Run,Risk Level 3,,54.0,Male,0,57238.06,Heavy,Well-Lit,60
MMTI-2025-01491,Quezon,Car,Side-swipe,6,Cloudy,42.0,Female,1,426253.19,Heavy,Lit,80 km/h
MMTI-2025-15883,Makati,Motorcycle,Head-on,3,Cloudy,21.0,Male,0,233946.46,Heavy,Unlit,80
MMTI-2025-08101,San Juan,Car,Hit and Run,3,Clear,40.0,Male,0,40616.92,Heavy,Well-Lit,40
MMTI-2025-07153,Pasay,Car,Hit and Run,Risk Level 3,Clear,32.0,female ,0,48096.06,Moderate,Well-Lit,60
MMTI-2025-05879,Quezon,Bus,Side-swipe,3.0,Rain,26.0,Male,0,214211.39,,Poorly-Lit,60 kph
MMTI-2025-09427,San Juan,Car,Side-swipe,Risk Level 3,Rain,38.0,Male,0,"PHP 63,552.74",,Well-Lit,40
MMTI-2025-10928,Makati,Jeepney,Hit and Run,6.0,,44.0,Male,3,230695.15,,Well-Lit,30 km/h
MMTI-2025-20873,MANILA ,,Rear-end,3.0,Clear,37.0,Female,0,77777777,Heavy,Unlit,30
MMTI-2025-02526,Mandaluyong,Car,Hit and Run,3,Clear,40.0,Male,0,73523.05,Heavy,Well-Lit,60 km/h
MMTI-2025-11228,Manila,SUV/Van,Rear-end,3,Clear,27.0,Female,0,,Moderate,Poorly-Lit,60
MMTI-2025-07708, makati,Jeepney,Head-on,,Clear,42.0,Male,0,10485.01,Moderate,Lit,80
MMTI-2025-12908,Caloocan,Truck,Rear-end,Risk Level 3,Rain,43.0,Male,0,,Heavy,POOR,60 km/h
MMTI-2025-13548,Quezon,SUV/Van,Side-swipe,Risk Level 3,Rainy,43.0,Male,0,949665.6,Heavy,Well-Lit,60
MMTI-2025-04676,Quezon,Car,Side-swipe,4,Clear,61.0,Female,1,,Moderate,Poorly-Lit,60
MMTI-2025-07883,Quezon,Car,Head-on,Risk Level 4,Cloudy,50.0,Female,1,447347.83,Heavy,Well-Lit,80 km/h
MMTI-2025-20588,Pasay,Bus,Rear-end,,Cloudy,53.0,Male,0,434967.82,Heavy,Well-Lit,60
MMTI-2025-03012,,Motorcycle,Hit and Run,3,Clear,49.0,Male,0,26176.48,Heavy,well lit,80
MMTI-2025-14269,Quezon,Bus,Rear-end,3,,28.0,Female,0,1218248.27,Heavy,Well-Lit,30
MMTI-2025-23008,Quezon,Car,Side-swipe,2,Cloudy,38.0,Female,0,470711.92,Moderate,Unlit,100 kph
MMTI-2025-01086,QUEZON ,Car,Rear-end,3.0,Cloudy,28.0,Female,0,"PHP 129,326.37",,Well-Lit,60 km/h
MMTI-2025-01574,,Bus,Head-on,3,Cloudy,38.0,Male,0,0,Heavy,Poorly-Lit,40
MMTI-2025-15983,Taguig,Car,Rear-end,3.0,Cloudy,32.0,Unknown,0,332.0k,Heavy,dark,30
MMTI-2025-21686,Makati,SUV/Van,Hit and Run,3,Clear,32.0,Male,0,,Moderate,Poorly-Lit,30
MMTI-2025-03479,Mandaluyong,Motorcycle,Side-swipe,1,Clear,36.0,Female,0,73731.33,Moderate,Poorly-Lit,40
MMTI-2025-22934,Quezon,SUV/Van,Side-swipe,6.0,Rainy,32.0,Male,4,764601.43,Heavy,Unlit,60
MMTI-2025-09671,Mandaluyong,Car,Side-swipe,6,Clear,43.0,Male,2,68143.38,HEAVY,Well-Lit,60 km/h
MMTI-2025-07361,Quezon,Car,Hit and Run,3.0,Rainy,28.0,Male,0,1094653.72,Heavy,No Lights,60
MMTI-2025-14294,Makati,SUV/Van,Side-swipe,Risk Level 3,Cloudy,35.0,Female,0,261.5k,Heavy,Well-Lit,60
MMTI-2025-21167,Pasig,Bus,Hit and Run,,Cloudy,26.0,Male,0,,Heavy,Unlit,40
MMTI-2025-05748,Paranaque,Motorcycle,Head-on,1,Clear,24.0,Male,0,103063.28,Light,Poorly-Lit,40 km/h
MMTI-2025-11813,Quezon,Car,Side-swipe,3,Rainy,34.0,male,0,1169915.6,Light,Unlit,60 km/h
MMTI-2025-10632,MANILA ,Jeepney,Hit and Run,3,,40.0,Male,0,64066.46,Light,POOR,60
MMTI-2025-04077,Taguig,Car,Rear-end,4,Cloudy,34.0,Male,1,287871.06,Heavy,Poorly-Lit,40 kph
MMTI-2025-07873, pasig,Bus,Side-swipe,Risk Level 3,,40.0,Male,0,1079376.83,,Well-Lit,40 km/h
MMTI-2025-01892,Taguig,Jeepney,Hit and Run,Risk Level 6,Clear,57.0,Male,4,,Moderate,POOR,60
MMTI-2025-00757,Taguig,Car,Side-swipe,3.0,,35.0,Female,0,168793.07,Heavy,Well-Lit,60
MMTI-2025-16138,Quezon,Truck,Rear-end,2,Cloudy,46.0,Female,0,379606.54,Heavy,Poorly-Lit,60
MMTI-2025-16962,Quezon,Car,Hit and Run,Risk Level 3,Cloudy,30.0,Female,0,361199.64,Heavy,No Lights,40
MMTI-2025-06802,Pasig,Car,Side-swipe,3,Clear,54.0,Male,0,141689.8,Moderate,Well-Lit,30
MMTI-2025-19640,Quezon,Car,Head-on,3,Stormy,50.0,Male,0,99999999,Heavy,Poorly-Lit,40
MMTI-2025-05346,Marikina,Car,Side-swipe,3,Clear,36.0,Male,0,61676.73,Heavy,Lit,60 kph
MMTI-2025-16690,Manila,Jeepney,Side-swipe,Risk Level 3,Rain,33.0,Female,0,120156.37,,Well-Lit,60
MMTI-2025-03170,PASAY ,Truck,Side-swipe,3,Rain,26.0,male,0,,Heavy,Well-Lit,100 kph
MMTI-2025-22158,Las Pinas,Car,Head-on,3.0,Clear,28.0,Male,0,91272.65,Moderate,dark,80 km/h
MMTI-2025-17585,Makati,Motorcycle,Rear-end,,Rain,25.0,Male,3,3328.9,Heavy,Poorly-Lit,60
MMTI-2025-11936,Quezon,Car,Rear-end,Risk Level 6,Rainy,46.0,Male,2,1089162.08,Heavy,Well-Lit,60 kph
MMTI-2025-21682,Marikina,Car,Side-swipe,6.0,Clear,17.0,female ,3,59195.89,MODERATE,Poorly-Lit,60
MMTI-2025-12816,Manila,Jeepney,Hit and Run,,Clear,40.0,Male,0,12745.2,Heavy,Well-Lit,100
MMTI-2025-04271,Quezon,SUV/Van,Side-swipe,3,Cloudy,29.0,Male,0,419997.88,Heavy,Well-Lit,30
MMTI-2025-16903,Paranaque,Car,Head-on,3,Clear,34.0,Male,0,115948.5,Moderate,Well-Lit,60
MMTI-2025-03171,Quezon,Car,Side-swipe,3,Rainy,56.0,F,0,1664.0k,Heavy,Well-Lit,100
MMTI-2025-13048,Malabon,Car,Side-swipe,3,Clear,53.0,Male,0,,Heavy,Poorly-Lit,60
MMTI-2025-17347,Makati,Car,Rear-end,3.0,Cloudy,27.0,F,0,238273.18,Heavy,Unlit,100
MMTI-2025-03715,Quezon,Car,Head-on,3,Cloudy,37.0,Male,0,359.6k,Heavy,Well-Lit,80
MMTI-2025-21267,Quezon,Car,Hit and Run,Risk Level 3,Rainy,35.0,Female,0,747062.48,Heavy,Poorly-Lit,60
MMTI-2025-17308,Quezon,,Head-on,,Rain,30.0,Male,0,-500,Heavy,Well-Lit,40
MMTI-2025-20800,Manila,Bus,Head-on,3.0,Rain,36.0,Female,0,,Heavy,Well-Lit,30
MMTI-2025-17308,Quezon,,Head-on,,Rain,30.0,Male,0,-500,Heavy,Well-Lit,40
MMTI-2025-09366,Paranaque,Motorcycle,Side-swipe,6.0,Clear,48.0,Male,1,107039.08,Moderate,Poorly-Lit,100
MMTI-2025-08945,San Juan,Car,Rear-end,Risk Level 3,Clear,24.0,male,0,38630.67,Heavy,Poorly-Lit,30 km/h
MMTI-2025-13374,QUEZON ,Jeepney,Rear-end,3.0,,39.0,Male,0,52644.45,Heavy,Poorly-Lit,60 km/h
MMTI-2025-02242,,Truck,Hit and Run,3.0,Clear,37.0,Female,0,788755.66,HEAVY,Poorly-Lit,60
MMTI-2025-21123,Quezon,Car,Side-swipe,3,Rainy,33.0,Male,0,1393809.65,Heavy,Poorly-Lit,100
MMTI-2025-13336,Paranaque,Truck,Head-on,,Clear,39.0,Male,0,299515.67,Heavy,Poorly-Lit,60
MMTI-2025-12147,Quezon,SUV/Van,Rear-end,3,Clear,39.0,Female,0,,Moderate,Well-Lit,30
MMTI-2025-06829,Manila,SUV/Van,Rear-end,3,Clear,44.0,Female,0,,Heavy,Well-Lit,60 km/h
MMTI-2025-20664,Manila,Car,Hit and Run,2,Cloudy,42.0,female ,0,168024.4,Moderate,Well-Lit,60
MMTI-2025-05629,Taguig,Car,Head-on,3,Cloudy,17.0,Male,0,"PHP 327,335.73",Moderate,Poorly-Lit,60
MMTI-2025-00886,Makati,Car,Hit and Run,3.0,Cloudy,17.0,Male,0,212385.77,Heavy,Well-Lit,40 km/h
MMTI-2025-08596,Quezon,SUV/Van,Hit and Run,2.0,,39.0,Male,0,38391.3,Moderate,Poorly-Lit,60 kph
MMTI-2025-02815,Pasig,Jeepney,Hit and Run,,Clear,17.0,Unknown,0,"PHP 39,839.67",Heavy,Well-Lit,60
MMTI-2025-14746,Pasig,Jeepney,Hit and Run,3.0,,60.0,Male,0,100114.66,Heavy,well lit,40
MMTI-2025-16389,Quezon,,Hit and Run,3,Storm,30.0,Male,0,120656.7,Light,Well-Lit,60
MMTI-2025-11759,Makati,SUV/Van,Hit and Run,3.0,Cloudy,40.0,Male,0,266278.76,Moderate,Well-Lit,60 km/h
MMTI-2025-01839,Quezon,Motorcycle,Head-on,3,Stormy,48.0,Male,0,77777777,Heavy,Well-Lit,80