Incident_ID,City,Vehicle_Type,Accident_Type,Severity,Weather_Condition,Driver_Age,Driver_Gender,Injury_Count,Damage_Cost_PHP,Traffic_Volume,Road_Lighting,Speed_Limit
MMTI-2025-01427,Quezon,Jeepney,Side-swipe,3,Rainy,25.0,F,0,1263813.39,MODERATE,Well-Lit,30
MMTI-2025-08466,Quezon,Motorcycle,Side-swipe,3,Rainy,34.0,Female,0,"PHP 1,570,595.84",Heavy,Poorly-Lit,40
MMTI-2025-10189,Quezon,Truck,Hit and Run,3,Stormy,51.0,Unknown,0,1879126.03,Moderate,Well-Lit,30
MMTI-2025-06524,Quezon,Car,Hit and Run,3,Cloudy,41.0,Male,0,"PHP 369,487.99",Heavy,Well-Lit,60 kph
MMTI-2025-14274,Las Pinas,Motorcycle,Side-swipe,2,Clear,33.0,F,0,87304.17,Moderate,Well-Lit,60
MMTI-2025-10022,,Jeepney,Side-swipe,3,Clear,33.0,Female,0,148445.51,Heavy,Well-Lit,40 km/h
MMTI-2025-11118,Quezon,Car,Side-swipe,Risk Level 1,Cloudy,33.0,Male,2,350534.49,Moderate,Well-Lit,30
MMTI-2025-16592,Quezon,Car,Side-swipe,6.0,Rain,34.0,Male,4,,Moderate,Well-Lit,40 kph
MMTI-2025-11401,Pasig,Truck,Rear-end,3.0,Clear,43.0,Male,0,,Heavy,POOR,40
MMTI-2025-23073,Muntinlupa,Car,Side-swipe,Risk Level 3,Clear,45.0,Female,0,57557.09,Moderate,Well-Lit,100
MMTI-2025-17101,Muntinlupa,Car,Head-on,Risk Level 3,Clear,38.0,Male,0,56862.72,Heavy,No Lights,100
MMTI-2025-13752,Manila,Bus,Side-swipe,6,Clear,,male,1,2167422.5,Moderate,Unlit,40
MMTI-2025-08533,Manila,Car,Hit and Run,Risk Level 3,,44.0,Female,0,219413.22,Heavy,Well-Lit,60
MMTI-2025-19388,Muntinlupa,Truck,Hit and Run,3,Clear,0.0,Female,0,55982.34,MODERATE,Well-Lit,40
MMTI-2025-06626,Quezon,Motorcycle,Side-swipe,Risk Level 2,Clear,31.0,Male,0,16716.4,,Unlit,60
MMTI-2025-17136,Quezon,Motorcycle,Side-swipe,3.0,Rainy,44.0,Male,0,"PHP 715,061.83",Moderate,Well-Lit,80
MMTI-2025-21751,Makati,Motorcycle,Rear-end,6.0,Clear,36.0,Female,1,,Moderate,Unlit,60
MMTI-2025-04050,LAS PINAS ,,Rear-end,6,Clear,150.0,Male,4,0,Heavy,Well-Lit,60
MMTI-2025-01950,Caloocan,Bus,Head-on,6,Clear,29.0,Female,2,,Heavy,Well-Lit,40
MMTI-2025-04177,Quezon,Car,Side-swipe,Risk Level 6,Cloudy,60.0,Female,1,413058.17,Heavy,Unlit,30
MMTI-2025-23492, las pinas,Motorcycle,Rear-end,2,,56.0,Male,0,3222.54,MODERATE,Well-Lit,80
MMTI-2025-05045,Pasig,Truck,Rear-end,3,Clear,36.0,Female,0,144.7k,Heavy,Well-Lit,100
MMTI-2025-07492,Las Pinas,Jeepney,Side-swipe,3,Clear,-10.0,Female,0,"PHP 83,132.03",Heavy,Poorly-Lit,40 kph
MMTI-2025-12959,Makati,Car,Side-swipe,3,Cloudy,38.0,Male,0,217122.24,Heavy,Well-Lit,40
MMTI-2025-18745,Paranaque,Car,Hit and Run,Risk Level 3,Clear,26.0,Male,0,109915.24,Heavy,Well-Lit,60
MMTI-2025-07831,Taguig,Car,Head-on,3,Cloudy,43.0,Male,0,347427.87,Heavy,Well-Lit,40
MMTI-2025-17610,Las Pinas,Car,Hit and Run,1,Clear,32.0,Female,0,92.9k,Light,Unlit,60
MMTI-2025-17655,Quezon,Car,Hit and Run,Risk Level 3,Rainy,37.0,Male,0,999933.46,Heavy,Well-Lit,30 kph
MMTI-2025-05344,Quezon,Motorcycle,Rear-end,3,Rainy,56.0,Female,0,1277527.28,Moderate,Well-Lit,80
MMTI-2025-09261,Manila,Car,Hit and Run,3.0,Cloudy,35.0,Male,0,172226.99,Heavy,Well-Lit,60 kph
MMTI-2025-04501,Quezon,SUV/Van,Hit and Run,3.0,Cloudy,46.0,Male,0,546063.01,Moderate,Well-Lit,60
MMTI-2025-04645,Las Pinas,Jeepney,Rear-end,Risk Level 3,Clear,40.0,Male,0,95308.42,Moderate,Well-Lit,60
MMTI-2025-21142,Manila,,Rear-end,3,Cloudy,25.0,Male,0,190930.93,Moderate,Unlit,60 km/h
MMTI-2025-08279,Pasay,Car,Rear-end,4.0,,,Male,3,153658.66,Heavy,Well-Lit,60 km/h
MMTI-2025-15377,Las Pinas,SUV/Van,Rear-end,Risk Level 1,Clear,39.0,Male,0,83107.92,Light,Poorly-Lit,30
MMTI-2025-04096,Quezon,Car,Hit and Run,3,Rainy,27.0,F,0,819693.35,Heavy,Poorly-Lit,40
MMTI-2025-17720,Taguig,Motorcycle,Head-on,3,Cloudy,32.0,Male,0,316133.06,Moderate,Well-Lit,60
MMTI-2025-09007,,SUV/Van,Side-swipe,3.0,Clear,39.0,Male,0,187773.81,Heavy,Well-Lit,40
MMTI-2025-09919,Makati,Truck,Hit and Run,3,Cloudy,40.0,Male,0,217529.76,Heavy,Well-Lit,40
MMTI-2025-08503,Pasay,Car,Side-swipe,3,Clear,46.0,Male,0,48474.45,Heavy,Poorly-Lit,60
MMTI-2025-06313,MANILA ,Jeepney,Rear-end,,Clear,,Male,0,18134.18,Heavy,Well-Lit,60 kph
MMTI-2025-16081,Quezon,Car,Hit and Run,6,Rainy,24.0,Male,1,1454641.37,Moderate,Lit,100
MMTI-2025-21988,Navotas,Car,Side-swipe,3,Clear,37.0,Male,0,36.3k,Heavy,Well-Lit,80 km/h
MMTI-2025-11431,MARIKINA ,Truck,Side-swipe,3.0,,28.0,Male,0,920978.34,Moderate,No Lights,80
MMTI-2025-17511,Taguig,Car,Side-swipe,2,Cloudy,43.0,Female,0,270139.3,Heavy,Poorly-Lit,80
MMTI-2025-15462,Muntinlupa,Car,Rear-end,3,Clear,41.0,Female,0,54858.99,Moderate,Well-Lit,60
MMTI-2025-14688,Taguig,Jeepney,Head-on,3,Clear,,Male,0,85912.21,Heavy,Poorly-Lit,60
MMTI-2025-21117,QUEZON ,Bus,Hit and Run,,Rain,45.0,male,0,455186.61,MODERATE,Well-Lit,30
MMTI-2025-22177,Pasig,Car,Side-swipe,3,Clear,38.0,Male,0,163003.11,Moderate,Well-Lit,60
MMTI-2025-18697,Quezon,Car,Side-swipe,2,Cloudy,37.0,Male,0,350688.58,Heavy,Well-Lit,40
MMTI-2025-04886,Quezon,Car,Hit and Run,6,Clear,,Female,2,217972.38,Heavy,Poorly-Lit,60
MMTI-2025-17931,Makati,Motorcycle,Side-swipe,3.0,,36.0,Male,0,46404.94,Heavy,Unlit,40
MMTI-2025-20016,Manila,Motorcycle,Side-swipe,Risk Level 3,Cloudy,46.0,Female,0,177688.23,Light,Poorly-Lit,100
MMTI-2025-17202,Quezon,Jeepney,Rear-end,3,Clear,28.0,Female,0,37289.28,,Poorly-Lit,40 km/h
MMTI-2025-15703,Pasig,Motorcycle,Side-swipe,2,Clear,37.0,Female,0,132491.44,Moderate,Well-Lit,30
MMTI-2025-10850,Las Pinas,SUV/Van,Hit and Run,3.0,Clear,47.0,Female,0,81617.21,Light,Well-Lit,40
MMTI-2025-04216,Navotas,Car,Rear-end,3,Clear,31.0,Male,0,36577.3,Light,Well-Lit,40
MMTI-2025-11568,Pasig,Bus,Hit and Run,,Rain,37.0,Male,0,516190.75,Heavy,Well-Lit,80 km/h
MMTI-2025-05505, makati,Car,Rear-end,,Clear,28.0,Female,4,76681.54,Heavy,Well-Lit,60 kph
MMTI-2025-10324,Quezon,Car,Side-swipe,,Cloudy,35.0,Male,3,,Heavy,Well-Lit,40
MMTI-2025-08618,Pasay,Truck,Side-swipe,3,Clear,39.0,Male,0,47728.28,Heavy,Well-Lit,60
MMTI-2025-10756,Marikina,Car,Side-swipe,3,Clear,54.0,Male,0,64882.31,MODERATE,Poorly-Lit,60
MMTI-2025-17366,Marikina,,Hit and Run,Risk Level 3,Clear,0.0,Male,0,73396.98,Heavy,Unlit,60
MMTI-2025-19959,Quezon,Car,Hit and Run,3.0,Rainy,35.0,Male,0,1175611.32,Moderate,dark,40
MMTI-2025-04372,Valenzuela,Car,Side-swipe,3,Clear,150.0,Male,0,38095.44,Heavy,Poorly-Lit,40
MMTI-2025-14636, makati,,Hit and Run,3,Rain,61.0,Male,0,32955.91,Heavy,Poorly-Lit,60 kph
MMTI-2025-19034,Manila,SUV/Van,Rear-end,3,Rain,,Female,0,382278.93,Heavy,Well-Lit,30
MMTI-2025-22782,,Motorcycle,Hit and Run,6,Clear,44.0,M,1,79266.52,HEAVY,Well-Lit,60
MMTI-2025-01454,Makati,Car,Hit and Run,3,Cloudy,32.0,Male,0,232854.88,Heavy,Well-Lit,80
MMTI-2025-13952,Navotas,Bus,Hit and Run,2,Clear,36.0,Female,0,,Moderate,Well-Lit,40
MMTI-2025-09771,Pasig,,Side-swipe,3,Rain,32.0,Male,0,,Light,Poorly-Lit,60
MMTI-2025-13170,Paranaque,,Hit and Run,3.0,Clear,30.0,Female,0,128758.09,Heavy,Poorly-Lit,40
MMTI-2025-02327,Muntinlupa,Truck,Side-swipe,,Clear,28.0,Male,0,132074.49,Light,Well-Lit,100
MMTI-2025-08066,Pasay,Truck,Hit and Run,3.0,Storm,23.0,male,2,1514100.74,,No Lights,40
MMTI-2025-13963,Manila,Bus,Head-on,3,,39.0,Male,0,1003262.93,Light,Poorly-Lit,60
MMTI-2025-23286, makati,Bus,Hit and Run,3,,47.0,Male,0,371558.85,Heavy,Poorly-Lit,60 km/h
MMTI-2025-16534,Manila,SUV/Van,Side-swipe,,Clear,47.0,Male,2,57115.26,,POOR,80 kph
MMTI-2025-23203,Caloocan,Car,Side-swipe,3,Clear,22.0,female ,0,41844.44,Heavy,Poorly-Lit,80 km/h
MMTI-2025-04984,Paranaque,SUV/Van,Head-on,3.0,Clear,37.0,Male,0,112505.6,Moderate,dark,60 km/h
MMTI-2025-14535,Quezon,,Head-on,3,Clear,42.0,Male,0,73077.22,,Poorly-Lit,60
MMTI-2025-12017, quezon,,Hit and Run,Risk Level 3,Clear,28.0,Male,0,118388.68,Heavy,Well-Lit,60
MMTI-2025-23485,,,Head-on,6,Rain,49.0,Male,1,,Light,Well-Lit,40
MMTI-2025-00158,,Car,Hit and Run,3,Rain,25.0,Male,0,"PHP 63,729.14",Heavy,No Lights,30
MMTI-2025-09602,Quezon,Car,Side-swipe,3,Cloudy,24.0,Male,0,"PHP 386,431.36",Heavy,Well-Lit,80
MMTI-2025-21722,Quezon,Truck,Hit and Run,6,Rainy,22.0,Male,1,1041951.87,Heavy,Well-Lit,60
MMTI-2025-10803,MAKATI ,Jeepney,Rear-end,3,,43.0,Male,0,65141.23,Heavy,Poorly-Lit,80
MMTI-2025-08939,Quezon,Car,Hit and Run,6,Rainy,24.0,Male,2,752487.97,Heavy,Poorly-Lit,100 km/h
MMTI-2025-12486,Manila,,Hit and Run,4,Rain,34.0,Male,1,82715.6,Moderate,Poorly-Lit,40
MMTI-2025-00098,Manila,SUV/Van,Hit and Run,2,Rain,26.0,Male,0,,,Lit,80
MMTI-2025-05741,Quezon,Car,Hit and Run,6.0,Stormy,150.0,Male,4,99999999,Heavy,Well-Lit,60 kph
MMTI-2025-01125,Manila,SUV/Van,Head-on,3.0,Cloudy,29.0,Female,0,172864.85,Heavy,No Lights,60
MMTI-2025-14183,Caloocan,Motorcycle,Head-on,3,,24.0,Male,0,"PHP 35,098.39",Heavy,Poorly-Lit,60
MMTI-2025-00747,TAGUIG ,,Hit and Run,3.0,Rain,42.0,Unknown,0,96116.41,MODERATE,Well-Lit,60 km/h
MMTI-2025-00475,Manila,Car,Rear-end,6,Cloudy,23.0,Male,1,176304.15,Heavy,Poorly-Lit,60
MMTI-2025-12871,Caloocan,Jeepney,Side-swipe,Risk Level 3,Rain,31.0,Male,0,,Heavy,dark,60
MMTI-2025-12342,Pasig,SUV/Van,Head-on,,Storm,36.0,Male,0,114.6k,Heavy,Unlit,40
MMTI-2025-06024,Caloocan,Jeepney,Head-on,,Clear,63.0,Male,0,8235.07,Light,Well-Lit,60 km/h
MMTI-2025-12298,Las Pinas,SUV/Van,Hit and Run,3,Clear,33.0,female ,0,92192.87,Heavy,Well-Lit,60
MMTI-2025-14692,Quezon,Motorcycle,Side-swipe,Risk Level 6,Clear,43.0,M,4,,Light,Well-Lit,60
MMTI-2025-15942,MALABON ,Car,Head-on,3.0,Cloudy,33.0,Male,0,,Heavy,well lit,60 kph
MMTI-2025-19008,Caloocan,Car,Rear-end,4,,31.0,Female,3,200908.07,Moderate,Poorly-Lit,60
MMTI-2025-21100,Muntinlupa,Car,Side-swipe,,Clear,24.0,Male,0,31669.38,Light,Lit,30 kph
MMTI-2025-01555,Paranaque,SUV/Van,Head-on,6,Clear,27.0,Male,3,103012.02,Heavy,Well-Lit,60 km/h
MMTI-2025-01351,Makati,,Hit and Run,3.0,Rain,35.0,Male,0,124840.34,Moderate,Poorly-Lit,40 kph
MMTI-2025-05608,Quezon,Car,Side-swipe,2.0,Cloudy,49.0,Male,0,"PHP 385,581.21",Moderate,Unlit,40
MMTI-2025-05647,,Motorcycle,Side-swipe,Risk Level 6,Clear,31.0,Female,4,108309.1,Heavy,No Lights,60
MMTI-2025-11953,Marikina,Car,Rear-end,3.0,Clear,43.0,Male,3,"PHP 64,772.84",Heavy,Well-Lit,60
MMTI-2025-14970,Caloocan,SUV/Van,Head-on,,Clear,46.0,Male,0,122206.17,Light,Poorly-Lit,60
MMTI-2025-11695,Pasig,Car,Rear-end,3,Clear,42.0,Male,0,134697.64,Moderate,Poorly-Lit,80
MMTI-2025-07255,Manila,SUV/Van,Hit and Run,2.0,Cloudy,51.0,Female,0,,Heavy,Unlit,40
MMTI-2025-10546,Mandaluyong,Motorcycle,Hit and Run,3,Clear,18.0,Male,0,78581.41,Heavy,Poorly-Lit,60
MMTI-2025-10005,Manila,Car,Side-swipe,Risk Level 3,Cloudy,28.0,Male,0,196356.12,Heavy,Unlit,60
MMTI-2025-01496,Quezon,Car,Head-on,3.0,Cloudy,23.0,Male,0,532241.14,Moderate,Poorly-Lit,60
MMTI-2025-01064,QUEZON ,Bus,Side-swipe,3,Cloudy,47.0,Female,0,,Heavy,Well-Lit,60 km/h
MMTI-2025-02504,Quezon,Motorcycle,Side-swipe,3,Cloudy,46.0,Male,0,587661.13,Moderate,Well-Lit,40
MMTI-2025-12943,Pasig,Car,Rear-end,Risk Level 3,Clear,32.0,Male,0,153408.46,Moderate,Poorly-Lit,40
MMTI-2025-08794,Valenzuela,Truck,Rear-end,,Clear,42.0,Female,2,476570.71,Light,Well-Lit,60
MMTI-2025-11010,,Truck,Head-on,3.0,Clear,44.0,Female,0,885042.36,Heavy,Well-Lit,60
MMTI-2025-19306,Quezon,Car,Hit and Run,3,Rainy,44.0,Male,0,1137016.06,Heavy,Poorly-Lit,60
MMTI-2025-17444,Valenzuela,,Side-swipe,3,Clear,0.0,Male,0,225787.25,Heavy,Well-Lit,40
MMTI-2025-15557,Makati,Bus,Hit and Run,Risk Level 9,,38.0,Male,1,653940.97,Heavy,Poorly-Lit,60
MMTI-2025-21847,Quezon,,Hit and Run,3.0,Clear,32.0,Female,0,175960.73,Moderate,Well-Lit,60
MMTI-2025-21814,Makati,Truck,Rear-end,2.0,Clear,50.0,Male,0,,,Poorly-Lit,60
MMTI-2025-08114,Quezon,Jeepney,Head-on,,Clear,55.0,Female,0,,Moderate,Well-Lit,40
MMTI-2025-21020,,Car,Side-swipe,3,Clear,45.0,Male,0,,Heavy,Well-Lit,60
MMTI-2025-08534,Quezon,Car,Head-on,2.0,Clear,,Female,0,64870.29,Heavy,Poorly-Lit,60
MMTI-2025-19208,Manila,Car,Hit and Run,6,Cloudy,36.0,Unknown,3,196192.26,Heavy,Well-Lit,60
MMTI-2025-16279,,Jeepney,Hit and Run,Risk Level 6,Clear,53.0,Male,3,102860.85,Moderate,Poorly-Lit,40
MMTI-2025-23356,MANILA ,,Rear-end,2,Clear,39.0,Male,0,88055.31,Moderate,Unlit,40 kph
MMTI-2025-09868,Manila,Bus,Hit and Run,3,Rain,29.0,female ,0,"PHP 820,819.09",,Poorly-Lit,60 km/h
MMTI-2025-02553,Taguig,Car,Rear-end,3,Cloudy,39.0,Male,0,273274.8,Heavy,Well-Lit,60 kph
MMTI-2025-03650,Muntinlupa,Motorcycle,Rear-end,,Cloudy,44.0,Male,0,12733.8,Heavy,POOR,60 km/h
MMTI-2025-23585,Quezon,Motorcycle,Hit and Run,3,Clear,,Male,0,10609.72,Heavy,Poorly-Lit,30
MMTI-2025-16150,Quezon,,Head-on,3,,30.0,Male,0,109864.34,Heavy,Poorly-Lit,40
MMTI-2025-20894,Quezon,Jeepney,Hit and Run,2,,36.0,Male,0,,Heavy,Well-Lit,100
MMTI-2025-08187,Las Pinas,Motorcycle,Head-on,3,Clear,29.0,Female,0,87571.09,Moderate,Well-Lit,80
MMTI-2025-13157,Quezon,Truck,Hit and Run,3,Rainy,40.0,Male,0,928151.27,Moderate,Well-Lit,30
MMTI-2025-11879,Pasay,Motorcycle,Hit and Run,Risk Level 3,Clear,27.0,Female,0,48793.92,Heavy,Well-Lit,40 kph
MMTI-2025-22708,Caloocan,Car,Side-swipe,3,Storm,,Male,0,"PHP 64,474.77",Moderate,Unlit,60
MMTI-2025-00285,Las Pinas,Motorcycle,Side-swipe,3,Clear,35.0,Male,0,85764.86,Heavy,well lit,60
MMTI-2025-13345,Makati,Truck,Head-on,,Clear,33.0,Male,0,230184.07,Moderate,Poorly-Lit,60
MMTI-2025-22188,Muntinlupa,Car,Hit and Run,3,Clear,48.0,Male,0,"PHP 57,638.55",Moderate,Poorly-Lit,60
MMTI-2025-13691, taguig,SUV/Van,Hit and Run,3,,54.0,Female,0,215370.24,Heavy,Well-Lit,60
MMTI-2025-13555,Taguig,Car,Rear-end,Risk Level 3,Cloudy,31.0,Male,0,305572.08,Heavy,No Lights,60
MMTI-2025-02179,Quezon,Truck,Head-on,,Cloudy,37.0,Female,0,426792.11,Heavy,Well-Lit,80
MMTI-2025-21851,Mandaluyong,,Head-on,3,Clear,49.0,Male,0,70914.81,Heavy,Well-Lit,80
MMTI-2025-22301,Quezon,Car,Rear-end,Risk Level 3,Rainy,50.0,Male,0,745151.43,Heavy,Well-Lit,80 km/h
MMTI-2025-08655,Makati,Car,Side-swipe,3,Cloudy,17.0,Male,0,252936.2,Light,Well-Lit,100
MMTI-2025-17269,Quezon,Car,Side-swipe,3,Rainy,23.0,Male,0,1084387.01,Heavy,Poorly-Lit,60
MMTI-2025-16326,Manila,Jeepney,Rear-end,3,Clear,,Male,0,49153.98,Moderate,Well-Lit,60
MMTI-2025-21218,Taguig,Motorcycle,Side-swipe,3,Clear,21.0,Male,0,,Heavy,Well-Lit,60 km/h
MMTI-2025-16474,Taguig,SUV/Van,Side-swipe,Risk Level 3,Cloudy,43.0,Male,0,287631.6,Heavy,Poorly-Lit,60
MMTI-2025-18628,Paranaque,Car,Side-swipe,3,Clear,29.0,Male,0,114745.84,Heavy,Poorly-Lit,100 km/h
MMTI-2025-18971,Manila,Bus,Hit and Run,6,Clear,,Male,4,831.5k,Light,Well-Lit,40
MMTI-2025-05499,Paranaque,Car,Hit and Run,3.0,Clear,34.0,Female,0,115172.88,Heavy,Well-Lit,60 kph
MMTI-2025-07393,Quezon,Motorcycle,Hit and Run,3.0,Rainy,43.0,Male,0,1362272.6,Heavy,Well-Lit,60 km/h
MMTI-2025-00348,Manila,Car,Head-on,6,Clear,24.0,Male,4,164406.3,Moderate,well lit,100
MMTI-2025-07931,Paranaque,Car,Head-on,Risk Level 3,Clear,44.0,Male,0,123112.75,Heavy,Well-Lit,80
MMTI-2025-00780,Quezon,Motorcycle,Hit and Run,,Clear,,Male,3,21172.49,,well lit,40
MMTI-2025-05696,Pasig,Car,Head-on,4,Clear,47.0,Female,4,148783.63,Heavy,Well-Lit,60
MMTI-2025-13486, makati,,Hit and Run,3.0,Clear,47.0,Male,0,-500,Heavy,Poorly-Lit,30
MMTI-2025-04969,Quezon,Car,Rear-end,3,Rainy,54.0,Male,0,846080.99,Heavy,Well-Lit,60
MMTI-2025-08856,San Juan,Car,Rear-end,3,Clear,52.0,Male,0,40895.29,LIGHT,Well-Lit,40
MMTI-2025-14549,Muntinlupa,Motorcycle,Head-on,1.0,Clear,32.0,Female,0,55183.03,Light,Well-Lit,60
MMTI-2025-12774,Quezon,,Head-on,3.0,Rain,27.0,Male,0,52.0k,HEAVY,Unlit,60
MMTI-2025-10693,,Motorcycle,Rear-end,3,Clear,53.0,Female,0,13311.1,Heavy,Well-Lit,80
MMTI-2025-15028,Makati,,Hit and Run,2.0,Rain,39.0,Male,0,19322.15,Light,Unlit,60
MMTI-2025-00032,Quezon,Car,Head-on,3,Rainy,48.0,Male,0,751787.06,Moderate,Poorly-Lit,40
MMTI-2025-04484,Makati,Motorcycle,Rear-end,3,Cloudy,54.0,Male,0,256.4k,Heavy,Well-Lit,60
MMTI-2025-23258,,SUV/Van,Hit and Run,3,Clear,50.0,Male,0,351605.84,Heavy,Well-Lit,30
MMTI-2025-10487, pasig,Bus,Head-on,,Rain,46.0,Female,1,472620.65,Heavy,Well-Lit,80 kph
MMTI-2025-03588,Quezon,Motorcycle,Rear-end,6,Cloudy,40.0,F,4,491940.97,Light,Unlit,60
MMTI-2025-05087,Paranaque,Car,Rear-end,3,Clear,55.0,Male,0,99707.31,Light,well lit,60
MMTI-2025-06404,Quezon,Motorcycle,Hit and Run,3,Rainy,24.0,Female,0,"PHP 969,772.40",Heavy,Well-Lit,80
MMTI-2025-10803,MAKATI ,Jeepney,Rear-end,3,,43.0,Male,0,65141.23,Heavy,Poorly-Lit,80
MMTI-2025-16677,Quezon,Jeepney,Side-swipe,3,Rainy,37.0,Male,0,868974.76,Heavy,Well-Lit,30
MMTI-2025-08944,Pasig,Bus,Side-swipe,2,Clear,36.0,Male,0,72442.86,,Unlit,80
MMTI-2025-00248,Malabon,Car,Rear-end,3,Clear,39.0,Male,0,37148.87,Heavy,Well-Lit,40
MMTI-2025-21201,Mandaluyong,Motorcycle,Head-on,2.0,Clear,41.0,Male,0,71065.99,HEAVY,Well-Lit,40
MMTI-2025-05260,Taguig,Motorcycle,Hit and Run,2,Cloudy,33.0,Male,0,299641.36,Heavy,dark,60
MMTI-2025-23138,Quezon,Car,Hit and Run,3,Rainy,41.0,Male,0,998148.74,Heavy,well lit,40
MMTI-2025-21489,Mandaluyong,SUV/Van,Hit and Run,2,Clear,17.0,Male,0,71616.61,Moderate,Poorly-Lit,60
MMTI-2025-05881,Quezon,Car,Head-on,3.0,Cloudy,17.0,Male,0,351190.07,Heavy,Well-Lit,60
MMTI-2025-05384,Pasay,Truck,Hit and Run,,Cloudy,26.0,Unknown,0,"PHP 342,680.77",Heavy,Poorly-Lit,80
MMTI-2025-14649, valenzuela,,Head-on,6.0,Rain,37.0,Female,2,656374.83,,Unlit,60
MMTI-2025-11034,Navotas,Motorcycle,Rear-end,Risk Level 3,Clear,,Male,0,"PHP 34,783.57",Heavy,Poorly-Lit,60 km/h
MMTI-2025-21742,Las Pinas,Motorcycle,Hit and Run,6,Clear,36.0,Female,3,86108.75,Light,Poorly-Lit,30
MMTI-2025-23178,Mandaluyong,,Rear-end,Risk Level 3,Clear,38.0,Male,0,237282.55,Heavy,dark,60 kph
MMTI-2025-20292,Caloocan,Car,Hit and Run,3.0,Clear,17.0,Female,0,43.0k,Heavy,Well-Lit,60
MMTI-2025-06483, manila,Bus,Side-swipe,1,Clear,31.0,Male,0,,Moderate,Well-Lit,80
MMTI-2025-02462,Pasig,Jeepney,Rear-end,3.0,Clear,17.0,Male,0,139.4k,Heavy,Well-Lit,40 km/h
MMTI-2025-15587,Makati,SUV/Van,Hit and Run,3,,,Male,0,298395.08,,Well-Lit,60 kph
MMTI-2025-07085,Taguig,Motorcycle,Hit and Run,3,Cloudy,44.0,Unknown,0,291922.86,Heavy,Poorly-Lit,60
MMTI-2025-09723,Quezon,Truck,Hit and Run,Risk Level 3,Clear,31.0,Male,0,285991.19,,Well-Lit,40 km/h
MMTI-2025-19169,Mandaluyong,Car,Hit and Run,Risk Level 2,Clear,30.0,Male,0,78880.16,Heavy,Well-Lit,60
MMTI-2025-07012,Taguig,Jeepney,Rear-end,3,Cloudy,46.0,Male,0,324512.53,Moderate,Well-Lit,30
MMTI-2025-14087,Las Pinas,SUV/Van,Rear-end,1,Clear,17.0,Male,0,94028.22,Light,Well-Lit,60
MMTI-2025-22065,Quezon,Car,Rear-end,6,Rainy,27.0,Male,1,626559.68,Moderate,Poorly-Lit,80
MMTI-2025-07022, valenzuela,Car,Rear-end,,Rain,53.0,Female,0,62640.64,Heavy,Poorly-Lit,30
MMTI-2025-21851,Mandaluyong,,Head-on,3,Clear,49.0,Male,0,70914.81,Heavy,Well-Lit,80
MMTI-2025-18570,Las Pinas,SUV/Van,Head-on,3,Clear,40.0,Male,0,94130.12,Heavy,Well-Lit,30
MMTI-2025-07406,Paranaque,Car,Rear-end,3.0,Clear,36.0,Male,0,106345.66,Light,Well-Lit,60
MMTI-2025-22299,Mandaluyong,Car,Head-on,Risk Level 3,Clear,17.0,Male,0,72095.26,Heavy,Well-Lit,60
MMTI-2025-17822,Muntinlupa,Car,Side-swipe,3.0,Clear,33.0,Female,0,56595.02,Heavy,dark,30 km/h
MMTI-2025-08395,Marikina,Bus,Head-on,Risk Level 6,Storm,26.0,Male,3,,Moderate,Well-Lit,60
MMTI-2025-16559,Las Pinas,Car,Hit and Run,3.0,Clear,17.0,Male,0,"PHP 94,782.47",Heavy,Poorly-Lit,60
MMTI-2025-18523,Quezon,Car,Side-swipe,3,Stormy,49.0,Male,0,99999999,Heavy,Well-Lit,30 kph
MMTI-2025-17869,Caloocan,Car,Side-swipe,3,Clear,150.0,Male,0,"PHP 44,009.08",HEAVY,Unlit,80
MMTI-2025-18509,Taguig,Car,Head-on,3,Cloudy,28.0,Male,0,335073.83,LIGHT,dark,60
MMTI-2025-13349,Mandaluyong,Car,Side-swipe,3,Clear,26.0,Male,0,74838.11,Heavy,Poorly-Lit,40
MMTI-2025-17206,Quezon,Car,Side-swipe,3.0,Rainy,52.0,Male,0,1261569.13,Heavy,No Lights,80
MMTI-2025-10195,Quezon,Motorcycle,Rear-end,2,Cloudy,40.0,Male,0,362493.97,Moderate,No Lights,30
MMTI-2025-14186,Makati,Car,Hit and Run,3.0,Cloudy,41.0,Female,0,215087.56,HEAVY,Poorly-Lit,80 kph
MMTI-2025-11819,Makati,SUV/Van,Hit and Run,,Clear,17.0,Female,0,134697.38,Heavy,Well-Lit,60 km/h
MMTI-2025-13936,Paranaque,Car,Hit and Run,3.0,Clear,33.0,Male,0,107813.31,Heavy,Poorly-Lit,60 kph
MMTI-2025-06978,,Bus,Side-swipe,Risk Level 6,Cloudy,0.0,Female,1,2673002.57,Moderate,Poorly-Lit,60
MMTI-2025-19612,Quezon,Truck,Side-swipe,3,Rainy,46.0,Male,0,969.1k,HEAVY,Unlit,60
MMTI-2025-15196,,Motorcycle,Hit and Run,Risk Level 3,Rain,48.0,Male,0,11489.73,Moderate,No Lights,60 kph
MMTI-2025-03174,Pasig,Car,Hit and Run,2,Clear,,Male,0,23771.54,MODERATE,well lit,60
MMTI-2025-02699,Pasay,SUV/Van,Side-swipe,Risk Level 3,Clear,22.0,Male,0,48825.79,MODERATE,POOR,60