Incident_ID,City,Vehicle_Type,Accident_Type,Severity,Weather_Condition,Driver_Age,Driver_Gender,Injury_Count,Damage_Cost_PHP,Traffic_Volume,Road_Lighting,Speed_Limit
MMTI-2025-15250,Marikina,,Rear-end,3,Clear,30.0,M,0,-25000,Heavy,Well-Lit,60
MMTI-2025-08306, quezon,Jeepney,Side-swipe,3,Clear,41.0,Male,0,,Heavy,Well-Lit,40 km/h
MMTI-2025-23167,Caloocan,Car,Side-swipe,Risk Level 3,Clear,24.0,M,0,43948.27,Heavy,Well-Lit,40
MMTI-2025-13968,Manila,Car,Head-on,Risk Level 3,Cloudy,999.0,Male,0,172277.08,Heavy,Poorly-Lit,40
MMTI-2025-10382,,,Hit and Run,3,,45.0,Female,0,224196.49,Heavy,Well-Lit,30
MMTI-2025-07130,Makati,Motorcycle,Hit and Run,3,Clear,23.0,Female,0,28005.54,,Poorly-Lit,100
MMTI-2025-06544,,Bus,Hit and Run,3.0,Clear,,Male,0,257638.09,Heavy,Poorly-Lit,80 kph
MMTI-2025-11829,Pateros,SUV/Van,Hit and Run,6,,35.0,Female,3,"PHP 404,892.61",Moderate,Well-Lit,60
MMTI-2025-02223,Mandaluyong,Truck,Hit and Run,3,Clear,49.0,Male,0,72543.73,Heavy,No Lights,30
MMTI-2025-12967,Manila,Car,Hit and Run,Risk Level 3,Cloudy,31.0,Male,0,166486.28,Heavy,Well-Lit,60
MMTI-2025-08787,Quezon,Car,Hit and Run,Risk Level 3,Rainy,43.0,Male,0,684429.43,Heavy,Well-Lit,60
MMTI-2025-23314,Caloocan,,Head-on,3,Clear,23.0,Male,0,251914.43,Heavy,dark,60
MMTI-2025-08899,Pasay,,Head-on,3,Clear,33.0,Male,0,43978.06,Heavy,Well-Lit,60 km/h
MMTI-2025-09370,Taguig,Truck,Hit and Run,Risk Level 3,Cloudy,59.0,male,0,349819.92,Heavy,Poorly-Lit,60
MMTI-2025-14606,Muntinlupa,Motorcycle,Head-on,Risk Level 3,Clear,51.0,Male,0,51.0k,Heavy,Well-Lit,80
MMTI-2025-00915,Marikina,Car,Side-swipe,3,Clear,38.0,Male,0,60897.26,Heavy,Well-Lit,60 km/h
MMTI-2025-21478,Marikina,Car,Rear-end,3,Clear,37.0,Female,0,66489.17,Heavy,Poorly-Lit,60 km/h
MMTI-2025-12346,Quezon,Car,Head-on,3,Cloudy,52.0,Male,0,557876.61,Heavy,Unlit,30
MMTI-2025-17028,Quezon,,Head-on,4.0,Cloudy,25.0,Male,1,40977.03,Heavy,Well-Lit,60 km/h
MMTI-2025-15338,Muntinlupa,Car,Hit and Run,3.0,Clear,36.0,Male,0,56262.26,Heavy,Well-Lit,30 km/h
MMTI-2025-20011,Manila,Car,Hit and Run,3,Cloudy,42.0,Female,0,203229.55,Heavy,POOR,60
MMTI-2025-11682,Marikina,Jeepney,Rear-end,3.0,Rain,36.0,Female,0,,Light,No Lights,60 km/h
MMTI-2025-07199,Makati,,Rear-end,6,Clear,54.0,Male,1,173153.54,Heavy,Poorly-Lit,60 km/h
MMTI-2025-01837,Pasig,Car,Hit and Run,3,Clear,28.0,Male,0,141663.72,HEAVY,Well-Lit,40
MMTI-2025-04314,Pasig,Car,Rear-end,3,Clear,33.0,Male,0,131663.71,HEAVY,Well-Lit,60 km/h
MMTI-2025-05832,Manila,Truck,Side-swipe,Risk Level 3,Clear,46.0,Male,0,838922.39,,Well-Lit,60
MMTI-2025-00539,Quezon,Car,Hit and Run,3,Cloudy,50.0,Male,0,483181.34,MODERATE,Well-Lit,80 km/h
MMTI-2025-20124,Quezon,Motorcycle,Side-swipe,2.0,Cloudy,31.0,Male,0,377170.38,Moderate,Poorly-Lit,40
MMTI-2025-09562, makati,Motorcycle,Head-on,3.0,Rain,32.0,Female,0,11001.99,,Well-Lit,80 km/h
MMTI-2025-06397,Marikina,Motorcycle,Side-swipe,3,Clear,45.0,Male,0,59171.18,Light,Well-Lit,40
MMTI-2025-09414,Quezon,Car,Hit and Run,3.0,Rainy,17.0,Male,0,953908.5,Heavy,Well-Lit,60
MMTI-2025-05084,Caloocan,Motorcycle,Side-swipe,3,Clear,37.0,Male,0,"PHP 43,763.59",HEAVY,Well-Lit,60
MMTI-2025-05446,Las Pinas,SUV/Van,Rear-end,1,Clear,50.0,Male,0,83385.74,Moderate,Well-Lit,30
MMTI-2025-18032,Taguig,Motorcycle,Head-on,Risk Level 6,Cloudy,40.0,Male,3,269673.88,HEAVY,Unlit,30
MMTI-2025-04915,Paranaque,Car,Rear-end,3,Clear,18.0,Male,0,105888.62,HEAVY,dark,60
MMTI-2025-08805,Paranaque,Motorcycle,Head-on,Risk Level 4,Clear,28.0,Male,3,101851.46,Heavy,Well-Lit,60
MMTI-2025-00666,Muntinlupa,Motorcycle,Rear-end,6,,32.0,Male,3,23449.72,Light,Well-Lit,60
MMTI-2025-19317,Quezon,SUV/Van,Hit and Run,9,Cloudy,45.0,Female,3,409720.89,Heavy,Poorly-Lit,60
MMTI-2025-01178,Paranaque,Motorcycle,Rear-end,Risk Level 3,Clear,23.0,Male,0,112020.77,LIGHT,Poorly-Lit,60 kph
MMTI-2025-01584,Malabon,SUV/Van,Hit and Run,3,Clear,,Male,0,223859.76,Heavy,Poorly-Lit,60
MMTI-2025-14972,Makati,Jeepney,Rear-end,3,Cloudy,68.0,Male,0,225.5k,Heavy,Well-Lit,60 km/h
MMTI-2025-06541,Quezon,Car,Head-on,Risk Level 3,Cloudy,26.0,Male,0,467054.33,Light,well lit,40
MMTI-2025-02744,,Car,Head-on,3.0,,53.0,Female,0,51390.54,Moderate,Well-Lit,60 km/h
MMTI-2025-09954,TAGUIG ,Car,Side-swipe,,Storm,49.0,Male,2,52214.91,Heavy,Poorly-Lit,60
MMTI-2025-07676,Makati,Motorcycle,Head-on,Risk Level 3,Cloudy,49.0,Female,0,220754.73,MODERATE,Well-Lit,60
MMTI-2025-03050,Paranaque,Motorcycle,Hit and Run,3,Clear,30.0,Female,0,108558.92,Moderate,POOR,60
MMTI-2025-08127,,Truck,Rear-end,3,Clear,50.0,Male,0,226825.51,Heavy,well lit,30 km/h
MMTI-2025-11457,Paranaque,Car,Hit and Run,3,Clear,36.0,Male,0,121067.65,Heavy,Well-Lit,60
MMTI-2025-15660,Quezon,Truck,Rear-end,3,Storm,,Male,0,1497371.14,Heavy,Poorly-Lit,60
MMTI-2025-15023,Quezon,Car,Head-on,Risk Level 3,Cloudy,43.0,Male,0,557502.11,Heavy,Well-Lit,60
MMTI-2025-14735,Paranaque,Car,Head-on,6,Clear,20.0,Male,4,97686.78,Heavy,No Lights,30
MMTI-2025-22647,Pasay,Truck,Rear-end,3,Clear,53.0,male,0,"PHP 48,091.78",Heavy,Well-Lit,40
MMTI-2025-05201,Valenzuela,SUV/Van,Head-on,3,Clear,,Male,0,268952.46,Heavy,Well-Lit,30 km/h
MMTI-2025-22134,Makati,Motorcycle,Side-swipe,3,Cloudy,33.0,Male,0,"PHP 241,252.26",Heavy,Well-Lit,80
MMTI-2025-19871,,Jeepney,Hit and Run,3,Rain,40.0,Male,0,49369.15,Light,Well-Lit,60
MMTI-2025-05328,Quezon,Car,Side-swipe,3,Rainy,43.0,M,0,1290970.76,Moderate,Well-Lit,40
MMTI-2025-11805,Navotas,Bus,Side-swipe,3,Rain,40.0,Male,0,,Heavy,Well-Lit,60
MMTI-2025-04962,Quezon,SUV/Van,Head-on,3,,40.0,Male,0,117489.51,HEAVY,Well-Lit,40
MMTI-2025-01695,,Motorcycle,Hit and Run,,Rain,34.0,Male,1,19078.81,Heavy,dark,80
MMTI-2025-19109,Makati,Jeepney,Head-on,3.0,Clear,47.0,Female,0,,Light,No Lights,40 kph
MMTI-2025-18286,Paranaque,Truck,Hit and Run,3,Clear,34.0,Female,0,103806.44,Heavy,Well-Lit,60
MMTI-2025-22736,Quezon,Truck,Rear-end,6.0,Cloudy,35.0,Male,1,"PHP 484,819.97",Light,No Lights,80
MMTI-2025-21943,Quezon,Truck,Head-on,1,Stormy,39.0,Female,0,77777777,Moderate,POOR,60
MMTI-2025-06243,Quezon,Jeepney,Hit and Run,Risk Level 6,Rainy,29.0,Female,1,1331221.75,MODERATE,Well-Lit,60
MMTI-2025-09319,Pasay,Car,Head-on,Risk Level 3,Clear,30.0,Male,0,47166.25,Heavy,well lit,40
MMTI-2025-20702,Pasig,Car,Side-swipe,6,Clear,52.0,Male,3,129388.08,Heavy,Well-Lit,40 km/h
MMTI-2025-13227,Makati,,Rear-end,Risk Level 3,Clear,35.0,Male,0,200991.0,Moderate,Poorly-Lit,60 km/h
MMTI-2025-01475,Pasig,Truck,Hit and Run,3.0,Clear,43.0,Male,0,125561.37,Heavy,POOR,60
MMTI-2025-06044,Manila,Bus,Head-on,Risk Level 3,Rain,,Male,0,708877.63,Moderate,Well-Lit,60 km/h
MMTI-2025-08961,Mandaluyong,Motorcycle,Hit and Run,6.0,Clear,40.0,Male,4,78176.88,Moderate,Well-Lit,60
MMTI-2025-21250,Makati,SUV/Van,Rear-end,Risk Level 3,Cloudy,39.0,Male,0,252614.16,Heavy,Well-Lit,60 kph
MMTI-2025-02852,,Motorcycle,Side-swipe,1,Clear,30.0,Female,0,"PHP 14,151.18",,Poorly-Lit,60 km/h
MMTI-2025-05702,Makati,Car,Head-on,1.0,Cloudy,53.0,Male,0,240135.49,Moderate,Unlit,60 km/h
MMTI-2025-03970,MAKATI ,Motorcycle,Rear-end,,Rain,43.0,Male,0,"PHP 7,958.83",Heavy,Well-Lit,100
MMTI-2025-08936,Quezon,Car,Hit and Run,3,Rainy,49.0,Female,0,"PHP 1,124,190.10",Moderate,Well-Lit,60
MMTI-2025-21362,,Motorcycle,Head-on,1,Clear,,M,0,12937.43,Moderate,Well-Lit,60
MMTI-2025-12871,Caloocan,Jeepney,Side-swipe,Risk Level 3,Rain,31.0,Male,0,,Heavy,dark,60
MMTI-2025-18252,Makati,Bus,Hit and Run,3.0,Clear,27.0,Male,0,273869.8,,Unlit,60
MMTI-2025-07336,Quezon,Car,Side-swipe,3,Rainy,17.0,Male,1,1051330.14,Heavy,Poorly-Lit,60
MMTI-2025-10068,Pasay,Truck,Side-swipe,3.0,Clear,48.0,Male,0,"PHP 46,931.31",Heavy,Well-Lit,40
MMTI-2025-20804, taguig,Jeepney,Head-on,,Rain,53.0,female ,0,13904.86,Moderate,Well-Lit,40 km/h
MMTI-2025-22925,Las Pinas,Motorcycle,Rear-end,2,Clear,41.0,Male,0,"PHP 92,851.56",Moderate,dark,60
MMTI-2025-15192,Las Pinas,Jeepney,Side-swipe,3,Clear,,Male,0,104504.52,Heavy,Well-Lit,60
MMTI-2025-13126,Las Pinas,Truck,Head-on,6,Clear,42.0,Male,2,95205.53,Heavy,Poorly-Lit,60
MMTI-2025-18366,Muntinlupa,,Hit and Run,6,Clear,44.0,male,1,359115.76,Moderate,Well-Lit,60
MMTI-2025-09572,Quezon,Car,Rear-end,3,Cloudy,35.0,Female,0,539593.28,Heavy,Well-Lit,60 km/h
MMTI-2025-07363,Paranaque,Motorcycle,Side-swipe,Risk Level 3,Clear,27.0,Female,0,"PHP 98,605.49",Heavy,Poorly-Lit,40
MMTI-2025-22822,Quezon,Motorcycle,Head-on,6.0,Rainy,30.0,Male,2,1059497.41,Heavy,Well-Lit,60 km/h
MMTI-2025-21216, valenzuela,,Head-on,1.0,Cloudy,45.0,Female,0,48866.63,Moderate,Well-Lit,80
MMTI-2025-12349,Las Pinas,Car,Rear-end,3,,66.0,Female,0,131346.88,Moderate,Poorly-Lit,80
MMTI-2025-05378,PASIG ,,Rear-end,Risk Level 3,Clear,29.0,Male,0,61498.22,Heavy,POOR,60
MMTI-2025-08080,Quezon,SUV/Van,Hit and Run,3,Cloudy,46.0,Male,0,"PHP 410,411.75",Moderate,Well-Lit,60 kph
MMTI-2025-19081,Paranaque,Car,Hit and Run,Risk Level 6,Clear,54.0,Male,3,107354.17,Heavy,Well-Lit,40
MMTI-2025-16211,Las Pinas,Car,Head-on,3,Clear,45.0,Male,0,90343.31,Light,Unlit,60
MMTI-2025-05434,Quezon,Jeepney,Side-swipe,6.0,Stormy,42.0,Male,1,3382440.92,Light,Well-Lit,80
MMTI-2025-22469,Marikina,Motorcycle,Rear-end,3.0,Clear,26.0,Male,0,59717.41,Heavy,Well-Lit,60
MMTI-2025-21288,Valenzuela,Bus,Hit and Run,3,Cloudy,41.0,Female,0,,Moderate,Well-Lit,30
MMTI-2025-08242,Taguig,Car,Hit and Run,,Clear,41.0,Male,0,86769.82,Heavy,Well-Lit,60 kph
MMTI-2025-05441,Navotas,Car,Hit and Run,3,Clear,45.0,Male,0,36496.78,MODERATE,Unlit,60 km/h
MMTI-2025-01800,Makati,Car,Hit and Run,3,Cloudy,43.0,Unknown,0,256590.04,HEAVY,Poorly-Lit,30
MMTI-2025-18979,Quezon,Jeepney,Rear-end,3,,24.0,Unknown,0,57813.4,,Well-Lit,30 km/h
MMTI-2025-06270,Quezon,Jeepney,Head-on,3,Stormy,37.0,Male,0,1935543.26,Light,No Lights,30
MMTI-2025-14934,Manila,Car,Hit and Run,2,Cloudy,30.0,Female,0,183128.03,Heavy,Poorly-Lit,60 km/h
MMTI-2025-11887,Caloocan,Car,Head-on,3,Clear,50.0,Female,0,44734.41,Heavy,dark,40
MMTI-2025-21599,Quezon,Car,Side-swipe,Risk Level 3,Rainy,44.0,Male,0,725228.76,Heavy,Well-Lit,60
MMTI-2025-17793,,Motorcycle,Head-on,Risk Level 6,Clear,28.0,Male,2,33308.28,Heavy,Well-Lit,60
MMTI-2025-16996,Mandaluyong,,Side-swipe,3.0,Rain,48.0,female ,0,57809.06,,Well-Lit,60
MMTI-2025-22984,Marikina,Jeepney,Head-on,3,Clear,,Male,0,32362.71,Heavy,Well-Lit,60
MMTI-2025-07136,Quezon,Car,Side-swipe,Risk Level 3,Rainy,37.0,Male,0,687439.0,HEAVY,Well-Lit,60 km/h
MMTI-2025-05888,Marikina,Jeepney,Head-on,Risk Level 3,Rain,24.0,Male,0,,Moderate,Well-Lit,30
MMTI-2025-15246,,Car,Rear-end,Risk Level 3,Clear,23.0,Male,0,217217.85,Heavy,dark,60
MMTI-2025-02187,Quezon,Motorcycle,Hit and Run,Risk Level 3,Cloudy,35.0,Female,0,521673.02,Heavy,Well-Lit,30
MMTI-2025-10979,Marikina,Jeepney,Rear-end,3.0,Clear,41.0,Male,0,64849.56,Moderate,Poorly-Lit,40
MMTI-2025-05176, quezon,Motorcycle,Hit and Run,,Clear,44.0,Female,0,16285.4,Moderate,Well-Lit,80
MMTI-2025-06711,Quezon,Motorcycle,Head-on,2,Cloudy,17.0,Male,0,470402.47,Heavy,Poorly-Lit,60
MMTI-2025-10996,,Motorcycle,Head-on,3,Clear,37.0,Male,0,46089.96,HEAVY,Well-Lit,60
MMTI-2025-07369,Quezon,Truck,Hit and Run,6,,66.0,Male,4,"PHP 2,154,910.84",Heavy,Poorly-Lit,30 kph
MMTI-2025-01051,TAGUIG ,SUV/Van,Rear-end,3.0,,32.0,Female,0,261818.7,Heavy,Well-Lit,100
MMTI-2025-19252,Quezon,Motorcycle,Head-on,3,Rainy,48.0,Female,0,840047.74,Moderate,Lit,40 km/h
MMTI-2025-00242,Quezon,Truck,Head-on,3,Clear,31.0,Male,0,,Heavy,Unlit,60
MMTI-2025-10267,Quezon,Motorcycle,Hit and Run,6,Rainy,42.0,Male,2,991375.92,Moderate,Lit,40
MMTI-2025-02505,Pasig,Bus,Head-on,2.0,,40.0,Female,0,398594.5,Heavy,Well-Lit,60 km/h
MMTI-2025-11111,Quezon,Car,Side-swipe,3,Rainy,37.0,Male,2,963176.67,MODERATE,Poorly-Lit,60
MMTI-2025-06808,Taguig,SUV/Van,Rear-end,6,,39.0,Female,4,521969.61,Heavy,well lit,60 km/h
MMTI-2025-09524,Quezon,SUV/Van,Hit and Run,6,,38.0,Female,4,1200899.89,Moderate,Unlit,60
MMTI-2025-01724,Mandaluyong,Car,Rear-end,3.0,Clear,44.0,Male,0,68710.97,Heavy,Well-Lit,60 km/h
MMTI-2025-20465,Navotas,SUV/Van,Side-swipe,2,Clear,40.0,Female,0,36322.33,Heavy,Poorly-Lit,60
MMTI-2025-09594, valenzuela,Jeepney,Head-on,3,,44.0,Female,0,72216.26,LIGHT,Well-Lit,60
MMTI-2025-23552,Pasig,Truck,Head-on,,Clear,44.0,Male,0,144857.14,Light,Well-Lit,80
MMTI-2025-11053,Quezon,Truck,Rear-end,Risk Level 3,Cloudy,36.0,Unknown,0,413746.19,Heavy,POOR,60
MMTI-2025-20087,Taguig,Motorcycle,Rear-end,3,Cloudy,36.0,Male,0,277556.44,Heavy,Poorly-Lit,60
MMTI-2025-05304, makati,Motorcycle,Rear-end,3,Rain,36.0,Female,0,10782.15,,Poorly-Lit,60 kph
MMTI-2025-22405, pasig,Bus,Head-on,3,Clear,,Male,0,716348.08,Moderate,Poorly-Lit,60
MMTI-2025-02005,Las Pinas,Jeepney,Head-on,Risk Level 3,Clear,,Male,0,88118.99,HEAVY,No Lights,30 kph
MMTI-2025-08052,Quezon,Motorcycle,Rear-end,3,Cloudy,47.0,Male,0,475568.67,Heavy,Poorly-Lit,80
MMTI-2025-15120,Quezon,Car,Hit and Run,3.0,Cloudy,42.0,Male,0,384387.15,Heavy,Lit,60
MMTI-2025-15975,Mandaluyong,Motorcycle,Head-on,3,Clear,29.0,Male,0,"PHP 70,491.65",Heavy,Poorly-Lit,60
MMTI-2025-10306,,Truck,Hit and Run,2,Clear,36.0,Male,3,128447.97,Moderate,Well-Lit,40
MMTI-2025-04690,Manila,Truck,Head-on,,Clear,21.0,Male,2,352632.89,Moderate,Lit,40
MMTI-2025-07473,Quezon,Car,Side-swipe,3.0,Rainy,34.0,Male,0,723177.95,Light,POOR,80
MMTI-2025-22142,Pasig,Motorcycle,Hit and Run,3,Clear,28.0,female ,0,136378.34,Heavy,Poorly-Lit,40 kph
MMTI-2025-00160,Malabon,Car,Rear-end,2,Clear,36.0,Male,0,"PHP 36,648.26",HEAVY,No Lights,60 kph
MMTI-2025-09787,,Motorcycle,Rear-end,3,Cloudy,25.0,Unknown,0,29455.46,Heavy,Unlit,100
MMTI-2025-20080,Quezon,Truck,Rear-end,3.0,,49.0,Male,0,729618.04,Moderate,Poorly-Lit,80
MMTI-2025-09247,Pasig,Motorcycle,Head-on,3.0,Clear,31.0,Male,0,124331.61,Moderate,Well-Lit,80 kph
MMTI-2025-02025,Quezon,Car,Hit and Run,3,Rainy,39.0,female ,0,1086587.26,Heavy,Well-Lit,80
MMTI-2025-04224,Pasay,Car,Hit and Run,3.0,Clear,35.0,Male,0,"PHP 49,806.83",MODERATE,Well-Lit,80
MMTI-2025-00050,Manila,,Head-on,2,Clear,39.0,Female,0,20248.52,MODERATE,Well-Lit,40
MMTI-2025-21794,Pasig,Car,Rear-end,3,Clear,55.0,Male,0,"PHP 158,997.84",Moderate,Poorly-Lit,80
MMTI-2025-14032,QUEZON ,Bus,Side-swipe,Risk Level 3,Rain,42.0,Male,0,974.8k,,Poorly-Lit,60
MMTI-2025-20440,Quezon,Motorcycle,Hit and Run,3,Cloudy,31.0,Male,0,546345.52,Moderate,Well-Lit,60 km/h
MMTI-2025-06607,Mandaluyong,Car,Hit and Run,3.0,Clear,46.0,Male,0,71373.45,Heavy,Well-Lit,60
MMTI-2025-15436,Las Pinas,Motorcycle,Side-swipe,Risk Level 3,Clear,26.0,Female,0,"PHP 87,203.91",MODERATE,Well-Lit,40
MMTI-2025-04557,Quezon,Motorcycle,Side-swipe,6.0,Cloudy,41.0,Male,4,411889.25,Heavy,dark,80 km/h
MMTI-2025-15643,Mandaluyong,Motorcycle,Hit and Run,3,Clear,38.0,Male,0,79901.03,Heavy,Well-Lit,80
MMTI-2025-12982,MALABON ,Motorcycle,Side-swipe,3,Clear,48.0,Female,0,,Moderate,Poorly-Lit,40
MMTI-2025-03005,Marikina,Motorcycle,Side-swipe,Risk Level 3,Clear,39.0,Male,0,47455.4,,Unlit,60
MMTI-2025-11611,MANILA,Jeepney,Hit and Run,2,Clear,,Female,0,27042.57,Heavy,Well-Lit,30
MMTI-2025-13238,,Motorcycle,Hit and Run,3,Cloudy,27.0,Male,0,13080.51,Moderate,Well-Lit,40
MMTI-2025-08473,Las Pinas,Car,Head-on,3,,28.0,Male,0,257064.02,MODERATE,Lit,60 km/h
MMTI-2025-13941,Pasig,Car,Rear-end,2,Clear,36.0,Female,0,125337.38,Heavy,Well-Lit,40
MMTI-2025-01521,Quezon,Car,Head-on,3,Cloudy,34.0,Female,0,521532.85,Heavy,POOR,60
MMTI-2025-04456, manila,Car,Rear-end,,Clear,37.0,Male,0,33089.81,MODERATE,Poorly-Lit,80
MMTI-2025-13765,Las Pinas,Motorcycle,Head-on,,Clear,47.0,Male,0,4607.71,Heavy,Well-Lit,60 kph
MMTI-2025-15514,Marikina,SUV/Van,Head-on,1.0,Clear,28.0,Female,0,60142.3,Moderate,Well-Lit,40
MMTI-2025-05340,Taguig,Jeepney,Rear-end,Risk Level 3,Cloudy,43.0,Female,0,272465.96,Heavy,Well-Lit,80
MMTI-2025-10146,Taguig,Car,Hit and Run,Risk Level 2,Cloudy,24.0,M,0,309796.75,Moderate,Well-Lit,60
MMTI-2025-04768,Taguig,Car,Head-on,Risk Level 3,Cloudy,27.0,Male,0,329720.87,Heavy,Well-Lit,30
MMTI-2025-20598,Makati,Car,Hit and Run,6,Cloudy,33.0,Male,3,225517.02,Heavy,Well-Lit,60 kph
MMTI-2025-11103,Quezon,Motorcycle,Head-on,3,Cloudy,40.0,Male,0,476563.72,Heavy,No Lights,60
MMTI-2025-09174,Las Pinas,Truck,Rear-end,3,Rain,,Female,0,919115.03,Heavy,Well-Lit,80 km/h
MMTI-2025-05054,Caloocan,Car,Hit and Run,2,Rain,49.0,Female,0,96585.86,,Poorly-Lit,40 km/h
MMTI-2025-12932,Pasig,Car,Head-on,3.0,Clear,53.0,Male,0,124421.61,LIGHT,Unlit,60
MMTI-2025-15258,Makati,Car,Side-swipe,Risk Level 3,Cloudy,32.0,Male,0,"PHP 256,635.01",Heavy,Unlit,40 km/h
MMTI-2025-14697,,SUV/Van,Head-on,2,Clear,40.0,Male,0,22118.38,Heavy,Well-Lit,80
MMTI-2025-04470,Paranaque,Motorcycle,Head-on,,Clear,26.0,Male,0,8928.24,Moderate,Unlit,40
MMTI-2025-05122,Quezon,SUV/Van,Side-swipe,6,Rainy,35.0,Male,3,709969.81,Moderate,dark,80
MMTI-2025-00657,,Jeepney,Side-swipe,3,Clear,45.0,Female,0,67667.22,Heavy,Unlit,30
MMTI-2025-22250,Taguig,Car,Rear-end,3,Cloudy,49.0,Male,0,285990.47,Light,Well-Lit,80 kph
MMTI-2025-09263,Quezon,Truck,Hit and Run,3.0,Cloudy,37.0,Male,0,,Heavy,Poorly-Lit,80 km/h
MMTI-2025-03857,Taguig,Bus,Rear-end,3.0,,49.0,Male,0,1207275.49,Moderate,POOR,80
MMTI-2025-21557,Valenzuela,Bus,Head-on,3,,59.0,Male,0,206363.81,Moderate,Poorly-Lit,60
MMTI-2025-21474,Pasay,Car,Head-on,6.0,Clear,26.0,Male,1,47729.98,Heavy,Well-Lit,40
MMTI-2025-05824,Quezon,,Head-on,3,Rain,36.0,Male,0,93469.64,Heavy,Unlit,60
MMTI-2025-15754,Quezon,Car,Side-swipe,3,Rainy,28.0,Male,0,"PHP 1,237,769.98",Moderate,Poorly-Lit,60
MMTI-2025-23143,,Truck,Hit and Run,Risk Level 3,Rain,32.0,Male,0,1231594.57,Heavy,POOR,40
MMTI-2025-00183,Las Pinas,Car,Hit and Run,Risk Level 2,Clear,39.0,Female,0,87527.14,Moderate,Well-Lit,80
MMTI-2025-21673,Pasig,Car,Head-on,3.0,Clear,58.0,Male,0,136268.62,Heavy,Well-Lit,80 kph
MMTI-2025-17375,Paranaque,Car,Hit and Run,Risk Level 3,Clear,,M,0,58097.62,Heavy,Well-Lit,60
MMTI-2025-15185,Makati,Car,Rear-end,3.0,Cloudy,32.0,Male,0,"PHP 262,172.76",Heavy,No Lights,40
MMTI-2025-09244,Quezon,Car,Hit and Run,3.0,Rainy,58.0,Female,0,1209936.2,Heavy,Well-Lit,60
MMTI-2025-20408,Quezon,Bus,Rear-end,,Clear,38.0,Female,1,116606.53,Heavy,Poorly-Lit,60
MMTI-2025-02320,Manila,Car,Head-on,3,Clear,41.0,Male,0,,Heavy,Poorly-Lit,60
MMTI-2025-09026,Manila,Car,Rear-end,,Clear,41.0,Male,0,34214.81,HEAVY,Poorly-Lit,100
MMTI-2025-19990,Quezon,Car,Side-swipe,3.0,Rainy,29.0,Male,0,1324547.01,Moderate,Lit,30 kph
MMTI-2025-03961,Manila,Car,Hit and Run,2,Cloudy,32.0,male,0,"PHP 182,255.99",Moderate,Well-Lit,60
MMTI-2025-17385,Manila,Car,Rear-end,Risk Level 3,Cloudy,42.0,Female,0,167533.64,Heavy,Well-Lit,60 kph
MMTI-2025-00716,Quezon,Car,Head-on,Risk Level 6,Stormy,30.0,F,3,2292362.03,Heavy,Well-Lit,60 km/h
MMTI-2025-10051,Muntinlupa,Car,Hit and Run,2,Clear,54.0,Male,0,,Heavy,Well-Lit,60
MMTI-2025-04234,Mandaluyong,Motorcycle,Rear-end,3,Clear,61.0,Male,0,72996.81,Heavy,dark,60
MMTI-2025-14943,Paranaque,Car,Rear-end,3,Clear,31.0,Female,0,119968.01,Heavy,Well-Lit,100
MMTI-2025-10663,,Car,Rear-end,6,Clear,32.0,F,4,471447.64,Heavy,Well-Lit,100
MMTI-2025-14218,Paranaque,Jeepney,Head-on,3,,21.0,Male,0,49192.12,,Poorly-Lit,60
MMTI-2025-03742,Quezon,SUV/Van,Hit and Run,Risk Level 6,Stormy,34.0,Male,2,"PHP 2,924,159.84",HEAVY,Lit,40
MMTI-2025-18125,Quezon,SUV/Van,Rear-end,3,Cloudy,21.0,Unknown,0,581745.81,Heavy,well lit,60
MMTI-2025-01890,Taguig,SUV/Van,Rear-end,3,Cloudy,17.0,Male,0,"PHP 274,308.77",Heavy,POOR,40
MMTI-2025-19456,Manila,SUV/Van,Side-swipe,9,,17.0,Male,2,430800.86,Moderate,Poorly-Lit,60
MMTI-2025-09807,Taguig,Car,Head-on,6,Cloudy,32.0,Male,3,291169.83,Heavy,Well-Lit,40 km/h
MMTI-2025-18206,Manila,Motorcycle,Head-on,3.0,Cloudy,54.0,Male,0,"PHP 168,513.15",Heavy,Well-Lit,60
MMTI-2025-11147,Quezon,SUV/Van,Head-on,,Storm,44.0,Female,0,"PHP 114,622.27",Moderate,Well-Lit,60
MMTI-2025-16984,Muntinlupa,Jeepney,Hit and Run,6,Rain,50.0,Male,1,133846.36,,Poorly-Lit,60 kph
MMTI-2025-16307,Paranaque,Jeepney,Side-swipe,3,Clear,32.0,Male,0,"PHP 108,739.42",Moderate,Well-Lit,60 km/h
MMTI-2025-21933,Paranaque,Car,Side-swipe,6.0,,50.0,Male,3,717816.12,Heavy,No Lights,60 km/h
MMTI-2025-03856,Pasay,Car,Hit and Run,,Clear,48.0,Female,0,"PHP 54,163.08",Heavy,Well-Lit,80 km/h
MMTI-2025-17216,Quezon,SUV/Van,Head-on,3,Cloudy,49.0,Male,0,620173.96,Heavy,Lit,40
MMTI-2025-00012,Las Pinas,Motorcycle,Hit and Run,Risk Level 3,Clear,39.0,Male,0,85373.32,Heavy,Well-Lit,30