Incident_ID,City,Vehicle_Type,Accident_Type,Severity,Weather_Condition,Driver_Age,Driver_Gender,Injury_Count,Damage_Cost_PHP,Traffic_Volume,Road_Lighting,Speed_Limit
MMTI-2025-07861,Quezon,,Rear-end,3,Clear,38.0,F,0,136399.71,Heavy,Well-Lit,80
MMTI-2025-14664,Pasig,Motorcycle,Hit and Run,3,Clear,17.0,Unknown,0,,Heavy,Poorly-Lit,40
MMTI-2025-10436,Taguig,Motorcycle,Hit and Run,3,Storm,51.0,F,0,39329.04,,Poorly-Lit,80
MMTI-2025-17245,Paranaque,Car,Rear-end,3.0,Clear,34.0,Unknown,0,"PHP 113,566.68",Moderate,Unlit,60 km/h
MMTI-2025-01732,Mandaluyong,Car,Head-on,3.0,Clear,43.0,Male,0,80149.65,Heavy,Well-Lit,60
MMTI-2025-04232,Quezon,Motorcycle,Head-on,2,Cloudy,55.0,Female,0,540817.78,Heavy,Poorly-Lit,40 km/h
MMTI-2025-21249,Quezon,,Side-swipe,3,Clear,47.0,Female,0,164237.99,Heavy,Well-Lit,60
MMTI-2025-20606,Quezon,Car,Hit and Run,3,Rainy,26.0,Male,0,707734.22,Moderate,No Lights,60
MMTI-2025-22575,Quezon,Jeepney,Hit and Run,,Clear,44.0,Female,0,-500,Heavy,Well-Lit,60 km/h
MMTI-2025-09839,Quezon,SUV/Van,Hit and Run,Risk Level 3,Rainy,34.0,male,0,713508.99,Heavy,Well-Lit,60
MMTI-2025-22313,Quezon,Truck,Hit and Run,Risk Level 3,Cloudy,36.0,Male,0,424045.2,Heavy,Well-Lit,40
MMTI-2025-10674,Pasig,Car,Hit and Run,3,Clear,40.0,Male,0,152685.7,Heavy,Well-Lit,80
MMTI-2025-08305,Quezon,Truck,Hit and Run,2,Stormy,17.0,Male,0,77777777,Light,Well-Lit,100
MMTI-2025-09054,,Bus,Side-swipe,3.0,Rain,60.0,Male,0,699073.79,Heavy,Poorly-Lit,60 km/h
MMTI-2025-17846,Quezon,Motorcycle,Rear-end,6.0,Stormy,39.0,Male,1,"PHP 2,431,348.09",Heavy,Well-Lit,60
MMTI-2025-02539,,Car,Head-on,Risk Level 3,Clear,43.0,Female,0,35.9k,HEAVY,Poorly-Lit,30
MMTI-2025-20939,Taguig,Car,Rear-end,9.0,Cloudy,27.0,Male,1,318652.69,Heavy,Unlit,60
MMTI-2025-23235,MUNTINLUPA ,SUV/Van,Side-swipe,3,,26.0,Female,0,150447.65,Light,Unlit,30
MMTI-2025-20853,Marikina,SUV/Van,Hit and Run,3,Clear,29.0,Female,0,61511.76,Heavy,Well-Lit,60
MMTI-2025-04522,Navotas,,Rear-end,Risk Level 3,Clear,34.0,Male,0,"PHP 125,218.83",Heavy,Well-Lit,40
MMTI-2025-09209,Mandaluyong,Car,Head-on,3.0,Clear,32.0,Female,0,80856.42,Heavy,Poorly-Lit,60
MMTI-2025-15434,Muntinlupa,SUV/Van,Hit and Run,6,Clear,36.0,Male,3,53283.6,Heavy,Poorly-Lit,80
MMTI-2025-02799,Makati,Car,Side-swipe,2,Cloudy,28.0,Female,0,241192.36,Moderate,Well-Lit,60 km/h
MMTI-2025-20048,Quezon,Motorcycle,Hit and Run,3.0,Rainy,-10.0,F,0,"PHP 699,563.14",Heavy,POOR,100
MMTI-2025-10249, las pinas,,Hit and Run,3,Clear,18.0,Male,0,156043.25,Heavy,Well-Lit,40 kph
MMTI-2025-09681,Paranaque,Car,Hit and Run,3,Clear,38.0,Male,0,100777.63,Heavy,POOR,40
MMTI-2025-06398,Valenzuela,Car,Head-on,3,Clear,40.0,Male,0,37614.31,Moderate,Poorly-Lit,80 km/h
MMTI-2025-03140,,Truck,Head-on,6,Clear,43.0,Male,4,4992143.07,Moderate,Well-Lit,60 km/h
MMTI-2025-14556,Pasig,Truck,Hit and Run,3,Clear,41.0,Male,0,155618.11,Heavy,Well-Lit,60
MMTI-2025-21459,San Juan,Car,Hit and Run,Risk Level 3,Clear,28.0,Male,0,40954.79,HEAVY,Well-Lit,60 kph
MMTI-2025-00503,San Juan,Jeepney,Side-swipe,Risk Level 3,Clear,22.0,Male,0,,Heavy,Poorly-Lit,60 km/h
MMTI-2025-15196,,Motorcycle,Hit and Run,Risk Level 3,Rain,48.0,Male,0,11489.73,Moderate,No Lights,60 kph
MMTI-2025-15348,Quezon,SUV/Van,Hit and Run,3,Cloudy,53.0,Male,0,,Heavy,Poorly-Lit,40
MMTI-2025-17389,Navotas,Car,Rear-end,3,Clear,39.0,Male,0,36461.3,Moderate,Well-Lit,40
MMTI-2025-00759,Quezon,Motorcycle,Head-on,Risk Level 3,Rainy,36.0,Male,0,1271797.26,Moderate,Well-Lit,30 km/h
MMTI-2025-01302,Manila,Bus,Head-on,3,Rain,33.0,Male,0,,Heavy,Well-Lit,100 km/h
MMTI-2025-10594,,SUV/Van,Rear-end,Risk Level 3,Rain,,Female,0,334574.57,Heavy,Well-Lit,40
MMTI-2025-00723,Quezon,Car,Hit and Run,Risk Level 2,Clear,47.0,Male,0,28552.57,,dark,60
MMTI-2025-12862,Pasay,Car,Side-swipe,3.0,Clear,28.0,Male,0,46493.33,Light,Unlit,40 kph
MMTI-2025-18484,Quezon,Car,Side-swipe,3.0,Cloudy,58.0,Male,0,354.9k,Heavy,Well-Lit,40 km/h
MMTI-2025-18759,,Car,Head-on,4.0,Clear,47.0,Male,1,198056.63,Moderate,Well-Lit,60
MMTI-2025-01694,Quezon,Car,Side-swipe,3,Rainy,35.0,Male,0,631.5k,Heavy,Well-Lit,60
MMTI-2025-04076,Muntinlupa,Car,Head-on,3,Clear,34.0,Male,0,56586.46,Heavy,Well-Lit,60
MMTI-2025-15345,Pasig,Motorcycle,Head-on,Risk Level 3,Clear,19.0,Female,0,132806.55,Moderate,Well-Lit,80
MMTI-2025-01018,Quezon,Car,Head-on,3,Rainy,59.0,Female,0,1183470.73,Heavy,Poorly-Lit,40 km/h
MMTI-2025-13396,Manila,SUV/Van,Hit and Run,2.0,Cloudy,40.0,M,0,204123.5,Light,Poorly-Lit,60
MMTI-2025-15182,Quezon,Motorcycle,Hit and Run,Risk Level 3,Cloudy,39.0,Male,0,350708.29,Heavy,Well-Lit,60
MMTI-2025-08115,Las Pinas,Truck,Side-swipe,3,Rain,51.0,M,0,,Heavy,Unlit,60 km/h
MMTI-2025-01451,Mandaluyong,SUV/Van,Rear-end,6.0,Clear,51.0,Male,1,161826.41,,Well-Lit,80 kph
MMTI-2025-17988,,,Rear-end,Risk Level 6,Clear,36.0,Male,2,232972.18,Moderate,Well-Lit,60 km/h
MMTI-2025-21096,Muntinlupa,Car,Rear-end,Risk Level 3,Clear,38.0,Male,0,56779.08,Heavy,Unlit,60 kph
MMTI-2025-21879,Pasay,SUV/Van,Hit and Run,3,Clear,35.0,Male,0,49067.14,Heavy,Well-Lit,60
MMTI-2025-08406,Manila,,Side-swipe,4,Rain,30.0,Male,1,148704.43,Moderate,Poorly-Lit,40
MMTI-2025-07610,Paranaque,Car,Side-swipe,3,Clear,41.0,Unknown,0,99282.46,Heavy,Unlit,30
MMTI-2025-20992,Makati,Motorcycle,Rear-end,Risk Level 3,Clear,27.0,female ,0,13196.84,,Well-Lit,100
MMTI-2025-13789, caloocan,Motorcycle,Rear-end,3.0,,,Male,0,77777777,Heavy,Unlit,60
MMTI-2025-00429,Makati,Motorcycle,Rear-end,Risk Level 6,Cloudy,47.0,Male,4,252324.73,Light,Well-Lit,60 kph
MMTI-2025-16584,Quezon,Motorcycle,Hit and Run,3,Stormy,24.0,Male,0,1829411.97,Heavy,Poorly-Lit,40 kph
MMTI-2025-17763,Pasay,Motorcycle,Head-on,3.0,Clear,43.0,Male,0,47657.42,Heavy,Unlit,100
MMTI-2025-15560,Muntinlupa,Car,Head-on,3.0,Clear,36.0,Female,0,51274.08,Light,Unlit,80 kph
MMTI-2025-15136,Quezon,Car,Hit and Run,Risk Level 3,Stormy,0.0,Male,0,99999999,Heavy,dark,30 km/h
MMTI-2025-07297,Marikina,Motorcycle,Side-swipe,3.0,Clear,33.0,Male,0,60382.48,Moderate,Well-Lit,100
MMTI-2025-23144,Pasay,Car,Rear-end,Risk Level 3,Clear,36.0,Male,0,48456.49,Heavy,Poorly-Lit,80
MMTI-2025-09871,Manila,Bus,Hit and Run,3.0,,45.0,Male,0,786284.48,Heavy,Well-Lit,80
MMTI-2025-18891,Quezon,Car,Head-on,3.0,Rainy,46.0,Male,0,1104971.24,Heavy,Well-Lit,60 km/h
MMTI-2025-18158,,SUV/Van,Hit and Run,3,Cloudy,42.0,Male,0,"PHP 69,726.45",Light,Well-Lit,30
MMTI-2025-18973,Pasig,Car,Hit and Run,Risk Level 6,Clear,40.0,Male,1,146382.06,Moderate,Well-Lit,40
MMTI-2025-05093,Pasay,SUV/Van,Head-on,3,Clear,32.0,Female,0,49332.09,Moderate,Unlit,40
MMTI-2025-19385,,SUV/Van,Rear-end,Risk Level 1,Clear,24.0,Male,0,98915.88,Moderate,POOR,80
MMTI-2025-06356,Manila,Car,Head-on,,Clear,30.0,female ,0,29705.24,Moderate,Poorly-Lit,60 km/h
MMTI-2025-21934,Quezon,Car,Side-swipe,Risk Level 3,Cloudy,46.0,Female,0,373310.27,HEAVY,Well-Lit,60
MMTI-2025-00609,Quezon,Motorcycle,Head-on,3.0,Rainy,47.0,Female,0,830642.76,Light,Poorly-Lit,80
MMTI-2025-15654,Quezon,SUV/Van,Hit and Run,Risk Level 3,Clear,,male,0,431252.42,HEAVY,Well-Lit,40
MMTI-2025-03040,Mandaluyong,Car,Rear-end,3,Clear,36.0,Male,0,69675.95,Moderate,Well-Lit,60
MMTI-2025-09483,,Jeepney,Rear-end,Risk Level 3,Clear,35.0,Male,0,28246.41,Heavy,Well-Lit,40 km/h
MMTI-2025-18549,Taguig,Car,Hit and Run,3,Cloudy,49.0,Male,0,"PHP 345,146.56",Heavy,Well-Lit,60 km/h
MMTI-2025-13238,,Motorcycle,Hit and Run,3,Cloudy,27.0,Male,0,13080.51,Moderate,Well-Lit,40
MMTI-2025-01856,Makati,SUV/Van,Head-on,Risk Level 3,Cloudy,32.0,Female,0,212078.13,Moderate,Poorly-Lit,40 km/h
MMTI-2025-15815,Marikina,Car,Head-on,3.0,Clear,32.0,Male,0,62573.08,Moderate,Well-Lit,80
MMTI-2025-16472,Manila,Truck,Rear-end,3,Cloudy,50.0,Male,0,181553.67,Heavy,Well-Lit,60
MMTI-2025-08972,Taguig,Car,Head-on,3,Cloudy,47.0,Male,0,276399.48,Heavy,Well-Lit,80
MMTI-2025-15397,San Juan,Car,Head-on,3.0,Clear,54.0,Male,0,40505.26,Light,Poorly-Lit,40 kph
MMTI-2025-18314,Manila,SUV/Van,Head-on,3,Cloudy,40.0,Female,0,165.9k,Heavy,Unlit,40
MMTI-2025-18984,Las Pinas,Car,Head-on,,Clear,55.0,male,0,54698.7,Heavy,Well-Lit,60 km/h
MMTI-2025-00809,Quezon,Motorcycle,Rear-end,3,Cloudy,45.0,Male,0,368845.7,Moderate,Well-Lit,80 kph
MMTI-2025-18831,,,Side-swipe,2.0,Clear,50.0,M,0,"PHP 44,051.86",Moderate,Well-Lit,60
MMTI-2025-22676,Manila,Truck,Hit and Run,3,,41.0,Female,0,899815.7,Heavy,Well-Lit,80
MMTI-2025-18234,MAKATI ,Truck,Head-on,3,Clear,,Male,0,428610.8,Light,Well-Lit,60
MMTI-2025-03830,Quezon,Motorcycle,Rear-end,3,Clear,50.0,female ,0,,,Well-Lit,60
MMTI-2025-10721,MAKATI ,,Hit and Run,3,Clear,21.0,Male,0,302268.27,Moderate,Unlit,60
MMTI-2025-20024,Manila,Motorcycle,Head-on,3.0,Cloudy,44.0,Male,0,173223.58,Heavy,Well-Lit,60 km/h
MMTI-2025-18164,Quezon,Car,Head-on,3.0,Rainy,36.0,Male,0,996664.71,Light,Poorly-Lit,60 kph
MMTI-2025-08026,Quezon,Car,Side-swipe,Risk Level 3,Rainy,34.0,male,0,1059775.37,Light,Well-Lit,60
MMTI-2025-15476,,Bus,Rear-end,Risk Level 3,Clear,21.0,Male,0,823267.96,Heavy,Unlit,60
MMTI-2025-00140,Mandaluyong,Car,Rear-end,6,Clear,42.0,Male,4,68644.09,Moderate,Well-Lit,60
MMTI-2025-19115,Quezon,Motorcycle,Rear-end,6.0,Cloudy,23.0,Male,1,512567.12,Moderate,Well-Lit,60
MMTI-2025-11163,Pasig,Truck,Head-on,Risk Level 2,Clear,34.0,Female,0,,Moderate,Poorly-Lit,60
MMTI-2025-07754,Quezon,Car,Side-swipe,3,Storm,,Male,0,60043.88,Moderate,Well-Lit,80
MMTI-2025-05382,Manila,Car,Head-on,1,Cloudy,17.0,Female,0,167871.06,Light,Poorly-Lit,30
MMTI-2025-05650,Quezon,Car,Head-on,Risk Level 3,Rainy,33.0,Male,0,935972.74,Heavy,Well-Lit,60 km/h
MMTI-2025-07212,,Jeepney,Hit and Run,3,Rain,45.0,Male,0,47217.64,HEAVY,Well-Lit,60 kph
MMTI-2025-20167,,Bus,Rear-end,Risk Level 2,Clear,42.0,Male,0,181468.49,Moderate,Poorly-Lit,30
MMTI-2025-18946,Caloocan,Truck,Side-swipe,3,Clear,26.0,Female,0,43367.68,Heavy,Unlit,30
MMTI-2025-05950,Quezon,Motorcycle,Hit and Run,3,Rain,,Male,0,,Heavy,Poorly-Lit,30 km/h
MMTI-2025-17663,Marikina,Motorcycle,Rear-end,2,Clear,22.0,Male,0,66719.7,Heavy,POOR,60 kph
MMTI-2025-06352,Pasig,SUV/Van,Side-swipe,3,Clear,31.0,Male,0,,,well lit,40
MMTI-2025-07936,Manila,Jeepney,Side-swipe,,Clear,41.0,Male,0,37942.74,Heavy,Poorly-Lit,60
MMTI-2025-21870,Quezon,Car,Hit and Run,3.0,Rainy,38.0,Male,0,"PHP 990,589.63",MODERATE,well lit,60
MMTI-2025-00026,Valenzuela,,Head-on,3,,50.0,Male,0,67836.27,Moderate,dark,60
MMTI-2025-02533,Paranaque,Car,Head-on,2,Clear,22.0,F,0,113542.43,Moderate,Poorly-Lit,60
MMTI-2025-23177, pasig,Motorcycle,Hit and Run,3,,34.0,Male,0,24752.73,Moderate,Poorly-Lit,60
MMTI-2025-15667,,Car,Head-on,3,Clear,50.0,Male,0,31437.55,Moderate,Well-Lit,30
MMTI-2025-14088,Mandaluyong,,Rear-end,3,Clear,44.0,Male,0,68103.65,Moderate,No Lights,80
MMTI-2025-02299,Muntinlupa,Car,Hit and Run,6,Clear,75.0,Male,2,52549.84,Moderate,Poorly-Lit,40 kph
MMTI-2025-14876,San Juan,Motorcycle,Side-swipe,9,Clear,46.0,Male,3,,Heavy,No Lights,40
MMTI-2025-11737,Caloocan,Motorcycle,Side-swipe,3.0,Clear,29.0,M,0,44019.09,Heavy,Poorly-Lit,30
MMTI-2025-14163,Quezon,Car,Side-swipe,6,Stormy,30.0,Female,4,1760879.09,Heavy,POOR,60 km/h
MMTI-2025-08102,Manila,,Head-on,3,Clear,30.0,Female,0,75801.57,Heavy,Well-Lit,80
MMTI-2025-14732,Quezon,Motorcycle,Head-on,3,Rainy,46.0,Female,0,"PHP 1,637,367.29",Moderate,Well-Lit,60
MMTI-2025-18151,Quezon,SUV/Van,Rear-end,Risk Level 6,Rainy,45.0,Female,2,958358.68,MODERATE,Poorly-Lit,30
MMTI-2025-03433,Quezon,Car,Head-on,6,Rainy,37.0,Male,3,1230695.74,Heavy,Well-Lit,60
MMTI-2025-02219,,Bus,Rear-end,3.0,Clear,40.0,Male,3,931536.91,Heavy,Poorly-Lit,60 km/h
MMTI-2025-07054,Quezon,,Side-swipe,2,Clear,47.0,Female,0,77405.3,Heavy,Poorly-Lit,60 km/h
MMTI-2025-02876,Manila,Jeepney,Head-on,,Cloudy,30.0,Male,0,24057.84,Heavy,Well-Lit,60
MMTI-2025-08364,Makati,Jeepney,Head-on,,Clear,69.0,Male,0,27912.53,Heavy,Poorly-Lit,60
MMTI-2025-02386,Pasig,Motorcycle,Head-on,6,Clear,37.0,Male,3,125240.93,Heavy,Well-Lit,80
MMTI-2025-03030,Makati,Jeepney,Hit and Run,3,Clear,,Male,0,73502.09,Heavy,well lit,30
MMTI-2025-02936,Muntinlupa,,Hit and Run,Risk Level 6,Clear,46.0,Male,2,,,Poorly-Lit,60
MMTI-2025-03416,Mandaluyong,Car,Head-on,6,Clear,39.0,Male,2,76757.66,Heavy,Well-Lit,60
MMTI-2025-12985,Manila,Motorcycle,Head-on,3,Cloudy,37.0,Male,0,"PHP 182,170.57",Moderate,Well-Lit,60 km/h
MMTI-2025-07557,Quezon,Motorcycle,Hit and Run,3.0,Cloudy,57.0,Male,0,"PHP 597,150.50",Moderate,Unlit,60 kph
MMTI-2025-14710,Las Pinas,Motorcycle,Rear-end,3,Clear,40.0,Male,0,,Moderate,Well-Lit,80 km/h
MMTI-2025-03103,Quezon,Motorcycle,Hit and Run,3,Rainy,36.0,Female,0,904140.42,Heavy,Well-Lit,80
MMTI-2025-18217,Caloocan,Car,Hit and Run,3,Clear,42.0,Male,0,42173.01,Light,Well-Lit,60
MMTI-2025-12451,Taguig,Car,Head-on,Risk Level 3,Cloudy,38.0,Male,0,330298.98,Moderate,Well-Lit,60 kph
MMTI-2025-20871,Pasig,SUV/Van,Side-swipe,3.0,Clear,29.0,Female,0,135114.4,Moderate,Well-Lit,80 km/h
MMTI-2025-19136,Quezon,Truck,Hit and Run,3,Cloudy,50.0,Male,0,539799.58,HEAVY,No Lights,40
MMTI-2025-16811,Marikina,Car,Rear-end,4.0,Clear,26.0,Male,2,67308.25,Moderate,Poorly-Lit,40
MMTI-2025-13617,Pasig,Car,Rear-end,2,Clear,41.0,Male,0,156034.88,Moderate,Well-Lit,80
MMTI-2025-22483,Taguig,Jeepney,Rear-end,3,Cloudy,33.0,Male,0,339162.25,Heavy,Well-Lit,40
MMTI-2025-19558,Mandaluyong,Car,Head-on,Risk Level 2,Clear,45.0,Male,0,70479.28,Heavy,Well-Lit,60
MMTI-2025-02145,Navotas,Car,Side-swipe,Risk Level 1,,21.0,Male,0,78938.36,,Well-Lit,40
MMTI-2025-07266,Quezon,Car,Rear-end,3,Cloudy,41.0,male,0,386220.23,Light,Well-Lit,60
MMTI-2025-06667,Quezon,Jeepney,Head-on,Risk Level 3,Rain,42.0,Male,0,107462.43,,Well-Lit,60 km/h
MMTI-2025-07863,PARANAQUE ,,Hit and Run,3.0,Cloudy,32.0,Male,0,135399.1,Heavy,Poorly-Lit,60 km/h
MMTI-2025-07251,Quezon,Motorcycle,Hit and Run,3,Rainy,54.0,Male,0,866974.15,Heavy,Poorly-Lit,60
MMTI-2025-03367,Quezon,Car,Rear-end,3,Stormy,37.0,Male,0,99999999,Heavy,Well-Lit,60
MMTI-2025-10551,Quezon,Car,Head-on,3,,54.0,Male,0,114493.49,Moderate,Well-Lit,60 km/h
MMTI-2025-09829,Manila,Jeepney,Hit and Run,6.0,Clear,52.0,Male,2,164481.26,Heavy,Poorly-Lit,80
MMTI-2025-23326,Makati,Car,Rear-end,Risk Level 4,Cloudy,49.0,Male,3,236918.88,Heavy,Poorly-Lit,60 km/h
MMTI-2025-10224,Muntinlupa,SUV/Van,Rear-end,Risk Level 3,Clear,41.0,Male,0,53790.3,Light,Poorly-Lit,40
MMTI-2025-15937,Mandaluyong,Jeepney,Side-swipe,2,Clear,27.0,Male,0,15250.4,,No Lights,60
MMTI-2025-22971,Muntinlupa,Truck,Hit and Run,Risk Level 1,Cloudy,43.0,Male,0,,LIGHT,Well-Lit,60 km/h
MMTI-2025-03206,Manila,Jeepney,Hit and Run,Risk Level 1,Clear,37.0,Unknown,0,36528.15,,Unlit,30 km/h
MMTI-2025-19711,CALOOCAN ,Motorcycle,Rear-end,3,Cloudy,31.0,Male,0,,Moderate,Poorly-Lit,60
MMTI-2025-06757,,SUV/Van,Side-swipe,3.0,Cloudy,36.0,Male,0,299074.74,Heavy,Poorly-Lit,60
MMTI-2025-21235,Navotas,Car,Rear-end,3,Clear,17.0,Female,0,36369.39,Light,Well-Lit,30
MMTI-2025-02715,Paranaque,SUV/Van,Head-on,3,Clear,56.0,Female,0,99369.29,Heavy,Poorly-Lit,60 km/h
MMTI-2025-02332,Quezon,Motorcycle,Head-on,3.0,Rainy,55.0,Male,0,1006730.1,Heavy,Unlit,60
MMTI-2025-16994,,SUV/Van,Rear-end,3,Storm,0.0,Male,0,271107.69,Heavy,Well-Lit,30
MMTI-2025-07570,Makati,Bus,Hit and Run,3,Clear,31.0,Male,0,559312.89,,Poorly-Lit,60
MMTI-2025-11990,,Jeepney,Rear-end,3,Clear,41.0,Unknown,0,32168.1,Moderate,Well-Lit,60
MMTI-2025-04951,Quezon,Car,Hit and Run,3,Rainy,30.0,Female,0,625995.1,Moderate,Well-Lit,80
MMTI-2025-21275,Marikina,Car,Hit and Run,3,Clear,45.0,Male,0,"PHP 62,292.47",Moderate,well lit,60
MMTI-2025-13561,Paranaque,SUV/Van,Hit and Run,3,Clear,38.0,Male,0,113076.04,Moderate,Well-Lit,60
MMTI-2025-02676,Mandaluyong,Car,Side-swipe,3,Clear,-10.0,Male,0,68247.49,Heavy,Well-Lit,30 km/h
MMTI-2025-20621,Quezon,Car,Head-on,Risk Level 6,Cloudy,26.0,Male,1,376851.39,Heavy,Well-Lit,30
MMTI-2025-13663,Manila,Motorcycle,Hit and Run,2.0,Rain,36.0,Male,0,,Moderate,Unlit,60
MMTI-2025-12635,QUEZON ,Bus,Side-swipe,3,Storm,33.0,Unknown,0,994201.25,,Poorly-Lit,60 km/h
MMTI-2025-05417,MALABON ,Motorcycle,Hit and Run,3,Clear,24.0,Male,0,,Heavy,Well-Lit,80
MMTI-2025-07905,,Truck,Hit and Run,2,Clear,35.0,Male,0,250217.02,Moderate,Well-Lit,100
MMTI-2025-22619,Quezon,Car,Head-on,2,Rain,,Male,0,"PHP 65,282.71",Heavy,Poorly-Lit,60 km/h
MMTI-2025-13633,San Juan,Car,Hit and Run,6.0,Clear,41.0,Male,1,40751.72,Heavy,Well-Lit,60
MMTI-2025-09590,Manila,Truck,Hit and Run,6.0,Clear,,Male,3,2724246.21,Heavy,Well-Lit,60 kph
MMTI-2025-15441,Marikina,Truck,Rear-end,2,Clear,37.0,Male,0,511846.25,,Poorly-Lit,80
MMTI-2025-21569,Taguig,Motorcycle,Hit and Run,Risk Level 2,Clear,26.0,F,0,8970.95,,POOR,80
MMTI-2025-21278,Paranaque,,Head-on,3,Cloudy,25.0,Male,0,103356.63,Light,Lit,40
MMTI-2025-12920,Quezon,,Rear-end,Risk Level 3,Clear,48.0,Male,0,186270.89,Heavy,No Lights,100 kph
MMTI-2025-02909,Las Pinas,Truck,Hit and Run,3,Clear,51.0,Male,0,84562.55,Heavy,No Lights,40
MMTI-2025-11692,Manila,Car,Side-swipe,Risk Level 1,Clear,,Male,0,66789.73,Moderate,Well-Lit,80
MMTI-2025-08037,Quezon,Car,Hit and Run,Risk Level 3,Cloudy,17.0,Female,0,396372.48,Heavy,Well-Lit,60
MMTI-2025-00102,Quezon,Truck,Hit and Run,3,Rainy,150.0,Female,0,1030767.2,Heavy,Poorly-Lit,60
MMTI-2025-15998,Valenzuela,SUV/Van,Rear-end,,Cloudy,28.0,Male,0,93327.53,Heavy,Poorly-Lit,60 km/h
MMTI-2025-02337,Marikina,Car,Hit and Run,6,Clear,43.0,Male,2,64055.4,Light,Well-Lit,40
MMTI-2025-15298,Mandaluyong,Car,Head-on,6.0,Clear,42.0,Male,2,75689.08,LIGHT,Lit,60
MMTI-2025-16095,Quezon,Car,Head-on,6,Stormy,29.0,Female,3,2332492.11,Heavy,Well-Lit,60
MMTI-2025-20386,Muntinlupa,Bus,Hit and Run,,Clear,27.0,M,0,77844.95,Moderate,Unlit,80
MMTI-2025-08747,Quezon,Car,Head-on,4,Rainy,32.0,Male,4,1282506.75,Moderate,well lit,60
MMTI-2025-06402,Manila,Car,Side-swipe,3,Cloudy,37.0,Male,0,199370.46,Heavy,Well-Lit,80
MMTI-2025-04949,Pasay,Car,Side-swipe,Risk Level 3,Clear,50.0,Male,0,47.8k,Heavy,POOR,100 km/h
MMTI-2025-20525,,,Head-on,3.0,Clear,23.0,M,0,194261.93,Heavy,Well-Lit,60
MMTI-2025-12216,,Truck,Hit and Run,,Clear,17.0,Male,0,351364.98,Moderate,Well-Lit,30
MMTI-2025-05867,Quezon,Motorcycle,Head-on,3,Rainy,33.0,Male,0,827528.66,Heavy,Well-Lit,60
MMTI-2025-19632,Pasig,Motorcycle,Side-swipe,3,Clear,47.0,Female,0,143895.58,Heavy,well lit,60
MMTI-2025-06736,Pasay,Truck,Side-swipe,3,Clear,38.0,Male,0,45261.25,Heavy,Well-Lit,60 kph
MMTI-2025-10496,Makati,,Rear-end,3.0,Clear,56.0,Female,0,41727.8,Moderate,Well-Lit,40
MMTI-2025-21392,Manila,Bus,Head-on,Risk Level 3,Clear,,female ,0,,Heavy,Well-Lit,60
MMTI-2025-04103,Paranaque,SUV/Van,Hit and Run,2,,17.0,Male,0,87308.58,Heavy,Unlit,60
MMTI-2025-05811,Quezon,Motorcycle,Head-on,3,Rainy,42.0,Male,0,"PHP 820,067.50",Heavy,Well-Lit,60
MMTI-2025-02010,Marikina,SUV/Van,Rear-end,3,Clear,36.0,Female,0,"PHP 60,107.85",Heavy,Well-Lit,100
MMTI-2025-00872,Quezon,Car,Rear-end,3.0,Rainy,38.0,Female,0,"PHP 724,873.85",Heavy,dark,60
MMTI-2025-12900,Makati,Car,Head-on,Risk Level 3,Cloudy,50.0,Female,0,245720.01,Moderate,Well-Lit,60
MMTI-2025-02160,Quezon,Car,Rear-end,3.0,Rainy,43.0,Male,0,1385594.81,Heavy,Poorly-Lit,80
MMTI-2025-13486, makati,,Hit and Run,3.0,Clear,47.0,Male,0,-500,Heavy,Poorly-Lit,30
MMTI-2025-05472,Manila,Bus,Head-on,6,Clear,,Male,4,1265628.55,Moderate,Well-Lit,40
MMTI-2025-00540,Quezon,SUV/Van,Hit and Run,6,Rain,36.0,Male,3,517057.48,,Well-Lit,60
MMTI-2025-03828,Pasig,SUV/Van,Rear-end,Risk Level 1,,27.0,Male,0,121973.05,Moderate,Poorly-Lit,30
MMTI-2025-15381,Quezon,Bus,Head-on,3,,20.0,Female,0,724038.32,Heavy,Well-Lit,100
MMTI-2025-15107,Makati,SUV/Van,Side-swipe,3,Cloudy,32.0,Female,0,"PHP 222,801.99",Heavy,Well-Lit,60
MMTI-2025-12253,Quezon,Motorcycle,Rear-end,1.0,Cloudy,33.0,Male,0,8052.79,,Well-Lit,60
MMTI-2025-01719,Quezon,Car,Hit and Run,6,Rainy,24.0,Male,1,1661488.28,Moderate,Well-Lit,60
MMTI-2025-22881,Manila,Car,Head-on,3,Cloudy,37.0,Male,0,210868.61,Heavy,Poorly-Lit,60 kph
MMTI-2025-19426,Taguig,Car,Head-on,3,Cloudy,28.0,Male,0,288651.06,Heavy,Well-Lit,30
MMTI-2025-01118,Quezon,Car,Side-swipe,1,Clear,23.0,Female,0,47.6k,,Well-Lit,60
MMTI-2025-22307,,SUV/Van,Head-on,3,Rain,38.0,Female,0,"PHP 476,995.43",,Well-Lit,80
MMTI-2025-13345,Makati,Truck,Head-on,,Clear,33.0,Male,0,230184.07,Moderate,Poorly-Lit,60
MMTI-2025-07867,Las Pinas,Truck,Side-swipe,6,Clear,40.0,Male,2,94355.97,Heavy,Well-Lit,30
MMTI-2025-18028,Muntinlupa,,Side-swipe,Risk Level 3,Rain,22.0,M,0,89888.04,Heavy,Poorly-Lit,30 km/h