Incident_ID,City,Vehicle_Type,Accident_Type,Severity,Weather_Condition,Driver_Age,Driver_Gender,Injury_Count,Damage_Cost_PHP,Traffic_Volume,Road_Lighting,Speed_Limit
MMTI-2025-03232, mandaluyong,Jeepney,Rear-end,3,Clear,,Male,0,108627.17,Heavy,Well-Lit,60
MMTI-2025-10783,Quezon,Car,Head-on,Risk Level 3,Stormy,-10.0,male,0,1955.4k,Heavy,Poorly-Lit,80
MMTI-2025-18256,Manila,Car,Rear-end,3,Cloudy,36.0,Male,0,184485.01,Heavy,Well-Lit,30
MMTI-2025-12496,Taguig,Jeepney,Rear-end,2.0,Cloudy,20.0,Female,0,336915.93,Moderate,Well-Lit,80
MMTI-2025-13837,Quezon,Car,Head-on,Risk Level 3,Stormy,25.0,Male,0,77777777,Heavy,Poorly-Lit,60
MMTI-2025-14841,Pasig,Motorcycle,Head-on,3,Clear,43.0,Male,0,132244.08,Heavy,Well-Lit,80
MMTI-2025-08027,Marikina,Car,Side-swipe,3,Clear,,Male,0,77777777,Heavy,No Lights,100 km/h
MMTI-2025-17481,Mandaluyong,Car,Rear-end,Risk Level 3,Clear,47.0,Male,0,80997.2,Light,Well-Lit,60 km/h
MMTI-2025-07716,Quezon,Car,Head-on,6,Stormy,44.0,Male,2,4041319.79,Heavy,Well-Lit,40 kph
MMTI-2025-17802,,Jeepney,Head-on,3,Rain,39.0,Male,0,93691.84,Moderate,Lit,40
MMTI-2025-12081,Quezon,Motorcycle,Hit and Run,3.0,Cloudy,45.0,Male,0,554392.62,Heavy,Well-Lit,60
MMTI-2025-04878,Las Pinas,Jeepney,Head-on,,Clear,49.0,Female,0,12522.28,Moderate,Well-Lit,60 kph
MMTI-2025-11280,Muntinlupa,Car,Head-on,3,Clear,47.0,Male,0,"PHP 55,208.80",Heavy,Poorly-Lit,80
MMTI-2025-09139,Mandaluyong,Jeepney,Rear-end,3.0,Clear,53.0,Male,0,73510.17,Heavy,Unlit,60
MMTI-2025-11047, manila,SUV/Van,Head-on,3,,27.0,Male,0,311690.86,Moderate,Well-Lit,60
MMTI-2025-02317,Manila,Car,Side-swipe,3,,-10.0,Female,0,111009.24,Moderate,Well-Lit,40
MMTI-2025-04816,Quezon,Car,Rear-end,3,Rainy,47.0,Male,0,1002141.25,Heavy,Poorly-Lit,60 km/h
MMTI-2025-11345,MANDALUYONG ,SUV/Van,Side-swipe,3,,29.0,Male,0,84898.11,Light,well lit,60
MMTI-2025-16600,Makati,Car,Side-swipe,1,Cloudy,43.0,Male,0,254135.23,Light,Poorly-Lit,60
MMTI-2025-14004,Quezon,Car,Side-swipe,Risk Level 3,Rainy,47.0,Male,0,1122397.41,Moderate,Well-Lit,80
MMTI-2025-09644,Manila,Jeepney,Rear-end,3,,999.0,Female,0,129042.95,Heavy,Well-Lit,30
MMTI-2025-11404,Quezon,Car,Hit and Run,Risk Level 3,Cloudy,39.0,Male,0,439038.28,Heavy,Well-Lit,60
MMTI-2025-12768,Mandaluyong,,Rear-end,3,Clear,41.0,Female,0,167913.98,Heavy,Well-Lit,60 km/h
MMTI-2025-13872,Makati,Bus,Hit and Run,2.0,Cloudy,48.0,Male,0,,Moderate,Well-Lit,40
MMTI-2025-01665,Quezon,Car,Rear-end,Risk Level 3,Cloudy,24.0,Female,0,460377.45,Moderate,Well-Lit,60
MMTI-2025-02851,Quezon,Car,Head-on,3,Rainy,25.0,Male,0,"PHP 778,635.31",Heavy,Well-Lit,40
MMTI-2025-17304,Quezon,Motorcycle,Hit and Run,Risk Level 3,Rainy,28.0,Male,0,1531547.32,Moderate,dark,100
MMTI-2025-20735,Navotas,Car,Head-on,3.0,Clear,27.0,Male,0,36586.02,Heavy,Well-Lit,60
MMTI-2025-15019,Manila,,Head-on,3.0,Rain,27.0,Male,0,,HEAVY,Well-Lit,60
MMTI-2025-07131,Pasig,Car,Rear-end,3.0,Clear,37.0,Male,0,141150.64,Heavy,POOR,30
MMTI-2025-11442,Mandaluyong,SUV/Van,Hit and Run,,Clear,24.0,Male,0,100311.53,Heavy,Poorly-Lit,60
MMTI-2025-06219,Manila,SUV/Van,Rear-end,3,Cloudy,27.0,male,0,173006.12,Heavy,Well-Lit,60 km/h
MMTI-2025-21026,Quezon,Car,Hit and Run,6,Rainy,41.0,Male,3,1057166.01,Light,Poorly-Lit,30
MMTI-2025-19167,Quezon,Motorcycle,Side-swipe,6,Stormy,26.0,Male,4,99999999,Heavy,Unlit,80
MMTI-2025-22413,Quezon,SUV/Van,Rear-end,3.0,Stormy,39.0,M,0,99999999,Heavy,Well-Lit,60
MMTI-2025-18072,Pasig,Car,Rear-end,Risk Level 3,Clear,41.0,Male,0,"PHP 128,097.48",Heavy,Well-Lit,40 km/h
MMTI-2025-17892,Quezon,Truck,Side-swipe,3,Cloudy,27.0,Male,0,585129.26,HEAVY,Poorly-Lit,60
MMTI-2025-10716,Caloocan,SUV/Van,Head-on,2,Clear,26.0,Female,0,90191.59,,Poorly-Lit,60
MMTI-2025-01794,Mandaluyong,Motorcycle,Rear-end,3,Clear,44.0,Male,0,69608.99,Heavy,Well-Lit,60
MMTI-2025-11268,Manila,,Side-swipe,3,Clear,40.0,F,0,63310.61,Heavy,POOR,40 km/h
MMTI-2025-17762,Quezon,Car,Hit and Run,3,Rainy,36.0,Female,0,930725.19,Moderate,Poorly-Lit,40
MMTI-2025-05054,Caloocan,Car,Hit and Run,2,Rain,49.0,Female,0,96585.86,,Poorly-Lit,40 km/h
MMTI-2025-10270,Taguig,Car,Head-on,3,Cloudy,30.0,Male,0,280330.84,Heavy,Well-Lit,60
MMTI-2025-10309,Taguig,Car,Side-swipe,3,Cloudy,37.0,Male,0,278099.9,Heavy,Well-Lit,60
MMTI-2025-01254,Quezon,Car,Side-swipe,6.0,Cloudy,36.0,Male,1,"PHP 537,720.67",Heavy,Well-Lit,80
MMTI-2025-05285,Las Pinas,Car,Rear-end,Risk Level 3,Clear,34.0,Male,0,84615.06,Heavy,Poorly-Lit,60
MMTI-2025-16814,Marikina,Car,Side-swipe,3.0,Clear,23.0,Male,0,65634.13,Moderate,Unlit,60
MMTI-2025-17953,Makati,Car,Head-on,3,Cloudy,60.0,Female,0,260111.44,HEAVY,Well-Lit,80
MMTI-2025-22738,Paranaque,Car,Hit and Run,2,Rain,52.0,Male,0,54305.36,,Poorly-Lit,40
MMTI-2025-10855,Mandaluyong,Motorcycle,Hit and Run,3.0,Clear,30.0,Male,0,74673.05,Moderate,Well-Lit,30
MMTI-2025-07930,,Car,Side-swipe,Risk Level 3,Rain,37.0,Male,0,101930.95,Heavy,POOR,80
MMTI-2025-02334,Quezon,Car,Side-swipe,3,Rainy,36.0,Male,0,"PHP 892,391.85",HEAVY,Well-Lit,60
MMTI-2025-22603,Makati,,Head-on,Risk Level 2,Clear,36.0,Female,0,24522.86,Light,Well-Lit,100 km/h
MMTI-2025-10527,Muntinlupa,Bus,Head-on,6,,37.0,Female,4,3369048.53,Heavy,Well-Lit,30
MMTI-2025-11814,Quezon,Car,Hit and Run,6,Cloudy,39.0,Male,2,"PHP 423,435.54",Light,No Lights,60 km/h
MMTI-2025-20630,Pasay,Jeepney,Hit and Run,Risk Level 3,Clear,31.0,Male,0,48751.44,Light,Well-Lit,60 kph
MMTI-2025-15553,Quezon,Car,Hit and Run,3,Rainy,56.0,Male,0,1613534.78,Heavy,No Lights,40
MMTI-2025-16065,Makati,Motorcycle,Side-swipe,3.0,Clear,28.0,Female,0,,Heavy,Well-Lit,60 kph
MMTI-2025-08896,Pasay,SUV/Van,Rear-end,3,Clear,48.0,Male,0,50401.15,Heavy,Well-Lit,30
MMTI-2025-22452,Mandaluyong,Truck,Side-swipe,,Cloudy,36.0,Male,0,724972.7,HEAVY,Well-Lit,60
MMTI-2025-12902,Quezon,,Side-swipe,3,Clear,43.0,Female,0,185.1k,Heavy,Poorly-Lit,60 km/h
MMTI-2025-12015,Pasay,Car,Head-on,3.0,Clear,40.0,Male,0,50543.43,Heavy,Well-Lit,60
MMTI-2025-23400,Paranaque,Car,Head-on,1.0,Clear,49.0,Male,0,120870.74,Moderate,Well-Lit,60 km/h
MMTI-2025-02994,,Jeepney,Side-swipe,3,Clear,37.0,Female,0,89881.76,Moderate,Well-Lit,60
MMTI-2025-21749,Mandaluyong,Car,Rear-end,3,Clear,43.0,Male,0,76906.43,Heavy,Well-Lit,60 km/h
MMTI-2025-08680,Quezon,Car,Rear-end,2,,35.0,Male,0,81532.83,Moderate,Well-Lit,30
MMTI-2025-04730,Mandaluyong,SUV/Van,Head-on,1,Clear,20.0,Male,0,40209.12,,Unlit,40
MMTI-2025-03470,Pasay,Motorcycle,Side-swipe,3,Clear,59.0,Male,0,47818.06,Heavy,Well-Lit,40
MMTI-2025-21602,Las Pinas,SUV/Van,Side-swipe,Risk Level 3,Clear,46.0,Unknown,0,85084.58,Moderate,Well-Lit,60
MMTI-2025-18252,Makati,Bus,Hit and Run,3.0,Clear,27.0,Male,0,273869.8,,Unlit,60
MMTI-2025-04312,Caloocan,Car,Side-swipe,3,Clear,31.0,Female,0,43076.24,Heavy,Well-Lit,80
MMTI-2025-13938,Makati,,Side-swipe,6,Clear,37.0,male,2,463167.25,Heavy,Well-Lit,80
MMTI-2025-11458,Quezon,Car,Rear-end,3,Cloudy,44.0,Female,0,446.6k,Moderate,Well-Lit,60
MMTI-2025-14659,,Car,Hit and Run,3,,42.0,Male,0,"PHP 246,906.77",Heavy,Unlit,60
MMTI-2025-18568,Pasig,Car,Side-swipe,3.0,Clear,28.0,Male,3,157187.75,Heavy,No Lights,30
MMTI-2025-02008,Quezon,Car,Rear-end,3,Cloudy,50.0,Male,0,588056.53,Heavy,Well-Lit,40
MMTI-2025-19685,Makati,,Rear-end,3.0,Clear,43.0,Male,0,57296.98,Moderate,Well-Lit,30
MMTI-2025-03243,Pasig,SUV/Van,Side-swipe,3.0,Clear,57.0,Male,0,127602.58,Moderate,Well-Lit,80 km/h
MMTI-2025-08509,Quezon,Truck,Rear-end,3,Rainy,33.0,Male,0,1033.8k,Heavy,Well-Lit,60 km/h
MMTI-2025-15399,Marikina,Motorcycle,Hit and Run,3.0,Clear,34.0,Male,0,61247.6,Light,Well-Lit,60 kph
MMTI-2025-12454,Manila,Jeepney,Head-on,,Clear,26.0,Male,0,28895.09,Light,Poorly-Lit,30 km/h
MMTI-2025-22470,Muntinlupa,SUV/Van,Rear-end,3.0,Clear,36.0,Female,0,55582.16,Heavy,Well-Lit,60
MMTI-2025-19320,Manila,Car,Side-swipe,6.0,Cloudy,32.0,Male,4,176647.52,HEAVY,Well-Lit,80
MMTI-2025-18775,Navotas,,Head-on,Risk Level 3,Clear,37.0,Male,0,220734.35,Heavy,Unlit,60
MMTI-2025-22140,Paranaque,Jeepney,Head-on,3.0,Clear,,male,0,24438.65,Heavy,Lit,60
MMTI-2025-10903,Quezon,Motorcycle,Head-on,4.0,Cloudy,32.0,Male,2,354501.79,Heavy,Well-Lit,30
MMTI-2025-17554,Makati,SUV/Van,Side-swipe,2,Cloudy,51.0,Female,0,237009.23,HEAVY,Poorly-Lit,40
MMTI-2025-20750,Makati,Motorcycle,Side-swipe,Risk Level 3,,35.0,Male,0,9863.64,Heavy,Well-Lit,80 km/h
MMTI-2025-01132,Marikina,Bus,Head-on,3,Cloudy,23.0,Male,0,,Moderate,Poorly-Lit,60
MMTI-2025-10285,Quezon,Motorcycle,Hit and Run,6,Stormy,22.0,Female,3,2371033.46,Moderate,Well-Lit,40 kph
MMTI-2025-13395,LAS PINAS ,Motorcycle,Head-on,3,Clear,,Male,0,19611.37,Heavy,Well-Lit,40
MMTI-2025-16740,Makati,Car,Rear-end,3.0,Cloudy,45.0,Male,0,238789.47,Heavy,No Lights,60
MMTI-2025-09812,Quezon,Car,Rear-end,6,Rainy,39.0,Male,1,1300851.73,Heavy,dark,30
MMTI-2025-02215,Manila,Car,Hit and Run,3,Cloudy,60.0,Male,0,"PHP 196,403.38",Heavy,Well-Lit,60
MMTI-2025-13344,Las Pinas,Motorcycle,Hit and Run,2.0,Clear,47.0,Male,0,96852.34,Heavy,Well-Lit,60
MMTI-2025-16637,Caloocan,Motorcycle,Hit and Run,3,Clear,53.0,Male,0,41643.54,Light,Well-Lit,40 kph
MMTI-2025-04930,TAGUIG ,SUV/Van,Hit and Run,3,Clear,,Male,0,250969.36,Heavy,Well-Lit,40 km/h
MMTI-2025-10653,Caloocan,,Rear-end,3.0,Rain,40.0,Male,0,99999999,Heavy,Poorly-Lit,80 km/h
MMTI-2025-07565,,Truck,Hit and Run,Risk Level 3,Rain,53.0,Male,0,455078.53,Light,Poorly-Lit,100
MMTI-2025-02897,Pasig,Car,Hit and Run,6,Clear,25.0,Female,3,128694.38,Light,Poorly-Lit,60 km/h
MMTI-2025-10384,Paranaque,Motorcycle,Side-swipe,Risk Level 3,Clear,0.0,Male,0,107330.52,Heavy,Lit,80
MMTI-2025-15624,MAKATI ,,Hit and Run,6.0,Clear,33.0,Male,1,254700.51,Heavy,Well-Lit,60
MMTI-2025-08981,Quezon,Car,Side-swipe,6.0,Cloudy,19.0,Male,2,396649.52,Heavy,Well-Lit,40
MMTI-2025-21423,Manila,Motorcycle,Rear-end,3.0,,32.0,Male,0,24361.62,Heavy,Well-Lit,80
MMTI-2025-23087,Mandaluyong,Motorcycle,Side-swipe,3,Clear,46.0,Female,0,80892.38,Moderate,Well-Lit,40
MMTI-2025-20542,Makati,SUV/Van,Side-swipe,2,Clear,39.0,Male,0,124041.52,,Well-Lit,60
MMTI-2025-11550,Quezon,Motorcycle,Hit and Run,3,Rainy,59.0,Female,0,1151770.69,HEAVY,Well-Lit,40 km/h
MMTI-2025-18424,Caloocan,Motorcycle,Side-swipe,3,Clear,35.0,Male,0,44904.51,Moderate,Well-Lit,80
MMTI-2025-00062,Paranaque,Car,Side-swipe,Risk Level 3,Clear,17.0,Male,0,103805.03,Heavy,Lit,60
MMTI-2025-09364,Quezon,Car,Rear-end,6,Cloudy,31.0,F,3,533958.09,Heavy,Well-Lit,30
MMTI-2025-03043,Pasig,Jeepney,Side-swipe,3,Clear,38.0,Unknown,0,136539.39,Heavy,Lit,40
MMTI-2025-05250,Taguig,Car,Rear-end,3,Cloudy,59.0,Female,0,322745.46,Heavy,Well-Lit,60
MMTI-2025-20307,Marikina,Motorcycle,Head-on,1,Clear,53.0,Male,0,58869.21,Light,Well-Lit,30
MMTI-2025-02980,Taguig,Motorcycle,Hit and Run,6,Cloudy,46.0,Unknown,1,320591.93,Light,Unlit,30
MMTI-2025-10540,Manila,Jeepney,Hit and Run,,Storm,45.0,Female,0,-25000,Light,Well-Lit,60
MMTI-2025-19533,,SUV/Van,Rear-end,Risk Level 3,Rain,54.0,Female,0,,,POOR,30
MMTI-2025-00204,Makati,Motorcycle,Hit and Run,,Storm,17.0,Male,0,6660.2,Heavy,Lit,60
MMTI-2025-11768,Mandaluyong,Truck,Side-swipe,3,Clear,,Female,0,1817576.54,Heavy,Well-Lit,80
MMTI-2025-02965,Quezon,SUV/Van,Rear-end,Risk Level 3,Rainy,34.0,F,0,1130654.7,Moderate,Well-Lit,60
MMTI-2025-00711,Paranaque,Car,Rear-end,3.0,Clear,43.0,Male,0,"PHP 106,776.22",Heavy,Well-Lit,60
MMTI-2025-21121,Taguig,Car,Head-on,6,Cloudy,32.0,Male,2,"PHP 326,729.28",MODERATE,Poorly-Lit,60
MMTI-2025-12774,Quezon,,Head-on,3.0,Rain,27.0,Male,0,52.0k,HEAVY,Unlit,60
MMTI-2025-19468,Paranaque,Car,Head-on,3,Clear,57.0,female ,0,102632.53,HEAVY,Well-Lit,60
MMTI-2025-16236,Manila,Car,Rear-end,3,Cloudy,27.0,F,0,177075.7,Heavy,Poorly-Lit,60 km/h
MMTI-2025-06542,Manila,Car,Side-swipe,6,Cloudy,43.0,Male,4,183047.34,Heavy,Poorly-Lit,80
MMTI-2025-01332,Paranaque,,Head-on,3,,36.0,M,0,256712.19,Moderate,Poorly-Lit,40
MMTI-2025-02395,Caloocan,Car,Head-on,1,Clear,49.0,Male,0,42947.64,Moderate,Well-Lit,60 km/h
MMTI-2025-13812,Las Pinas,Car,Side-swipe,3,Clear,27.0,Male,0,84173.43,Moderate,Poorly-Lit,60
MMTI-2025-20248,Quezon,,Head-on,Risk Level 3,Rain,37.0,Male,0,216499.74,Heavy,Well-Lit,60
MMTI-2025-18106,Paranaque,Motorcycle,Side-swipe,3,Clear,61.0,female ,0,"PHP 103,236.53",Moderate,Well-Lit,60
MMTI-2025-12791,Pasig,Car,Rear-end,3,Clear,32.0,Male,0,158268.48,Heavy,Lit,80
MMTI-2025-07131,Marikina,Car,Rear-end,Risk Level 3,Clear,34.0,Male,0,64286.7,Heavy,Unlit,60
MMTI-2025-05604,Quezon,SUV/Van,Rear-end,3,Rainy,31.0,Male,0,1195018.64,Heavy,Well-Lit,60
MMTI-2025-14171,Quezon,Car,Rear-end,6,Rainy,27.0,Male,2,1327585.06,Moderate,Well-Lit,60
MMTI-2025-16930,Pasig,Jeepney,Head-on,3.0,Clear,43.0,Male,0,158472.28,Heavy,Well-Lit,60
MMTI-2025-07228,Taguig,Car,Head-on,2,Cloudy,38.0,Female,4,278494.43,Light,Unlit,80 km/h
MMTI-2025-22157,San Juan,Truck,Head-on,3.0,Clear,52.0,Female,0,40202.51,Moderate,Well-Lit,60 km/h
MMTI-2025-12319,MANILA ,SUV/Van,Side-swipe,3,Clear,30.0,Female,0,405220.29,,Well-Lit,40 km/h
MMTI-2025-20646,Mandaluyong,Car,Rear-end,3,Clear,41.0,Male,0,69890.46,Heavy,Unlit,60
MMTI-2025-00476,Taguig,Motorcycle,Side-swipe,3,Cloudy,37.0,M,0,"PHP 281,004.86",Heavy,Poorly-Lit,60
MMTI-2025-02471,Quezon,Motorcycle,Head-on,3,Rain,,Female,0,20918.16,Heavy,Unlit,30
MMTI-2025-01363,Quezon,SUV/Van,Hit and Run,3.0,Rainy,40.0,Female,0,1112719.76,Light,Well-Lit,40
MMTI-2025-00348,San Juan,Car,Head-on,6,Clear,41.0,Male,4,40123.47,Heavy,Poorly-Lit,80
MMTI-2025-17210,Las Pinas,Car,Rear-end,Risk Level 3,Clear,59.0,Male,0,90.3k,Moderate,Poorly-Lit,100
MMTI-2025-03144,Manila,Car,Head-on,4,Clear,33.0,Male,4,164526.39,Moderate,Well-Lit,60
MMTI-2025-06409,Las Pinas,Truck,Hit and Run,3,Clear,36.0,Male,0,"PHP 95,957.60",Heavy,Well-Lit,40
MMTI-2025-00486,Pasay,,Side-swipe,,Clear,62.0,Male,2,33874.85,Heavy,Poorly-Lit,40 kph
MMTI-2025-13476,Quezon,SUV/Van,Hit and Run,3,,78.0,Male,0,429525.24,Heavy,Unlit,60
MMTI-2025-05150,CALOOCAN ,Bus,Rear-end,3,,22.0,Male,0,1546018.55,Heavy,Well-Lit,40 km/h
MMTI-2025-05417,MALABON ,Motorcycle,Hit and Run,3,Clear,24.0,Male,0,,Heavy,Well-Lit,80
MMTI-2025-00887,Marikina,Truck,Hit and Run,3,Clear,36.0,Female,0,"PHP 67,886.29",Moderate,Well-Lit,60
MMTI-2025-16191,Manila,Motorcycle,Side-swipe,3,Cloudy,35.0,Male,0,179932.21,Heavy,Well-Lit,80
MMTI-2025-05368,Mandaluyong,,Hit and Run,Risk Level 3,Clear,29.0,Male,0,137271.0,MODERATE,Well-Lit,80 km/h
MMTI-2025-21814,Makati,Truck,Rear-end,2.0,Clear,50.0,Male,0,,,Poorly-Lit,60
MMTI-2025-12571,Quezon,Car,Head-on,Risk Level 3,Cloudy,18.0,Male,0,622597.69,Heavy,Well-Lit,60
MMTI-2025-15556,Pasig,Car,Rear-end,3,Clear,57.0,Male,0,158691.27,Heavy,Well-Lit,60 km/h
MMTI-2025-08558,Quezon,Car,Head-on,Risk Level 3,Rainy,46.0,Male,0,1164347.48,Light,Well-Lit,80
MMTI-2025-19603,Quezon,Car,Rear-end,Risk Level 3,Clear,17.0,male,0,"PHP 94,576.76",,Well-Lit,60
MMTI-2025-01367,Taguig,Motorcycle,Hit and Run,3,,,Male,0,"PHP 34,026.94",,Unlit,60 km/h
MMTI-2025-08215,Makati,SUV/Van,Head-on,2.0,Cloudy,49.0,Male,0,217484.15,Heavy,Poorly-Lit,60
MMTI-2025-16610,Quezon,Motorcycle,Head-on,3,Clear,,Female,0,,Heavy,Well-Lit,80
MMTI-2025-18008,Quezon,SUV/Van,Side-swipe,6.0,Rain,,female ,4,305454.52,Heavy,Poorly-Lit,60
MMTI-2025-23527,Quezon,Car,Side-swipe,3,Rainy,24.0,F,0,1270581.66,Moderate,POOR,30
MMTI-2025-10979,Navotas,Car,Rear-end,3.0,Clear,35.0,Male,0,36473.36,Moderate,No Lights,60 kph
MMTI-2025-18782,Pasig,Motorcycle,Head-on,3,Clear,27.0,Male,0,123349.37,MODERATE,Well-Lit,100
MMTI-2025-01896,Manila,,Hit and Run,3.0,Rain,41.0,Male,0,61160.29,Heavy,Poorly-Lit,60
MMTI-2025-04728,Muntinlupa,Truck,Hit and Run,Risk Level 3,Clear,25.0,Female,0,51078.0,Heavy,Lit,60
MMTI-2025-02500,Caloocan,Car,Side-swipe,Risk Level 3,Clear,37.0,Male,0,43472.34,Heavy,Well-Lit,40
MMTI-2025-20225,Makati,Car,Head-on,3,Cloudy,34.0,Male,0,266374.08,Heavy,Well-Lit,80
MMTI-2025-04705,MALABON ,Motorcycle,Side-swipe,,Clear,41.0,Male,0,11261.39,Heavy,Poorly-Lit,40 km/h
MMTI-2025-17548,Manila,Truck,Rear-end,Risk Level 2,,18.0,Male,0,237552.01,Light,POOR,60
MMTI-2025-00780,Quezon,Motorcycle,Hit and Run,,Clear,,Male,3,21172.49,,well lit,40
MMTI-2025-20751,Marikina,Car,Hit and Run,3.0,Clear,36.0,Male,0,58911.29,Heavy,Well-Lit,100
MMTI-2025-03165,Pasig,Truck,Head-on,3.0,Clear,32.0,Female,0,,Moderate,Well-Lit,60 kph
MMTI-2025-13747,,Jeepney,Rear-end,3.0,Clear,23.0,Male,0,93756.05,Moderate,Poorly-Lit,60
MMTI-2025-08858,Mandaluyong,Motorcycle,Head-on,3.0,Clear,43.0,Male,0,78609.08,Moderate,Well-Lit,80 km/h
MMTI-2025-00953,SAN JUAN ,Motorcycle,Side-swipe,3,Storm,33.0,F,0,,Heavy,Well-Lit,60 km/h
MMTI-2025-22870,Valenzuela,Truck,Rear-end,1,Clear,27.0,M,0,"PHP 37,394.80",Moderate,Well-Lit,60 km/h
MMTI-2025-16613,Muntinlupa,Car,Hit and Run,3,Clear,28.0,Female,0,55514.62,Moderate,Well-Lit,60
MMTI-2025-09575,Pasay,Jeepney,Rear-end,3,,39.0,Female,0,104824.08,HEAVY,Well-Lit,60
MMTI-2025-02177,Quezon,Car,Rear-end,6.0,Stormy,-10.0,Female,3,"PHP 2,319,565.34",Heavy,Poorly-Lit,80
MMTI-2025-20164,Marikina,Motorcycle,Hit and Run,3.0,Clear,32.0,Female,0,60301.34,Moderate,Well-Lit,30
MMTI-2025-00470,Manila,Jeepney,Side-swipe,3,Cloudy,52.0,Female,0,206570.55,Heavy,Well-Lit,60
MMTI-2025-05370,Manila,Car,Head-on,3.0,Cloudy,36.0,Male,0,201154.06,Heavy,Well-Lit,40
MMTI-2025-15262,,Truck,Rear-end,6.0,Clear,24.0,Male,2,2564372.36,Light,Well-Lit,60
MMTI-2025-17202,Quezon,Jeepney,Rear-end,3,Clear,28.0,Female,0,37289.28,,Poorly-Lit,40 km/h
MMTI-2025-17115,Pasig,Motorcycle,Rear-end,3,Clear,39.0,Male,0,129.8k,Heavy,Well-Lit,60 km/h
MMTI-2025-12712,Muntinlupa,Car,Rear-end,3.0,Clear,32.0,Male,0,55932.92,Moderate,Poorly-Lit,60
MMTI-2025-05618,Makati,Truck,Side-swipe,6.0,Cloudy,54.0,Female,4,213990.11,Heavy,Well-Lit,80
MMTI-2025-08356,Las Pinas,Car,Head-on,2,Clear,46.0,Female,0,85113.45,Moderate,Poorly-Lit,60 km/h
MMTI-2025-04668,Mandaluyong,Bus,Head-on,6.0,Clear,,Male,3,,MODERATE,POOR,80 km/h
MMTI-2025-02754,Pasig,Motorcycle,Head-on,3,Clear,44.0,Male,0,154036.38,Heavy,Well-Lit,30
MMTI-2025-14776,Quezon,Car,Head-on,9,Stormy,17.0,Male,4,2100704.87,Heavy,Poorly-Lit,60 kph
MMTI-2025-04418,Quezon,Motorcycle,Hit and Run,3,Cloudy,36.0,Male,0,"PHP 504,744.31",MODERATE,Well-Lit,60
MMTI-2025-17572,Caloocan,SUV/Van,Rear-end,2.0,Clear,34.0,Male,0,43187.37,Moderate,Poorly-Lit,80
MMTI-2025-13697,Quezon,Motorcycle,Side-swipe,3,Rainy,150.0,Female,0,1233835.36,Heavy,Well-Lit,60 km/h
MMTI-2025-22997, manila,,Hit and Run,Risk Level 3,Rain,26.0,Unknown,0,185810.85,Heavy,Unlit,60 km/h
MMTI-2025-22891,Makati,SUV/Van,Head-on,3,Cloudy,47.0,Male,0,265642.26,Heavy,Well-Lit,60
MMTI-2025-13969,Caloocan,Car,Hit and Run,2.0,Clear,40.0,Male,0,"PHP 44,741.76",Moderate,Unlit,30 kph
MMTI-2025-20478,Quezon,SUV/Van,Rear-end,,Clear,68.0,Male,0,85474.68,Heavy,Poorly-Lit,40
MMTI-2025-09470,Quezon,Motorcycle,Side-swipe,3.0,Cloudy,35.0,Female,0,358733.07,Heavy,Poorly-Lit,30
MMTI-2025-18326,Makati,Car,Hit and Run,4.0,Cloudy,42.0,Male,3,"PHP 240,069.67",Moderate,Poorly-Lit,40
MMTI-2025-05944,Pasig,Car,Head-on,3.0,Clear,40.0,Male,0,159935.64,Heavy,Well-Lit,100 km/h
MMTI-2025-18880,,Motorcycle,Side-swipe,3,Clear,33.0,Male,0,28764.52,Heavy,Poorly-Lit,80 km/h
MMTI-2025-00516,Makati,Motorcycle,Head-on,4,Cloudy,50.0,Female,3,"PHP 238,721.23",Heavy,Unlit,60 km/h
MMTI-2025-08488,Mandaluyong,Car,Hit and Run,,,,Male,0,"PHP 62,803.50",Moderate,Well-Lit,100
MMTI-2025-00175,Quezon,Motorcycle,Side-swipe,3,,34.0,Unknown,0,13864.43,Moderate,Poorly-Lit,60
MMTI-2025-19642,Makati,Motorcycle,Head-on,2.0,Cloudy,50.0,Male,0,255494.04,Heavy,Well-Lit,40
MMTI-2025-00805,Muntinlupa,Car,Rear-end,Risk Level 3,Clear,28.0,Female,0,50828.45,Heavy,Well-Lit,60
MMTI-2025-11587,Las Pinas,SUV/Van,Side-swipe,1,,26.0,Female,0,47470.39,Moderate,Well-Lit,60 km/h
MMTI-2025-21726,Quezon,Car,Head-on,3.0,Cloudy,52.0,Male,0,"PHP 353,298.18",Moderate,Lit,80
MMTI-2025-13933,Quezon,Motorcycle,Hit and Run,3,Rainy,38.0,Male,0,1127582.32,Heavy,Poorly-Lit,40
MMTI-2025-10544,Manila,,Hit and Run,3,Rain,0.0,Female,0,36925.04,Heavy,Well-Lit,30
MMTI-2025-08971,Quezon,Jeepney,Side-swipe,2.0,Clear,38.0,F,0,38524.39,,Well-Lit,60
MMTI-2025-01915,,Motorcycle,Side-swipe,Risk Level 3,Clear,40.0,Male,0,34090.66,Moderate,Well-Lit,60
MMTI-2025-19410,Caloocan,Car,Rear-end,3.0,Clear,36.0,Male,0,43083.16,Heavy,Poorly-Lit,60
MMTI-2025-00758,,Car,Side-swipe,Risk Level 3,,31.0,Male,0,111830.52,Heavy,Poorly-Lit,60 km/h
MMTI-2025-00719,Pasig,Jeepney,Side-swipe,Risk Level 6,Clear,47.0,Female,1,137265.43,HEAVY,Well-Lit,60