Incident_ID,City,Vehicle_Type,Accident_Type,Severity,Weather_Condition,Driver_Age,Driver_Gender,Injury_Count,Damage_Cost_PHP,Traffic_Volume,Road_Lighting,Speed_Limit
MMTI-2025-02125,Taguig,Car,Head-on,3.0,Cloudy,37.0,Male,0,305922.43,Heavy,Poorly-Lit,80
MMTI-2025-12910,Quezon,Truck,Hit and Run,2.0,Clear,,Male,0,203.3k,Heavy,dark,100
MMTI-2025-13790,Makati,Motorcycle,Rear-end,3,Cloudy,43.0,Male,0,257509.84,Moderate,Well-Lit,80
MMTI-2025-14536,Taguig,Car,Head-on,2.0,Cloudy,35.0,Male,1,322829.42,Moderate,Well-Lit,60 kph
MMTI-2025-00074,Makati,,Rear-end,Risk Level 3,Storm,17.0,Male,0,"PHP 149,636.38",Light,Well-Lit,60
MMTI-2025-14404,Pasig,Truck,Hit and Run,3.0,Clear,33.0,Male,0,"PHP 134,504.56",Heavy,Poorly-Lit,100
MMTI-2025-07686,Quezon,Motorcycle,Head-on,Risk Level 3,Rainy,36.0,Male,0,988719.21,Heavy,Poorly-Lit,60 kph
MMTI-2025-08178,Mandaluyong,Car,Side-swipe,3,Clear,46.0,Male,0,77579.07,Heavy,Unlit,60
MMTI-2025-20542,Makati,SUV/Van,Side-swipe,2,Clear,39.0,Male,0,124041.52,,Well-Lit,60
MMTI-2025-13507,,Truck,Hit and Run,Risk Level 3,Rain,37.0,Female,0,417098.76,Heavy,Unlit,60
MMTI-2025-09804,,Car,Rear-end,3.0,Cloudy,39.0,Male,0,265587.78,MODERATE,Poorly-Lit,30
MMTI-2025-13736,Caloocan,Car,Rear-end,1,Clear,41.0,Male,0,43370.38,Moderate,Unlit,30 km/h
MMTI-2025-20206,Quezon,Car,Head-on,Risk Level 3,,32.0,Male,0,129631.94,Heavy,Poorly-Lit,80
MMTI-2025-14809,Makati,Car,Head-on,3,Cloudy,17.0,Male,0,263983.87,Moderate,POOR,60
MMTI-2025-00578,Pasig,SUV/Van,Head-on,6.0,Clear,53.0,Male,3,134169.35,Heavy,Well-Lit,80 kph
MMTI-2025-06156,Quezon,Car,Side-swipe,Risk Level 2,Stormy,52.0,Male,0,77777777,LIGHT,Poorly-Lit,60
MMTI-2025-11170,Quezon,Motorcycle,Head-on,Risk Level 3,Rainy,35.0,Female,0,"PHP 799,454.48",Heavy,Well-Lit,40
MMTI-2025-18198,Caloocan,Car,Hit and Run,3.0,Clear,36.0,Male,0,44039.86,Moderate,Well-Lit,40
MMTI-2025-08151,Manila,Truck,Hit and Run,Risk Level 3,,59.0,Male,0,861893.41,Heavy,Well-Lit,80
MMTI-2025-05974,Makati,Motorcycle,Hit and Run,3,Cloudy,31.0,Female,0,257121.49,Moderate,Well-Lit,60
MMTI-2025-09256,Quezon,Car,Rear-end,3,Rainy,26.0,Male,0,747392.5,Moderate,POOR,60 kph
MMTI-2025-10913,San Juan,Motorcycle,Head-on,Risk Level 3,Clear,43.0,Female,0,38985.2,Heavy,well lit,30 kph
MMTI-2025-12957,Pasig,Car,Hit and Run,Risk Level 3,Cloudy,62.0,Male,0,,Heavy,Well-Lit,30
MMTI-2025-04046,Quezon,Car,Rear-end,3,Rainy,57.0,Male,0,1440632.47,Heavy,Poorly-Lit,60 km/h
MMTI-2025-13459,Makati,Car,Rear-end,3.0,Cloudy,40.0,Male,0,267809.58,Heavy,Unlit,60
MMTI-2025-17987,Manila,Motorcycle,Rear-end,Risk Level 4,Clear,,Male,2,19.8k,Moderate,well lit,60
MMTI-2025-02958,Caloocan,Car,Hit and Run,2,Clear,39.0,Male,0,41485.09,Moderate,Poorly-Lit,30 km/h
MMTI-2025-11337,Paranaque,SUV/Van,Rear-end,6,Clear,43.0,female ,2,114641.59,HEAVY,Poorly-Lit,40
MMTI-2025-08123,Las Pinas,Jeepney,Rear-end,1.0,Clear,23.0,Female,0,82560.16,Moderate,Poorly-Lit,80
MMTI-2025-17410,Quezon,Car,Head-on,6,Rainy,42.0,Male,1,1227.7k,Heavy,Unlit,40
MMTI-2025-02740,Quezon,SUV/Van,Side-swipe,3,Clear,,Male,0,240220.15,Heavy,Well-Lit,40 km/h
MMTI-2025-13312,Paranaque,Car,Side-swipe,3,Clear,35.0,Female,0,108098.62,Heavy,Well-Lit,60 km/h
MMTI-2025-17657,Mandaluyong,Truck,Rear-end,3,,33.0,Male,0,"PHP 276,864.71",Heavy,Well-Lit,60
MMTI-2025-20661,Quezon,Jeepney,Head-on,3.0,Cloudy,17.0,Male,0,"PHP 377,978.78",Heavy,Poorly-Lit,40
MMTI-2025-13208,Manila,Truck,Rear-end,2,,34.0,Male,0,185904.92,Heavy,Poorly-Lit,40
MMTI-2025-15360,VALENZUELA ,Car,Hit and Run,Risk Level 6,,27.0,Male,1,"PHP 314,876.22",Heavy,Poorly-Lit,60 kph
MMTI-2025-13704,Quezon,Jeepney,Side-swipe,3.0,Rainy,25.0,F,0,1252214.0,Heavy,Poorly-Lit,60
MMTI-2025-11163,Pasig,Truck,Head-on,Risk Level 2,Clear,34.0,Female,0,,Moderate,Poorly-Lit,60
MMTI-2025-11424,Quezon,Car,Side-swipe,3,Cloudy,36.0,Male,0,367275.96,Heavy,Well-Lit,30
MMTI-2025-21590,Quezon,Car,Side-swipe,3.0,Rainy,27.0,Male,0,1087282.0,Heavy,Well-Lit,60 km/h
MMTI-2025-12328,Manila,Truck,Head-on,2,,32.0,Male,2,195503.44,Moderate,Well-Lit,80 km/h
MMTI-2025-19712,NAVOTAS ,Truck,Rear-end,2.0,Clear,63.0,Male,0,,,Poorly-Lit,60
MMTI-2025-21315,Manila,,Hit and Run,Risk Level 3,Rain,39.0,Male,0,115687.78,Heavy,Well-Lit,30 kph
MMTI-2025-08423,Paranaque,Jeepney,Rear-end,2,Clear,34.0,Female,0,19515.13,,Well-Lit,60 km/h
MMTI-2025-21444,QUEZON ,Bus,Hit and Run,,Rain,39.0,Male,0,"PHP 304,572.56",Heavy,Unlit,60
MMTI-2025-03089,,Jeepney,Hit and Run,2,Cloudy,23.0,Female,0,23325.12,MODERATE,Unlit,60
MMTI-2025-13092,Paranaque,Car,Side-swipe,3,Clear,29.0,Male,0,106558.64,Light,Well-Lit,80
MMTI-2025-22229,Quezon,Motorcycle,Hit and Run,3,Rainy,29.0,Male,0,707397.45,Moderate,Poorly-Lit,80
MMTI-2025-06982,,Jeepney,Head-on,6,Clear,47.0,Male,1,162570.91,Heavy,No Lights,40
MMTI-2025-20940, san juan,Jeepney,Hit and Run,Risk Level 2,,42.0,Male,0,30950.22,Heavy,Well-Lit,80 km/h
MMTI-2025-13683, manila,Truck,Rear-end,Risk Level 3,,30.0,Male,0,1055076.65,Heavy,Unlit,60
MMTI-2025-05289,Pasig,Motorcycle,Rear-end,Risk Level 3,Clear,39.0,Male,0,153672.94,Light,Poorly-Lit,60 km/h
MMTI-2025-14805, manila,,Hit and Run,,Clear,29.0,Male,0,73914.27,HEAVY,Well-Lit,60
MMTI-2025-17804,Taguig,Car,Hit and Run,9,Cloudy,40.0,Female,2,289766.53,Light,dark,80
MMTI-2025-05055,Quezon,Bus,Head-on,2.0,,17.0,Female,0,289409.55,MODERATE,Unlit,30 km/h
MMTI-2025-11573,Makati,Motorcycle,Rear-end,2,Cloudy,27.0,Male,0,218915.58,Moderate,Well-Lit,80 km/h
MMTI-2025-15121,Quezon,Car,Rear-end,3,Cloudy,51.0,Male,0,378487.39,Heavy,Well-Lit,40
MMTI-2025-14637,Paranaque,Car,Head-on,3,Clear,40.0,Male,0,121819.57,Heavy,Poorly-Lit,60
MMTI-2025-11237,Quezon,Car,Head-on,Risk Level 3,Rainy,47.0,Male,0,1283695.99,Heavy,Well-Lit,60 km/h
MMTI-2025-21719,Muntinlupa,Car,Side-swipe,3.0,Clear,51.0,Male,0,56382.03,Heavy,Well-Lit,60 km/h
MMTI-2025-01696,Caloocan,,Rear-end,6.0,Clear,49.0,Female,3,677408.3,Heavy,POOR,60
MMTI-2025-19648,Mandaluyong,SUV/Van,Hit and Run,3.0,Clear,19.0,Male,0,75283.64,Moderate,Unlit,60
MMTI-2025-18670,Mandaluyong,Motorcycle,Side-swipe,,Cloudy,23.0,Unknown,0,18547.1,Heavy,Poorly-Lit,60
MMTI-2025-13862,Manila,Jeepney,Head-on,3,,28.0,Male,0,,LIGHT,Well-Lit,40
MMTI-2025-20632,Pasig,Jeepney,Rear-end,Risk Level 3,,23.0,M,0,"PHP 136,863.08",Heavy,well lit,60 kph
MMTI-2025-12766,Quezon,Car,Rear-end,3.0,Cloudy,19.0,Female,0,443708.21,Moderate,well lit,60 km/h
MMTI-2025-15820,Paranaque,Truck,Side-swipe,2,Clear,33.0,Female,0,107147.36,Moderate,Well-Lit,30
MMTI-2025-06743,Quezon,Car,Hit and Run,Risk Level 6,Rainy,27.0,Male,3,1349777.82,Heavy,dark,80 km/h
MMTI-2025-10064,Quezon,Car,Head-on,3,Rainy,46.0,Female,0,669871.43,Moderate,Lit,60
MMTI-2025-15743,Pasay,SUV/Van,Head-on,3.0,Clear,50.0,Male,0,45904.86,Moderate,Poorly-Lit,60
MMTI-2025-11285,Caloocan,Jeepney,Rear-end,3,Rain,36.0,Male,0,31.4k,,Lit,60
MMTI-2025-21786,Caloocan,Jeepney,Side-swipe,3.0,Clear,53.0,Female,0,,Heavy,Poorly-Lit,60
MMTI-2025-18491,Pasay,Motorcycle,Hit and Run,,Clear,21.0,Female,0,17631.62,Heavy,Well-Lit,60
MMTI-2025-17691,Quezon,Motorcycle,Head-on,3,Rainy,34.0,Male,0,1144913.95,Heavy,Well-Lit,60
MMTI-2025-20781,Pasig,Car,Side-swipe,3,Clear,46.0,Female,0,143938.07,Heavy,Well-Lit,100
MMTI-2025-15850,Quezon,Motorcycle,Rear-end,4,Rainy,41.0,Male,1,1195943.5,Moderate,Well-Lit,60
MMTI-2025-00120,CALOOCAN ,SUV/Van,Rear-end,Risk Level 3,Clear,17.0,Male,0,,Moderate,Poorly-Lit,60
MMTI-2025-11459,Pasig,Car,Rear-end,Risk Level 3,Clear,24.0,Male,0,144412.93,Moderate,Well-Lit,30
MMTI-2025-10215,Caloocan,Bus,Hit and Run,,Clear,32.0,F,0,"PHP 360,307.14",Heavy,Unlit,40
MMTI-2025-06900,Quezon,Car,Rear-end,3,Rainy,27.0,Male,0,797535.01,Heavy,Well-Lit,30
MMTI-2025-20036,Taguig,Motorcycle,Rear-end,3.0,Cloudy,34.0,Male,0,269708.71,Moderate,Poorly-Lit,60
MMTI-2025-04110,Paranaque,Car,Rear-end,3.0,Clear,44.0,Male,0,121462.6,Heavy,Well-Lit,60 km/h
MMTI-2025-21595,Quezon,Jeepney,Head-on,,Clear,37.0,Male,0,31241.05,Light,Well-Lit,60
MMTI-2025-02206,Quezon,Car,Side-swipe,3,Rainy,44.0,Male,0,792109.45,Heavy,Poorly-Lit,60
MMTI-2025-15813,Paranaque,Car,Rear-end,Risk Level 3,Clear,28.0,Male,0,119735.38,Heavy,Unlit,60 km/h
MMTI-2025-02421,Paranaque,Car,Side-swipe,6,Clear,60.0,Male,1,114949.36,Heavy,well lit,60
MMTI-2025-01801,Quezon,Motorcycle,Side-swipe,3,Rainy,38.0,Male,0,785847.98,Heavy,dark,100
MMTI-2025-07927,Caloocan,Car,Rear-end,Risk Level 6,Clear,38.0,Female,4,"PHP 44,274.91",Heavy,Well-Lit,40
MMTI-2025-10130,Taguig,Truck,Hit and Run,3,Cloudy,47.0,Male,0,311752.28,Moderate,well lit,60
MMTI-2025-11295,Taguig,Car,Head-on,6,Cloudy,56.0,Male,3,271121.23,Heavy,Unlit,60
MMTI-2025-17116,Quezon,Jeepney,Head-on,3,,17.0,Male,0,115884.96,Heavy,Well-Lit,40
MMTI-2025-14371,Taguig,Car,Hit and Run,Risk Level 3,Cloudy,35.0,Male,0,301008.86,Light,well lit,40
MMTI-2025-07949,,,Head-on,3,Clear,,Male,0,130220.87,Heavy,Well-Lit,60
MMTI-2025-16498,,Motorcycle,Head-on,3,Rain,33.0,Male,0,37310.58,Heavy,Unlit,60
MMTI-2025-12060,Paranaque,Truck,Rear-end,3,Clear,23.0,Male,0,109299.49,Heavy,dark,30
MMTI-2025-08281,Quezon,Truck,Side-swipe,,Clear,39.0,Male,4,727828.35,Heavy,Well-Lit,100 km/h
MMTI-2025-01466,Makati,Jeepney,Rear-end,6,Clear,,Female,2,114771.51,Heavy,Well-Lit,60
MMTI-2025-06544,,Bus,Hit and Run,3.0,Clear,,Male,0,257638.09,Heavy,Poorly-Lit,80 kph
MMTI-2025-06056,Quezon,Motorcycle,Rear-end,1.0,Clear,42.0,Female,0,13269.08,,Unlit,30 kph
MMTI-2025-02329,Las Pinas,Car,Side-swipe,3,Clear,21.0,Female,0,91392.94,Heavy,Unlit,60
MMTI-2025-12057,Manila,Car,Rear-end,3,Cloudy,34.0,Female,0,185593.08,Heavy,Unlit,80
MMTI-2025-08264,Valenzuela,Motorcycle,Rear-end,,Clear,30.0,Male,2,10296.77,Moderate,Unlit,60 km/h
MMTI-2025-10382,,,Hit and Run,3,,45.0,Female,0,224196.49,Heavy,Well-Lit,30
MMTI-2025-06435,Manila,Car,Hit and Run,3.0,Cloudy,40.0,Male,0,208448.62,Heavy,Well-Lit,80 km/h
MMTI-2025-12695,Quezon,Motorcycle,Head-on,3.0,Cloudy,17.0,Male,0,362891.62,Heavy,Well-Lit,40
MMTI-2025-04222,Caloocan,Motorcycle,Head-on,,Cloudy,41.0,Female,0,12046.05,Heavy,Well-Lit,60
MMTI-2025-05293,Makati,Car,Rear-end,2,Clear,34.0,Male,0,96446.63,,Poorly-Lit,60
MMTI-2025-17872,Pasay,Car,Side-swipe,3,Clear,29.0,Male,0,47007.04,Light,Well-Lit,60
MMTI-2025-11494,QUEZON ,Jeepney,Hit and Run,3.0,Rain,32.0,Male,0,64441.81,,Well-Lit,40 km/h
MMTI-2025-09113,Manila,Car,Side-swipe,6.0,Cloudy,31.0,Male,1,204183.81,Heavy,Well-Lit,60
MMTI-2025-15857, paranaque,Bus,Rear-end,,Clear,59.0,Male,0,296902.99,,Poorly-Lit,40 km/h
MMTI-2025-08706,Pasay,Truck,Side-swipe,,Clear,27.0,Female,0,80100.38,Moderate,POOR,40
MMTI-2025-11773,Manila,,Side-swipe,3,Clear,40.0,Male,0,148466.95,Heavy,Unlit,40
MMTI-2025-06824,Marikina,Car,Hit and Run,3,Clear,37.0,Male,0,64372.25,Heavy,Well-Lit,40
MMTI-2025-00996,Pasig,Motorcycle,Hit and Run,3,Clear,36.0,Male,0,148789.29,Heavy,Poorly-Lit,40
MMTI-2025-18735,Quezon,Car,Hit and Run,Risk Level 6,Cloudy,17.0,Female,1,446058.99,Heavy,Unlit,30
MMTI-2025-12805,Quezon,,Head-on,,Clear,26.0,Male,0,32.7k,Moderate,Well-Lit,80 km/h
MMTI-2025-10520,Marikina,Jeepney,Side-swipe,3.0,Clear,18.0,Female,0,57.9k,Light,Unlit,60 km/h
MMTI-2025-13511,Quezon,Car,Rear-end,3,Rainy,18.0,Male,0,"PHP 1,062,616.29",MODERATE,well lit,60
MMTI-2025-03565,Paranaque,SUV/Van,Head-on,Risk Level 2,Clear,39.0,Female,0,118604.57,Heavy,Well-Lit,60
MMTI-2025-02823, caloocan,,Rear-end,6,Clear,35.0,male,4,0,Heavy,Well-Lit,40 km/h
MMTI-2025-23607,Manila,,Head-on,3.0,,39.0,Male,0,168704.34,Heavy,Well-Lit,60 kph
MMTI-2025-07304,Taguig,Car,Rear-end,3,Cloudy,39.0,Male,0,272808.96,Heavy,Lit,60
MMTI-2025-10350,,Jeepney,Hit and Run,6.0,Clear,44.0,Female,2,87589.48,Heavy,Well-Lit,40
MMTI-2025-16125,MANILA ,SUV/Van,Hit and Run,2.0,Storm,17.0,Female,0,88965.15,,Poorly-Lit,60 km/h
MMTI-2025-05797,Quezon,Truck,Hit and Run,3,Clear,25.0,Female,0,"PHP 1,066,592.21",,Well-Lit,60
MMTI-2025-02786,Muntinlupa,Car,Head-on,3,Clear,54.0,Male,0,54376.88,Moderate,Well-Lit,40
MMTI-2025-14017,Marikina,Motorcycle,Side-swipe,3,Clear,31.0,Female,0,60156.43,Heavy,Well-Lit,30 km/h
MMTI-2025-07756,Manila,Bus,Head-on,3,,38.0,Male,0,452789.27,Moderate,Well-Lit,40 kph
MMTI-2025-09544,Taguig,Car,Side-swipe,3,Cloudy,37.0,Female,0,327808.63,Heavy,Poorly-Lit,30 km/h
MMTI-2025-05077,,Car,Head-on,3,Cloudy,50.0,Male,0,66041.46,Moderate,Well-Lit,80
MMTI-2025-00713,Manila,Car,Head-on,3,Cloudy,39.0,Male,0,182457.16,Light,Well-Lit,40
MMTI-2025-08754,Manila,Motorcycle,Rear-end,,Clear,18.0,Male,0,12013.5,Heavy,POOR,80
MMTI-2025-21578,Pasig,Motorcycle,Side-swipe,3.0,Clear,18.0,Male,0,135488.06,Heavy,Well-Lit,40
MMTI-2025-09975,Mandaluyong,Bus,Rear-end,3,Rain,54.0,Male,0,,Light,Well-Lit,80 km/h
MMTI-2025-01972,CALOOCAN ,Truck,Hit and Run,,,53.0,Female,3,333677.55,Heavy,Poorly-Lit,80
MMTI-2025-05659,Makati,Motorcycle,Rear-end,6.0,Cloudy,17.0,Male,3,220904.49,Moderate,Well-Lit,80
MMTI-2025-12700,Manila,,Side-swipe,,Clear,46.0,Female,2,64971.91,Moderate,Unlit,60
MMTI-2025-08671,Paranaque,Car,Rear-end,3,Storm,38.0,Male,0,41499.64,,POOR,30
MMTI-2025-08583,Paranaque,Car,Hit and Run,3,Clear,33.0,Male,0,119385.01,Moderate,well lit,30 km/h
MMTI-2025-11005,Caloocan,Truck,Rear-end,4,Clear,49.0,Female,2,44482.64,Heavy,Well-Lit,40
MMTI-2025-01589,Makati,SUV/Van,Side-swipe,Risk Level 3,Cloudy,27.0,Male,0,241082.52,Light,well lit,60
MMTI-2025-09146,Caloocan,Motorcycle,Side-swipe,,Clear,17.0,Male,0,12804.65,Heavy,Unlit,30 km/h
MMTI-2025-12068,Quezon,Car,Side-swipe,Risk Level 3,Storm,58.0,Male,0,,Heavy,Well-Lit,60
MMTI-2025-18998,Quezon,Car,Side-swipe,3,Rainy,57.0,Male,0,1409311.92,Heavy,well lit,100
MMTI-2025-15858,Taguig,Motorcycle,Rear-end,6,Cloudy,17.0,Male,2,338961.1,MODERATE,POOR,30 km/h
MMTI-2025-18983,Muntinlupa,Car,Rear-end,3,Clear,40.0,Female,0,51.7k,Heavy,Well-Lit,30
MMTI-2025-22140,Paranaque,Jeepney,Head-on,3.0,Clear,,male,0,24438.65,Heavy,Lit,60
MMTI-2025-00780,Quezon,Motorcycle,Hit and Run,,Clear,,Male,3,21172.49,,well lit,40
MMTI-2025-09529, malabon,Truck,Head-on,,Cloudy,45.0,Male,0,486.8k,Moderate,Well-Lit,60
MMTI-2025-01874,Quezon,Motorcycle,Side-swipe,Risk Level 6,,23.0,Male,3,99313.66,Heavy,Well-Lit,40
MMTI-2025-06547,Pasig,Car,Side-swipe,3.0,Clear,55.0,Male,0,161127.15,Moderate,Well-Lit,100 km/h
MMTI-2025-11709,Makati,Car,Rear-end,3.0,Cloudy,43.0,Male,0,224849.59,Heavy,dark,100 km/h
MMTI-2025-08465, paranaque,Car,Hit and Run,3,Rain,29.0,Male,0,,Moderate,Well-Lit,40
MMTI-2025-05608,Marikina,Truck,Side-swipe,3,Cloudy,,F,0,1070328.26,Heavy,Poorly-Lit,40
MMTI-2025-06017,MAKATI ,Motorcycle,Hit and Run,,Clear,22.0,Female,0,14423.67,Heavy,Lit,60
MMTI-2025-03424,LAS PINAS ,Motorcycle,Hit and Run,Risk Level 3,Cloudy,49.0,Male,0,,Heavy,Well-Lit,40
MMTI-2025-09619,,Bus,Hit and Run,2,Clear,44.0,F,0,322961.08,Heavy,Well-Lit,100 kph
MMTI-2025-13128,Marikina,Motorcycle,Hit and Run,Risk Level 3,Clear,45.0,Male,0,59360.66,Heavy,Well-Lit,60
MMTI-2025-05976,Mandaluyong,Car,Rear-end,2,Clear,36.0,Male,0,77788.84,Heavy,Poorly-Lit,100
MMTI-2025-09815,,Motorcycle,Head-on,3.0,Clear,32.0,Male,0,47121.0,Moderate,Lit,80
MMTI-2025-07640,Manila,,Rear-end,3.0,Rain,25.0,Male,0,215851.16,Heavy,Well-Lit,40 km/h
MMTI-2025-21707,Paranaque,SUV/Van,Side-swipe,,Cloudy,26.0,Female,3,96186.85,Heavy,Well-Lit,60
MMTI-2025-15770,Quezon,Motorcycle,Side-swipe,3,Rainy,0.0,Female,0,930.7k,Heavy,Poorly-Lit,60 km/h
MMTI-2025-06591,Pasig,Car,Rear-end,3,Clear,48.0,Male,0,141595.75,Heavy,Poorly-Lit,80 km/h
MMTI-2025-06501,Quezon,Bus,Hit and Run,3,Clear,,Male,0,418810.04,HEAVY,Well-Lit,60
MMTI-2025-21149,Quezon,Car,Side-swipe,3,Rainy,37.0,female ,0,786295.09,Heavy,Well-Lit,60
MMTI-2025-14783,Pasay,Car,Side-swipe,3.0,Clear,29.0,Male,0,48464.84,Heavy,Well-Lit,60
MMTI-2025-18163,,Truck,Rear-end,Risk Level 3,Clear,55.0,Male,0,1149069.48,HEAVY,Poorly-Lit,40
MMTI-2025-20078,Caloocan,Car,Rear-end,Risk Level 3,Clear,40.0,Male,0,42465.03,Heavy,Poorly-Lit,60
MMTI-2025-02926,,Jeepney,Head-on,Risk Level 2,Clear,44.0,Male,0,77777777,Heavy,POOR,30
MMTI-2025-02713,Paranaque,SUV/Van,Rear-end,3,Clear,33.0,Unknown,0,98046.43,Heavy,Poorly-Lit,60 kph
MMTI-2025-17945,Manila,Car,Hit and Run,1,Cloudy,35.0,Male,0,209585.02,Moderate,Well-Lit,30
MMTI-2025-21904,Quezon,Car,Rear-end,3.0,Cloudy,28.0,Male,0,427387.24,Moderate,Poorly-Lit,60
MMTI-2025-07859,Quezon,Car,Head-on,3,Rainy,29.0,Male,0,647661.91,Heavy,Poorly-Lit,60 km/h
MMTI-2025-18114,Taguig,Car,Side-swipe,3,Cloudy,42.0,Male,0,274459.71,Heavy,Poorly-Lit,60
MMTI-2025-12920,Quezon,,Rear-end,Risk Level 3,Clear,48.0,Male,0,186270.89,Heavy,No Lights,100 kph
MMTI-2025-18609,Quezon,Car,Rear-end,3.0,Rainy,36.0,Male,0,714303.69,Moderate,Well-Lit,30
MMTI-2025-15652,Makati,Motorcycle,Side-swipe,Risk Level 3,Cloudy,39.0,Female,0,246.2k,Heavy,Well-Lit,60
MMTI-2025-22077,Mandaluyong,Car,Hit and Run,3,Clear,-10.0,Female,0,77004.98,Heavy,Well-Lit,60 km/h
MMTI-2025-06422,Quezon,SUV/Van,Side-swipe,,Storm,23.0,Female,0,47129.58,Heavy,Poorly-Lit,40
MMTI-2025-03561,Taguig,Motorcycle,Rear-end,Risk Level 3,Cloudy,29.0,Male,0,310057.8,Heavy,Well-Lit,60 kph
MMTI-2025-23196,Makati,Motorcycle,Rear-end,3,Cloudy,51.0,Male,0,213111.65,Moderate,Well-Lit,30
MMTI-2025-05112,Quezon,SUV/Van,Side-swipe,6.0,Rainy,44.0,Female,1,"PHP 762,363.04",Moderate,Well-Lit,30
MMTI-2025-14953,,Jeepney,Head-on,,,51.0,Male,0,,Heavy,Unlit,30
MMTI-2025-03153,Quezon,Motorcycle,Side-swipe,3,Cloudy,27.0,Male,0,440932.85,Heavy,Poorly-Lit,100
MMTI-2025-06798,Quezon,Car,Side-swipe,3,Rainy,33.0,Male,0,"PHP 881,619.91",Heavy,Well-Lit,60 kph
MMTI-2025-01792,Manila,Car,Hit and Run,3.0,Clear,43.0,Male,0,164474.75,Moderate,Well-Lit,80
MMTI-2025-09237,Manila,Motorcycle,Head-on,3,Cloudy,23.0,Male,0,174071.1,Heavy,Well-Lit,60
MMTI-2025-10327,Manila,Car,Hit and Run,2,Clear,20.0,Female,0,,Light,Well-Lit,60 kph
MMTI-2025-17838,Makati,Truck,Side-swipe,Risk Level 3,Clear,57.0,Female,0,"PHP 1,617,481.97",,Well-Lit,60 kph
MMTI-2025-12708,Quezon,Motorcycle,Rear-end,3.0,Cloudy,38.0,Male,0,513349.84,Heavy,Well-Lit,60
MMTI-2025-08533,Manila,Car,Hit and Run,Risk Level 3,,44.0,Female,0,219413.22,Heavy,Well-Lit,60
MMTI-2025-09043,Quezon,Truck,Hit and Run,3,Rainy,30.0,Male,0,"PHP 1,248,539.79",Moderate,Well-Lit,40
MMTI-2025-13385,Quezon,Car,Rear-end,3,Rainy,38.0,Female,0,735.9k,Moderate,Poorly-Lit,40
MMTI-2025-21560,Quezon,Car,Head-on,1,Cloudy,32.0,F,0,414.6k,Moderate,Well-Lit,80
MMTI-2025-04124,Taguig,Car,Hit and Run,Risk Level 9,Cloudy,19.0,Male,2,342816.93,Light,Poorly-Lit,100
MMTI-2025-02623,,Car,Head-on,3,Clear,26.0,Female,0,108735.79,Heavy,Well-Lit,60 km/h
MMTI-2025-20717,QUEZON ,Motorcycle,Head-on,2,Clear,42.0,Male,0,16567.96,,Well-Lit,30 km/h
MMTI-2025-00264,,Car,Rear-end,Risk Level 3,,56.0,Male,0,47741.23,Light,Unlit,40
MMTI-2025-21666,Pasig,Car,Head-on,6,Clear,29.0,Male,2,140843.81,Moderate,Lit,60
MMTI-2025-04016,Quezon,Bus,Hit and Run,Risk Level 3,Clear,18.0,Female,0,,Moderate,Well-Lit,60
MMTI-2025-22632,Quezon,SUV/Van,Hit and Run,3,Clear,32.0,Male,0,,Heavy,Well-Lit,60
MMTI-2025-20285,Makati,Jeepney,Rear-end,,Rain,30.0,Male,0,29224.17,Moderate,Well-Lit,80
MMTI-2025-21588,Quezon,SUV/Van,Side-swipe,3.0,Rain,,Male,0,77777777,Moderate,Well-Lit,60 kph
MMTI-2025-11044,Quezon,Jeepney,Hit and Run,6,,44.0,Male,2,225534.4,Moderate,well lit,60 km/h
MMTI-2025-18308,Paranaque,SUV/Van,Side-swipe,2.0,Clear,52.0,Female,0,,HEAVY,Well-Lit,80
MMTI-2025-03179,Caloocan,Jeepney,Hit and Run,3.0,,48.0,Male,0,90034.61,Heavy,dark,40
MMTI-2025-15353,Quezon,SUV/Van,Head-on,3,Cloudy,38.0,Male,0,392928.84,Moderate,Poorly-Lit,60
MMTI-2025-07685,San Juan,Car,Side-swipe,Risk Level 3,Clear,41.0,Male,0,39.9k,HEAVY,Poorly-Lit,60 km/h
MMTI-2025-06190,Quezon,Motorcycle,Head-on,6.0,Stormy,35.0,Male,1,"PHP 4,564,043.90",Heavy,Unlit,60
MMTI-2025-17219,Quezon,Car,Side-swipe,3,Cloudy,45.0,Male,0,566130.34,Heavy,Well-Lit,30
MMTI-2025-23284,Paranaque,Car,Side-swipe,3,Clear,43.0,Female,0,118144.86,Moderate,Well-Lit,80 km/h
MMTI-2025-04306,,Car,Side-swipe,3.0,Clear,28.0,Female,0,194175.82,Heavy,Well-Lit,60
MMTI-2025-09491,Pasay,Car,Head-on,1,Clear,45.0,Male,0,46403.94,Light,Well-Lit,40 kph
MMTI-2025-05935,Quezon,Motorcycle,Head-on,Risk Level 3,Rainy,40.0,Male,0,844120.11,Heavy,Poorly-Lit,60
MMTI-2025-17470,Caloocan,,Side-swipe,Risk Level 3,Rain,23.0,Female,0,"PHP 186,881.53",Heavy,Poorly-Lit,60
MMTI-2025-14343,Manila,Truck,Side-swipe,6,,42.0,Male,4,1191546.93,Moderate,Well-Lit,60