Incident_ID,City,Vehicle_Type,Accident_Type,Severity,Weather_Condition,Driver_Age,Driver_Gender,Injury_Count,Damage_Cost_PHP,Traffic_Volume,Road_Lighting,Speed_Limit
MMTI-2025-16859,Quezon,Motorcycle,Side-swipe,3,Cloudy,42.0,Male,0,"PHP 483,023.48",Heavy,Well-Lit,60
MMTI-2025-06171,Quezon,Car,Rear-end,3.0,Rainy,39.0,Female,0,994352.49,Heavy,Well-Lit,40 km/h
MMTI-2025-13656,Paranaque,Motorcycle,Side-swipe,3,Clear,27.0,Male,0,112.7k,Heavy,Unlit,60
MMTI-2025-17533,Quezon,Motorcycle,Head-on,3,Rainy,37.0,Male,0,1130799.21,Moderate,Well-Lit,60
MMTI-2025-18544,Mandaluyong,,Side-swipe,3,Clear,41.0,Unknown,0,192128.82,Moderate,Well-Lit,80
MMTI-2025-04018,Quezon,Motorcycle,Side-swipe,3.0,Rainy,57.0,Male,0,888625.87,Heavy,Poorly-Lit,60
MMTI-2025-16663,Makati,Car,Side-swipe,3.0,Cloudy,51.0,Male,0,261693.86,Heavy,Well-Lit,60
MMTI-2025-14960,Quezon,Truck,Hit and Run,3.0,,41.0,Male,0,"PHP 1,054,021.84",Heavy,Well-Lit,60
MMTI-2025-03428,Quezon,Jeepney,Head-on,Risk Level 3,Rainy,33.0,Male,0,744325.43,HEAVY,Well-Lit,80 kph
MMTI-2025-04018,Quezon,Car,Side-swipe,3,Rainy,37.0,Male,0,978060.51,Moderate,Unlit,60
MMTI-2025-20965,Pasay,SUV/Van,Hit and Run,3,Clear,32.0,Female,0,118277.98,,well lit,40
MMTI-2025-02579,Makati,Truck,Hit and Run,3.0,Cloudy,46.0,Male,0,258829.11,Heavy,Well-Lit,60
MMTI-2025-10425,Manila,Motorcycle,Rear-end,Risk Level 3,Cloudy,43.0,Female,0,195957.76,Light,Poorly-Lit,30
MMTI-2025-07179,Muntinlupa,Car,Side-swipe,3.0,,44.0,Male,0,110317.13,Heavy,Poorly-Lit,100
MMTI-2025-16597,Paranaque,Motorcycle,Hit and Run,3.0,Clear,22.0,female ,0,98184.73,Heavy,Well-Lit,60
MMTI-2025-22363,Valenzuela,Motorcycle,Head-on,Risk Level 3,Clear,34.0,Male,0,38163.86,Moderate,Unlit,60 kph
MMTI-2025-06923,San Juan,SUV/Van,Side-swipe,3.0,,45.0,female ,0,64103.96,Light,POOR,30 kph
MMTI-2025-21226,Las Pinas,Car,Hit and Run,3.0,Clear,50.0,Male,0,90989.3,Heavy,Well-Lit,100 km/h
MMTI-2025-04586,Makati,Car,Rear-end,6,Cloudy,41.0,male,2,"PHP 264,276.29",Moderate,Well-Lit,60
MMTI-2025-01232,MANILA ,Bus,Hit and Run,3,,24.0,Female,0,254773.39,Heavy,Poorly-Lit,60
MMTI-2025-08778,Quezon,Motorcycle,Rear-end,Risk Level 3,Rainy,51.0,Male,0,815371.05,Heavy,Poorly-Lit,40
MMTI-2025-17409,Manila,Car,Side-swipe,3.0,Cloudy,28.0,Male,0,180657.9,HEAVY,Well-Lit,80 km/h
MMTI-2025-17327,Caloocan,Car,Side-swipe,3,Clear,32.0,Male,0,43843.82,Heavy,Well-Lit,100
MMTI-2025-01372,Taguig,Jeepney,Hit and Run,Risk Level 3,Clear,44.0,Male,0,92951.17,,Poorly-Lit,60
MMTI-2025-12520,Pasay,Motorcycle,Side-swipe,3,Clear,48.0,M,0,47773.12,Heavy,Poorly-Lit,60
MMTI-2025-00142,Caloocan,Car,Hit and Run,2.0,,36.0,Male,0,47369.32,Heavy,Well-Lit,60 kph
MMTI-2025-13650,QUEZON ,Car,Hit and Run,3,,42.0,Male,0,253007.29,Moderate,Unlit,60
MMTI-2025-04771,Quezon,Motorcycle,Head-on,3,Cloudy,54.0,F,0,613677.74,Heavy,Well-Lit,30
MMTI-2025-02420,Quezon,Car,Head-on,3,Rainy,27.0,Male,0,1478943.45,Moderate,Well-Lit,60
MMTI-2025-19188,Mandaluyong,Car,Side-swipe,6,Clear,25.0,Female,3,78431.91,Moderate,Poorly-Lit,40 kph
MMTI-2025-02813,Quezon,Car,Side-swipe,2,Stormy,24.0,Female,0,77777777,Moderate,Well-Lit,60
MMTI-2025-15555,Makati,Motorcycle,Hit and Run,Risk Level 3,,33.0,Male,0,18752.04,Heavy,Well-Lit,60 km/h
MMTI-2025-13842,Pasig,Car,Side-swipe,1,Clear,41.0,Male,0,80152.74,,Well-Lit,60 km/h
MMTI-2025-15886,Quezon,Jeepney,Head-on,,Clear,,Male,0,"PHP 16,082.63",Heavy,Well-Lit,60
MMTI-2025-15236,Paranaque,SUV/Van,Side-swipe,3,Clear,28.0,Male,0,115580.23,Heavy,Well-Lit,60
MMTI-2025-15025,Quezon,Motorcycle,Rear-end,Risk Level 3,Rainy,18.0,Unknown,0,1035974.71,Heavy,Well-Lit,40
MMTI-2025-22504,Valenzuela,Jeepney,Rear-end,6,,44.0,Male,3,265425.86,Heavy,well lit,60
MMTI-2025-14910,PASAY ,Jeepney,Hit and Run,,,33.0,Male,0,,Heavy,Poorly-Lit,40
MMTI-2025-17344,,Truck,Rear-end,3,Clear,69.0,Male,0,1589041.01,Heavy,Poorly-Lit,60
MMTI-2025-04767,Caloocan,Car,Head-on,3,,999.0,Male,0,205424.42,Heavy,Poorly-Lit,60
MMTI-2025-14058,Pasay,SUV/Van,Side-swipe,3,Clear,35.0,M,0,45764.99,Heavy,Well-Lit,60 kph
MMTI-2025-19075,Pasig,Car,Hit and Run,3.0,Clear,40.0,Male,0,"PHP 129,011.21",Moderate,Well-Lit,60 kph
MMTI-2025-09569,Quezon,Car,Side-swipe,Risk Level 3,Rainy,30.0,Male,0,1177357.47,HEAVY,Poorly-Lit,40 kph
MMTI-2025-09506,Quezon,Bus,Hit and Run,,Clear,150.0,F,0,206953.04,,Poorly-Lit,60
MMTI-2025-07613,Quezon,SUV/Van,Hit and Run,6,Stormy,29.0,Male,1,1805700.71,Heavy,Poorly-Lit,60
MMTI-2025-01973,Paranaque,Motorcycle,Hit and Run,3.0,Clear,47.0,Male,0,111708.91,Moderate,dark,60 km/h
MMTI-2025-03158,Quezon,Car,Rear-end,Risk Level 3,Cloudy,53.0,Male,0,486698.88,Moderate,Well-Lit,60
MMTI-2025-02768,,SUV/Van,Side-swipe,2.0,Cloudy,36.0,female ,0,76566.59,,Poorly-Lit,60 km/h
MMTI-2025-10863,Manila,Car,Hit and Run,1.0,Cloudy,29.0,Male,0,203043.14,Moderate,Well-Lit,30
MMTI-2025-16422,Quezon,Car,Hit and Run,6,Rainy,38.0,Male,3,1012313.82,Heavy,Unlit,100
MMTI-2025-23475,Manila,Car,Head-on,Risk Level 3,Cloudy,51.0,Male,0,202484.48,Heavy,Well-Lit,40
MMTI-2025-18596,Quezon,Car,Hit and Run,3,Cloudy,54.0,Male,0,"PHP 354,796.39",Moderate,Unlit,60
MMTI-2025-12768,Mandaluyong,,Rear-end,3,Clear,41.0,Female,0,167913.98,Heavy,Well-Lit,60 km/h
MMTI-2025-02482,Paranaque,Motorcycle,Rear-end,,Rain,61.0,Male,0,"PHP 14,777.94",Heavy,Unlit,60 km/h
MMTI-2025-20732,Las Pinas,Bus,Rear-end,,Clear,33.0,Male,0,269972.61,Moderate,Poorly-Lit,30
MMTI-2025-16382,Quezon,Jeepney,Rear-end,1.0,Clear,63.0,Male,0,21885.65,,Well-Lit,40
MMTI-2025-05685,Marikina,Truck,Hit and Run,Risk Level 3,Rain,21.0,Male,0,,Heavy,Unlit,80
MMTI-2025-10127,Manila,Motorcycle,Rear-end,,Clear,27.0,male,0,5311.74,Light,Well-Lit,80
MMTI-2025-12288,Quezon,Motorcycle,Hit and Run,3,Cloudy,33.0,Female,0,539003.35,Light,POOR,60
MMTI-2025-13598,Manila,Car,Head-on,3,Cloudy,38.0,Male,0,202706.92,Moderate,Well-Lit,40 km/h
MMTI-2025-01642,Makati,Truck,Head-on,2.0,Cloudy,30.0,Female,0,232980.87,Moderate,Unlit,60
MMTI-2025-03663,Las Pinas,Car,Side-swipe,3,Clear,44.0,Male,0,92873.77,Heavy,Poorly-Lit,40
MMTI-2025-00181,Paranaque,SUV/Van,Rear-end,1,Clear,48.0,Male,0,98897.02,Moderate,Well-Lit,40
MMTI-2025-00874,Las Pinas,Car,Hit and Run,1,Clear,56.0,Male,0,"PHP 86,405.74",Moderate,Poorly-Lit,60
MMTI-2025-13514,Paranaque,Motorcycle,Hit and Run,3,Clear,43.0,Male,0,108081.4,Heavy,Well-Lit,80
MMTI-2025-04959,Quezon,Motorcycle,Hit and Run,,Clear,41.0,Male,0,8011.61,Heavy,POOR,60
MMTI-2025-22513,Quezon,Motorcycle,Rear-end,Risk Level 6,Rainy,35.0,Male,1,"PHP 1,734,416.00",Heavy,Unlit,60
MMTI-2025-22634,San Juan,Jeepney,Head-on,,Rain,,Male,0,31831.06,HEAVY,Well-Lit,60
MMTI-2025-13159,Paranaque,Car,Side-swipe,3,Clear,43.0,Male,0,116666.61,Moderate,Poorly-Lit,80
MMTI-2025-18436,Taguig,Car,Rear-end,2,Cloudy,45.0,female ,0,344151.88,Light,Poorly-Lit,60
MMTI-2025-10683,Makati,Car,Rear-end,Risk Level 3,Cloudy,51.0,F,0,238481.41,Heavy,Well-Lit,40
MMTI-2025-17238,,Bus,Head-on,Risk Level 3,Clear,45.0,F,0,443346.06,Light,Poorly-Lit,60
MMTI-2025-06719,Paranaque,Car,Hit and Run,3,Clear,36.0,Male,0,122369.62,Heavy,Poorly-Lit,60 kph
MMTI-2025-15252,PASIG ,Truck,Rear-end,3,Clear,27.0,Male,0,,Heavy,Poorly-Lit,100
MMTI-2025-03457,Manila,,Head-on,3.0,Clear,35.0,Male,0,30096.36,Heavy,Poorly-Lit,100
MMTI-2025-03809,Taguig,Car,Head-on,6,Rain,31.0,Male,1,156363.18,,Well-Lit,60
MMTI-2025-09069,Makati,Car,Side-swipe,3,Cloudy,36.0,Male,0,232766.55,Moderate,Well-Lit,60
MMTI-2025-14162,Mandaluyong,Car,Side-swipe,,Cloudy,36.0,Female,1,41642.52,Moderate,Unlit,60
MMTI-2025-06493,Makati,Truck,Side-swipe,,Clear,23.0,Male,1,702109.38,MODERATE,POOR,60
MMTI-2025-16997,Quezon,SUV/Van,Rear-end,3.0,Rainy,43.0,F,0,1700954.67,Heavy,Well-Lit,60
MMTI-2025-06670,Manila,Motorcycle,Rear-end,3,Cloudy,45.0,Female,0,210205.99,Moderate,Unlit,60
MMTI-2025-08431,Quezon,Truck,Hit and Run,3.0,Cloudy,26.0,Male,0,359682.35,Moderate,Well-Lit,40
MMTI-2025-17326,Pasay,Motorcycle,Rear-end,3.0,Clear,36.0,Male,0,,Heavy,POOR,60
MMTI-2025-08207,Mandaluyong,Motorcycle,Rear-end,3,Clear,24.0,Male,0,73810.24,Heavy,Unlit,60
MMTI-2025-16494,Paranaque,Truck,Head-on,3,,47.0,Male,0,660103.99,Heavy,Poorly-Lit,60
MMTI-2025-07872,,SUV/Van,Hit and Run,3,,25.0,Male,0,,Heavy,Well-Lit,80
MMTI-2025-13672,Muntinlupa,Car,Side-swipe,3,,38.0,Female,0,"PHP 214,536.19",Heavy,Well-Lit,60 km/h
MMTI-2025-14300,Quezon,Car,Hit and Run,6,Stormy,45.0,Male,3,3835983.86,Moderate,Well-Lit,80
MMTI-2025-07525,Pasig,Jeepney,Rear-end,3.0,Clear,50.0,Female,0,151153.64,Heavy,Unlit,100
MMTI-2025-05766,Quezon,,Head-on,3,Clear,42.0,Male,0,94794.49,MODERATE,Well-Lit,60 km/h
MMTI-2025-21797,Marikina,Car,Rear-end,3,,45.0,M,0,138.5k,Heavy,Poorly-Lit,60 kph
MMTI-2025-16004,Las Pinas,Car,Hit and Run,3,Clear,46.0,Male,0,95.4k,Heavy,Unlit,60
MMTI-2025-22600,Muntinlupa,Car,Head-on,4.0,Clear,40.0,Male,2,52447.03,Heavy,Well-Lit,80
MMTI-2025-18913,Quezon,Car,Head-on,3.0,Cloudy,68.0,Male,0,479500.6,Moderate,dark,60 km/h
MMTI-2025-10497,Manila,Motorcycle,Rear-end,3.0,Clear,53.0,Male,0,,Light,Poorly-Lit,40
MMTI-2025-09899,Paranaque,Motorcycle,Hit and Run,3,Clear,33.0,Female,0,"PHP 103,700.56",Moderate,well lit,60
MMTI-2025-16217,Taguig,Bus,Head-on,,Cloudy,30.0,Male,0,112515.24,Heavy,Well-Lit,60
MMTI-2025-02427,Taguig,SUV/Van,Side-swipe,3,Cloudy,26.0,Male,0,349371.09,Light,well lit,40
MMTI-2025-03122,Marikina,Motorcycle,Head-on,3,Clear,24.0,Male,0,"PHP 61,582.08",Heavy,Well-Lit,40
MMTI-2025-12281,Pasig,Jeepney,Rear-end,3,Clear,,Male,0,91880.99,Heavy,Well-Lit,80
MMTI-2025-18630,Quezon,Motorcycle,Rear-end,3,Rainy,18.0,Male,0,954620.63,Heavy,Poorly-Lit,60
MMTI-2025-04958,Quezon,Car,Head-on,3,Cloudy,30.0,M,0,355067.52,Heavy,Lit,40
MMTI-2025-14059,Paranaque,Car,Head-on,6,Clear,32.0,female ,1,106802.7,Moderate,Well-Lit,60
MMTI-2025-15883, quezon,Bus,Head-on,3,Clear,47.0,Male,0,,Heavy,Well-Lit,60 km/h
MMTI-2025-17693,Quezon,Car,Hit and Run,6,Rainy,45.0,Male,4,900213.52,Heavy,dark,60 km/h
MMTI-2025-01769,Pasay,Motorcycle,Rear-end,3.0,Clear,36.0,Female,0,50560.16,Heavy,Poorly-Lit,80 km/h
MMTI-2025-14013,TAGUIG ,Motorcycle,Head-on,,,43.0,Male,0,4638.15,Heavy,Poorly-Lit,60
MMTI-2025-19979,Quezon,Car,Head-on,3,Rainy,44.0,Female,0,804950.27,Heavy,Well-Lit,100 km/h
MMTI-2025-03414,Makati,Motorcycle,Side-swipe,,Cloudy,29.0,Female,0,"PHP 2,954.22",MODERATE,Well-Lit,60
MMTI-2025-01112,Pasig,Car,Head-on,3,Clear,42.0,Male,0,127038.94,Heavy,Well-Lit,80
MMTI-2025-09841,,,Hit and Run,3,Clear,36.0,Male,0,43860.85,Light,Poorly-Lit,60
MMTI-2025-17855,Taguig,Car,Hit and Run,3,Cloudy,40.0,Unknown,0,339590.06,Heavy,Lit,80 km/h
MMTI-2025-10873,Quezon,Car,Head-on,6,Cloudy,27.0,Male,3,403802.11,Light,Poorly-Lit,80
MMTI-2025-17826,MANDALUYONG ,SUV/Van,Head-on,3,Storm,42.0,female ,0,428801.31,,Poorly-Lit,60
MMTI-2025-03737,Makati,Car,Hit and Run,Risk Level 3,Cloudy,43.0,Male,0,251273.31,Heavy,Well-Lit,40 km/h
MMTI-2025-00455,Makati,,Hit and Run,6.0,Clear,52.0,Male,4,,Moderate,Poorly-Lit,30 km/h
MMTI-2025-00407,Taguig,Motorcycle,Side-swipe,2,Cloudy,54.0,Male,0,349338.5,MODERATE,well lit,80 km/h
MMTI-2025-16184, pasig,,Rear-end,3,Clear,53.0,Female,0,"PHP 100,997.73",Moderate,Well-Lit,30 km/h
MMTI-2025-18211,Manila,,Side-swipe,1,Clear,40.0,Male,0,59685.48,Moderate,POOR,40
MMTI-2025-14428,Manila,Jeepney,Head-on,3,,38.0,Male,0,71007.75,Heavy,Well-Lit,60
MMTI-2025-22957,Manila,SUV/Van,Side-swipe,2,Cloudy,,Male,4,150514.52,Moderate,Well-Lit,60 kph
MMTI-2025-05784,Quezon,Car,Side-swipe,3,Cloudy,28.0,Male,0,439572.15,Light,Unlit,30
MMTI-2025-16813,Quezon,Car,Side-swipe,3,Rain,46.0,Male,0,,Heavy,Poorly-Lit,60
MMTI-2025-00916,Marikina,Motorcycle,Head-on,,Clear,31.0,Male,0,"PHP 14,650.30",Heavy,Well-Lit,40
MMTI-2025-02046,Paranaque,,Hit and Run,3,Clear,26.0,Unknown,0,205732.31,Light,Well-Lit,80
MMTI-2025-22708,Caloocan,Car,Side-swipe,3,Storm,,Male,0,"PHP 64,474.77",Moderate,Unlit,60
MMTI-2025-22667, las pinas,Motorcycle,Side-swipe,Risk Level 3,,28.0,Male,0,50181.45,Moderate,Poorly-Lit,60
MMTI-2025-19329,,Bus,Head-on,3,,38.0,Male,0,491004.68,Heavy,Poorly-Lit,100
MMTI-2025-21675,Navotas,Car,Head-on,Risk Level 6,Clear,19.0,male,3,,Moderate,Well-Lit,80
MMTI-2025-04793,Paranaque,Motorcycle,Hit and Run,3,Clear,999.0,Male,0,"PHP 109,203.19",Moderate,Well-Lit,30
MMTI-2025-17668,Quezon,Car,Head-on,3.0,Cloudy,40.0,Male,0,442899.37,Moderate,Well-Lit,30
MMTI-2025-02915,Paranaque,Car,Head-on,1.0,Clear,24.0,Male,0,108578.56,Moderate,Lit,60
MMTI-2025-19201,Quezon,Jeepney,Rear-end,,,,Male,1,15815.0,Heavy,Well-Lit,80
MMTI-2025-12222,CALOOCAN ,Bus,Hit and Run,6,Rain,31.0,Male,4,,Heavy,Poorly-Lit,30
MMTI-2025-00474,Quezon,Motorcycle,Side-swipe,3.0,Rainy,28.0,Unknown,0,1494.7k,Moderate,Well-Lit,30
MMTI-2025-23208,Paranaque,Truck,Side-swipe,3.0,Clear,48.0,Male,0,115830.07,Heavy,Unlit,60
MMTI-2025-07433,Quezon,Car,Hit and Run,3,Rainy,25.0,Male,0,1383200.68,Heavy,Well-Lit,60
MMTI-2025-06929,Quezon,Motorcycle,Rear-end,6.0,Rainy,26.0,Male,2,727783.57,Heavy,Well-Lit,40
MMTI-2025-10910,Taguig,Car,Head-on,3,Cloudy,17.0,Male,0,299746.85,Heavy,Well-Lit,60
MMTI-2025-07514,Pasig,Motorcycle,Head-on,3.0,Clear,55.0,Female,0,142841.45,Heavy,Well-Lit,30
MMTI-2025-01364, manila ,Jeepney,Head-on,,Clear,42.0,Male,0,"PHP 26,280.94",Heavy,Well-Lit,100
MMTI-2025-08154,Quezon,Car,Head-on,Risk Level 3,Rainy,37.0,Female,0,842410.23,Moderate,Poorly-Lit,60
MMTI-2025-07159,Caloocan,Motorcycle,Side-swipe,3.0,,32.0,female ,0,26278.37,Heavy,dark,60
MMTI-2025-13890,Quezon,SUV/Van,Head-on,Risk Level 3,,33.0,Female,0,266485.49,Heavy,Well-Lit,80
MMTI-2025-19177,Caloocan,,Rear-end,3,Clear,0.0,Male,0,184711.71,Heavy,Well-Lit,60 kph
MMTI-2025-08751,,Bus,Head-on,6,Cloudy,35.0,Male,2,2099949.69,Moderate,Well-Lit,60
MMTI-2025-08534,Quezon,Car,Head-on,2.0,Clear,,Female,0,64870.29,Heavy,Poorly-Lit,60
MMTI-2025-23594,MAKATI ,,Hit and Run,6.0,Clear,34.0,male,1,,Heavy,Poorly-Lit,40
MMTI-2025-14262,Manila,Car,Rear-end,3.0,Cloudy,58.0,Male,0,201396.17,Heavy,Well-Lit,60 km/h
MMTI-2025-13014,Las Pinas,Car,Rear-end,3,Clear,33.0,Male,0,86902.57,Heavy,Unlit,80
MMTI-2025-11304,Quezon,Car,Rear-end,3,Rainy,43.0,Female,0,"PHP 951,611.07",Heavy,Well-Lit,80
MMTI-2025-21068,Quezon,Car,Rear-end,3,Cloudy,25.0,Female,0,503305.9,Heavy,Poorly-Lit,60
MMTI-2025-17631,,Truck,Hit and Run,3.0,Clear,43.0,Male,0,343534.97,Heavy,Poorly-Lit,60
MMTI-2025-17121,Quezon,,Head-on,3.0,Clear,37.0,Female,0,"PHP 49,110.80",Heavy,Well-Lit,60
MMTI-2025-14612,Quezon,Motorcycle,Side-swipe,3.0,Cloudy,42.0,Male,0,582075.75,Moderate,Well-Lit,60 kph
MMTI-2025-10045,Taguig,Jeepney,Hit and Run,3.0,Cloudy,60.0,F,0,324.2k,Moderate,Poorly-Lit,60
MMTI-2025-12942,PASIG ,Motorcycle,Hit and Run,3,,58.0,female ,0,37316.88,Heavy,Poorly-Lit,60
MMTI-2025-22710,Quezon,Motorcycle,Rear-end,3,Rainy,38.0,F,0,1403323.4,Heavy,Well-Lit,100 km/h
MMTI-2025-21248,Caloocan,Bus,Hit and Run,,Clear,25.0,Male,1,114259.91,Heavy,Unlit,40
MMTI-2025-21606,Taguig,Car,Head-on,2.0,Cloudy,37.0,Male,0,317792.74,Moderate,Poorly-Lit,40
MMTI-2025-00845,,Bus,Hit and Run,3,Rain,34.0,Male,0,0,Heavy,No Lights,60 km/h
MMTI-2025-05733,PASIG ,,Hit and Run,3.0,Cloudy,54.0,Female,0,179107.37,Heavy,Poorly-Lit,60
MMTI-2025-06679, caloocan,Car,Hit and Run,2.0,Clear,,Male,0,55091.44,Moderate,Poorly-Lit,80
MMTI-2025-04738,Marikina,Car,Hit and Run,3,Clear,30.0,Male,0,65489.45,Moderate,Well-Lit,80
MMTI-2025-11318,Makati,Truck,Side-swipe,3,Cloudy,30.0,Male,0,250068.68,Heavy,Well-Lit,100
MMTI-2025-00680,Taguig,Car,Hit and Run,Risk Level 3,Cloudy,58.0,male,0,321846.07,Heavy,POOR,60
MMTI-2025-23020,Mandaluyong,Motorcycle,Rear-end,Risk Level 3,Clear,35.0,Male,0,80943.3,Heavy,Well-Lit,60
MMTI-2025-14041,Quezon,Truck,Head-on,3,Rain,17.0,Male,0,,Heavy,Poorly-Lit,40
MMTI-2025-14501,Pateros,Car,Rear-end,3,Clear,45.0,Female,0,,Moderate,No Lights,60
MMTI-2025-20977,Mandaluyong,Car,Side-swipe,3,Clear,37.0,Female,0,72932.99,Heavy,Lit,40
MMTI-2025-03330,Makati,Motorcycle,Side-swipe,3.0,,150.0,Male,0,35886.38,Heavy,Poorly-Lit,80
MMTI-2025-22388,Quezon,Car,Head-on,6,Rainy,26.0,M,1,"PHP 1,452,463.97",Heavy,Unlit,60
MMTI-2025-18391,Las Pinas,Truck,Rear-end,3,Clear,65.0,Male,0,92544.78,Heavy,Poorly-Lit,60
MMTI-2025-14533,Taguig,Jeepney,Side-swipe,2,Cloudy,42.0,Male,0,,LIGHT,Well-Lit,60
MMTI-2025-07275,Quezon,,Side-swipe,Risk Level 6,Clear,47.0,Male,4,,Heavy,Well-Lit,60
MMTI-2025-17711,Manila,SUV/Van,Side-swipe,Risk Level 3,Cloudy,42.0,Male,0,200339.4,Heavy,Poorly-Lit,40
MMTI-2025-12942,PASIG ,Motorcycle,Hit and Run,3,,58.0,female ,0,37316.88,Heavy,Poorly-Lit,60
MMTI-2025-05627,Muntinlupa,,Head-on,3,Rain,27.0,Female,0,257498.6,Heavy,Well-Lit,40
MMTI-2025-18883,Quezon,Motorcycle,Head-on,3,Rainy,29.0,Male,0,1222245.72,Heavy,Well-Lit,60
MMTI-2025-21082,Quezon,Jeepney,Rear-end,3,Stormy,45.0,Male,0,2009894.2,Light,Unlit,60
MMTI-2025-18087,Quezon,Car,Hit and Run,9,Stormy,63.0,Male,2,2753289.37,Moderate,Well-Lit,60
MMTI-2025-01869,Quezon,Jeepney,Side-swipe,Risk Level 3,Clear,43.0,Male,0,63001.84,,Well-Lit,40 km/h
MMTI-2025-18991,Paranaque,,Hit and Run,1,Clear,32.0,Male,0,60394.78,Moderate,Well-Lit,60
MMTI-2025-09543,Pasay,Truck,Side-swipe,3.0,Clear,43.0,Male,0,49694.0,Light,Unlit,60 km/h
MMTI-2025-05284,Quezon,SUV/Van,Rear-end,3.0,Rainy,28.0,Male,0,1435936.14,Heavy,Poorly-Lit,80
MMTI-2025-02103,Quezon,Truck,Rear-end,9.0,Clear,54.0,Male,4,3674994.59,,Well-Lit,60
MMTI-2025-08140,Quezon,Car,Side-swipe,6,Rainy,26.0,Male,3,"PHP 1,314,665.06",Heavy,Poorly-Lit,60
MMTI-2025-13064,Quezon,Truck,Head-on,3,Rainy,17.0,Male,0,714220.81,Heavy,POOR,60
MMTI-2025-15511,Taguig,Jeepney,Hit and Run,Risk Level 2,Cloudy,35.0,Male,0,286691.2,Moderate,Poorly-Lit,60
MMTI-2025-02259,Quezon,Car,Hit and Run,3,Rainy,62.0,Female,0,967.3k,Heavy,Well-Lit,60
MMTI-2025-22016,Quezon,Motorcycle,Hit and Run,Risk Level 3,Clear,,Female,0,"PHP 59,504.34",Light,Well-Lit,60 km/h
MMTI-2025-02017,Quezon,Car,Side-swipe,Risk Level 3,Rainy,43.0,Male,0,966200.37,Heavy,Well-Lit,60
MMTI-2025-17545,Pasig,Car,Hit and Run,Risk Level 3,Clear,37.0,Male,0,133052.51,Moderate,Well-Lit,80 km/h
MMTI-2025-03994, paranaque,,Hit and Run,,Rain,33.0,Male,0,39733.34,Heavy,Well-Lit,60
MMTI-2025-11794,Quezon,Car,Hit and Run,6.0,Stormy,43.0,Male,4,"PHP 2,146,858.43",Heavy,Poorly-Lit,80 kph
MMTI-2025-14408,Pasig,Car,Head-on,Risk Level 6,Clear,38.0,Male,1,129409.56,Heavy,Well-Lit,40
MMTI-2025-23301,,,Hit and Run,3,Rain,47.0,Male,1,257832.72,Heavy,dark,30
MMTI-2025-17441,Quezon,Truck,Side-swipe,,Clear,25.0,Male,0,308739.9,Heavy,Well-Lit,100
MMTI-2025-10848,Caloocan,Truck,Rear-end,3,,31.0,Male,0,207437.68,Light,Well-Lit,40
MMTI-2025-18027,Makati,Car,Hit and Run,Risk Level 3,Cloudy,28.0,Female,0,242430.32,Heavy,well lit,100
MMTI-2025-01450,Pasig,Car,Side-swipe,3.0,Clear,23.0,Male,0,159324.28,Heavy,Poorly-Lit,40
MMTI-2025-08167,Pasig,Car,Side-swipe,3.0,Clear,47.0,Male,0,"PHP 150,875.98",Heavy,dark,80
MMTI-2025-04305,Taguig,Car,Rear-end,3,Cloudy,48.0,female ,0,270080.21,Heavy,Poorly-Lit,60
MMTI-2025-05688,Quezon,Car,Side-swipe,3,Rainy,22.0,Female,0,1249642.35,Moderate,Well-Lit,80
MMTI-2025-15130,Muntinlupa,Car,Rear-end,3,Clear,29.0,Female,0,55386.07,Moderate,Poorly-Lit,30
MMTI-2025-02645,Pasay,Car,Side-swipe,3,Clear,40.0,Male,0,"PHP 46,724.56",Heavy,Well-Lit,40 km/h
MMTI-2025-18574,MANILA ,Motorcycle,Rear-end,4,,39.0,Male,4,43127.3,,No Lights,40
MMTI-2025-18905,Pateros,Car,Head-on,3,Rain,30.0,Male,0,,Heavy,POOR,40
MMTI-2025-08533,Manila,Car,Hit and Run,Risk Level 3,,44.0,Female,0,219413.22,Heavy,Well-Lit,60
MMTI-2025-07084,PASIG ,Car,Rear-end,3.0,Clear,36.0,Female,0,266083.95,,Well-Lit,40
MMTI-2025-18565,Mandaluyong,Car,Head-on,Risk Level 3,Clear,37.0,Female,0,77789.11,Moderate,Well-Lit,60
MMTI-2025-06616,Pasig,SUV/Van,Side-swipe,2,Clear,38.0,Female,0,131956.91,Heavy,Poorly-Lit,60 km/h
MMTI-2025-06262,Manila,Car,Head-on,3,,56.0,Male,0,41856.19,Light,Well-Lit,60
MMTI-2025-15988,Quezon,SUV/Van,Side-swipe,Risk Level 2,Clear,30.0,Female,0,118674.41,,Well-Lit,30 kph
MMTI-2025-02707,Muntinlupa,,Side-swipe,3,Clear,47.0,Female,0,80543.64,Light,Poorly-Lit,40
MMTI-2025-11267,Caloocan,Jeepney,Hit and Run,6,,0.0,M,1,"PHP 103,482.58",LIGHT,Poorly-Lit,60
MMTI-2025-00664,Muntinlupa,Car,Hit and Run,4,Clear,22.0,male,3,287807.22,,Well-Lit,40
MMTI-2025-00467,Quezon,Car,Rear-end,Risk Level 6,Cloudy,47.0,Male,3,551691.06,Heavy,well lit,40
MMTI-2025-11984,Marikina,SUV/Van,Rear-end,3,Clear,37.0,Female,0,60422.36,HEAVY,Poorly-Lit,60