Incident_ID,City,Vehicle_Type,Accident_Type,Severity,Weather_Condition,Driver_Age,Driver_Gender,Injury_Count,Damage_Cost_PHP,Traffic_Volume,Road_Lighting,Speed_Limit
MMTI-2025-17761,Manila,Car,Hit and Run,,Clear,46.0,Male,0,61860.55,Moderate,Well-Lit,30 km/h
MMTI-2025-08734,Muntinlupa,Bus,Side-swipe,3,Clear,,Male,0,823693.5,Heavy,Poorly-Lit,40
MMTI-2025-17761,Manila,Car,Hit and Run,,Clear,46.0,Male,0,61860.55,Moderate,Well-Lit,30 km/h
MMTI-2025-10448,Taguig,SUV/Van,Rear-end,Risk Level 3,,31.0,Male,0,362107.6,Heavy,Poorly-Lit,40
MMTI-2025-06394,Pasay,Motorcycle,Head-on,2,Clear,27.0,Male,0,"PHP 50,038.77",Light,Unlit,40
MMTI-2025-16558,Quezon,Car,Head-on,Risk Level 3,Stormy,37.0,Male,0,77777777,Heavy,Well-Lit,60
MMTI-2025-20467,Las Pinas,Car,Rear-end,Risk Level 3,Clear,43.0,Male,0,94068.53,Heavy,Well-Lit,30
MMTI-2025-04387,,Jeepney,Side-swipe,3,Clear,30.0,Male,0,35139.78,Heavy,Well-Lit,60
MMTI-2025-08214,Manila,Car,Head-on,3,Cloudy,40.0,female ,0,196760.19,Light,Poorly-Lit,60 km/h
MMTI-2025-13902,Pasig,Bus,Side-swipe,3.0,Rain,,Male,0,1127.3k,Moderate,Poorly-Lit,60
MMTI-2025-22784,San Juan,Car,Side-swipe,3,Clear,54.0,Male,0,39.8k,Heavy,Poorly-Lit,60
MMTI-2025-00143,Caloocan,Car,Side-swipe,,Storm,55.0,Male,0,57.7k,Heavy,Well-Lit,60
MMTI-2025-14111,Quezon,Car,Head-on,3.0,Rainy,35.0,Male,0,1271329.06,Heavy,Poorly-Lit,80
MMTI-2025-19689,Makati,Jeepney,Head-on,3,Cloudy,45.0,Male,0,248.3k,Heavy,Well-Lit,60
MMTI-2025-07495,Las Pinas,Bus,Side-swipe,2,Clear,42.0,Female,0,,Heavy,Well-Lit,60
MMTI-2025-00817,Manila,Car,Rear-end,3,Cloudy,35.0,Male,0,186200.3,Moderate,Unlit,60
MMTI-2025-06618,Valenzuela,Truck,Head-on,3.0,Rain,48.0,Male,0,,Heavy,Well-Lit,30
MMTI-2025-17998,Marikina,Motorcycle,Rear-end,2.0,Clear,24.0,Male,0,60952.45,Heavy,Poorly-Lit,80 km/h
MMTI-2025-18013,Quezon,Motorcycle,Hit and Run,Risk Level 3,Clear,30.0,Male,0,33158.22,,Poorly-Lit,60
MMTI-2025-15260,Manila,Bus,Head-on,2.0,Clear,33.0,Male,0,"PHP 73,116.63",,Unlit,60
MMTI-2025-03972,,Car,Side-swipe,3,Storm,60.0,Female,0,168777.54,Heavy,Well-Lit,30 kph
MMTI-2025-04711,Quezon,SUV/Van,Rear-end,3.0,Rainy,29.0,Male,0,857.6k,Heavy,Lit,60
MMTI-2025-01504, caloocan,SUV/Van,Rear-end,2,,42.0,Male,0,"PHP 71,942.83",Moderate,Unlit,60 kph
MMTI-2025-06366,,SUV/Van,Head-on,3,Rain,33.0,Female,0,176035.71,Heavy,Well-Lit,60
MMTI-2025-07476,Taguig,Jeepney,Side-swipe,2.0,Cloudy,54.0,Male,0,276076.46,Moderate,Well-Lit,80 kph
MMTI-2025-11333,SAN JUAN ,Truck,Head-on,Risk Level 3,,46.0,Male,0,1512719.85,Heavy,Poorly-Lit,80 kph
MMTI-2025-21958,Quezon,Car,Side-swipe,,Clear,36.0,Female,2,27071.33,Moderate,Well-Lit,30
MMTI-2025-16921,Navotas,Truck,Side-swipe,3,,38.0,Male,0,604800.1,Moderate,Well-Lit,60
MMTI-2025-09518,Mandaluyong,Car,Side-swipe,3.0,Clear,28.0,Female,0,74379.87,Heavy,well lit,60
MMTI-2025-09888,Quezon,SUV/Van,Rear-end,3,Rainy,44.0,Female,0,847621.43,Heavy,Well-Lit,40
MMTI-2025-14419,,Car,Rear-end,3,Clear,34.0,Male,0,125306.4,Moderate,Well-Lit,60 kph
MMTI-2025-00695,Manila,,Head-on,3.0,Cloudy,54.0,Female,0,"PHP 56,228.78",Heavy,No Lights,40
MMTI-2025-13976,Paranaque,Jeepney,Head-on,2.0,Clear,22.0,Male,0,119.8k,MODERATE,Well-Lit,60 km/h
MMTI-2025-07609,Makati,Car,Side-swipe,,Clear,43.0,Male,0,88426.48,Moderate,Well-Lit,60
MMTI-2025-19265,Quezon,Motorcycle,Rear-end,Risk Level 3,Cloudy,49.0,Male,0,522794.48,Heavy,Poorly-Lit,100 kph
MMTI-2025-10969,Makati,Car,Side-swipe,3,Cloudy,27.0,Male,0,254504.09,Moderate,well lit,100 km/h
MMTI-2025-13465,Muntinlupa,SUV/Van,Side-swipe,3.0,Clear,45.0,Male,0,55591.82,Moderate,Well-Lit,40 km/h
MMTI-2025-15958,Makati,Bus,Head-on,3,Rain,,Male,0,527398.92,Heavy,Poorly-Lit,60
MMTI-2025-06814,Quezon,Car,Rear-end,3.0,Rainy,33.0,Male,0,1228757.19,Moderate,Well-Lit,60
MMTI-2025-09110,Quezon,SUV/Van,Head-on,3,Cloudy,57.0,Male,0,567615.02,Heavy,Poorly-Lit,30
MMTI-2025-04974,Makati,Car,Side-swipe,3,Cloudy,31.0,Male,0,"PHP 231,983.85",Heavy,Poorly-Lit,40
MMTI-2025-00234,Taguig,Motorcycle,Side-swipe,6,Cloudy,40.0,Male,1,288685.52,Moderate,Well-Lit,60
MMTI-2025-09818,,SUV/Van,Hit and Run,3,Rain,17.0,Female,0,272231.79,Heavy,Well-Lit,80
MMTI-2025-21614,,Motorcycle,Hit and Run,Risk Level 6,Clear,33.0,Male,1,52446.45,Heavy,Well-Lit,60
MMTI-2025-20718,Quezon,Car,Head-on,Risk Level 6,Rainy,37.0,Male,3,630.4k,MODERATE,Well-Lit,60 kph
MMTI-2025-18119,Quezon,Car,Rear-end,Risk Level 3,Rainy,28.0,Male,0,758967.61,Heavy,Unlit,40
MMTI-2025-15958,Makati,Bus,Head-on,3,Rain,,Male,0,527398.92,Heavy,Poorly-Lit,60
MMTI-2025-12798,Quezon,Car,Rear-end,3.0,Stormy,51.0,Male,0,77777777,Moderate,Poorly-Lit,80 kph
MMTI-2025-09534,Manila,Motorcycle,Side-swipe,9,Rain,49.0,Male,2,17232.57,,Poorly-Lit,30
MMTI-2025-23125,Quezon,Motorcycle,Rear-end,3,Rainy,33.0,Female,0,1095299.79,Heavy,Well-Lit,40
MMTI-2025-16935,Paranaque,Motorcycle,Hit and Run,,Clear,37.0,Male,0,0,Heavy,Well-Lit,60
MMTI-2025-00564,Las Pinas,SUV/Van,Side-swipe,3,,39.0,Male,0,277396.44,Heavy,well lit,60 km/h
MMTI-2025-19545,Caloocan,Car,Head-on,6,,36.0,Male,3,417.6k,Heavy,Well-Lit,60
MMTI-2025-17907,Navotas,Truck,Hit and Run,3,Clear,47.0,Male,0,36495.74,Moderate,Unlit,60
MMTI-2025-10199,Muntinlupa,,Rear-end,3,Rain,37.0,male,0,,HEAVY,Well-Lit,30
MMTI-2025-22981,Las Pinas,SUV/Van,Side-swipe,Risk Level 3,Clear,57.0,Male,0,92372.83,Heavy,Well-Lit,60
MMTI-2025-10359,Quezon,Jeepney,Side-swipe,3.0,Rain,,Male,0,36583.91,Heavy,dark,60
MMTI-2025-00497,Caloocan,Car,Rear-end,3,Clear,41.0,Male,0,44356.63,Heavy,Well-Lit,60
MMTI-2025-23567,Pasig,Truck,Head-on,3,Clear,17.0,Male,0,1509600.19,,dark,30
MMTI-2025-02254,Quezon,Motorcycle,Rear-end,Risk Level 3,Rainy,39.0,Male,0,1085889.5,Heavy,Well-Lit,30 km/h
MMTI-2025-15271,Paranaque,Car,Hit and Run,2.0,Clear,30.0,Male,0,104399.99,Moderate,dark,30
MMTI-2025-15051,Marikina,Car,Hit and Run,Risk Level 2,Clear,31.0,Male,0,67896.4,Heavy,Poorly-Lit,60
MMTI-2025-04748,Paranaque,Truck,Hit and Run,,Clear,28.0,Male,0,443953.94,Heavy,Well-Lit,60 km/h
MMTI-2025-12759,Paranaque,Car,Hit and Run,6,Clear,43.0,Male,4,102050.7,Heavy,Unlit,60 km/h
MMTI-2025-14482,Manila,Car,Head-on,3,Cloudy,45.0,Female,0,168909.52,Heavy,No Lights,60
MMTI-2025-14428,Manila,Jeepney,Head-on,3,,38.0,Male,0,71007.75,Heavy,Well-Lit,60
MMTI-2025-02853,,Truck,Rear-end,6,Rain,24.0,Male,3,,Heavy,Well-Lit,60 km/h
MMTI-2025-06841,Quezon,Motorcycle,Hit and Run,6,Stormy,32.0,Female,1,3575524.65,Light,Well-Lit,80 km/h
MMTI-2025-06437,Quezon,Car,Hit and Run,3,Stormy,53.0,Male,0,2004594.7,Heavy,Well-Lit,60
MMTI-2025-22283,Manila,Motorcycle,Side-swipe,2.0,Cloudy,28.0,Male,0,201745.99,Moderate,Poorly-Lit,40 km/h
MMTI-2025-05625,Las Pinas,Car,Side-swipe,Risk Level 3,Clear,42.0,Male,0,90580.36,Heavy,Poorly-Lit,80 kph
MMTI-2025-03223,Pasig,Car,Rear-end,3,Clear,34.0,Female,0,149.6k,Heavy,Poorly-Lit,40
MMTI-2025-13811,Makati,Car,Rear-end,3,Cloudy,37.0,Female,0,246323.44,Heavy,Well-Lit,60
MMTI-2025-19478,Las Pinas,Car,Rear-end,2,Clear,29.0,M,0,92361.11,Heavy,well lit,60
MMTI-2025-07043,PARANAQUE ,Truck,Rear-end,3,Clear,,Male,0,,MODERATE,well lit,80
MMTI-2025-22661,Quezon,SUV/Van,Hit and Run,3.0,Rain,25.0,Female,0,"PHP 276,772.35",,Poorly-Lit,100 km/h
MMTI-2025-20989,Quezon,Car,Head-on,3.0,Rainy,47.0,Male,0,869729.4,Heavy,Well-Lit,80
MMTI-2025-16488,Taguig,Car,Side-swipe,3,Cloudy,34.0,Male,0,269027.03,Heavy,dark,80
MMTI-2025-22958,Valenzuela,Car,Side-swipe,3,Clear,35.0,Male,0,37829.43,Moderate,Poorly-Lit,100
MMTI-2025-14502,Quezon,Motorcycle,Rear-end,6,Stormy,30.0,Female,4,2250556.95,Heavy,Poorly-Lit,60 km/h
MMTI-2025-22812,Mandaluyong,SUV/Van,Rear-end,3,Clear,48.0,Female,0,76044.7,Moderate,Poorly-Lit,60
MMTI-2025-23330,Paranaque,Car,Side-swipe,3,Clear,35.0,Male,0,101691.62,MODERATE,Well-Lit,80
MMTI-2025-04306,,Car,Side-swipe,3.0,Clear,28.0,Female,0,194175.82,Heavy,Well-Lit,60
MMTI-2025-00869,Quezon,Car,Head-on,3,Rainy,49.0,Male,0,1451326.55,Light,Well-Lit,80
MMTI-2025-00659,Las Pinas,SUV/Van,Side-swipe,3.0,Clear,29.0,Male,0,"PHP 88,762.86",Heavy,Well-Lit,40
MMTI-2025-11882,,Jeepney,Head-on,3,Clear,63.0,Male,0,105221.1,Moderate,Well-Lit,60 km/h
MMTI-2025-11297,Las Pinas,Car,Head-on,3,Clear,43.0,Male,0,86.9k,LIGHT,Well-Lit,40 kph
MMTI-2025-06831,Quezon,Car,Hit and Run,2,Cloudy,48.0,Female,0,585267.09,Moderate,Well-Lit,60
MMTI-2025-22276,Pasig,Car,Hit and Run,6,Clear,33.0,Female,2,162305.71,Moderate,Well-Lit,60
MMTI-2025-01297,Mandaluyong,Car,Rear-end,3,Clear,999.0,Male,0,70535.49,Moderate,Unlit,80
MMTI-2025-18834,Quezon,Car,Head-on,3.0,Rainy,46.0,Male,0,936.0k,HEAVY,Poorly-Lit,60
MMTI-2025-07546,Quezon,SUV/Van,Rear-end,Risk Level 2,Cloudy,54.0,Female,0,356646.6,Light,Poorly-Lit,60
MMTI-2025-22624,Manila,SUV/Van,Head-on,3,Cloudy,39.0,Female,0,204658.53,Heavy,Well-Lit,60
MMTI-2025-09382,Quezon,,Head-on,3.0,Rain,33.0,Male,0,254024.77,Moderate,Well-Lit,40
MMTI-2025-11350,Pasay,Car,Hit and Run,,Rain,42.0,Male,0,"PHP 81,072.61",Heavy,Poorly-Lit,80
MMTI-2025-08096,Quezon,Car,Hit and Run,3,Rainy,22.0,Female,0,752748.96,Heavy,Poorly-Lit,40
MMTI-2025-06432,San Juan,Car,Rear-end,Risk Level 3,Clear,33.0,Female,0,38883.12,Heavy,Well-Lit,40 km/h
MMTI-2025-08266,Manila,Jeepney,Side-swipe,3.0,,33.0,Male,0,104845.05,Heavy,Well-Lit,40
MMTI-2025-21217,Quezon,Car,Rear-end,3,Rainy,28.0,Female,0,670083.31,Moderate,Well-Lit,60 km/h
MMTI-2025-14628,Taguig,,Hit and Run,3.0,Clear,46.0,Male,0,221459.58,Moderate,Poorly-Lit,40 km/h
MMTI-2025-13544,Muntinlupa,Car,Hit and Run,3,Clear,39.0,M,0,51756.69,Moderate,Poorly-Lit,30
MMTI-2025-16022,Quezon,SUV/Van,Hit and Run,3,Rainy,53.0,F,0,1283088.39,Heavy,Poorly-Lit,80
MMTI-2025-17335,Manila,Motorcycle,Rear-end,2,Cloudy,49.0,Male,3,170862.92,Moderate,Well-Lit,60
MMTI-2025-10697,Manila,,Side-swipe,3.0,Clear,25.0,Male,0,"PHP 79,442.97",Heavy,Well-Lit,60 km/h
MMTI-2025-18640, manila,Jeepney,Hit and Run,Risk Level 3,,,Male,0,139872.72,Moderate,Well-Lit,60
MMTI-2025-10935,Quezon,Car,Side-swipe,3,Rainy,41.0,Female,0,1350708.27,Heavy,Poorly-Lit,80
MMTI-2025-06418,Las Pinas,Truck,Hit and Run,Risk Level 3,Clear,58.0,Male,0,89459.79,Light,Poorly-Lit,60
MMTI-2025-07263,San Juan,Motorcycle,Head-on,,Clear,34.0,female ,0,4057.49,Heavy,Well-Lit,60
MMTI-2025-22146,Valenzuela,Motorcycle,Rear-end,3,Clear,37.0,Male,0,37396.24,Moderate,Poorly-Lit,30
MMTI-2025-04779,Makati,Motorcycle,Rear-end,3,Cloudy,43.0,Male,0,"PHP 257,084.46",Heavy,Well-Lit,60
MMTI-2025-14689,San Juan,Car,Hit and Run,3,Clear,23.0,Female,0,41003.85,Heavy,Well-Lit,40
MMTI-2025-18514,,Car,Side-swipe,Risk Level 3,Clear,25.0,Male,0,169487.84,Heavy,Well-Lit,60
MMTI-2025-15129,Caloocan,Car,Hit and Run,3,Clear,30.0,Male,0,42297.11,Heavy,Well-Lit,60 kph
MMTI-2025-14876,San Juan,Motorcycle,Side-swipe,9,Clear,46.0,Male,3,,Heavy,No Lights,40
MMTI-2025-13142, las pinas,Bus,Rear-end,,Clear,26.0,Male,0,59539.94,Heavy,Well-Lit,60 km/h
MMTI-2025-21175,Pasig,Car,Rear-end,Risk Level 6,Clear,72.0,Female,2,155453.34,Heavy,Lit,60 km/h
MMTI-2025-08518,Caloocan,,Hit and Run,3.0,Clear,52.0,Male,0,80629.49,Moderate,Poorly-Lit,30
MMTI-2025-11861,PASIG ,Bus,Head-on,4,Clear,29.0,Male,4,694479.55,,Well-Lit,60
MMTI-2025-00593,Quezon,Car,Side-swipe,3,Cloudy,34.0,Male,0,605573.57,Moderate,Poorly-Lit,100
MMTI-2025-04591,,Bus,Rear-end,3,Rain,37.0,Male,0,892374.48,HEAVY,Well-Lit,60 km/h
MMTI-2025-04519,Pasay,Motorcycle,Side-swipe,3,Clear,41.0,Male,0,46794.19,Moderate,Well-Lit,60 km/h
MMTI-2025-00435,Taguig,Motorcycle,Head-on,Risk Level 3,Cloudy,39.0,Male,0,300971.48,Heavy,Unlit,60
MMTI-2025-07257,Malabon,SUV/Van,Head-on,3,Clear,40.0,Male,0,36894.66,Moderate,Well-Lit,60
MMTI-2025-09389,Quezon,Truck,Side-swipe,3,Rainy,46.0,Male,0,1232494.27,Moderate,Well-Lit,60
MMTI-2025-08632,Quezon,Car,Rear-end,6,Rainy,34.0,male,1,1061682.88,Heavy,No Lights,60
MMTI-2025-13393,Manila,Car,Hit and Run,Risk Level 3,Cloudy,31.0,Male,0,179953.25,Moderate,Unlit,60
MMTI-2025-03983,Pasay,Motorcycle,Hit and Run,3,Clear,999.0,Male,0,46676.24,Heavy,Poorly-Lit,60 km/h
MMTI-2025-01608,,SUV/Van,Head-on,,Cloudy,33.0,Unknown,0,145232.31,Heavy,Well-Lit,100
MMTI-2025-09072,San Juan,Motorcycle,Rear-end,,Cloudy,17.0,Male,4,7822.8,Heavy,No Lights,30
MMTI-2025-22604,Marikina,Motorcycle,Head-on,3.0,Clear,40.0,Female,0,59283.94,Heavy,Unlit,60
MMTI-2025-11622,Paranaque,Car,Head-on,2,Clear,44.0,Male,0,119919.48,Moderate,Well-Lit,60
MMTI-2025-10444,Marikina,Car,Rear-end,2,Clear,40.0,Female,0,64175.87,Moderate,Well-Lit,60
MMTI-2025-12763,Quezon,Car,Rear-end,3.0,Cloudy,34.0,Male,0,"PHP 561,240.86",Heavy,Well-Lit,80
MMTI-2025-10482,Makati,Car,Hit and Run,Risk Level 3,Cloudy,31.0,Male,0,229.5k,Light,Unlit,60
MMTI-2025-02442,Paranaque,Car,Side-swipe,Risk Level 2,Clear,35.0,Female,2,119618.76,Light,Poorly-Lit,60
MMTI-2025-00048,Quezon,Car,Rear-end,6.0,Stormy,39.0,Male,4,77777777,Heavy,Well-Lit,30
MMTI-2025-14533,Muntinlupa,Car,Side-swipe,3.0,Clear,25.0,Male,0,57.2k,HEAVY,Lit,40
MMTI-2025-22225,Quezon,Truck,Side-swipe,Risk Level 3,Rainy,40.0,Female,0,"PHP 642,377.98",Heavy,Well-Lit,30
MMTI-2025-06038,Quezon,Motorcycle,Head-on,3,Cloudy,46.0,Male,0,364444.47,Heavy,Well-Lit,40 kph
MMTI-2025-14398,Manila,Truck,Rear-end,Risk Level 6,Clear,51.0,Male,3,3435562.77,,Well-Lit,80
MMTI-2025-17378,Quezon,Car,Hit and Run,3,Cloudy,38.0,male,0,"PHP 360,760.21",Moderate,Lit,40
MMTI-2025-01832,San Juan,Truck,Head-on,3.0,Clear,49.0,Male,0,,Heavy,Well-Lit,80
MMTI-2025-02154,Makati,Car,Side-swipe,3,Cloudy,31.0,Male,0,218293.72,Moderate,Well-Lit,80
MMTI-2025-00509, las pinas,Motorcycle,Rear-end,Risk Level 3,,38.0,Female,0,"PHP 29,770.67",,Lit,80 km/h
MMTI-2025-11554,Pasay,Bus,Side-swipe,6.0,Cloudy,35.0,Male,3,0,,Well-Lit,60 kph
MMTI-2025-07655,Quezon,Motorcycle,Side-swipe,Risk Level 3,Rainy,41.0,Female,0,1112029.05,Moderate,Well-Lit,60
MMTI-2025-07491,,Truck,Head-on,3,Clear,17.0,Male,0,770043.05,Heavy,Well-Lit,60
MMTI-2025-02370,Marikina,Truck,Hit and Run,3.0,Clear,-10.0,Male,0,65230.55,Light,Well-Lit,60
MMTI-2025-09678,Quezon,Truck,Rear-end,4.0,Rainy,23.0,Male,3,1045606.8,MODERATE,Poorly-Lit,60
MMTI-2025-15229,Paranaque,Car,Hit and Run,Risk Level 3,Clear,39.0,Male,0,123197.73,Moderate,well lit,30 kph
MMTI-2025-20093,San Juan,Jeepney,Hit and Run,3.0,Clear,38.0,Female,0,38765.05,Heavy,Poorly-Lit,40 km/h
MMTI-2025-14532,Valenzuela,,Rear-end,2,Clear,35.0,Female,0,72802.13,Moderate,Well-Lit,60
MMTI-2025-18826,,Jeepney,Head-on,Risk Level 3,Clear,,Male,0,"PHP 28,311.20",Heavy,Well-Lit,40
MMTI-2025-03959,Manila,Car,Hit and Run,3,Cloudy,23.0,Male,0,187040.9,MODERATE,well lit,30
MMTI-2025-03006,Quezon,Car,Side-swipe,4,Stormy,51.0,Male,2,77777777,Moderate,Well-Lit,60
MMTI-2025-05616,,Jeepney,Head-on,Risk Level 3,Clear,76.0,F,0,"PHP 91,009.85",Light,Poorly-Lit,60
MMTI-2025-07698,Quezon,Car,Rear-end,3,Cloudy,26.0,Female,0,395128.7,Heavy,No Lights,80
MMTI-2025-18528,Marikina,Car,Side-swipe,6.0,Clear,39.0,Female,4,62769.39,Heavy,Well-Lit,60 km/h
MMTI-2025-16494,Paranaque,Truck,Head-on,3,,47.0,Male,0,660103.99,Heavy,Poorly-Lit,60
MMTI-2025-16936,Quezon,Car,Rear-end,2,,22.0,Male,0,61678.49,Moderate,Well-Lit,40
MMTI-2025-05213,Caloocan,Jeepney,Head-on,Risk Level 3,Clear,38.0,Male,0,44564.31,Heavy,Well-Lit,40
MMTI-2025-03419,Mandaluyong,Truck,Side-swipe,1,Clear,32.0,Male,0,"PHP 80,863.54",Moderate,Well-Lit,60 kph
MMTI-2025-00227,Quezon,Car,Hit and Run,3,Rainy,28.0,Male,0,906935.53,Heavy,Poorly-Lit,30
MMTI-2025-06517,Makati,Car,Hit and Run,Risk Level 3,Cloudy,34.0,Female,0,248666.5,Heavy,Well-Lit,40 kph
MMTI-2025-04359,Quezon,Motorcycle,Hit and Run,3,Rainy,34.0,Female,0,703192.75,Heavy,Poorly-Lit,80
MMTI-2025-07968,Quezon,Car,Head-on,3,Cloudy,50.0,Male,0,514176.59,Moderate,Unlit,60 km/h
MMTI-2025-10820,Makati,Car,Hit and Run,3.0,Cloudy,38.0,Female,0,231667.29,Heavy,Well-Lit,80 kph
MMTI-2025-00546,Manila,Bus,Rear-end,,Cloudy,51.0,Male,1,107475.61,Heavy,Poorly-Lit,60
MMTI-2025-11320,Pasay,Jeepney,Hit and Run,3.0,Clear,35.0,Male,0,46166.32,Heavy,Well-Lit,80
MMTI-2025-02390,Quezon,Car,Rear-end,6,Stormy,37.0,F,3,2464.4k,Heavy,Well-Lit,60
MMTI-2025-22620,Manila,Car,Head-on,3,Cloudy,37.0,Male,0,167813.83,Heavy,Poorly-Lit,30
MMTI-2025-11899,Muntinlupa,Car,Head-on,9,Clear,39.0,Male,3,55547.6,Heavy,Well-Lit,60
MMTI-2025-07743,Caloocan,Car,Hit and Run,6,Clear,56.0,Male,2,44474.16,Heavy,POOR,60
MMTI-2025-07039,Quezon,,Side-swipe,2.0,Clear,53.0,M,0,29113.38,Heavy,POOR,80
MMTI-2025-12210,Taguig,Truck,Rear-end,6.0,,38.0,Male,3,1802333.04,Heavy,Poorly-Lit,60
MMTI-2025-13610,Las Pinas,Truck,Rear-end,3.0,Clear,39.0,Female,0,84432.46,Heavy,Well-Lit,60
MMTI-2025-10744,Mandaluyong,Car,Side-swipe,3.0,Clear,25.0,Male,0,72728.25,Heavy,well lit,60
MMTI-2025-12870,Makati,Jeepney,Side-swipe,Risk Level 3,Cloudy,40.0,Male,0,225563.59,Heavy,Well-Lit,60 kph
MMTI-2025-10701,Quezon,Motorcycle,Rear-end,3,Cloudy,43.0,Male,0,490659.09,Moderate,Poorly-Lit,80
MMTI-2025-08581,Pasig,Motorcycle,Rear-end,Risk Level 3,Clear,,Male,0,13308.98,Heavy,Well-Lit,60 kph
MMTI-2025-20425,Manila,SUV/Van,Head-on,6.0,,46.0,Male,2,818201.64,Heavy,Poorly-Lit,30
MMTI-2025-10108,Quezon,Motorcycle,Side-swipe,6,Cloudy,36.0,Male,1,377279.83,Heavy,Well-Lit,80 km/h
MMTI-2025-08713,Quezon,Car,Rear-end,2,Stormy,18.0,Male,0,77777777,Light,No Lights,60 km/h
MMTI-2025-16948,Taguig,SUV/Van,Side-swipe,3,Cloudy,43.0,Male,0,289263.24,Heavy,Well-Lit,40
MMTI-2025-19968,Makati,Motorcycle,Side-swipe,3.0,Cloudy,44.0,Male,0,227.2k,Moderate,Well-Lit,60
MMTI-2025-20674,Muntinlupa,Motorcycle,Hit and Run,Risk Level 3,Clear,42.0,Female,0,57061.99,Moderate,Well-Lit,80
MMTI-2025-12425,Quezon,Car,Rear-end,Risk Level 6,Cloudy,46.0,Male,2,383424.45,Heavy,Well-Lit,40
MMTI-2025-09757,Marikina,Car,Rear-end,3,Clear,43.0,Unknown,0,"PHP 66,875.32",Moderate,Poorly-Lit,60 km/h
MMTI-2025-14323,,SUV/Van,Rear-end,6.0,Clear,38.0,Male,4,128262.7,Heavy,Poorly-Lit,60 km/h
MMTI-2025-13082,Taguig,Car,Head-on,3.0,Cloudy,30.0,Male,0,316222.08,Heavy,Lit,40
MMTI-2025-16720,Quezon,Motorcycle,Side-swipe,3,Rainy,30.0,Female,0,642199.05,Heavy,Well-Lit,60
MMTI-2025-10973,Taguig,Car,Head-on,3.0,Cloudy,28.0,Male,0,273616.66,Moderate,Well-Lit,60
MMTI-2025-12981,Paranaque,Car,Rear-end,2.0,Clear,47.0,Male,0,123129.17,Moderate,Well-Lit,40 km/h
MMTI-2025-10533,Pasig,Car,Hit and Run,3,Clear,17.0,Male,0,156140.92,Heavy,Poorly-Lit,40
MMTI-2025-21304,Las Pinas,Motorcycle,Rear-end,3,Clear,35.0,Male,0,87194.77,Moderate,Lit,60 km/h
MMTI-2025-13997,CALOOCAN ,SUV/Van,Side-swipe,3.0,Clear,25.0,Male,0,59232.88,,Well-Lit,60
MMTI-2025-01099,Quezon,Car,Side-swipe,Risk Level 6,Stormy,28.0,Female,1,2191671.86,Moderate,POOR,80
MMTI-2025-16158,Quezon,Car,Head-on,3,Rainy,44.0,Male,0,895331.24,Heavy,Well-Lit,30
MMTI-2025-13900,,Jeepney,Hit and Run,3,Clear,27.0,Male,0,64707.29,Light,Well-Lit,60
MMTI-2025-09644,Manila,Jeepney,Rear-end,3,,999.0,Female,0,129042.95,Heavy,Well-Lit,30
MMTI-2025-06431,Manila,Car,Side-swipe,3,Cloudy,51.0,Male,0,197474.15,Heavy,Well-Lit,30 km/h
MMTI-2025-01568,Marikina,Car,Side-swipe,3.0,Clear,26.0,Male,0,63017.13,Moderate,dark,60 km/h
MMTI-2025-02536,Marikina,Truck,Side-swipe,Risk Level 3,Clear,44.0,Female,0,"PHP 59,791.82",Heavy,Well-Lit,40
MMTI-2025-11933,Manila,Motorcycle,Rear-end,,Clear,,Male,1,17993.71,,Poorly-Lit,60
MMTI-2025-17194,Malabon,Bus,Hit and Run,,Clear,40.0,Male,0,353563.74,Moderate,Well-Lit,80 kph
MMTI-2025-08043,San Juan,Bus,Side-swipe,Risk Level 2,Clear,35.0,Male,0,-500,,Poorly-Lit,60
MMTI-2025-10489,Paranaque,Car,Head-on,3,Clear,34.0,Male,0,102702.23,Moderate,Poorly-Lit,60
MMTI-2025-23443,Quezon,Motorcycle,Hit and Run,Risk Level 6,Stormy,54.0,F,3,1971287.91,Heavy,Unlit,30
MMTI-2025-02984, manila ,Car,Hit and Run,2.0,Clear,45.0,Male,0,55831.77,,Well-Lit,80
MMTI-2025-20028,Quezon,,Side-swipe,3,Clear,34.0,Female,0,166046.72,Heavy,Well-Lit,40 km/h
MMTI-2025-17141,Makati,Motorcycle,Head-on,3,Cloudy,39.0,Male,0,232132.65,Heavy,Well-Lit,80 km/h
MMTI-2025-03690,Pasay,Motorcycle,Head-on,Risk Level 3,Clear,53.0,male,0,45956.3,Heavy,Well-Lit,60
MMTI-2025-21974,Muntinlupa,,Hit and Run,,Clear,49.0,Male,0,13536.37,Moderate,Unlit,30
MMTI-2025-04741,Quezon,Car,Rear-end,3,Rainy,22.0,Female,0,1042023.57,Heavy,Well-Lit,60
MMTI-2025-12789,Makati,,Rear-end,3,Storm,49.0,Male,0,,Light,Poorly-Lit,30
MMTI-2025-22056,Quezon,Truck,Rear-end,6,Stormy,28.0,Female,3,2714.0k,Heavy,Unlit,80
MMTI-2025-14246, paranaque,Jeepney,Head-on,2,Cloudy,30.0,Male,0,,LIGHT,Poorly-Lit,60