Incident_ID,City,Vehicle_Type,Accident_Type,Severity,Weather_Condition,Driver_Age,Driver_Gender,Injury_Count,Damage_Cost_PHP,Traffic_Volume,Road_Lighting,Speed_Limit
MMTI-2025-23353,Mandaluyong,Motorcycle,Hit and Run,3,Clear,36.0,Male,0,70365.32,Heavy,Well-Lit,60
MMTI-2025-12565,Manila,SUV/Van,Side-swipe,Risk Level 6,Cloudy,18.0,Male,2,182112.58,Light,well lit,40 km/h
MMTI-2025-09898,Marikina,Car,Side-swipe,Risk Level 3,Clear,43.0,Male,0,63452.36,MODERATE,Well-Lit,40
MMTI-2025-01706,Manila,Car,Side-swipe,Risk Level 2,Rain,55.0,Female,0,,Moderate,Unlit,80
MMTI-2025-19247,,Jeepney,Side-swipe,2,Cloudy,39.0,Female,0,19387.69,Moderate,Lit,80
MMTI-2025-15019,Manila,,Head-on,3.0,Rain,27.0,Male,0,,HEAVY,Well-Lit,60
MMTI-2025-04070,Quezon,Motorcycle,Side-swipe,3,Rainy,30.0,Male,0,"PHP 1,023,755.33",Heavy,Well-Lit,60
MMTI-2025-11438,,SUV/Van,Side-swipe,Risk Level 3,Clear,25.0,Male,0,103653.97,Heavy,Well-Lit,60 kph
MMTI-2025-08239,Taguig,Car,Side-swipe,3,Cloudy,27.0,Male,0,333886.18,Light,Well-Lit,80
MMTI-2025-05968,Quezon,Bus,Hit and Run,3,Rain,,Male,0,763912.15,Heavy,Well-Lit,40 km/h
MMTI-2025-02360,Pasay,SUV/Van,Head-on,3,Clear,59.0,Male,0,"PHP 49,152.98",Moderate,Lit,30
MMTI-2025-05971,,,Rear-end,3,Rain,30.0,Male,0,150843.51,Heavy,Well-Lit,40
MMTI-2025-14616,Manila,,Rear-end,3,Clear,35.0,Male,0,40007.07,Heavy,Poorly-Lit,30
MMTI-2025-09807,Manila,SUV/Van,Head-on,6.0,Rain,29.0,Male,3,781165.61,,Well-Lit,60
MMTI-2025-18005,Taguig,Motorcycle,Hit and Run,3,Cloudy,17.0,Male,0,272653.82,Moderate,POOR,40
MMTI-2025-06272,Makati,Car,Head-on,3,Cloudy,58.0,Male,0,239432.76,Heavy,Unlit,60
MMTI-2025-14032,QUEZON ,Bus,Side-swipe,Risk Level 3,Rain,42.0,Male,0,974.8k,,Poorly-Lit,60
MMTI-2025-00720,Manila,Motorcycle,Hit and Run,3,Cloudy,29.0,Unknown,0,180755.81,Moderate,Poorly-Lit,100 kph
MMTI-2025-03335,Marikina,,Side-swipe,Risk Level 3,Storm,20.0,female ,0,111752.22,HEAVY,Unlit,60
MMTI-2025-18200,Makati,Truck,Hit and Run,Risk Level 3,Cloudy,48.0,Male,0,214802.07,Moderate,Well-Lit,30
MMTI-2025-09493,Las Pinas,Motorcycle,Hit and Run,3,Clear,45.0,Male,0,81574.71,Moderate,Well-Lit,60
MMTI-2025-02995,Quezon,SUV/Van,Hit and Run,Risk Level 6,Rainy,74.0,Male,4,1087759.48,Heavy,Lit,60 km/h
MMTI-2025-13018,Taguig,Car,Side-swipe,3,Cloudy,38.0,Male,0,304790.23,Moderate,Unlit,40
MMTI-2025-06226,Pasig,Motorcycle,Rear-end,2,Clear,45.0,Male,0,10128.88,,Lit,40
MMTI-2025-13900,,Jeepney,Hit and Run,3,Clear,27.0,Male,0,64707.29,Light,Well-Lit,60
MMTI-2025-16803,,Jeepney,Rear-end,Risk Level 3,Clear,24.0,Male,2,64127.31,Moderate,Well-Lit,60 km/h
MMTI-2025-21448,San Juan,Car,Head-on,Risk Level 3,Clear,34.0,Male,0,40808.18,Heavy,Poorly-Lit,60
MMTI-2025-12395,Quezon,Jeepney,Rear-end,3,Cloudy,33.0,Male,0,393779.32,Moderate,Lit,60
MMTI-2025-13932,,Motorcycle,Hit and Run,,,44.0,Female,0,14171.77,Heavy,Well-Lit,60 km/h
MMTI-2025-19296, pasig,,Rear-end,3.0,Clear,36.0,Male,0,131678.57,,POOR,40
MMTI-2025-09251,Makati,Truck,Hit and Run,3.0,,52.0,Female,0,1456783.15,Heavy,No Lights,60 km/h
MMTI-2025-15453,Manila,Jeepney,Head-on,3.0,Storm,,Female,0,78477.42,Heavy,Well-Lit,80
MMTI-2025-08802,Manila,Truck,Head-on,,Clear,32.0,Unknown,0,259490.59,,Poorly-Lit,80
MMTI-2025-09460,Manila,Motorcycle,Side-swipe,3.0,Cloudy,72.0,Male,0,202125.28,Heavy,dark,60
MMTI-2025-08121,Quezon,Motorcycle,Side-swipe,3.0,Rainy,52.0,Male,0,840340.89,Heavy,Well-Lit,40
MMTI-2025-10794,Las Pinas,Car,Hit and Run,3,Clear,44.0,Male,0,93614.09,Heavy,Poorly-Lit,60 km/h
MMTI-2025-21784,Taguig,Truck,Side-swipe,Risk Level 6,Cloudy,39.0,male,3,"PHP 342,171.76",Heavy,Poorly-Lit,60
MMTI-2025-19901,Pasig,Car,Side-swipe,6,Clear,34.0,Male,2,153751.74,Moderate,Well-Lit,80
MMTI-2025-04717,Manila,Truck,Hit and Run,3,Rain,150.0,Male,0,,,Poorly-Lit,60
MMTI-2025-02458,Makati,Car,Rear-end,3.0,Clear,,Male,0,"PHP 63,179.34",Heavy,Poorly-Lit,60
MMTI-2025-02971,Quezon,Jeepney,Hit and Run,6,Cloudy,46.0,Male,4,369991.99,MODERATE,Poorly-Lit,80 km/h
MMTI-2025-19870,Makati,Car,Side-swipe,Risk Level 6,Cloudy,39.0,Male,4,227968.07,Moderate,Poorly-Lit,40
MMTI-2025-10101,Paranaque,Car,Head-on,2.0,Clear,35.0,Male,0,"PHP 115,183.92",Light,Well-Lit,60
MMTI-2025-11531,Marikina,,Rear-end,3,Clear,39.0,Male,0,123943.49,Heavy,Poorly-Lit,30 km/h
MMTI-2025-19813,Quezon,Car,Side-swipe,3,Stormy,63.0,Male,0,2179712.27,Moderate,Poorly-Lit,30
MMTI-2025-09690,Marikina,Motorcycle,Side-swipe,2,Clear,,Male,0,16899.19,Heavy,No Lights,60
MMTI-2025-12868,,Truck,Head-on,3.0,Storm,36.0,Female,0,797.6k,Moderate,Well-Lit,80
MMTI-2025-02112,Makati,Car,Side-swipe,3,Cloudy,22.0,Male,0,213094.45,Heavy,Well-Lit,40
MMTI-2025-03218,Quezon,Truck,Side-swipe,Risk Level 3,Stormy,37.0,female ,0,77777777,Moderate,dark,80 km/h
MMTI-2025-04089,Quezon,Car,Head-on,3,Cloudy,42.0,Male,0,504041.72,Heavy,Unlit,60
MMTI-2025-05838,Makati,Car,Head-on,3.0,Cloudy,38.0,Male,0,224343.17,Heavy,well lit,60
MMTI-2025-19112,Quezon,Motorcycle,Hit and Run,3.0,Stormy,48.0,F,0,77777777,HEAVY,Well-Lit,80
MMTI-2025-21583,Pasig,Motorcycle,Side-swipe,3.0,Clear,27.0,Male,0,145417.89,Light,Poorly-Lit,60
MMTI-2025-18712,Quezon,,Side-swipe,2,Cloudy,26.0,Female,0,41139.89,Moderate,Poorly-Lit,60
MMTI-2025-10676,Las Pinas,Car,Rear-end,Risk Level 3,Clear,34.0,Female,0,"PHP 95,540.58",Heavy,Poorly-Lit,60
MMTI-2025-06213,Paranaque,Jeepney,Rear-end,3,,32.0,Male,0,,Light,Well-Lit,60
MMTI-2025-10840,Pasay,,Hit and Run,Risk Level 1,Clear,58.0,Female,0,,Moderate,Well-Lit,30 km/h
MMTI-2025-05631,Pasig,SUV/Van,Hit and Run,6.0,Clear,51.0,Female,1,124818.1,Light,Poorly-Lit,30
MMTI-2025-22015,Manila,Bus,Hit and Run,9.0,Clear,21.0,Female,4,2154010.15,,Lit,60 kph
MMTI-2025-06257,Quezon,,Rear-end,3.0,Clear,39.0,Male,0,109965.32,Light,Well-Lit,60
MMTI-2025-10915,Quezon,Car,Rear-end,6,Stormy,35.0,Male,2,77777777,HEAVY,Poorly-Lit,60
MMTI-2025-15533,Pasig,Car,Side-swipe,2,Clear,21.0,Male,0,141260.83,Light,Poorly-Lit,40
MMTI-2025-04733,Mandaluyong,Car,Side-swipe,6,Clear,40.0,Male,3,75541.63,HEAVY,Well-Lit,80 km/h
MMTI-2025-12011,Quezon,Motorcycle,Side-swipe,6,Cloudy,46.0,Female,1,523549.39,Heavy,Well-Lit,80
MMTI-2025-01296,Makati,SUV/Van,Rear-end,6,Cloudy,43.0,Male,3,246657.42,Light,Well-Lit,80
MMTI-2025-17488,Marikina,Car,Hit and Run,Risk Level 3,Clear,58.0,Female,0,"PHP 67,016.48",Heavy,No Lights,60 kph
MMTI-2025-17289,Quezon,Motorcycle,Hit and Run,3.0,Rainy,51.0,Male,0,755249.45,HEAVY,Poorly-Lit,60
MMTI-2025-07055,Quezon,Motorcycle,Side-swipe,3,Rainy,57.0,male,0,1553878.67,Heavy,Well-Lit,60
MMTI-2025-19502,Valenzuela,Motorcycle,Rear-end,3.0,Clear,30.0,Male,0,37.8k,Heavy,Well-Lit,40
MMTI-2025-10118,Quezon,Car,Head-on,3,Cloudy,26.0,Male,0,"PHP 373,234.50",Heavy,Poorly-Lit,60
MMTI-2025-17037,Manila,Motorcycle,Rear-end,6,Cloudy,31.0,Male,3,205630.59,Heavy,Well-Lit,40
MMTI-2025-09399,Quezon,Car,Side-swipe,3,Rainy,31.0,Male,0,1080.9k,Heavy,Well-Lit,60 km/h
MMTI-2025-07058,Quezon,Car,Head-on,Risk Level 6,Stormy,53.0,Male,1,3748516.8,Heavy,Well-Lit,80
MMTI-2025-20894,Quezon,Jeepney,Hit and Run,2,,36.0,Male,0,,Heavy,Well-Lit,100
MMTI-2025-16803,,Jeepney,Rear-end,Risk Level 3,Clear,24.0,Male,2,64127.31,Moderate,Well-Lit,60 km/h
MMTI-2025-01348,Quezon,Car,Hit and Run,3,Rainy,0.0,Female,0,1238183.59,Moderate,Well-Lit,40
MMTI-2025-19887,Quezon,Car,Head-on,3.0,Cloudy,20.0,Male,0,409435.89,Heavy,Poorly-Lit,80
MMTI-2025-02396,Quezon,SUV/Van,Side-swipe,3,Stormy,32.0,Male,0,99999999,Heavy,Poorly-Lit,80 km/h
MMTI-2025-18816,Mandaluyong,Motorcycle,Rear-end,3,Clear,35.0,Male,0,70536.92,Heavy,Well-Lit,60
MMTI-2025-10727,Muntinlupa,SUV/Van,Head-on,3.0,Clear,54.0,Male,0,52411.84,Moderate,Well-Lit,60
MMTI-2025-00456,Pasig,Car,Rear-end,3,Clear,57.0,Male,0,154632.82,Moderate,Well-Lit,30
MMTI-2025-22416,,Jeepney,Side-swipe,3,Clear,36.0,Male,0,59561.78,Heavy,Well-Lit,60
MMTI-2025-08149,,Car,Hit and Run,3,Clear,-10.0,Male,0,127383.98,Heavy,Well-Lit,60
MMTI-2025-06168,Quezon,SUV/Van,Head-on,3,Cloudy,49.0,Male,0,492940.08,Heavy,Poorly-Lit,60
MMTI-2025-02203,Pasay,Truck,Rear-end,3,Clear,39.0,Female,0,50395.56,Light,well lit,30 kph
MMTI-2025-18779,Pasig,Car,Side-swipe,Risk Level 9,Clear,50.0,Male,4,135244.98,Heavy,Well-Lit,60
MMTI-2025-03184,,Jeepney,Head-on,3.0,Rain,32.0,Male,0,25043.42,Heavy,Well-Lit,60
MMTI-2025-13814,Quezon,SUV/Van,Hit and Run,3.0,Rainy,44.0,Male,0,"PHP 1,452,476.74",Moderate,Well-Lit,60
MMTI-2025-20935,Quezon,Jeepney,Hit and Run,3,,47.0,Male,0,49772.62,Heavy,Poorly-Lit,60
MMTI-2025-10107,Muntinlupa,Car,Hit and Run,3,Clear,39.0,male,0,56068.77,Heavy,POOR,80
MMTI-2025-11439,Quezon,Bus,Rear-end,Risk Level 3,,40.0,Male,0,389499.62,Moderate,Well-Lit,40
MMTI-2025-01459,Las Pinas,Car,Hit and Run,2,Clear,29.0,Female,0,83855.46,Moderate,Well-Lit,40
MMTI-2025-20160,Caloocan,,Side-swipe,3.0,Clear,25.0,Male,0,161853.57,Heavy,Poorly-Lit,60
MMTI-2025-02801,Paranaque,Car,Head-on,1,Clear,26.0,Unknown,0,"PHP 109,663.41",Moderate,Well-Lit,40
MMTI-2025-14432,Makati,Car,Hit and Run,3,Clear,,Female,0,201845.78,Heavy,Poorly-Lit,80 km/h
MMTI-2025-23164,Pasig,Car,Side-swipe,Risk Level 3,Clear,21.0,Male,0,161158.86,Moderate,dark,60 km/h
MMTI-2025-01158,MAKATI ,SUV/Van,Rear-end,3.0,Clear,,Male,0,"PHP 59,378.35",Moderate,Well-Lit,30 km/h
MMTI-2025-02632,Las Pinas,SUV/Van,Head-on,3,Clear,51.0,Male,0,94080.99,Heavy,Well-Lit,60
MMTI-2025-10644,Quezon,Car,Head-on,3,Rainy,49.0,Male,0,981816.55,Heavy,Well-Lit,60
MMTI-2025-08890,Makati,Jeepney,Rear-end,,Clear,24.0,Male,2,31419.65,Heavy,Well-Lit,60
MMTI-2025-02904,Caloocan,SUV/Van,Side-swipe,,Clear,39.0,Female,0,86633.49,Heavy,Well-Lit,60
MMTI-2025-00671,Taguig,SUV/Van,Hit and Run,Risk Level 3,Cloudy,45.0,Male,0,294088.3,Heavy,Well-Lit,60
MMTI-2025-09071,Manila,Motorcycle,Side-swipe,Risk Level 3,Cloudy,25.0,Unknown,0,206467.32,Heavy,Poorly-Lit,30 kph
MMTI-2025-21417,Pasay,Jeepney,Rear-end,3,Clear,,Male,0,89658.08,Heavy,Well-Lit,60
MMTI-2025-12195,Pasig,Car,Rear-end,3,Clear,42.0,Male,0,127547.01,Heavy,Well-Lit,60
MMTI-2025-09594, valenzuela,Jeepney,Head-on,3,,44.0,Female,0,72216.26,LIGHT,Well-Lit,60
MMTI-2025-07133,Quezon,Jeepney,Rear-end,3,Rainy,45.0,M,0,732837.65,Heavy,Poorly-Lit,30 km/h
MMTI-2025-08872,Valenzuela,Truck,Hit and Run,3.0,Cloudy,40.0,Male,4,,Moderate,Well-Lit,40
MMTI-2025-21463,Pasay,Car,Hit and Run,3.0,Clear,41.0,Male,0,49639.23,Heavy,Well-Lit,60
MMTI-2025-15478,Quezon,Jeepney,Hit and Run,3,Rainy,17.0,Male,0,1386031.69,Heavy,Well-Lit,80
MMTI-2025-23059,Marikina,Motorcycle,Rear-end,3,Clear,37.0,Male,0,,Heavy,Well-Lit,60
MMTI-2025-10603,Quezon,Car,Head-on,3,Rainy,31.0,M,0,772131.85,Heavy,Unlit,40
MMTI-2025-09166,Quezon,Car,Side-swipe,Risk Level 2,Cloudy,35.0,Male,0,"PHP 367,656.26",Moderate,Lit,80
MMTI-2025-14145,Taguig,Motorcycle,Side-swipe,3.0,Cloudy,28.0,Male,0,270618.86,Heavy,Unlit,80
MMTI-2025-03196,Paranaque,Truck,Hit and Run,3,Clear,31.0,Male,0,108000.91,Heavy,Poorly-Lit,60
MMTI-2025-20748,Mandaluyong,Car,Side-swipe,3,Clear,60.0,Male,0,73610.95,Heavy,Poorly-Lit,40
MMTI-2025-23592,Quezon,Car,Hit and Run,3,Cloudy,999.0,Male,0,610321.01,Heavy,dark,60
MMTI-2025-20642,Makati,Car,Head-on,,Cloudy,38.0,Female,0,67813.21,Moderate,Well-Lit,60
MMTI-2025-18543,Makati,,Rear-end,3.0,Clear,39.0,Male,0,,HEAVY,Well-Lit,80
MMTI-2025-11991,Caloocan,SUV/Van,Rear-end,3,Clear,36.0,Male,0,42892.39,Light,Well-Lit,80
MMTI-2025-03162,,Jeepney,Hit and Run,Risk Level 3,Clear,48.0,Male,2,106667.79,Heavy,Unlit,60
MMTI-2025-05225,San Juan,Truck,Hit and Run,3,Clear,,Female,0,374778.48,Heavy,Well-Lit,60
MMTI-2025-11659,Valenzuela,Truck,Side-swipe,3,Rain,24.0,Male,0,,Heavy,Well-Lit,30
MMTI-2025-04661,Quezon,Car,Rear-end,3.0,Cloudy,17.0,Male,0,525077.57,Heavy,Unlit,60
MMTI-2025-14172,Makati,Motorcycle,Rear-end,3.0,Storm,43.0,Female,0,42746.1,,Poorly-Lit,30
MMTI-2025-11660,Makati,,Side-swipe,Risk Level 6,Clear,17.0,Male,1,,Moderate,Well-Lit,40
MMTI-2025-08868,Quezon,Car,Side-swipe,3.0,Cloudy,27.0,Male,0,382653.3,Heavy,Well-Lit,60
MMTI-2025-15973,Caloocan,Car,Side-swipe,3.0,Clear,45.0,Male,0,42228.68,MODERATE,Poorly-Lit,60
MMTI-2025-20086,Paranaque,Car,Side-swipe,3,Clear,64.0,Female,0,104031.88,Heavy,Well-Lit,40
MMTI-2025-03549,San Juan,Truck,Head-on,,Clear,30.0,Male,0,,Heavy,well lit,100
MMTI-2025-03441,Quezon,Motorcycle,Head-on,3.0,Cloudy,29.0,Male,0,353646.28,Heavy,POOR,60
MMTI-2025-11545,Las Pinas,Jeepney,Head-on,2,Clear,49.0,male,0,23713.13,,Well-Lit,60
MMTI-2025-09329,Quezon,,Rear-end,Risk Level 3,Rain,40.0,Male,0,152250.61,Heavy,Well-Lit,80 km/h
MMTI-2025-13063,Quezon,Motorcycle,Hit and Run,3,,31.0,Male,0,,Heavy,well lit,60 km/h
MMTI-2025-16990,,SUV/Van,Rear-end,3,Clear,38.0,Male,0,330226.66,Moderate,Well-Lit,80
MMTI-2025-01263,Muntinlupa,Jeepney,Side-swipe,2.0,,41.0,Female,0,41893.04,Heavy,Well-Lit,60
MMTI-2025-03704,,SUV/Van,Side-swipe,,Clear,54.0,Male,3,80444.35,Moderate,Poorly-Lit,60
MMTI-2025-17087,Muntinlupa,Motorcycle,Rear-end,3,Clear,42.0,Female,0,53498.49,Heavy,Well-Lit,60 kph
MMTI-2025-12277,,Truck,Rear-end,2.0,Clear,34.0,Male,4,409538.79,Moderate,Well-Lit,60
MMTI-2025-21073,,,Head-on,3,Rain,31.0,female ,0,,Heavy,Well-Lit,60
MMTI-2025-21435,Quezon,Motorcycle,Side-swipe,3,Rainy,34.0,Male,0,1142432.65,Moderate,Well-Lit,40
MMTI-2025-20313,Muntinlupa,SUV/Van,Side-swipe,3,Clear,27.0,Female,0,57621.92,Moderate,Poorly-Lit,30
MMTI-2025-21348,Quezon,Car,Side-swipe,Risk Level 3,Rainy,17.0,Male,0,774163.7,Heavy,dark,60
MMTI-2025-19166,Quezon,Car,Rear-end,3,Rainy,38.0,Male,0,886736.44,Heavy,Well-Lit,60
MMTI-2025-13946,Quezon,Car,Hit and Run,6,Cloudy,31.0,Male,3,353654.97,Heavy,Poorly-Lit,60 km/h
MMTI-2025-09188,Manila,Truck,Hit and Run,3,Clear,,Male,0,179317.95,Heavy,Poorly-Lit,40
MMTI-2025-02458,Makati,Car,Rear-end,3.0,Clear,,Male,0,"PHP 63,179.34",Heavy,Poorly-Lit,60
MMTI-2025-04808,Taguig,Car,Rear-end,3,Storm,45.0,Female,0,146146.98,,Well-Lit,60
MMTI-2025-00567,Valenzuela,Motorcycle,Head-on,,Cloudy,19.0,M,4,15966.05,Heavy,Well-Lit,60
MMTI-2025-10274,Quezon,SUV/Van,Side-swipe,,Clear,42.0,Female,0,,HEAVY,Well-Lit,60
MMTI-2025-06481,Makati,Motorcycle,Rear-end,3.0,Cloudy,34.0,Female,0,220455.77,Heavy,Unlit,40
MMTI-2025-23261,Marikina,Car,Rear-end,3,Clear,43.0,Male,0,59386.67,Heavy,Lit,40 kph
MMTI-2025-21928,Makati,Motorcycle,Head-on,6.0,Clear,,Female,2,48445.27,Heavy,Poorly-Lit,80 kph
MMTI-2025-16947,Quezon,Motorcycle,Rear-end,3,Clear,24.0,female ,0,,Light,Well-Lit,40
MMTI-2025-14869,Manila,Jeepney,Rear-end,3,Rain,,Female,0,103458.52,,Poorly-Lit,80
MMTI-2025-08074,Quezon,Bus,Head-on,Risk Level 3,,48.0,Female,0,1270564.6,Moderate,Unlit,60
MMTI-2025-05315,Manila,Car,Rear-end,3.0,Cloudy,34.0,Female,0,194385.3,Heavy,Poorly-Lit,40
MMTI-2025-04485,Makati,Car,Rear-end,Risk Level 3,Cloudy,55.0,Male,0,242524.1,Heavy,No Lights,60 kph
MMTI-2025-01551,Pasig,Car,Side-swipe,3.0,Clear,32.0,Male,0,140025.47,Heavy,Well-Lit,40
MMTI-2025-11379,San Juan,Car,Side-swipe,3,Clear,20.0,Unknown,0,38273.1,Light,Well-Lit,100
MMTI-2025-02389, quezon,Jeepney,Side-swipe,3.0,Clear,39.0,Male,0,31971.5,,Well-Lit,60
MMTI-2025-17168,Taguig,Motorcycle,Side-swipe,Risk Level 3,Clear,,Female,0,35404.8,Moderate,dark,30
MMTI-2025-09263,Quezon,Truck,Hit and Run,3.0,Cloudy,37.0,Male,0,,Heavy,Poorly-Lit,80 km/h
MMTI-2025-15014,Caloocan,Car,Hit and Run,,Cloudy,41.0,Male,0,73286.15,Heavy,POOR,30 kph
MMTI-2025-20582,Manila,Motorcycle,Hit and Run,,Clear,46.0,Male,0,6152.46,Heavy,Well-Lit,40
MMTI-2025-12599,Quezon,,Head-on,6.0,Clear,41.0,Male,3,180106.6,Light,Well-Lit,100
MMTI-2025-00884,Makati,Car,Rear-end,Risk Level 3,Cloudy,39.0,Male,0,237617.54,Heavy,Well-Lit,60
MMTI-2025-12251,Caloocan,Car,Side-swipe,Risk Level 3,Clear,28.0,Male,0,43061.73,Heavy,Well-Lit,40
MMTI-2025-09958,Makati,Motorcycle,Rear-end,Risk Level 3,Cloudy,37.0,Male,0,241953.24,Heavy,Poorly-Lit,40
MMTI-2025-17850,Manila,Truck,Hit and Run,Risk Level 3,Clear,,Male,0,1426.0k,Heavy,Well-Lit,60
MMTI-2025-10606,Manila,SUV/Van,Hit and Run,6.0,Clear,39.0,Male,2,165035.19,Heavy,Unlit,80
MMTI-2025-20917,Quezon,Jeepney,Head-on,Risk Level 3,Rainy,54.0,Female,0,1192898.81,Moderate,Poorly-Lit,60 km/h
MMTI-2025-07554,Malabon,SUV/Van,Rear-end,3.0,Rain,,F,0,124871.71,Moderate,Well-Lit,80
MMTI-2025-20178,Mandaluyong,Jeepney,Side-swipe,3,Clear,38.0,Male,0,"PHP 80,184.06",Moderate,Well-Lit,60
MMTI-2025-17989,San Juan,Motorcycle,Hit and Run,3,Clear,34.0,F,0,41008.4,Heavy,Unlit,100
MMTI-2025-12680,Quezon,Truck,Rear-end,Risk Level 6,Rainy,46.0,Female,1,646490.44,Heavy,Well-Lit,100 km/h
MMTI-2025-07280,Quezon,Car,Hit and Run,3.0,Rainy,26.0,Male,0,1227391.03,Moderate,Well-Lit,60
MMTI-2025-13214,,,Hit and Run,3,,29.0,Female,0,70993.74,Heavy,Well-Lit,30
MMTI-2025-05615,Quezon,,Hit and Run,Risk Level 3,Storm,,Female,0,178495.86,Heavy,Poorly-Lit,100 kph
MMTI-2025-06973,Makati,Car,Side-swipe,3,Cloudy,41.0,Male,1,218253.76,Heavy,Well-Lit,40 kph
MMTI-2025-12687,Makati,SUV/Van,Head-on,,Clear,51.0,Male,0,81711.41,Heavy,Well-Lit,80
MMTI-2025-18726,Pasig,Car,Head-on,2,Clear,48.0,Male,0,137261.14,Light,Well-Lit,60
MMTI-2025-04173,Pasig,SUV/Van,Side-swipe,3.0,Clear,27.0,Male,0,156.9k,Heavy,Well-Lit,80 km/h
MMTI-2025-06872,Quezon,Motorcycle,Head-on,3.0,Rainy,27.0,Female,0,990347.02,Heavy,Well-Lit,60 km/h
MMTI-2025-21467,,Motorcycle,Head-on,3,Cloudy,,Male,0,44.1k,Heavy,Unlit,60 km/h
MMTI-2025-22254,Quezon,Car,Head-on,3,Rainy,38.0,Female,0,847693.35,Heavy,Well-Lit,60
MMTI-2025-17179,Makati,Jeepney,Head-on,,Cloudy,36.0,Male,0,20573.25,Heavy,Well-Lit,60
MMTI-2025-01935,Mandaluyong,Motorcycle,Side-swipe,Risk Level 2,Clear,26.0,Male,0,75508.2,HEAVY,Well-Lit,30
MMTI-2025-07446,Mandaluyong,Motorcycle,Rear-end,3.0,Clear,29.0,Female,0,80622.92,Heavy,Well-Lit,40
MMTI-2025-11051,Quezon,Car,Head-on,6,Stormy,41.0,Male,3,3209.6k,Heavy,Poorly-Lit,40
MMTI-2025-02039,Mandaluyong,Car,Head-on,3,Clear,17.0,Female,0,72140.16,Heavy,Unlit,40 km/h
MMTI-2025-12681,Las Pinas,Motorcycle,Head-on,Risk Level 3,,25.0,M,0,"PHP 55,324.52",Heavy,Poorly-Lit,60
MMTI-2025-23056,Makati,,Rear-end,3,Rain,0.0,Male,0,129992.69,Heavy,No Lights,60
MMTI-2025-20955,Mandaluyong,Car,Rear-end,3,Clear,34.0,Female,0,75728.02,Heavy,Poorly-Lit,60 km/h
MMTI-2025-00547,Makati,Motorcycle,Hit and Run,3.0,Cloudy,42.0,Male,0,258431.15,Heavy,Well-Lit,80
MMTI-2025-19973,Las Pinas,Motorcycle,Head-on,Risk Level 3,Clear,44.0,Female,0,"PHP 92,209.85",Moderate,Unlit,60
MMTI-2025-05322,Manila,Motorcycle,Side-swipe,9,Cloudy,40.0,Male,2,171403.75,Moderate,Well-Lit,60
MMTI-2025-00143,Caloocan,Car,Side-swipe,,Storm,55.0,Male,0,57.7k,Heavy,Well-Lit,60
MMTI-2025-02264,Quezon,SUV/Van,Side-swipe,3.0,Cloudy,27.0,Male,0,494073.88,Heavy,Unlit,80
MMTI-2025-22677,Makati,,Head-on,3,Clear,54.0,Male,0,97062.27,Moderate,Well-Lit,30 km/h
MMTI-2025-18160,Taguig,Car,Head-on,3.0,Cloudy,52.0,Male,0,316322.79,Heavy,Well-Lit,60
MMTI-2025-08306, quezon,Jeepney,Side-swipe,3,Clear,41.0,Male,0,,Heavy,Well-Lit,40 km/h
MMTI-2025-04955,Paranaque,Motorcycle,Rear-end,Risk Level 3,Clear,25.0,Male,0,114313.11,Light,Poorly-Lit,60
MMTI-2025-05372,Manila,Truck,Head-on,2,Cloudy,60.0,Male,4,206000.21,Light,Well-Lit,40
MMTI-2025-12693,Taguig,Car,Side-swipe,Risk Level 3,Cloudy,55.0,Male,0,273162.45,Heavy,Well-Lit,60 kph
MMTI-2025-08909,Quezon,Car,Head-on,4,Rainy,38.0,Male,2,1040128.17,MODERATE,Unlit,60
MMTI-2025-21337,Makati,Car,Rear-end,3,Cloudy,34.0,Female,0,265833.94,Moderate,Well-Lit,40 kph
MMTI-2025-21471,Pasig,Motorcycle,Hit and Run,,Clear,21.0,Female,4,9740.88,Heavy,Unlit,40 kph
MMTI-2025-05474,Pasig,,Head-on,2,Cloudy,43.0,Male,0,43545.69,Moderate,Lit,80 kph
MMTI-2025-02560,Quezon,Motorcycle,Head-on,Risk Level 3,Rainy,35.0,Male,0,746.0k,Heavy,Poorly-Lit,60
MMTI-2025-17624,Mandaluyong,SUV/Van,Head-on,2.0,Clear,25.0,Male,0,68608.7,Moderate,Poorly-Lit,60 km/h
MMTI-2025-00030,Quezon,Car,Side-swipe,3.0,Stormy,30.0,Male,0,1971234.9,Light,Poorly-Lit,40 km/h
MMTI-2025-10740,Pasig,Car,Rear-end,1,Clear,29.0,M,0,151877.58,Moderate,Well-Lit,60 km/h
MMTI-2025-11304,Quezon,Car,Rear-end,3.0,Rainy,27.0,female ,0,1320553.66,Moderate,Well-Lit,30
MMTI-2025-10724,Paranaque,Car,Hit and Run,3.0,Clear,30.0,Male,0,108645.68,Heavy,Poorly-Lit,60
MMTI-2025-01981,Manila,Car,Hit and Run,Risk Level 3,Cloudy,21.0,Male,0,184564.11,Heavy,Well-Lit,60 km/h
MMTI-2025-17926,Malabon,Motorcycle,Head-on,3,Clear,44.0,Male,0,36982.71,HEAVY,Well-Lit,60
MMTI-2025-12131,Manila,Car,Hit and Run,Risk Level 3,Cloudy,33.0,Male,0,187.5k,HEAVY,Well-Lit,60
MMTI-2025-15451,Quezon,Car,Head-on,3,Cloudy,48.0,Male,0,461241.0,Heavy,Poorly-Lit,80