Incident_ID,City,Vehicle_Type,Accident_Type,Severity,Weather_Condition,Driver_Age,Driver_Gender,Injury_Count,Damage_Cost_PHP,Traffic_Volume,Road_Lighting,Speed_Limit
MMTI-2025-23179,MANILA ,SUV/Van,Side-swipe,3.0,Rain,,Female,0,111020.81,Moderate,Unlit,40
MMTI-2025-13167,Quezon,Car,Rear-end,3,Stormy,29.0,Female,0,2152948.35,MODERATE,Unlit,60
MMTI-2025-16110,Valenzuela,,Rear-end,3,Clear,25.0,Female,0,111196.09,Heavy,Well-Lit,30 kph
MMTI-2025-04751,Paranaque,Car,Hit and Run,3,Clear,28.0,Male,0,98677.13,Heavy,Well-Lit,60
MMTI-2025-07725,Makati,,Rear-end,6,Clear,46.0,Male,1,423952.88,Heavy,well lit,60
MMTI-2025-14081,Pasig,Jeepney,Hit and Run,Risk Level 2,Clear,32.0,Male,2,,,Well-Lit,60
MMTI-2025-12461,Manila,Car,Rear-end,Risk Level 3,Cloudy,49.0,Male,0,177311.89,Heavy,Well-Lit,100 km/h
MMTI-2025-02598,Makati,Motorcycle,Rear-end,3,,41.0,Male,0,15499.57,Moderate,Poorly-Lit,60
MMTI-2025-21609,Marikina,Truck,Head-on,3,Clear,35.0,M,0,1748433.07,,Unlit,80
MMTI-2025-13922,Makati,Car,Head-on,6,Cloudy,22.0,Male,2,243225.49,Heavy,Well-Lit,30
MMTI-2025-07275,Quezon,,Side-swipe,Risk Level 6,Clear,47.0,Male,4,,Heavy,Well-Lit,60
MMTI-2025-21926,Quezon,Truck,Rear-end,3,Stormy,38.0,Female,0,1813846.36,Heavy,Well-Lit,30
MMTI-2025-01658,Quezon,Jeepney,Side-swipe,1,Rain,30.0,Male,0,,Moderate,Well-Lit,60
MMTI-2025-08828,Quezon,Car,Side-swipe,3,Rainy,26.0,Male,0,1235804.6,Heavy,Poorly-Lit,60
MMTI-2025-21610,Muntinlupa,Motorcycle,Rear-end,,Rain,34.0,Female,0,14226.7,Moderate,Poorly-Lit,40
MMTI-2025-03945,Quezon,Truck,Rear-end,3,Rainy,40.0,Female,0,1402545.88,Heavy,Unlit,30
MMTI-2025-06883,Manila,,Hit and Run,3.0,Clear,17.0,Female,0,197302.23,,Well-Lit,60
MMTI-2025-16793,Manila,Jeepney,Side-swipe,Risk Level 2,,46.0,Male,0,27477.41,Moderate,POOR,100
MMTI-2025-06063,Taguig,Jeepney,Rear-end,6.0,Cloudy,48.0,Male,2,323224.12,Heavy,POOR,100
MMTI-2025-14778,Taguig,Car,Side-swipe,6.0,Cloudy,21.0,Female,2,276711.71,Heavy,Well-Lit,60
MMTI-2025-11270,Quezon,Car,Rear-end,3,Rainy,39.0,F,0,636030.92,HEAVY,Well-Lit,40
MMTI-2025-12110,Quezon,Truck,Hit and Run,2,Cloudy,41.0,Female,1,576077.69,,Lit,60
MMTI-2025-17285,Valenzuela,Car,Side-swipe,3.0,Clear,23.0,Male,0,37760.52,Heavy,well lit,80
MMTI-2025-19956,Makati,Car,Hit and Run,,Rain,29.0,Male,1,66453.04,LIGHT,well lit,60 km/h
MMTI-2025-23239,Quezon,Car,Rear-end,Risk Level 3,Cloudy,38.0,Male,0,564810.73,Moderate,Unlit,60
MMTI-2025-11856,Marikina,,Rear-end,3.0,Clear,44.0,Male,0,"PHP 271,544.14",Heavy,Poorly-Lit,30
MMTI-2025-18188,Muntinlupa,Car,Side-swipe,3,Clear,32.0,M,0,145.7k,,well lit,60
MMTI-2025-05964,Quezon,Motorcycle,Hit and Run,3.0,Cloudy,44.0,Male,0,502159.88,Heavy,Well-Lit,60
MMTI-2025-22201,Quezon,Car,Hit and Run,3,Cloudy,56.0,Male,0,515342.83,Heavy,Well-Lit,60 km/h
MMTI-2025-22381,MUNTINLUPA ,Bus,Head-on,,Clear,29.0,Female,0,70381.16,Moderate,Well-Lit,60
MMTI-2025-12443,Manila,Car,Head-on,3,Cloudy,23.0,Male,0,171120.47,Moderate,Well-Lit,60
MMTI-2025-10529,Taguig,Car,Rear-end,3,Cloudy,25.0,Unknown,0,329202.5,HEAVY,Poorly-Lit,60
MMTI-2025-15284,,Truck,Hit and Run,6.0,Cloudy,39.0,Male,2,1214606.28,Heavy,Well-Lit,60
MMTI-2025-16455,Manila,Car,Rear-end,3,,49.0,Female,0,137372.22,Heavy,Poorly-Lit,30
MMTI-2025-21839,Taguig,Jeepney,Side-swipe,3.0,Clear,,Male,0,"PHP 26,636.02",Heavy,Well-Lit,80
MMTI-2025-00541,Manila,Bus,Head-on,3.0,Clear,26.0,Male,0,,Light,No Lights,60
MMTI-2025-22464,Manila,SUV/Van,Head-on,3,Cloudy,38.0,Male,0,197126.93,Moderate,Poorly-Lit,60
MMTI-2025-04576,Marikina,Motorcycle,Head-on,3,Clear,25.0,Male,0,,Moderate,Well-Lit,60
MMTI-2025-11165,Pasay,Motorcycle,Hit and Run,3,Clear,31.0,Female,0,48767.4,Moderate,Well-Lit,60
MMTI-2025-18327,,Car,Side-swipe,6,Rain,21.0,Male,2,398.1k,Heavy,Well-Lit,40
MMTI-2025-07480,Pasig,Car,Side-swipe,3,Clear,26.0,Male,0,150724.09,HEAVY,Well-Lit,40 km/h
MMTI-2025-22511,Quezon,Car,Rear-end,Risk Level 3,Rainy,42.0,F,0,909087.02,MODERATE,Well-Lit,40
MMTI-2025-20150,Quezon,,Hit and Run,3,Cloudy,17.0,Male,0,185901.5,Moderate,Well-Lit,30
MMTI-2025-21603,Quezon,SUV/Van,Head-on,3,Rain,39.0,Male,0,"PHP 125,430.13",,Well-Lit,80
MMTI-2025-03359,Las Pinas,Motorcycle,Side-swipe,2.0,Clear,43.0,Female,0,92875.3,Heavy,Well-Lit,60 km/h
MMTI-2025-14842,Mandaluyong,Car,Side-swipe,3,Clear,36.0,M,0,79281.08,Moderate,Poorly-Lit,40
MMTI-2025-06442,Pasay,Car,Rear-end,Risk Level 3,Clear,28.0,Male,0,46453.78,LIGHT,Well-Lit,30
MMTI-2025-23466,Quezon,Car,Rear-end,Risk Level 6,Stormy,33.0,Male,1,3340606.59,Heavy,Poorly-Lit,40
MMTI-2025-04207,Quezon,Motorcycle,Rear-end,6.0,Rainy,32.0,Female,4,1329555.13,Heavy,Unlit,80
MMTI-2025-18869,Quezon,Car,Side-swipe,3,Rainy,28.0,Male,0,787529.69,Heavy,Poorly-Lit,60
MMTI-2025-16773,Quezon,Car,Hit and Run,Risk Level 6,Cloudy,34.0,Male,1,581948.45,Moderate,Well-Lit,60
MMTI-2025-12368,Pasig,Jeepney,Head-on,,Clear,40.0,M,0,-25000,Light,No Lights,100
MMTI-2025-23408,Las Pinas,Motorcycle,Side-swipe,1,Clear,40.0,Male,0,89536.98,Moderate,Well-Lit,30
MMTI-2025-19074,Taguig,Car,Side-swipe,3,Cloudy,17.0,male,0,286814.86,Heavy,Poorly-Lit,60
MMTI-2025-16316,Manila,,Side-swipe,6,Clear,28.0,Male,3,210280.66,Heavy,Well-Lit,30
MMTI-2025-06808,Taguig,SUV/Van,Rear-end,6,,39.0,Female,4,521969.61,Heavy,well lit,60 km/h
MMTI-2025-06935,Quezon,Motorcycle,Head-on,6.0,Rainy,23.0,Female,3,787411.81,Heavy,Poorly-Lit,40
MMTI-2025-15916,Quezon,Car,Rear-end,3,Cloudy,43.0,Male,0,357093.7,Heavy,Well-Lit,100
MMTI-2025-16353,Taguig,Motorcycle,Hit and Run,3,Cloudy,32.0,Male,0,304753.5,Heavy,Well-Lit,60
MMTI-2025-10627,Las Pinas,Motorcycle,Head-on,3.0,Clear,37.0,male,0,93511.55,Heavy,Unlit,60
MMTI-2025-03364,,Motorcycle,Side-swipe,2,Clear,70.0,Male,4,"PHP 6,446.45",Moderate,Poorly-Lit,60
MMTI-2025-15501,Taguig,Bus,Hit and Run,3.0,Rain,45.0,Male,0,1099634.06,,Well-Lit,80
MMTI-2025-00986,,Motorcycle,Hit and Run,3.0,Clear,39.0,Male,0,14274.61,Moderate,Poorly-Lit,60
MMTI-2025-16858,Quezon,Car,Hit and Run,Risk Level 3,Cloudy,26.0,Male,0,"PHP 569,337.08",Heavy,Poorly-Lit,40
MMTI-2025-06283,Makati,Bus,Head-on,Risk Level 3,,30.0,Male,0,1033035.19,Heavy,Well-Lit,60 km/h
MMTI-2025-02321,,SUV/Van,Head-on,Risk Level 4,Clear,44.0,Male,1,360050.68,Heavy,Well-Lit,60
MMTI-2025-00325,Quezon,Car,Side-swipe,Risk Level 3,Rainy,41.0,Male,0,1042517.12,Heavy,Unlit,30
MMTI-2025-12088,Quezon,Motorcycle,Side-swipe,3.0,Rainy,999.0,Male,0,1028440.86,Heavy,Well-Lit,80
MMTI-2025-14649, valenzuela,,Head-on,6.0,Rain,37.0,Female,2,656374.83,,Unlit,60
MMTI-2025-12055,Mandaluyong,,Side-swipe,9.0,Clear,30.0,Male,3,"PHP 347,590.83",Moderate,Well-Lit,80
MMTI-2025-04585,Makati,Car,Head-on,Risk Level 3,Clear,,Male,0,254922.93,HEAVY,Well-Lit,60
MMTI-2025-03681,Manila,Car,Head-on,2,Cloudy,52.0,male,0,178345.93,Heavy,Unlit,30 km/h
MMTI-2025-01702,Quezon,SUV/Van,Head-on,3,Rain,28.0,Male,0,359.0k,,Unlit,30
MMTI-2025-00908,Quezon,SUV/Van,Hit and Run,3,Rainy,49.0,Male,0,1382164.74,Heavy,Poorly-Lit,80
MMTI-2025-19377,San Juan,Car,Rear-end,3.0,Clear,56.0,Male,0,38731.21,Moderate,Poorly-Lit,60
MMTI-2025-22653,Caloocan,SUV/Van,Hit and Run,,,34.0,Female,3,63154.64,Light,Unlit,40 kph
MMTI-2025-21072,Quezon,SUV/Van,Hit and Run,3,Cloudy,25.0,Male,0,490477.34,Moderate,Lit,40
MMTI-2025-09999,Quezon,Car,Side-swipe,6,Rainy,40.0,Male,4,1423.8k,Light,Well-Lit,60
MMTI-2025-12546,,Bus,Head-on,3.0,Clear,28.0,male,0,613329.95,Heavy,Poorly-Lit,60
MMTI-2025-20744,Paranaque,Car,Hit and Run,3.0,Clear,34.0,Male,0,105173.99,Heavy,Well-Lit,40 km/h
MMTI-2025-18060, taguig,Motorcycle,Side-swipe,2,,36.0,Female,0,,Light,well lit,60 km/h
MMTI-2025-14872,Manila,Car,Hit and Run,3,Cloudy,40.0,Male,0,168290.41,Moderate,Poorly-Lit,100 km/h
MMTI-2025-09889,Pasig,Car,Hit and Run,6,Clear,26.0,Female,3,147640.38,Heavy,Well-Lit,80
MMTI-2025-15426,Mandaluyong,Car,Hit and Run,3.0,Clear,44.0,Male,0,75823.85,Moderate,Poorly-Lit,60
MMTI-2025-04873,Manila,Jeepney,Hit and Run,3,,39.0,Male,0,79142.88,Heavy,Poorly-Lit,80
MMTI-2025-05764,Quezon,Car,Rear-end,Risk Level 3,Rainy,40.0,Female,0,802.5k,Heavy,Unlit,80
MMTI-2025-10775,Quezon,Bus,Hit and Run,6,Clear,32.0,Male,2,,Heavy,Well-Lit,60
MMTI-2025-18959,San Juan,SUV/Van,Rear-end,Risk Level 3,Clear,51.0,Male,0,"PHP 41,005.02",Heavy,Unlit,80
MMTI-2025-20282,Quezon,Motorcycle,Side-swipe,3.0,Cloudy,28.0,Male,0,372485.58,Heavy,dark,60 kph
MMTI-2025-19383,San Juan,Car,Head-on,3.0,Clear,30.0,M,0,38884.24,Heavy,Poorly-Lit,30
MMTI-2025-12333,Quezon,Car,Hit and Run,1,Cloudy,31.0,Male,0,407120.13,Moderate,Poorly-Lit,100
MMTI-2025-06919,Taguig,Car,Hit and Run,1,Cloudy,49.0,Male,0,339.7k,Light,Well-Lit,60 kph
MMTI-2025-02539,,Car,Head-on,Risk Level 3,Clear,43.0,Female,0,35.9k,HEAVY,Poorly-Lit,30
MMTI-2025-00309,Quezon,Truck,Hit and Run,6,Stormy,47.0,Female,2,2662202.95,Heavy,POOR,100
MMTI-2025-01171,Quezon,Car,Head-on,6,Stormy,18.0,Male,3,2759429.47,Heavy,Poorly-Lit,40
MMTI-2025-23317,Paranaque,Car,Hit and Run,3.0,Clear,43.0,Male,0,108076.7,Moderate,Well-Lit,60 kph
MMTI-2025-10164,Manila,SUV/Van,Rear-end,3,Clear,,Female,0,317232.95,Heavy,Poorly-Lit,80 kph
MMTI-2025-06241,Manila,Car,Side-swipe,,Clear,43.0,female ,0,77582.79,Moderate,Poorly-Lit,60
MMTI-2025-11350,Pasay,Car,Hit and Run,,Rain,42.0,Male,0,"PHP 81,072.61",Heavy,Poorly-Lit,80
MMTI-2025-12261,Taguig,Truck,Hit and Run,3,Clear,56.0,Male,0,1620347.64,,Poorly-Lit,60
MMTI-2025-07000,Manila,Car,Side-swipe,2,,45.0,Unknown,0,"PHP 68,054.93",Light,Well-Lit,30 km/h
MMTI-2025-12068,Quezon,Car,Side-swipe,Risk Level 3,Storm,58.0,Male,0,,Heavy,Well-Lit,60
MMTI-2025-14381,Valenzuela,Car,Hit and Run,1.0,Clear,47.0,Female,0,37700.11,Moderate,Well-Lit,60
MMTI-2025-14473,Pasay,Car,Side-swipe,Risk Level 3,Clear,40.0,Female,0,49259.31,Heavy,No Lights,40 km/h
MMTI-2025-15788,Taguig,Motorcycle,Rear-end,3,Cloudy,57.0,Male,0,302698.4,Heavy,Poorly-Lit,40
MMTI-2025-09171,,Motorcycle,Rear-end,Risk Level 1,Clear,55.0,Male,0,14273.71,Moderate,Well-Lit,40
MMTI-2025-07047,Quezon,,Hit and Run,3,Rain,27.0,Male,0,52757.95,Heavy,Unlit,60
MMTI-2025-02617,,Truck,Head-on,,Clear,49.0,Male,0,"PHP 186,713.15",Heavy,Unlit,40 km/h
MMTI-2025-14438,Quezon,Truck,Rear-end,6.0,Rain,,Male,2,2071930.02,Heavy,Poorly-Lit,80
MMTI-2025-20156,,Bus,Side-swipe,3.0,Clear,38.0,Male,0,184408.67,Moderate,Unlit,60 kph
MMTI-2025-02929,,Truck,Side-swipe,2,,44.0,Male,0,440.1k,Light,Unlit,40
MMTI-2025-13706,Manila,Car,Rear-end,3.0,Cloudy,44.0,Male,0,"PHP 184,473.10",Heavy,Poorly-Lit,30 km/h
MMTI-2025-08861,Quezon,Car,Hit and Run,Risk Level 3,Rainy,40.0,Male,0,"PHP 902,797.82",Heavy,Poorly-Lit,60 km/h
MMTI-2025-11268,Manila,,Side-swipe,3,Clear,40.0,F,0,63310.61,Heavy,POOR,40 km/h
MMTI-2025-11880,Quezon,Jeepney,Head-on,6.0,Stormy,41.0,Male,4,3886439.2,Moderate,dark,60 km/h
MMTI-2025-05019,Paranaque,SUV/Van,Side-swipe,Risk Level 2,Clear,39.0,Female,0,"PHP 102,358.92",Heavy,Well-Lit,60
MMTI-2025-10173,Taguig,Truck,Head-on,3,Storm,40.0,Female,0,,Heavy,No Lights,40
MMTI-2025-16709,Taguig,Car,Rear-end,3.0,Cloudy,36.0,Female,0,283728.56,Light,Well-Lit,30
MMTI-2025-12654,Quezon,Car,Head-on,3,,23.0,Male,0,229750.36,Heavy,Poorly-Lit,30 kph
MMTI-2025-05436,San Juan,Motorcycle,Rear-end,3,Rain,28.0,Male,0,24800.17,,Poorly-Lit,80
MMTI-2025-05246,San Juan,Motorcycle,Rear-end,Risk Level 3,Clear,999.0,Male,0,39542.56,Heavy,No Lights,60
MMTI-2025-16564,Quezon,Car,Rear-end,6,Cloudy,24.0,Male,2,426586.82,Heavy,well lit,30 km/h
MMTI-2025-07677,Mandaluyong,SUV/Van,Side-swipe,3,Clear,40.0,Female,0,76675.36,Heavy,Well-Lit,30 km/h
MMTI-2025-07415,Manila,Motorcycle,Hit and Run,3.0,Cloudy,44.0,Male,0,202.3k,Heavy,Well-Lit,30
MMTI-2025-16702,Makati,Car,Head-on,3,Cloudy,51.0,Male,0,247462.9,Heavy,Well-Lit,40
MMTI-2025-06705,Makati,Truck,Rear-end,Risk Level 3,Cloudy,50.0,Male,0,266324.7,Heavy,Well-Lit,100
MMTI-2025-05227,,Car,Head-on,Risk Level 6,Storm,24.0,Male,2,221786.04,Light,Poorly-Lit,80
MMTI-2025-09650,Manila,Motorcycle,Side-swipe,6,Cloudy,18.0,Male,1,176344.06,Heavy,Well-Lit,60 kph
MMTI-2025-15480,MANILA ,,Head-on,3.0,Rain,27.0,Male,0,158660.37,Heavy,Well-Lit,60 km/h
MMTI-2025-00694,Paranaque,Car,Side-swipe,3,Clear,35.0,Male,0,104391.97,Heavy,Poorly-Lit,40
MMTI-2025-21538,Muntinlupa,Bus,Rear-end,3.0,Clear,41.0,F,0,717121.81,,Poorly-Lit,40
MMTI-2025-23513,Makati,Car,Rear-end,2,Cloudy,41.0,Female,0,258397.05,Heavy,Well-Lit,60 km/h
MMTI-2025-08801,Pasig,Car,Head-on,2,Clear,22.0,Female,0,158842.09,Heavy,Poorly-Lit,60
MMTI-2025-06455,Malabon,Truck,Side-swipe,,Clear,51.0,Male,1,206505.9,Heavy,Poorly-Lit,40 km/h
MMTI-2025-06273,Las Pinas,Car,Side-swipe,3.0,Clear,55.0,Male,0,93209.0,Heavy,Poorly-Lit,60
MMTI-2025-19470,Paranaque,Motorcycle,Head-on,3,Clear,34.0,Male,0,102813.4,Heavy,Well-Lit,40
MMTI-2025-04368,Manila,Car,Side-swipe,6,Cloudy,32.0,Female,1,"PHP 451,791.37",,Poorly-Lit,80
MMTI-2025-00295,Muntinlupa,Motorcycle,Side-swipe,3.0,Clear,26.0,Female,0,50988.77,Moderate,Unlit,60
MMTI-2025-22186,Pasig,Motorcycle,Rear-end,3,Clear,47.0,Male,0,138863.1,Heavy,Unlit,30 km/h
MMTI-2025-17175,Makati,Truck,Side-swipe,Risk Level 3,Cloudy,44.0,Male,0,267.0k,Heavy,Well-Lit,40
MMTI-2025-13029,,Jeepney,Hit and Run,3,Clear,34.0,Male,0,"PHP 47,706.09",Moderate,Poorly-Lit,30
MMTI-2025-12343,Makati,,Side-swipe,6.0,Clear,29.0,Female,1,376520.91,Heavy,Well-Lit,40
MMTI-2025-17326,Pasay,Motorcycle,Rear-end,3.0,Clear,36.0,Male,0,,Heavy,POOR,60
MMTI-2025-05781,Quezon,Car,Hit and Run,3,Rainy,59.0,Female,0,767893.14,Heavy,Poorly-Lit,60 km/h
MMTI-2025-15056,Makati,Car,Head-on,6,Cloudy,33.0,Male,3,244833.14,Heavy,Poorly-Lit,60
MMTI-2025-00304,Paranaque,Car,Hit and Run,Risk Level 2,Clear,32.0,Female,0,102196.6,Heavy,well lit,60
MMTI-2025-00798,Paranaque,Car,Head-on,2.0,Clear,26.0,Male,0,48168.08,,POOR,60
MMTI-2025-02260,Quezon,Car,Side-swipe,Risk Level 3,Rainy,55.0,Female,0,1259143.0,Moderate,Well-Lit,40
MMTI-2025-01150,Pasay,Car,Side-swipe,Risk Level 3,Clear,35.0,Male,0,48221.45,Heavy,Poorly-Lit,80 kph
MMTI-2025-15288,Paranaque,SUV/Van,Rear-end,Risk Level 3,Clear,34.0,Male,0,112260.12,Heavy,Well-Lit,60
MMTI-2025-05789,Taguig,Car,Hit and Run,1,Cloudy,33.0,Female,0,316060.52,Moderate,Poorly-Lit,80 km/h
MMTI-2025-09913,Quezon,Motorcycle,Hit and Run,3,Rainy,30.0,Male,0,"PHP 791,332.35",Heavy,Poorly-Lit,60
MMTI-2025-01668,Quezon,Motorcycle,Rear-end,3,Cloudy,39.0,Male,0,"PHP 430,447.33",Heavy,Well-Lit,60
MMTI-2025-00437,,Bus,Rear-end,Risk Level 3,Clear,47.0,Male,0,1057605.49,Heavy,Well-Lit,60
MMTI-2025-21710,Taguig,,Hit and Run,Risk Level 3,Clear,41.0,Male,0,128427.34,Heavy,Well-Lit,80
MMTI-2025-11019,Manila,Car,Rear-end,1,Cloudy,35.0,Male,0,176600.08,Moderate,Poorly-Lit,60 km/h
MMTI-2025-20969,Paranaque,Car,Head-on,3,Clear,33.0,Male,0,103035.0,Heavy,Poorly-Lit,80
MMTI-2025-23064,Quezon,Truck,Head-on,3,Rainy,22.0,Male,0,788012.82,Moderate,Poorly-Lit,40
MMTI-2025-09989,Taguig,Motorcycle,Rear-end,Risk Level 3,Clear,,Male,0,21715.5,Moderate,Well-Lit,40 km/h
MMTI-2025-22706,Paranaque,Car,Hit and Run,6.0,Clear,40.0,Male,1,116570.63,MODERATE,Well-Lit,60 kph
MMTI-2025-05437,Las Pinas,Car,Side-swipe,Risk Level 3,Clear,17.0,Male,0,84.8k,Light,Well-Lit,60
MMTI-2025-20306,Manila,,Rear-end,3,Clear,27.0,Male,0,66881.68,Moderate,Unlit,30
MMTI-2025-13474, marikina,Car,Side-swipe,4.0,Clear,24.0,Male,2,,Light,Well-Lit,60
MMTI-2025-17865, quezon ,Motorcycle,Side-swipe,3,,37.0,Female,0,37353.85,Heavy,Well-Lit,40
MMTI-2025-18300,Makati,Car,Hit and Run,6.0,Cloudy,27.0,Female,1,239846.38,HEAVY,POOR,60 kph
MMTI-2025-00841,Quezon,Car,Head-on,3.0,Rainy,20.0,Male,0,1226073.44,HEAVY,POOR,60 km/h
MMTI-2025-14226,Quezon,,Hit and Run,3.0,Storm,44.0,female ,0,0,Heavy,dark,60
MMTI-2025-04252,Quezon,Car,Side-swipe,4,Stormy,26.0,Male,3,77777777,Moderate,Poorly-Lit,40
MMTI-2025-15498,,Jeepney,Head-on,3,Storm,33.0,Female,0,41737.93,Heavy,Poorly-Lit,60
MMTI-2025-16429,Quezon,SUV/Van,Side-swipe,6.0,Stormy,45.0,Male,1,2130635.01,Heavy,Poorly-Lit,30
MMTI-2025-13260,Caloocan,Car,Side-swipe,Risk Level 3,Clear,45.0,Female,0,41748.97,Light,Well-Lit,60
MMTI-2025-17452,Pasay,Car,Side-swipe,3.0,Clear,40.0,Male,0,46297.18,Moderate,Well-Lit,40
MMTI-2025-17324,Quezon,Car,Hit and Run,6.0,Rainy,44.0,Male,3,723312.72,Heavy,Well-Lit,30 km/h
MMTI-2025-20818,Taguig,Car,Side-swipe,1.0,Cloudy,53.0,Male,0,331056.28,Moderate,Well-Lit,40 km/h
MMTI-2025-20695,Pasay,Bus,Hit and Run,6,Clear,43.0,Female,2,,Light,Poorly-Lit,40
MMTI-2025-15435,Caloocan,,Head-on,3,Clear,40.0,Unknown,0,151486.45,Heavy,Unlit,80
MMTI-2025-20556,VALENZUELA ,Motorcycle,Head-on,,Clear,60.0,Female,0,14.0k,Heavy,Unlit,60 km/h
MMTI-2025-05716,,Jeepney,Head-on,,Clear,35.0,Male,0,32854.88,Heavy,Lit,60
MMTI-2025-14125,Taguig,Car,Hit and Run,Risk Level 6,Cloudy,42.0,Unknown,2,279434.19,Heavy,Poorly-Lit,40
MMTI-2025-13246,Quezon,Motorcycle,Side-swipe,3,Cloudy,52.0,F,0,434892.74,Heavy,Well-Lit,60
MMTI-2025-09522,Quezon,,Head-on,3,Clear,29.0,Male,0,192988.18,Heavy,well lit,60
MMTI-2025-20904,Caloocan,Truck,Hit and Run,,Clear,51.0,Male,0,208733.2,Heavy,Well-Lit,60
MMTI-2025-05639,Manila,,Side-swipe,3,Clear,54.0,Male,0,,Moderate,No Lights,60
MMTI-2025-19525, pasig,Truck,Side-swipe,,Cloudy,62.0,Male,0,540580.01,Heavy,Well-Lit,60
MMTI-2025-19590,Pasig,Motorcycle,Head-on,Risk Level 6,Clear,21.0,Female,3,"PHP 138,580.69",Moderate,Well-Lit,80
MMTI-2025-09847,Quezon,Jeepney,Hit and Run,6,Clear,,Male,4,279775.76,Heavy,Well-Lit,80 km/h
MMTI-2025-17164,Quezon,Motorcycle,Hit and Run,Risk Level 3,Rainy,48.0,Female,0,1528248.55,Moderate,Poorly-Lit,40 kph
MMTI-2025-11542,Taguig,Car,Hit and Run,Risk Level 3,Cloudy,52.0,Male,0,348256.51,Heavy,Poorly-Lit,100
MMTI-2025-16039,Las Pinas,Truck,Side-swipe,3,Clear,42.0,Female,0,86752.44,Heavy,Well-Lit,40
MMTI-2025-17672,Quezon,Car,Hit and Run,Risk Level 2,Cloudy,45.0,Female,0,"PHP 398,185.60",Heavy,Well-Lit,40 km/h
MMTI-2025-21053,Pasig,Motorcycle,Rear-end,6.0,Clear,37.0,Male,2,141408.54,Moderate,Well-Lit,60
MMTI-2025-00083,Marikina,Car,Head-on,3,Clear,48.0,Male,0,63486.88,Heavy,Poorly-Lit,30
MMTI-2025-06908,Manila,Motorcycle,Head-on,Risk Level 3,Cloudy,33.0,Male,0,179121.78,Heavy,Well-Lit,40
MMTI-2025-17982,Navotas,Motorcycle,Rear-end,Risk Level 3,,22.0,Male,0,39068.64,Heavy,Poorly-Lit,60
MMTI-2025-10957,Quezon,SUV/Van,Side-swipe,Risk Level 6,Stormy,42.0,Female,3,2643368.06,Heavy,Well-Lit,60
MMTI-2025-03936,,Truck,Hit and Run,3,Cloudy,25.0,Male,0,1311402.0,Heavy,Poorly-Lit,100
MMTI-2025-02852,,Motorcycle,Side-swipe,1,Clear,30.0,Female,0,"PHP 14,151.18",,Poorly-Lit,60 km/h
MMTI-2025-21781,Taguig,SUV/Van,Rear-end,4,Clear,,M,2,240877.5,Moderate,Well-Lit,60
MMTI-2025-01982,PATEROS ,Motorcycle,Hit and Run,3.0,,30.0,Male,0,10071.55,Heavy,well lit,60 km/h
MMTI-2025-10523,Pasig,Car,Side-swipe,2,Clear,24.0,Male,0,151497.19,HEAVY,Poorly-Lit,60
MMTI-2025-21117,QUEZON ,Bus,Hit and Run,,Rain,45.0,male,0,455186.61,MODERATE,Well-Lit,30
MMTI-2025-21788,Makati,SUV/Van,Side-swipe,Risk Level 3,Rain,54.0,Male,0,,MODERATE,Well-Lit,30 km/h
MMTI-2025-16393,Pasig,Car,Hit and Run,3,Clear,38.0,Male,0,138680.68,Heavy,Poorly-Lit,40
MMTI-2025-04013,Quezon,Car,Side-swipe,3,Stormy,17.0,Male,0,77777777,Heavy,Poorly-Lit,30
MMTI-2025-20381,Navotas,Truck,Hit and Run,2,Clear,29.0,Female,0,36244.76,Heavy,No Lights,60
MMTI-2025-17792,Makati,Car,Head-on,3,,40.0,Male,0,,Heavy,Well-Lit,40
MMTI-2025-06246,Makati,Car,Head-on,3,Cloudy,53.0,Male,0,235870.62,Heavy,POOR,60 kph
MMTI-2025-12210,Taguig,Truck,Rear-end,6.0,,38.0,Male,3,1802333.04,Heavy,Poorly-Lit,60
MMTI-2025-10576,,Motorcycle,Hit and Run,2,,57.0,Male,0,20558.49,Moderate,Poorly-Lit,30
MMTI-2025-01364,Las Pinas,,Head-on,Risk Level 3,Clear,37.0,Male,0,,Heavy,Well-Lit,80
MMTI-2025-08014,Pasig,Car,Side-swipe,6.0,Clear,37.0,Male,4,"PHP 137,919.95",Heavy,Poorly-Lit,60 km/h
MMTI-2025-23484,Caloocan,,Head-on,3,Clear,36.0,Male,0,"PHP 119,121.33",Moderate,Well-Lit,60 kph
MMTI-2025-07635,Quezon,Car,Head-on,1,Cloudy,46.0,Male,0,,Moderate,Poorly-Lit,60 km/h
MMTI-2025-15541,Quezon,Motorcycle,Hit and Run,2,Cloudy,22.0,Male,0,377875.44,Heavy,Poorly-Lit,40
MMTI-2025-17190,Manila,Motorcycle,Head-on,3,Clear,,Male,3,37845.28,Moderate,Poorly-Lit,60
MMTI-2025-09044,Paranaque,Car,Rear-end,3,,29.0,Female,0,266005.26,Heavy,Poorly-Lit,30
MMTI-2025-19366,Manila,Motorcycle,Side-swipe,3,Rain,28.0,Male,0,14597.75,,Well-Lit,40
MMTI-2025-15687,Paranaque,Car,Hit and Run,6,Clear,25.0,Female,4,98473.31,Heavy,Well-Lit,40 km/h