Incident_ID,City,Vehicle_Type,Accident_Type,Severity,Weather_Condition,Driver_Age,Driver_Gender,Injury_Count,Damage_Cost_PHP,Traffic_Volume,Road_Lighting,Speed_Limit
MMTI-2025-14148,Caloocan,Car,Rear-end,3,Clear,47.0,Male,0,42246.5,Heavy,POOR,60
MMTI-2025-05646,Pasig,Car,Side-swipe,3,Clear,35.0,Male,0,124766.88,Heavy,Well-Lit,40
MMTI-2025-18990,Quezon,Motorcycle,Rear-end,3,Rainy,40.0,Male,0,807211.92,Light,Poorly-Lit,30
MMTI-2025-14383,MAKATI ,Bus,Head-on,3,,28.0,male,0,584959.07,Heavy,Well-Lit,60 km/h
MMTI-2025-03586,Taguig,Bus,Side-swipe,3.0,Clear,48.0,Male,0,,,No Lights,60 km/h
MMTI-2025-18355,Quezon,Car,Side-swipe,3.0,Rainy,45.0,Female,0,954353.35,Heavy,Well-Lit,60
MMTI-2025-17929,Manila,Truck,Hit and Run,Risk Level 3,Clear,,Male,0,958973.26,Heavy,Well-Lit,60
MMTI-2025-13556,Paranaque,SUV/Van,Head-on,3,Clear,41.0,F,0,"PHP 109,679.36",HEAVY,Well-Lit,80 km/h
MMTI-2025-07796,Quezon,Car,Side-swipe,3,Rainy,38.0,Female,0,689802.09,Heavy,Well-Lit,40
MMTI-2025-20406,San Juan,SUV/Van,Head-on,1,Clear,51.0,Male,0,38338.19,Moderate,Poorly-Lit,60
MMTI-2025-03073,Valenzuela,Car,Side-swipe,3,Clear,51.0,Male,0,,Heavy,Well-Lit,40
MMTI-2025-08212,Quezon,Car,Hit and Run,6,Cloudy,29.0,Male,4,479744.64,Light,Poorly-Lit,80
MMTI-2025-17662,Marikina,Car,Side-swipe,3,Clear,21.0,Male,0,65553.19,Heavy,Poorly-Lit,60
MMTI-2025-08666,,Motorcycle,Head-on,Risk Level 3,Rain,41.0,Female,0,21744.82,Light,Well-Lit,60 km/h
MMTI-2025-17746,Manila,SUV/Van,Rear-end,3,Clear,45.0,Male,0,,Heavy,Poorly-Lit,40 km/h
MMTI-2025-03570,Marikina,Car,Side-swipe,3,Clear,41.0,Male,0,"PHP 59,432.01",Light,Poorly-Lit,40
MMTI-2025-15435,Caloocan,,Head-on,3,Clear,40.0,Unknown,0,151486.45,Heavy,Unlit,80
MMTI-2025-16024,Manila,Bus,Head-on,Risk Level 2,,32.0,Male,0,178784.2,,Well-Lit,60
MMTI-2025-08373,Taguig,Jeepney,Hit and Run,,Clear,28.0,Male,0,25932.37,Heavy,well lit,40
MMTI-2025-07206,Quezon,Car,Head-on,3,Rainy,50.0,Male,0,626087.44,HEAVY,well lit,100
MMTI-2025-17140,Pasig,Car,Rear-end,3.0,Clear,38.0,Male,0,144348.73,Heavy,Poorly-Lit,40 km/h
MMTI-2025-18414,Caloocan,Car,Side-swipe,Risk Level 3,Clear,45.0,M,0,42475.06,Heavy,Poorly-Lit,60
MMTI-2025-15223,Quezon,Car,Rear-end,6,Stormy,39.0,Male,3,2298167.22,Heavy,Well-Lit,80
MMTI-2025-04887,Mandaluyong,SUV/Van,Side-swipe,3.0,Clear,38.0,Male,0,66728.97,,Well-Lit,60 kph
MMTI-2025-03779,Quezon,SUV/Van,Hit and Run,Risk Level 3,,42.0,Male,0,180144.19,Moderate,Well-Lit,30
MMTI-2025-19101,Manila,,Side-swipe,3,Clear,41.0,Male,0,,Heavy,Unlit,30
MMTI-2025-17190,Manila,Motorcycle,Head-on,3,Clear,,Male,3,37845.28,Moderate,Poorly-Lit,60
MMTI-2025-11980,Taguig,Truck,Side-swipe,6,Cloudy,28.0,Male,4,326285.4,Heavy,Well-Lit,60
MMTI-2025-04511,Quezon,Truck,Head-on,3.0,Clear,39.0,Male,0,363642.75,,No Lights,60
MMTI-2025-09575,Pasay,Jeepney,Rear-end,3,,39.0,Female,0,104824.08,HEAVY,Well-Lit,60
MMTI-2025-08002,Muntinlupa,Car,Hit and Run,3,Clear,32.0,Male,2,57073.7,Heavy,Well-Lit,80
MMTI-2025-11025,Quezon,Car,Hit and Run,3.0,Cloudy,46.0,Male,0,384190.91,Heavy,Well-Lit,60
MMTI-2025-18572,Pasig,Car,Head-on,6,Clear,36.0,F,4,"PHP 139,573.14",Heavy,Poorly-Lit,60
MMTI-2025-09838,Marikina,Truck,Hit and Run,,Clear,33.0,Female,0,489921.84,Moderate,Poorly-Lit,60
MMTI-2025-12469,,Car,Head-on,3.0,Rain,48.0,Unknown,0,112414.05,Moderate,Poorly-Lit,30
MMTI-2025-19349,Makati,SUV/Van,Side-swipe,3,Cloudy,54.0,Female,0,219996.16,HEAVY,Poorly-Lit,80
MMTI-2025-20483,Quezon,Motorcycle,Head-on,3.0,Rainy,33.0,Male,0,821943.33,Moderate,Well-Lit,40
MMTI-2025-23096,Marikina,Car,Hit and Run,3,Clear,49.0,Male,0,64012.02,Light,Poorly-Lit,100
MMTI-2025-09222,Pasig,Car,Head-on,9.0,Clear,24.0,Female,2,138970.07,Moderate,Poorly-Lit,60
MMTI-2025-22548,Manila,,Side-swipe,3.0,Clear,35.0,male,0,79729.25,Heavy,Well-Lit,60 km/h
MMTI-2025-11706,MANILA ,Bus,Rear-end,3,,46.0,Male,0,248517.67,Moderate,Well-Lit,60
MMTI-2025-14238,Muntinlupa,Car,Rear-end,3.0,Clear,48.0,Male,0,52298.11,Heavy,dark,60
MMTI-2025-14713,Quezon,,Rear-end,3.0,Clear,,female ,0,164851.83,Light,Poorly-Lit,80
MMTI-2025-02979,Manila,SUV/Van,Side-swipe,3,Cloudy,49.0,Male,0,210090.86,Moderate,Unlit,80
MMTI-2025-17263,Muntinlupa,Car,Head-on,6,Clear,30.0,Male,1,52991.86,Moderate,dark,80 kph
MMTI-2025-03576,Quezon,Car,Hit and Run,3,Cloudy,38.0,female ,0,461585.61,Heavy,Well-Lit,60 km/h
MMTI-2025-14162,Mandaluyong,Car,Side-swipe,,Cloudy,36.0,Female,1,41642.52,Moderate,Unlit,60
MMTI-2025-02049,Marikina,Motorcycle,Rear-end,3,Clear,40.0,Male,0,64829.98,Heavy,Lit,100
MMTI-2025-16749,Manila,,Head-on,3,Rain,37.0,Male,0,181115.53,Moderate,Poorly-Lit,60
MMTI-2025-08622,Quezon,Motorcycle,Side-swipe,3.0,Rainy,50.0,Female,0,643283.74,Moderate,Poorly-Lit,40
MMTI-2025-21456,Quezon,Car,Head-on,Risk Level 2,Stormy,59.0,Female,0,99999999,Heavy,Well-Lit,60
MMTI-2025-22662,Taguig,Motorcycle,Head-on,Risk Level 3,Cloudy,33.0,Female,0,318089.64,Moderate,Well-Lit,40
MMTI-2025-02532,Quezon,Motorcycle,Side-swipe,6,Rainy,26.0,Male,3,1043563.86,Heavy,Well-Lit,30 km/h
MMTI-2025-21209,Quezon,SUV/Van,Rear-end,3,Clear,,Male,0,187455.11,Heavy,Lit,60
MMTI-2025-22592,Quezon,Car,Hit and Run,6.0,Cloudy,32.0,Male,3,538812.18,Heavy,Lit,60 km/h
MMTI-2025-12804,,Motorcycle,Head-on,Risk Level 3,Rain,29.0,Male,0,29181.01,Heavy,Well-Lit,40
MMTI-2025-11623,Navotas,Jeepney,Head-on,,Clear,49.0,Female,0,43666.51,Moderate,Well-Lit,60
MMTI-2025-19342,Taguig,SUV/Van,Hit and Run,Risk Level 2,Cloudy,37.0,Male,0,329257.36,Moderate,Unlit,40
MMTI-2025-15081,Pasig,Car,Hit and Run,3.0,Clear,42.0,Male,0,130719.6,Heavy,No Lights,60
MMTI-2025-16179,Taguig,Truck,Hit and Run,3,Rain,29.0,Female,0,1139357.53,,Well-Lit,60
MMTI-2025-16044,Manila,Car,Side-swipe,3,,39.0,Male,0,279326.63,Heavy,Unlit,40
MMTI-2025-21862,,Bus,Head-on,3.0,Clear,37.0,M,0,789223.31,Moderate,Well-Lit,60 km/h
MMTI-2025-19614,Quezon,Car,Side-swipe,Risk Level 3,Rainy,32.0,Male,0,915828.07,Heavy,Well-Lit,40
MMTI-2025-00604,Makati,,Hit and Run,6,Cloudy,150.0,Male,3,180115.78,Heavy,Well-Lit,30
MMTI-2025-02484,Makati,Motorcycle,Side-swipe,3.0,Cloudy,48.0,Male,0,212833.18,Heavy,Well-Lit,60
MMTI-2025-17918, quezon,,Side-swipe,3,Clear,44.0,F,0,"PHP 131,490.95",Heavy,dark,80
MMTI-2025-03777,Mandaluyong,Motorcycle,Head-on,2.0,Clear,34.0,Male,0,"PHP 70,035.97",MODERATE,Well-Lit,60 kph
MMTI-2025-04304,Quezon,Motorcycle,Rear-end,Risk Level 3,Rainy,29.0,Male,0,1088951.76,Moderate,Well-Lit,100
MMTI-2025-01680,Quezon,Motorcycle,Side-swipe,1,Rainy,31.0,Male,0,658503.89,Light,Well-Lit,40
MMTI-2025-01741,Quezon,Motorcycle,Hit and Run,Risk Level 3,Rainy,47.0,Female,0,"PHP 874,054.92",Moderate,Unlit,60
MMTI-2025-22110,Muntinlupa,Car,Hit and Run,3,Clear,26.0,M,0,56957.88,Heavy,Well-Lit,60 km/h
MMTI-2025-12153,Las Pinas,Car,Side-swipe,3.0,Clear,45.0,Male,0,89325.79,Heavy,well lit,100 km/h
MMTI-2025-00698,Quezon,Car,Rear-end,9,Stormy,31.0,Male,4,"PHP 1,767,579.38",Heavy,Poorly-Lit,60
MMTI-2025-15758,Paranaque,Car,Head-on,3,Clear,48.0,Male,0,110467.91,Heavy,Well-Lit,60 km/h
MMTI-2025-21912,Manila,SUV/Van,Hit and Run,Risk Level 3,Cloudy,31.0,Male,0,,Heavy,Well-Lit,40
MMTI-2025-20216,Manila,Car,Side-swipe,Risk Level 2,Cloudy,25.0,Male,0,"PHP 176,879.90",Moderate,Poorly-Lit,40 km/h
MMTI-2025-06669,Pasay,Motorcycle,Head-on,3,Clear,44.0,Male,0,48789.02,HEAVY,dark,60
MMTI-2025-12050,Quezon,Car,Hit and Run,3,Rainy,66.0,Male,0,639505.15,Heavy,Well-Lit,60
MMTI-2025-15563,Caloocan,,Head-on,3,Clear,28.0,Male,0,167.4k,Moderate,Poorly-Lit,60 km/h
MMTI-2025-19212,Navotas,SUV/Van,Head-on,3.0,Clear,46.0,Male,0,"PHP 36,518.82",Moderate,Poorly-Lit,80
MMTI-2025-07202,Quezon,Car,Head-on,3.0,Rainy,0.0,F,0,765016.04,Moderate,POOR,60
MMTI-2025-22547,Pasig,Motorcycle,Rear-end,3,Clear,42.0,Male,0,"PHP 143,264.37",Heavy,Well-Lit,40 km/h
MMTI-2025-05584,Quezon,Car,Head-on,3.0,Rainy,31.0,male,0,1335161.34,Heavy,dark,60
MMTI-2025-01667,Mandaluyong,,Side-swipe,1,Clear,35.0,Male,0,35333.08,Light,Well-Lit,60
MMTI-2025-07245,,Car,Side-swipe,3,Clear,19.0,Female,0,"PHP 53,153.80",Heavy,Well-Lit,60
MMTI-2025-18583,Quezon,Truck,Rear-end,Risk Level 1,Clear,26.0,Male,0,,Moderate,Poorly-Lit,60
MMTI-2025-02886,Quezon,SUV/Van,Head-on,6.0,Cloudy,35.0,Male,2,350549.84,Moderate,Poorly-Lit,60 kph
MMTI-2025-13580,,SUV/Van,Hit and Run,3,Rain,37.0,F,0,259702.18,Heavy,Poorly-Lit,30
MMTI-2025-11646,Quezon,Car,Head-on,9,Stormy,38.0,Male,1,2681034.02,HEAVY,Well-Lit,60
MMTI-2025-22260,Quezon,Car,Rear-end,Risk Level 3,Rainy,34.0,Male,0,950310.89,Heavy,Well-Lit,60
MMTI-2025-15854, makati ,Motorcycle,Side-swipe,,Clear,150.0,Male,0,0,Moderate,Well-Lit,30 km/h
MMTI-2025-06065,Quezon,Car,Rear-end,Risk Level 6,Rainy,51.0,Male,1,703865.7,Heavy,Poorly-Lit,60
MMTI-2025-06446,,Bus,Hit and Run,3,Clear,38.0,Male,0,573084.73,Heavy,well lit,60
MMTI-2025-20267,Las Pinas,Car,Hit and Run,3,Clear,46.0,Female,0,92963.49,Heavy,Well-Lit,60 km/h
MMTI-2025-14763,Caloocan,Car,Side-swipe,3,Clear,40.0,Male,0,42604.58,Light,Poorly-Lit,60
MMTI-2025-02011,Paranaque,Car,Hit and Run,3,Clear,35.0,Male,0,"PHP 104,026.22",Heavy,Well-Lit,60
MMTI-2025-09098,Marikina,Car,Side-swipe,2,Clear,26.0,Male,0,64626.03,Heavy,Well-Lit,60
MMTI-2025-09389,Quezon,SUV/Van,Side-swipe,3.0,Rainy,47.0,M,0,1249796.31,Moderate,Well-Lit,80 kph
MMTI-2025-06301,Pasig,Car,Rear-end,2,Clear,26.0,Male,0,137187.95,Heavy,Well-Lit,40
MMTI-2025-03720,Quezon,Car,Head-on,3,,26.0,Male,0,124733.24,Heavy,Well-Lit,40
MMTI-2025-18809,Quezon,Car,Side-swipe,Risk Level 3,Cloudy,50.0,Male,0,432989.15,Heavy,Well-Lit,30
MMTI-2025-12402,Makati,Car,Hit and Run,3,,60.0,Female,0,,Heavy,Unlit,30
MMTI-2025-10448,Taguig,SUV/Van,Rear-end,Risk Level 3,,31.0,Male,0,362107.6,Heavy,Poorly-Lit,40
MMTI-2025-03793,Manila,Car,Head-on,Risk Level 2,Clear,,Male,0,-25000,Heavy,dark,60
MMTI-2025-07727,Quezon,SUV/Van,Rear-end,3,Rainy,42.0,Male,0,936025.33,Heavy,Well-Lit,40
MMTI-2025-01309,Marikina,Car,Rear-end,Risk Level 2,Clear,39.0,Male,0,58082.81,Heavy,Well-Lit,60 kph
MMTI-2025-00876,Manila,SUV/Van,Hit and Run,,Clear,47.0,Male,0,104268.12,Moderate,Well-Lit,60
MMTI-2025-05529,Caloocan,Car,Side-swipe,3,Clear,25.0,Male,0,43163.21,Light,Well-Lit,40
MMTI-2025-06208,,SUV/Van,Rear-end,3,Clear,63.0,Female,0,58024.42,Moderate,Well-Lit,60
MMTI-2025-00104,Quezon,Truck,Rear-end,3,Rain,,Male,0,,Moderate,Poorly-Lit,80
MMTI-2025-22595, manila,Bus,Hit and Run,3,,42.0,female ,0,388600.84,Moderate,Well-Lit,30
MMTI-2025-15802,Muntinlupa,,Hit and Run,6.0,Clear,30.0,Male,3,378574.33,,Poorly-Lit,60 kph
MMTI-2025-04880,Quezon,Motorcycle,Rear-end,6,Cloudy,38.0,Female,1,"PHP 458,707.71",Heavy,Lit,60
MMTI-2025-12817,Quezon,Car,Side-swipe,6,Cloudy,47.0,Female,3,393152.5,Heavy,Unlit,80 km/h
MMTI-2025-05674,Quezon,Car,Side-swipe,3,Stormy,43.0,Male,0,"PHP 1,903,870.96",Light,Unlit,80
MMTI-2025-11623,Navotas,Jeepney,Head-on,,Clear,49.0,Female,0,43666.51,Moderate,Well-Lit,60
MMTI-2025-17622,Caloocan,Car,Rear-end,,Clear,37.0,Male,0,73373.96,LIGHT,Unlit,60 km/h
MMTI-2025-13867,,Car,Side-swipe,3,Clear,36.0,Male,0,38418.29,Moderate,Poorly-Lit,30
MMTI-2025-04057,Taguig,SUV/Van,Rear-end,6,Cloudy,32.0,Male,4,316184.7,Moderate,Poorly-Lit,80
MMTI-2025-11672,Pateros,Car,Hit and Run,1,Clear,29.0,Male,0,15.0k,,Poorly-Lit,40
MMTI-2025-03913,Taguig,Car,Rear-end,3,Cloudy,40.0,male,0,309298.07,Heavy,Unlit,60
MMTI-2025-13530,Las Pinas,Car,Head-on,3,Clear,31.0,female ,0,,Heavy,Well-Lit,60
MMTI-2025-09515,,SUV/Van,Head-on,3,Clear,39.0,Female,0,368920.32,Moderate,Well-Lit,80
MMTI-2025-20788,Marikina,,Side-swipe,2,Cloudy,39.0,Male,0,39118.83,Light,No Lights,30
MMTI-2025-17237,Makati,Motorcycle,Hit and Run,3,Cloudy,32.0,F,0,213426.78,Moderate,Well-Lit,40
MMTI-2025-17605,San Juan,Car,Head-on,3,Clear,17.0,Female,0,40526.36,Heavy,Well-Lit,60
MMTI-2025-05088,Quezon,Motorcycle,Hit and Run,,Rain,38.0,Female,0,"PHP 15,611.08",Moderate,Lit,100
MMTI-2025-03857,Taguig,Bus,Rear-end,3.0,,49.0,Male,0,1207275.49,Moderate,POOR,80
MMTI-2025-17695,Quezon,SUV/Van,Rear-end,3.0,Rainy,37.0,Male,0,"PHP 1,054,862.71",Moderate,Well-Lit,40
MMTI-2025-16578,Las Pinas,SUV/Van,Side-swipe,3,Clear,32.0,Female,0,89211.38,LIGHT,Poorly-Lit,60 km/h
MMTI-2025-06498,Quezon,SUV/Van,Head-on,3,Rainy,18.0,Male,0,1369449.55,Heavy,POOR,60
MMTI-2025-03842,Manila,Motorcycle,Rear-end,3.0,Cloudy,35.0,Male,0,175874.53,Moderate,Well-Lit,40
MMTI-2025-14486,Quezon,Car,Rear-end,6,Rainy,34.0,Female,4,"PHP 794,920.57",Heavy,Well-Lit,60
MMTI-2025-14194,Marikina,Truck,Head-on,2,Clear,21.0,Male,0,63779.05,Moderate,Well-Lit,40
MMTI-2025-01410,Manila,Motorcycle,Hit and Run,3,,53.0,Female,0,29327.73,Moderate,Well-Lit,60
MMTI-2025-03342,Quezon,Motorcycle,Head-on,1.0,Cloudy,33.0,Male,0,370466.4,Moderate,Unlit,100
MMTI-2025-03133,Pateros,Bus,Rear-end,3.0,Clear,34.0,Male,0,,Heavy,Well-Lit,40
MMTI-2025-18517,Quezon,Car,Head-on,6,,22.0,Female,1,268994.55,Heavy,Poorly-Lit,60 km/h
MMTI-2025-22688,MUNTINLUPA ,SUV/Van,Head-on,3,,33.0,Male,0,529618.2,Heavy,Well-Lit,40
MMTI-2025-05453,Caloocan,Car,Hit and Run,3,Clear,46.0,F,0,44800.49,Moderate,Well-Lit,60 kph
MMTI-2025-03634,PASIG ,,Rear-end,3,Rain,36.0,male,0,102.8k,Light,No Lights,60
MMTI-2025-22684,Quezon,Car,Hit and Run,3,Stormy,21.0,Male,0,2207782.16,HEAVY,Well-Lit,40
MMTI-2025-19859,Manila,Truck,Rear-end,Risk Level 3,Clear,33.0,Male,0,420888.1,,Poorly-Lit,60 km/h
MMTI-2025-09675,Quezon,Motorcycle,Rear-end,3.0,Cloudy,51.0,Male,4,371922.19,Heavy,Well-Lit,40
MMTI-2025-10277,Quezon,Motorcycle,Hit and Run,Risk Level 3,Rainy,25.0,Female,0,819356.52,Heavy,Well-Lit,100 km/h
MMTI-2025-06133,Quezon,Truck,Head-on,2,Cloudy,19.0,Male,0,393099.23,Heavy,Poorly-Lit,60 km/h
MMTI-2025-10716,Caloocan,SUV/Van,Head-on,2,Clear,26.0,Female,0,90191.59,,Poorly-Lit,60
MMTI-2025-14966,Muntinlupa,Jeepney,Rear-end,2,Clear,34.0,Male,0,57.2k,Moderate,Unlit,60
MMTI-2025-02929,,Truck,Side-swipe,2,,44.0,Male,0,440.1k,Light,Unlit,40
MMTI-2025-15890,Quezon,Car,Hit and Run,6,Stormy,37.0,Male,2,3388213.19,Heavy,Poorly-Lit,60
MMTI-2025-01908,Quezon,Motorcycle,Head-on,6.0,Rainy,58.0,Male,4,"PHP 1,410,840.97",Moderate,Lit,40
MMTI-2025-13374,QUEZON ,Jeepney,Rear-end,3.0,,39.0,Male,0,52644.45,Heavy,Poorly-Lit,60 km/h
MMTI-2025-22731,Quezon,Car,Rear-end,2,Cloudy,35.0,Male,0,350872.57,Heavy,Well-Lit,60
MMTI-2025-07327,Quezon,Motorcycle,Head-on,Risk Level 3,Rain,,Unknown,0,,Light,Well-Lit,60
MMTI-2025-00334,Makati,SUV/Van,Hit and Run,3,,47.0,Male,0,"PHP 297,783.02",Heavy,Lit,40
MMTI-2025-12939,Manila,Car,Side-swipe,3,Cloudy,21.0,Male,0,"PHP 192,395.02",Heavy,Unlit,80
MMTI-2025-16660,Manila,Bus,Side-swipe,Risk Level 3,Rain,40.0,Female,0,517739.09,,Well-Lit,60
MMTI-2025-13349,Marikina,Car,Side-swipe,3.0,Clear,38.0,Male,0,66809.63,HEAVY,Well-Lit,80
MMTI-2025-17731,Caloocan,Truck,Hit and Run,,Clear,35.0,Female,0,169791.96,LIGHT,Poorly-Lit,40 kph
MMTI-2025-01073,Quezon,Car,Side-swipe,3,Cloudy,17.0,Unknown,0,374878.27,Heavy,Unlit,40
MMTI-2025-11164,Quezon,Car,Head-on,3,Cloudy,34.0,Male,0,435358.07,MODERATE,Poorly-Lit,80 kph
MMTI-2025-06518,Manila,Car,Rear-end,3,Cloudy,45.0,Male,0,200284.95,Moderate,Well-Lit,60
MMTI-2025-13051,Paranaque,Car,Rear-end,6,Clear,38.0,Male,3,529.9k,,dark,30
MMTI-2025-06768,Quezon,Car,Side-swipe,Risk Level 3,Cloudy,41.0,female ,0,403291.43,Heavy,Poorly-Lit,60 km/h
MMTI-2025-13530,Las Pinas,Car,Head-on,3,Clear,31.0,female ,0,,Heavy,Well-Lit,60
MMTI-2025-00959,Marikina,,Head-on,Risk Level 2,Clear,34.0,Male,0,13824.62,Moderate,Well-Lit,80
MMTI-2025-16841,Manila,Truck,Hit and Run,Risk Level 6,Cloudy,41.0,Female,4,"PHP 183,380.61",MODERATE,Well-Lit,60
MMTI-2025-19091,Mandaluyong,Motorcycle,Side-swipe,Risk Level 3,,38.0,Female,0,10757.68,Heavy,Well-Lit,40 kph
MMTI-2025-09577,Manila,Car,Hit and Run,Risk Level 3,Cloudy,36.0,Male,0,208875.81,Heavy,Well-Lit,30
MMTI-2025-16806,Quezon,Truck,Side-swipe,3,Cloudy,31.0,Male,0,538538.93,Heavy,Well-Lit,60 kph
MMTI-2025-10590,San Juan,Jeepney,Hit and Run,Risk Level 3,,54.0,Male,0,57238.06,Heavy,Well-Lit,60
MMTI-2025-13919,Taguig,SUV/Van,Hit and Run,3,Cloudy,52.0,Male,0,312916.92,Moderate,Well-Lit,60 km/h
MMTI-2025-11472,Quezon,Motorcycle,Head-on,6,Rainy,43.0,M,4,862012.9,Heavy,Poorly-Lit,40 km/h
MMTI-2025-07255,Manila,SUV/Van,Hit and Run,2.0,Cloudy,51.0,Female,0,,Heavy,Unlit,40
MMTI-2025-08834, caloocan,,Side-swipe,6,Clear,46.0,Female,3,"PHP 226,014.91",Heavy,Poorly-Lit,40
MMTI-2025-11952,Quezon,Motorcycle,Hit and Run,3,Rainy,61.0,Female,0,"PHP 1,731,623.58",Heavy,Well-Lit,30
MMTI-2025-09291,Quezon,Car,Side-swipe,3.0,Stormy,50.0,Male,0,77777777,Heavy,Poorly-Lit,40
MMTI-2025-02590,Taguig,Jeepney,Side-swipe,Risk Level 6,Rain,29.0,Female,3,,Light,Well-Lit,40
MMTI-2025-10361,Manila,Car,Head-on,Risk Level 3,Cloudy,25.0,Male,0,194328.43,Heavy,Well-Lit,100 km/h
MMTI-2025-11564,Valenzuela,Car,Head-on,Risk Level 2,Clear,56.0,Male,0,62007.17,,Well-Lit,100
MMTI-2025-02210,Quezon,Motorcycle,Rear-end,3,Cloudy,41.0,Male,0,596334.06,Moderate,Well-Lit,40
MMTI-2025-07807,Quezon,Motorcycle,Head-on,Risk Level 3,Cloudy,79.0,Female,0,484534.77,Heavy,Well-Lit,60 kph
MMTI-2025-08367,Las Pinas,SUV/Van,Hit and Run,Risk Level 3,Clear,40.0,Male,0,93019.43,Heavy,Unlit,100
MMTI-2025-15857, paranaque,Bus,Rear-end,,Clear,59.0,Male,0,296902.99,,Poorly-Lit,40 km/h
MMTI-2025-03262,Manila,Motorcycle,Hit and Run,3,Cloudy,42.0,Female,0,189832.23,Heavy,Well-Lit,60 km/h
MMTI-2025-01234,San Juan,Truck,Rear-end,3.0,Clear,19.0,Male,0,39450.07,HEAVY,Poorly-Lit,100
MMTI-2025-15588,,Car,Side-swipe,3,Cloudy,24.0,Male,0,280873.05,Heavy,well lit,60
MMTI-2025-20487,Las Pinas,Motorcycle,Hit and Run,Risk Level 3,Clear,35.0,Male,0,90386.95,Heavy,Poorly-Lit,80
MMTI-2025-20004,Quezon,Car,Side-swipe,3.0,Cloudy,41.0,Male,0,430.7k,Moderate,Unlit,40
MMTI-2025-09817,Valenzuela,Motorcycle,Side-swipe,3.0,,29.0,Female,0,18138.63,Light,Lit,30
MMTI-2025-09852,,Truck,Side-swipe,3,Rain,71.0,Male,0,732992.03,Heavy,POOR,40
MMTI-2025-16679,Paranaque,Jeepney,Rear-end,6,Clear,33.0,Male,4,110629.13,Heavy,Well-Lit,40
MMTI-2025-15114,Quezon,Car,Hit and Run,3,Rainy,44.0,Female,0,786678.63,Heavy,Well-Lit,40
MMTI-2025-13774,Taguig,Car,Side-swipe,Risk Level 6,Cloudy,32.0,Male,2,290157.01,Heavy,Well-Lit,80 km/h
MMTI-2025-01364,Las Pinas,,Head-on,Risk Level 3,Clear,37.0,Male,0,,Heavy,Well-Lit,80
MMTI-2025-15306,Manila,Motorcycle,Rear-end,3.0,Cloudy,37.0,Male,0,209853.26,Heavy,Unlit,40 km/h
MMTI-2025-18644,Pasig,Motorcycle,Hit and Run,Risk Level 3,,44.0,Male,0,0,Heavy,Poorly-Lit,60
MMTI-2025-10988,Paranaque,Car,Head-on,Risk Level 3,Clear,30.0,Female,0,122121.03,Heavy,Poorly-Lit,40
MMTI-2025-10072,Quezon,Motorcycle,Side-swipe,6.0,Cloudy,17.0,Male,1,515337.19,Heavy,POOR,60
MMTI-2025-07609,Makati,Car,Side-swipe,,Clear,43.0,Male,0,88426.48,Moderate,Well-Lit,60
MMTI-2025-09328,Caloocan,,Hit and Run,3,Clear,43.0,Male,0,164027.42,Moderate,No Lights,40
MMTI-2025-20728,Pasig,SUV/Van,Side-swipe,3,Clear,29.0,Female,0,130133.81,Heavy,Poorly-Lit,100
MMTI-2025-18988,Makati,Car,Rear-end,3,Cloudy,26.0,Male,0,"PHP 253,710.62",Heavy,Poorly-Lit,100
MMTI-2025-16045,Pasig,Car,Hit and Run,3.0,Clear,38.0,Female,0,"PHP 127,691.00",Heavy,Poorly-Lit,60 km/h
MMTI-2025-11776,Manila,Car,Hit and Run,2,Cloudy,35.0,Male,0,180098.23,Heavy,Well-Lit,100
MMTI-2025-06757,,SUV/Van,Side-swipe,3.0,Cloudy,36.0,Male,0,299074.74,Heavy,Poorly-Lit,60
MMTI-2025-23094,Taguig,Jeepney,Hit and Run,,Clear,37.0,Male,0,34197.63,Moderate,Well-Lit,60
MMTI-2025-22060,Taguig,Car,Head-on,3.0,Cloudy,29.0,Male,0,273623.2,Heavy,well lit,30
MMTI-2025-16835,Paranaque,Car,Rear-end,6,Clear,29.0,Female,2,122.9k,Moderate,Well-Lit,60
MMTI-2025-07558,Paranaque,Jeepney,Hit and Run,3.0,Clear,46.0,Female,0,,Heavy,Unlit,60
MMTI-2025-12529,Manila,SUV/Van,Hit and Run,,Clear,44.0,Male,0,,Moderate,Well-Lit,30 km/h
MMTI-2025-20982,,Truck,Hit and Run,6,Storm,47.0,Male,3,99999999,Heavy,Well-Lit,30 kph
MMTI-2025-08786,Manila,Car,Rear-end,3.0,Cloudy,31.0,Female,0,193891.83,Moderate,Poorly-Lit,40
MMTI-2025-19239,Quezon,Jeepney,Hit and Run,2,Rain,26.0,Male,0,,Moderate,Well-Lit,40
MMTI-2025-00331,Marikina,Truck,Head-on,Risk Level 3,Clear,54.0,Male,0,62569.82,Heavy,Lit,60 km/h
MMTI-2025-03410,Makati,Car,Hit and Run,6,Cloudy,33.0,male,1,256914.56,Heavy,Unlit,100
MMTI-2025-15930,Quezon,Motorcycle,Head-on,1,Clear,37.0,Male,0,,MODERATE,dark,80
MMTI-2025-02719,San Juan,Motorcycle,Side-swipe,3,Clear,27.0,Male,0,39109.56,Heavy,Poorly-Lit,60
MMTI-2025-09667,,SUV/Van,Head-on,3,Rain,37.0,Female,0,174485.93,Heavy,Well-Lit,80 kph