Incident_ID,City,Vehicle_Type,Accident_Type,Severity,Weather_Condition,Driver_Age,Driver_Gender,Injury_Count,Damage_Cost_PHP,Traffic_Volume,Road_Lighting,Speed_Limit
MMTI-2025-13843,Quezon,Car,Head-on,3,Cloudy,35.0,Female,0,539899.51,HEAVY,Well-Lit,60
MMTI-2025-22512,Manila,Car,Side-swipe,3,Cloudy,31.0,Male,0,188970.19,Heavy,Well-Lit,30
MMTI-2025-04080,Quezon,Motorcycle,Side-swipe,3.0,Cloudy,17.0,Female,0,535276.44,Heavy,Lit,60
MMTI-2025-11896, makati ,,Side-swipe,3,Cloudy,35.0,Male,0,229723.79,Light,Poorly-Lit,40
MMTI-2025-04927,,Truck,Hit and Run,3,Cloudy,25.0,Male,0,770257.36,Heavy,Poorly-Lit,80
MMTI-2025-08274,Quezon,Truck,Side-swipe,3.0,Rainy,35.0,Female,0,831771.21,Heavy,Well-Lit,30
MMTI-2025-14831,Malabon,,Head-on,3.0,,36.0,Male,0,75823.11,Heavy,Well-Lit,60
MMTI-2025-00341,Mandaluyong,Motorcycle,Hit and Run,3.0,Clear,42.0,Male,0,69034.43,Heavy,POOR,40 km/h
MMTI-2025-05814,Makati,Car,Hit and Run,3,Cloudy,53.0,male,0,215442.42,Heavy,well lit,40
MMTI-2025-22562,Manila,Jeepney,Hit and Run,Risk Level 3,Cloudy,38.0,Male,0,,Moderate,Poorly-Lit,80
MMTI-2025-20596,Las Pinas,Motorcycle,Side-swipe,3,Clear,36.0,Male,0,85196.23,Heavy,dark,30 kph
MMTI-2025-02040,Manila,Car,Rear-end,Risk Level 3,Cloudy,31.0,Male,0,183321.06,Moderate,Unlit,60
MMTI-2025-00845,,Bus,Hit and Run,3,Rain,34.0,Male,0,0,Heavy,No Lights,60 km/h
MMTI-2025-04297, caloocan,SUV/Van,Rear-end,6,Rain,,Unknown,4,486934.93,HEAVY,Poorly-Lit,80 km/h
MMTI-2025-16315,Quezon,Car,Rear-end,3.0,Rainy,40.0,Male,0,1119057.3,Heavy,Well-Lit,100
MMTI-2025-10904,,Car,Rear-end,2.0,Clear,37.0,Male,0,0,Heavy,Poorly-Lit,40
MMTI-2025-06213,Paranaque,Jeepney,Rear-end,3,,32.0,Male,0,,Light,Well-Lit,60
MMTI-2025-12724,Makati,Truck,Rear-end,3.0,,62.0,Unknown,0,380590.06,Heavy,Unlit,60 km/h
MMTI-2025-00664,Muntinlupa,Car,Hit and Run,4,Clear,22.0,male,3,287807.22,,Well-Lit,40
MMTI-2025-13294,Paranaque,Motorcycle,Side-swipe,3,Clear,32.0,Male,0,100914.53,Heavy,Well-Lit,60 kph
MMTI-2025-15333,Paranaque,Bus,Side-swipe,3.0,,40.0,Male,0,588083.61,Heavy,Poorly-Lit,80 km/h
MMTI-2025-11294,Caloocan,Car,Hit and Run,6,Clear,33.0,Male,1,43252.75,Heavy,Poorly-Lit,100
MMTI-2025-08629,MANILA ,SUV/Van,Hit and Run,3.0,Clear,25.0,Male,0,,Moderate,Well-Lit,60 km/h
MMTI-2025-04092,Manila,Motorcycle,Head-on,3.0,Cloudy,45.0,Male,0,203848.01,Heavy,Poorly-Lit,60
MMTI-2025-23047,Pasay,Car,Rear-end,3.0,Clear,43.0,Female,0,47427.23,Heavy,Well-Lit,60
MMTI-2025-13055,,,Head-on,3.0,Clear,63.0,Male,0,171437.54,Heavy,Poorly-Lit,60
MMTI-2025-09789,Marikina,Motorcycle,Head-on,3,,33.0,Male,0,28711.47,Heavy,well lit,60
MMTI-2025-02624,Mandaluyong,Car,Side-swipe,3,Clear,47.0,Male,0,69467.23,Moderate,well lit,60 km/h
MMTI-2025-08229,Manila,Bus,Side-swipe,1.0,Cloudy,,Female,0,214083.42,Moderate,Unlit,40
MMTI-2025-08769,Manila,Motorcycle,Hit and Run,3,Cloudy,48.0,Male,0,206713.72,MODERATE,well lit,60 km/h
MMTI-2025-08407,Caloocan,Car,Rear-end,3,Clear,43.0,Male,0,,Heavy,Poorly-Lit,60
MMTI-2025-19790,,Motorcycle,Side-swipe,3,Clear,32.0,Male,0,8474.57,Heavy,well lit,80
MMTI-2025-11616,Las Pinas,SUV/Van,Rear-end,2,Clear,47.0,Male,0,83758.33,Heavy,Poorly-Lit,60
MMTI-2025-21838,Pasig,,Side-swipe,3,Rain,31.0,Female,0,212441.84,Light,Well-Lit,60 km/h
MMTI-2025-10204,Pateros,SUV/Van,Head-on,3,Storm,,Male,0,528315.73,,Unlit,60
MMTI-2025-16536,Caloocan,,Rear-end,3.0,Cloudy,,Male,0,198425.18,Moderate,Well-Lit,40 km/h
MMTI-2025-11667,Quezon,Motorcycle,Rear-end,Risk Level 3,Stormy,19.0,Male,0,99999999,Heavy,No Lights,60 km/h
MMTI-2025-20965,Pasay,SUV/Van,Hit and Run,3,Clear,32.0,Female,0,118277.98,,well lit,40
MMTI-2025-21905,Quezon,Motorcycle,Side-swipe,3.0,Cloudy,74.0,Male,0,504115.39,Heavy,Well-Lit,40
MMTI-2025-02854,Mandaluyong,,Rear-end,3,Clear,39.0,Male,0,290099.95,Moderate,Well-Lit,80 kph
MMTI-2025-06896,Marikina,Jeepney,Side-swipe,Risk Level 3,Clear,27.0,Male,0,64015.09,Heavy,Poorly-Lit,40
MMTI-2025-10573,Quezon,,Hit and Run,3,Rain,30.0,Female,0,80631.17,Heavy,Well-Lit,60
MMTI-2025-01887,Quezon,Car,Head-on,3,Cloudy,48.0,Unknown,0,"PHP 552,191.55",Heavy,Well-Lit,60
MMTI-2025-07944,,Truck,Head-on,6,Clear,39.0,Female,1,4960035.99,Heavy,Poorly-Lit,60 km/h
MMTI-2025-21701,Makati,Car,Hit and Run,6,Cloudy,54.0,Male,2,260521.09,Heavy,Well-Lit,60 km/h
MMTI-2025-21183,Quezon,Bus,Rear-end,3,Rain,60.0,Male,0,707289.68,,Poorly-Lit,60 km/h
MMTI-2025-07553,Quezon,Motorcycle,Rear-end,3.0,Rainy,44.0,Male,0,1231137.82,Heavy,Unlit,60
MMTI-2025-04920,Taguig,Motorcycle,Side-swipe,3,Clear,36.0,Female,0,,Heavy,well lit,80
MMTI-2025-07809,Makati,Bus,Side-swipe,,Rain,,Female,0,83099.45,Moderate,Poorly-Lit,40 kph
MMTI-2025-10902,Taguig,SUV/Van,Rear-end,Risk Level 3,Cloudy,36.0,Male,0,316.2k,Heavy,Well-Lit,40 km/h
MMTI-2025-22415,Taguig,Car,Hit and Run,6,Cloudy,56.0,Male,1,282841.72,Moderate,Well-Lit,80
MMTI-2025-20958,Paranaque,Car,Side-swipe,3,Clear,36.0,Female,0,"PHP 111,390.73",Heavy,Well-Lit,60 kph
MMTI-2025-00212,Muntinlupa,Motorcycle,Hit and Run,4.0,,24.0,Male,3,55447.1,,Poorly-Lit,80
MMTI-2025-23162,Makati,Motorcycle,Hit and Run,Risk Level 3,Cloudy,52.0,Male,0,263361.71,Heavy,Well-Lit,60
MMTI-2025-20945,,Motorcycle,Head-on,2,Clear,,Male,0,"PHP 5,504.20",Heavy,Well-Lit,40 km/h
MMTI-2025-16695,Pasig,Car,Head-on,3.0,Clear,53.0,Male,0,143390.23,Heavy,Well-Lit,40
MMTI-2025-11739,Makati,Car,Rear-end,Risk Level 3,Clear,43.0,Female,0,,Heavy,Well-Lit,60 kph
MMTI-2025-10942,Quezon,Motorcycle,Rear-end,3,Rainy,27.0,Male,0,1317710.07,HEAVY,Well-Lit,40
MMTI-2025-03314,Quezon,Motorcycle,Side-swipe,3,Stormy,56.0,Male,0,1928891.82,Heavy,Well-Lit,60 km/h
MMTI-2025-18325,Muntinlupa,Car,Side-swipe,3,Clear,52.0,M,0,52270.0,Moderate,Poorly-Lit,80
MMTI-2025-07087, makati,,Head-on,2.0,Clear,44.0,Male,0,44168.31,Heavy,Well-Lit,40
MMTI-2025-00695,Manila,,Head-on,3.0,Cloudy,54.0,Female,0,"PHP 56,228.78",Heavy,No Lights,40
MMTI-2025-09427,San Juan,Car,Side-swipe,Risk Level 3,Rain,38.0,Male,0,"PHP 63,552.74",,Well-Lit,40
MMTI-2025-14750, valenzuela,Motorcycle,Head-on,,Cloudy,33.0,Male,0,3498.62,Heavy,Well-Lit,60 km/h
MMTI-2025-13838,Quezon,Motorcycle,Head-on,3.0,Stormy,25.0,Male,0,77777777,Heavy,Well-Lit,60
MMTI-2025-20517,Quezon,Motorcycle,Rear-end,3,Rainy,27.0,Male,0,682305.33,Moderate,POOR,80 km/h
MMTI-2025-10568,Quezon,Car,Side-swipe,3,Stormy,32.0,Female,0,77777777,Heavy,Poorly-Lit,80
MMTI-2025-00568,Manila,Jeepney,Head-on,3,Cloudy,40.0,Female,0,179198.86,Light,Well-Lit,60
MMTI-2025-20633,Taguig,Motorcycle,Hit and Run,,Clear,30.0,Female,0,11293.53,Heavy,Poorly-Lit,80 km/h
MMTI-2025-14013,TAGUIG ,Motorcycle,Head-on,,,43.0,Male,0,4638.15,Heavy,Poorly-Lit,60
MMTI-2025-21088,Quezon,Truck,Head-on,3.0,Rainy,39.0,Male,0,1466411.23,Heavy,Well-Lit,60
MMTI-2025-10464,Manila,Truck,Rear-end,2,Clear,23.0,Male,0,201334.38,,Well-Lit,60
MMTI-2025-06049,,Truck,Side-swipe,3,Clear,27.0,Male,0,547075.46,Heavy,No Lights,80
MMTI-2025-17147,Marikina,Motorcycle,Side-swipe,4,Clear,17.0,Male,2,"PHP 61,307.41",Moderate,Well-Lit,40
MMTI-2025-19091,Mandaluyong,Motorcycle,Side-swipe,Risk Level 3,,38.0,Female,0,10757.68,Heavy,Well-Lit,40 kph
MMTI-2025-20575,Quezon,SUV/Van,Hit and Run,3.0,Rainy,18.0,Male,0,1161589.01,Heavy,Well-Lit,60
MMTI-2025-22862,Valenzuela,,Head-on,3,Cloudy,33.0,Male,0,297115.23,Moderate,Unlit,40
MMTI-2025-18282,Pasig,Car,Head-on,3,Clear,20.0,Male,0,138065.79,Heavy,Poorly-Lit,40
MMTI-2025-10131,Las Pinas,Car,Rear-end,6,Clear,32.0,Male,3,82694.29,Light,Well-Lit,80
MMTI-2025-08231,Quezon,Motorcycle,Head-on,3.0,Cloudy,40.0,Female,0,364128.09,HEAVY,Unlit,60 kph
MMTI-2025-07315, quezon,Bus,Head-on,,Clear,,M,0,"PHP 153,392.29",Heavy,Well-Lit,40
MMTI-2025-11156,,Jeepney,Head-on,3,Clear,49.0,Female,0,"PHP 140,835.89",Heavy,Well-Lit,60 km/h
MMTI-2025-22894, valenzuela,Bus,Head-on,Risk Level 3,Clear,-10.0,Male,0,"PHP 193,960.26",,Well-Lit,60
MMTI-2025-21953,Manila,Car,Side-swipe,3,Cloudy,19.0,Male,0,166605.0,Light,Poorly-Lit,30
MMTI-2025-14852,Pasay,Motorcycle,Side-swipe,Risk Level 3,Clear,40.0,Male,0,50331.19,Heavy,Poorly-Lit,30
MMTI-2025-20160,Caloocan,,Side-swipe,3.0,Clear,25.0,Male,0,161853.57,Heavy,Poorly-Lit,60
MMTI-2025-15035,,Car,Hit and Run,Risk Level 3,Clear,32.0,Male,0,246456.82,Heavy,Well-Lit,40
MMTI-2025-00491,Caloocan,SUV/Van,Rear-end,3.0,Clear,999.0,Male,0,302811.11,,Well-Lit,80
MMTI-2025-21382,Paranaque,Car,Rear-end,3,Clear,47.0,Male,0,114880.56,Heavy,No Lights,60 km/h
MMTI-2025-11653,Quezon,Car,Head-on,2,Cloudy,53.0,Male,0,362387.53,Heavy,Well-Lit,60
MMTI-2025-19283,Marikina,Car,Head-on,3.0,Clear,22.0,Female,0,65952.33,Heavy,Poorly-Lit,60
MMTI-2025-13709,Quezon,,Rear-end,3,Clear,31.0,Male,0,110257.17,Moderate,Well-Lit,60
MMTI-2025-10115,Manila,Motorcycle,Side-swipe,,Clear,39.0,Male,0,12605.42,Heavy,Well-Lit,60
MMTI-2025-23160,Manila,Car,Hit and Run,3,Cloudy,47.0,Female,0,196437.55,Heavy,Well-Lit,30
MMTI-2025-11181,Taguig,Car,Head-on,3,Cloudy,37.0,Male,0,299414.22,Moderate,Well-Lit,60
MMTI-2025-19867,Quezon,Car,Side-swipe,3.0,Rainy,41.0,Female,0,"PHP 996,117.19",Heavy,Unlit,60
MMTI-2025-11629,QUEZON ,Truck,Side-swipe,,Rain,35.0,Female,0,495495.31,Moderate,well lit,80
MMTI-2025-04706,Muntinlupa,Truck,Rear-end,Risk Level 3,Clear,22.0,Female,0,51802.08,Heavy,Lit,80
MMTI-2025-01477,Manila,,Side-swipe,Risk Level 3,Clear,27.0,Female,0,201277.55,Heavy,Well-Lit,40
MMTI-2025-11620,Quezon,Car,Rear-end,3.0,Rainy,34.0,Unknown,0,1108406.97,Heavy,No Lights,40 km/h
MMTI-2025-05931,Valenzuela,Bus,Rear-end,2,Clear,33.0,Male,0,,MODERATE,Poorly-Lit,80
MMTI-2025-02531,Manila,Car,Rear-end,Risk Level 6,Cloudy,17.0,Male,4,189526.95,Moderate,Well-Lit,60 kph
MMTI-2025-04306,,Car,Side-swipe,3.0,Clear,28.0,Female,0,194175.82,Heavy,Well-Lit,60
MMTI-2025-21180,Valenzuela,Car,Rear-end,3,Clear,46.0,Female,0,38175.27,Moderate,Poorly-Lit,80
MMTI-2025-15230,Valenzuela,Motorcycle,Rear-end,3,Clear,25.0,Male,0,38105.15,Heavy,Unlit,40
MMTI-2025-06632,Quezon,Car,Rear-end,3.0,Stormy,34.0,Male,0,1808870.66,Heavy,No Lights,30
MMTI-2025-22625,Makati,SUV/Van,Rear-end,3.0,Cloudy,20.0,Female,0,255302.76,Heavy,Poorly-Lit,60
MMTI-2025-01511,Quezon,Motorcycle,Side-swipe,Risk Level 3,Rainy,30.0,Female,0,1456745.48,Light,Well-Lit,80
MMTI-2025-00472,QUEZON ,SUV/Van,Hit and Run,,Rain,48.0,Female,0,115770.43,Moderate,Poorly-Lit,60
MMTI-2025-18437,San Juan,Car,Head-on,3.0,Clear,0.0,Male,0,,Moderate,Well-Lit,60 km/h
MMTI-2025-14397,MANILA ,SUV/Van,Hit and Run,3,,36.0,Male,0,151.4k,Heavy,Poorly-Lit,60 km/h
MMTI-2025-09852,,Truck,Side-swipe,3,Rain,71.0,Male,0,732992.03,Heavy,POOR,40
MMTI-2025-03583, manila,Jeepney,Head-on,Risk Level 3,,54.0,Female,0,28780.01,Moderate,Poorly-Lit,40 km/h
MMTI-2025-03520,Quezon,Car,Hit and Run,3,Rainy,22.0,F,0,1227464.69,Moderate,Well-Lit,30
MMTI-2025-07617,Taguig,Car,Rear-end,Risk Level 3,Cloudy,64.0,Female,0,339517.23,Heavy,Well-Lit,60
MMTI-2025-14321,Manila,Motorcycle,Side-swipe,6,,50.0,Male,2,82829.95,Heavy,Well-Lit,80
MMTI-2025-23578,Quezon,Car,Rear-end,3.0,Rainy,42.0,Female,0,775697.78,Moderate,Unlit,80 km/h
MMTI-2025-20952,Quezon,Car,Hit and Run,Risk Level 3,Rainy,53.0,Male,0,"PHP 1,079,201.43",Heavy,Well-Lit,40
MMTI-2025-01245,Taguig,Jeepney,Hit and Run,,Clear,36.0,Male,0,-500,Heavy,Poorly-Lit,40
MMTI-2025-04045,Quezon,Motorcycle,Hit and Run,3,Rainy,29.0,Male,0,964841.3,Heavy,Well-Lit,40
MMTI-2025-18375,Manila,Car,Side-swipe,3,Clear,52.0,Female,0,,Light,Unlit,40 km/h
MMTI-2025-16198,QUEZON ,,Side-swipe,3.0,Rain,46.0,Male,0,102214.47,Moderate,Well-Lit,60
MMTI-2025-02914,Quezon,Motorcycle,Rear-end,4,Cloudy,37.0,Female,1,503483.44,Moderate,Poorly-Lit,80
MMTI-2025-17319,Mandaluyong,Motorcycle,Hit and Run,3,Clear,31.0,Unknown,0,74207.62,Light,Poorly-Lit,80
MMTI-2025-23279,Pasig,SUV/Van,Hit and Run,4.0,Clear,150.0,Female,1,155225.58,Moderate,Well-Lit,40
MMTI-2025-04914,Manila,Car,Rear-end,4,Cloudy,36.0,Male,4,183998.38,Moderate,Poorly-Lit,40
MMTI-2025-20470,PARANAQUE ,Motorcycle,Head-on,,Clear,29.0,Male,0,4825.66,Heavy,Well-Lit,60
MMTI-2025-16330,Manila,Car,Side-swipe,3,Cloudy,58.0,female ,0,180934.64,Moderate,Well-Lit,80
MMTI-2025-14357,Mandaluyong,Truck,Side-swipe,6,Clear,37.0,Male,4,75987.88,Heavy,Well-Lit,30
MMTI-2025-11644,Manila,Bus,Head-on,3,Clear,,Female,0,568039.55,Heavy,Unlit,60
MMTI-2025-20241,Manila,Car,Hit and Run,Risk Level 3,Cloudy,47.0,Male,0,167743.92,Moderate,Poorly-Lit,30
MMTI-2025-11699,Quezon,Motorcycle,Hit and Run,,Cloudy,36.0,Male,0,13683.55,Light,Well-Lit,40
MMTI-2025-12314,Quezon,Car,Hit and Run,3.0,Rainy,0.0,Male,0,744640.98,Light,Unlit,60
MMTI-2025-17530,Paranaque,,Side-swipe,6.0,Clear,,Male,1,504901.64,Heavy,Unlit,60
MMTI-2025-11809,Quezon,Car,Head-on,3,Rainy,47.0,Male,0,1442417.83,Heavy,dark,80 km/h
MMTI-2025-10816,Taguig,Truck,Side-swipe,Risk Level 4,Cloudy,35.0,Male,4,317815.45,LIGHT,Well-Lit,30 kph
MMTI-2025-00208,Paranaque,Motorcycle,Side-swipe,3,Clear,49.0,Female,0,121888.96,Heavy,Poorly-Lit,80
MMTI-2025-19131, muntinlupa,Jeepney,Side-swipe,,Rain,37.0,Male,0,10672.48,Heavy,Poorly-Lit,60 km/h
MMTI-2025-16939,Quezon,Jeepney,Hit and Run,2.0,Clear,-10.0,Male,0,14092.5,,Well-Lit,40
MMTI-2025-12731,MAKATI ,Bus,Side-swipe,6,Rain,49.0,Male,4,1606.5k,,Poorly-Lit,80
MMTI-2025-16110,Valenzuela,,Rear-end,3,Clear,25.0,Female,0,111196.09,Heavy,Well-Lit,30 kph
MMTI-2025-00833,Manila,Truck,Rear-end,,Clear,35.0,Female,0,131885.35,Heavy,Well-Lit,30
MMTI-2025-17735,Makati,Jeepney,Side-swipe,2,Cloudy,44.0,Female,0,244497.52,Heavy,Poorly-Lit,100
MMTI-2025-06362,Quezon,Car,Head-on,3,Rainy,21.0,Male,0,1105551.64,Light,Well-Lit,60 km/h
MMTI-2025-08656,Taguig,Car,Side-swipe,3.0,Cloudy,66.0,Male,0,334333.22,Moderate,Well-Lit,60
MMTI-2025-02917,San Juan,Car,Head-on,Risk Level 3,Clear,23.0,Male,0,40695.27,Heavy,Well-Lit,60
MMTI-2025-03843,Marikina,Motorcycle,Rear-end,3,Clear,17.0,Female,0,65041.62,HEAVY,well lit,60
MMTI-2025-01221,Makati,Truck,Hit and Run,3,Cloudy,27.0,Female,0,"PHP 240,995.24",Moderate,No Lights,60
MMTI-2025-05268, marikina,Truck,Rear-end,Risk Level 6,,44.0,Male,1,2099016.63,Heavy,Lit,60
MMTI-2025-21446,Caloocan,Car,Hit and Run,6,Clear,17.0,Female,3,42071.72,Moderate,Well-Lit,40 kph
MMTI-2025-15967,MANDALUYONG ,Jeepney,Side-swipe,,Cloudy,29.0,Female,3,24016.06,Moderate,Poorly-Lit,40
MMTI-2025-22362,VALENZUELA ,,Side-swipe,,Clear,63.0,Female,1,48.6k,Moderate,Poorly-Lit,60
MMTI-2025-19385,,SUV/Van,Rear-end,Risk Level 1,Clear,24.0,Male,0,98915.88,Moderate,POOR,80
MMTI-2025-06489,,Car,Side-swipe,Risk Level 3,Clear,44.0,Male,0,219329.22,MODERATE,Well-Lit,30
MMTI-2025-15392,Manila,Car,Head-on,3,Cloudy,20.0,Female,0,194791.34,HEAVY,Well-Lit,80
MMTI-2025-00982,Quezon,Motorcycle,Head-on,3,Rainy,51.0,Female,0,996941.89,Heavy,Well-Lit,60
MMTI-2025-23524,Quezon,Motorcycle,Hit and Run,6,,25.0,Female,1,61271.04,Heavy,Well-Lit,60 kph
MMTI-2025-15604,Manila,Motorcycle,Side-swipe,3,Clear,29.0,Male,0,36325.78,,POOR,60
MMTI-2025-16418,San Juan,Jeepney,Side-swipe,Risk Level 3,Storm,,Female,0,67869.88,HEAVY,No Lights,100 kph
MMTI-2025-13679,Quezon,Truck,Hit and Run,3,Rainy,61.0,Female,0,975957.16,Light,Well-Lit,60
MMTI-2025-09383,Pasay,Car,Head-on,3,Clear,41.0,Male,0,48972.4,Heavy,Well-Lit,40
MMTI-2025-07871,Quezon,Motorcycle,Head-on,3,Cloudy,37.0,Female,0,356877.34,Heavy,Poorly-Lit,80
MMTI-2025-00076,Quezon,Motorcycle,Side-swipe,Risk Level 3,Cloudy,45.0,Male,0,459531.56,Heavy,Well-Lit,60
MMTI-2025-18481,Quezon,Truck,Rear-end,3,Clear,52.0,Male,0,,Heavy,Well-Lit,60
MMTI-2025-07896,Manila,Car,Rear-end,Risk Level 3,Cloudy,35.0,Female,0,176235.61,Heavy,Well-Lit,60 km/h
MMTI-2025-02201,Quezon,Motorcycle,Head-on,3,Rainy,39.0,Male,0,720924.32,Heavy,No Lights,60
MMTI-2025-21642,Malabon,SUV/Van,Head-on,6,Clear,49.0,Female,2,37056.71,Heavy,Well-Lit,60 km/h
MMTI-2025-03242,Quezon,SUV/Van,Side-swipe,3.0,Rainy,30.0,F,0,1056256.64,Heavy,Unlit,60 kph
MMTI-2025-18865,Makati,SUV/Van,Rear-end,2,Cloudy,49.0,Female,0,213175.71,Moderate,dark,60 km/h
MMTI-2025-13481,Las Pinas,Car,Rear-end,1,Clear,52.0,Female,0,86312.14,Light,Unlit,60
MMTI-2025-09514,Manila,Truck,Head-on,3.0,Clear,33.0,Male,0,"PHP 1,100,738.92",,dark,40
MMTI-2025-18348,,Bus,Head-on,3,Clear,,Male,0,1182736.5,Light,Well-Lit,60
MMTI-2025-21793,Manila,Car,Head-on,Risk Level 4,Cloudy,27.0,Female,4,209629.05,Moderate,Well-Lit,40 km/h
MMTI-2025-22066,Marikina,Car,Rear-end,Risk Level 3,Clear,30.0,Male,0,64.7k,Heavy,Poorly-Lit,80 kph
MMTI-2025-15602,Makati,Jeepney,Head-on,3.0,Cloudy,33.0,Female,0,226003.73,MODERATE,Well-Lit,60
MMTI-2025-00344,Las Pinas,Truck,Rear-end,3,Clear,45.0,Male,0,86554.77,Heavy,Well-Lit,60
MMTI-2025-01046,Quezon,Car,Head-on,3,Rainy,44.0,Female,0,1122694.99,Moderate,Well-Lit,60
MMTI-2025-14995,Quezon,Motorcycle,Side-swipe,3.0,Cloudy,28.0,Male,0,422093.11,Light,Poorly-Lit,80
MMTI-2025-01822,Manila,Jeepney,Hit and Run,3.0,Cloudy,999.0,Male,0,183487.14,Heavy,Poorly-Lit,60 km/h
MMTI-2025-16433,Quezon,Truck,Head-on,6,Rainy,49.0,Male,3,1701302.16,Moderate,Well-Lit,60
MMTI-2025-17759,Valenzuela,,Side-swipe,3,Clear,29.0,Male,0,135506.29,Heavy,Poorly-Lit,100
MMTI-2025-18532,Pasig,Car,Rear-end,3.0,Clear,44.0,Male,0,124333.76,HEAVY,Well-Lit,80
MMTI-2025-11560,Muntinlupa,Jeepney,Rear-end,2,,38.0,Male,0,"PHP 18,056.40",Light,Poorly-Lit,60
MMTI-2025-08243,Quezon,SUV/Van,Rear-end,3,Cloudy,49.0,Male,0,"PHP 474,962.56",Heavy,Unlit,40
MMTI-2025-10337,Quezon,SUV/Van,Side-swipe,3,Rainy,48.0,Male,0,1624955.38,Moderate,Well-Lit,60
MMTI-2025-09962,Muntinlupa,SUV/Van,Rear-end,3.0,Clear,44.0,Male,0,54.1k,Heavy,Poorly-Lit,80
MMTI-2025-11406,Quezon,SUV/Van,Hit and Run,,Clear,37.0,Male,2,72120.48,Moderate,Well-Lit,60
MMTI-2025-22712,Quezon,SUV/Van,Rear-end,Risk Level 3,Cloudy,999.0,Male,0,427313.12,Heavy,Well-Lit,60
MMTI-2025-02212,Quezon,Car,Rear-end,3,Rainy,29.0,Male,0,1630812.18,Heavy,Well-Lit,40
MMTI-2025-01274,Malabon,Motorcycle,Head-on,3.0,,28.0,Male,0,15110.7,Heavy,Well-Lit,60 km/h
MMTI-2025-11731,,,Head-on,,Clear,51.0,Female,4,33913.4,Heavy,well lit,40
MMTI-2025-20075,Valenzuela,Motorcycle,Head-on,3.0,,17.0,Male,0,44619.35,Moderate,No Lights,100
MMTI-2025-14527,Manila,,Hit and Run,3,Clear,26.0,Male,0,"PHP 167,213.72",Heavy,Well-Lit,60 km/h
MMTI-2025-01596,Quezon,Motorcycle,Side-swipe,3,Stormy,41.0,Male,0,99999999,Heavy,Well-Lit,80
MMTI-2025-13181,Quezon,Car,Hit and Run,3,Cloudy,36.0,Male,0,550269.11,Light,Poorly-Lit,80
MMTI-2025-19355,Taguig,Car,Side-swipe,Risk Level 3,Cloudy,55.0,female ,0,325813.41,Moderate,Unlit,100
MMTI-2025-16414,Quezon,SUV/Van,Hit and Run,2.0,Clear,31.0,Female,0,25810.33,,Well-Lit,40
MMTI-2025-01320,Manila,Car,Side-swipe,1,Cloudy,41.0,F,0,"PHP 200,076.80",Moderate,Unlit,80
MMTI-2025-10966,Quezon,Motorcycle,Head-on,3,Rainy,38.0,Male,0,728467.02,Heavy,Well-Lit,60 km/h
MMTI-2025-22589,Taguig,Car,Hit and Run,3,Cloudy,25.0,Male,0,348309.59,Heavy,Well-Lit,60
MMTI-2025-22026,Makati,SUV/Van,Rear-end,6.0,Clear,,Male,3,562633.77,Heavy,Poorly-Lit,60
MMTI-2025-22125,Caloocan,Car,Rear-end,3,Clear,28.0,Female,0,41.5k,Moderate,Poorly-Lit,80 km/h
MMTI-2025-02161,Paranaque,Car,Rear-end,6.0,Clear,30.0,Male,2,110452.9,Light,dark,60 km/h
MMTI-2025-14184,Mandaluyong,Motorcycle,Side-swipe,3.0,Clear,150.0,Female,0,77593.95,HEAVY,Well-Lit,60
MMTI-2025-12474,Quezon,Truck,Head-on,,Rain,40.0,Male,0,99046.63,Moderate,Well-Lit,60 km/h
MMTI-2025-22099,Malabon,Truck,Rear-end,,Clear,50.0,Male,0,194252.82,Heavy,Well-Lit,30
MMTI-2025-21774,Mandaluyong,Motorcycle,Head-on,3,Clear,,Male,0,57948.36,Heavy,POOR,60
MMTI-2025-09720,Manila,Car,Hit and Run,Risk Level 3,Cloudy,31.0,Male,0,181408.22,Heavy,Well-Lit,60
MMTI-2025-21886,Makati,Car,Head-on,3.0,Cloudy,44.0,Male,0,251136.65,Heavy,No Lights,80 km/h
MMTI-2025-02739,Quezon,Motorcycle,Side-swipe,3.0,Rainy,33.0,Male,0,746973.12,Heavy,Poorly-Lit,80 km/h
MMTI-2025-04463,Manila,Jeepney,Hit and Run,3,Clear,28.0,Male,0,28604.5,,Well-Lit,40
MMTI-2025-00842,Paranaque,Car,Hit and Run,3,Clear,30.0,Female,0,120780.22,Heavy,Well-Lit,60
MMTI-2025-17018,Pasig,Car,Hit and Run,Risk Level 3,Clear,46.0,Female,0,137720.02,Heavy,Well-Lit,60
MMTI-2025-22061,Manila,Jeepney,Head-on,3.0,Clear,29.0,F,0,26551.54,,Well-Lit,60
MMTI-2025-00469,Paranaque,Car,Rear-end,3,Clear,35.0,Male,0,"PHP 117,734.86",Heavy,Poorly-Lit,80
MMTI-2025-12875,Pasig,SUV/Van,Rear-end,3,,39.0,Male,0,,Heavy,Well-Lit,60
MMTI-2025-07707,MAKATI ,Bus,Side-swipe,Risk Level 3,,35.0,Male,0,767912.82,Heavy,No Lights,40 km/h