Incident_ID,City,Vehicle_Type,Accident_Type,Severity,Weather_Condition,Driver_Age,Driver_Gender,Injury_Count,Damage_Cost_PHP,Traffic_Volume,Road_Lighting,Speed_Limit
MMTI-2025-10894,Quezon,SUV/Van,Side-swipe,4.0,Clear,54.0,Female,4,,MODERATE,Well-Lit,40
MMTI-2025-20271,Quezon,SUV/Van,Rear-end,Risk Level 6,Stormy,37.0,Female,1,3773643.75,Heavy,Poorly-Lit,60 km/h
MMTI-2025-07056,Manila,Jeepney,Head-on,,Rain,999.0,Male,0,21917.32,Heavy,Well-Lit,60
MMTI-2025-09623,Taguig,Motorcycle,Rear-end,Risk Level 2,Cloudy,57.0,Male,0,"PHP 345,043.75",Heavy,dark,60 km/h
MMTI-2025-20302,Quezon,SUV/Van,Hit and Run,3.0,Stormy,23.0,Male,0,2026127.43,Heavy,No Lights,30 km/h
MMTI-2025-19013,Manila,Car,Hit and Run,3,Clear,,Male,0,-500,Heavy,POOR,60
MMTI-2025-03474,Muntinlupa,SUV/Van,Hit and Run,Risk Level 3,Clear,27.0,Female,0,55424.25,HEAVY,dark,40
MMTI-2025-11705,QUEZON ,Bus,Rear-end,,Clear,51.0,Male,0,167382.49,Moderate,Well-Lit,60
MMTI-2025-12592,Quezon,Motorcycle,Hit and Run,6,Cloudy,37.0,Male,1,"PHP 615,110.54",Heavy,Unlit,40
MMTI-2025-01191,,,Hit and Run,3.0,Storm,53.0,Male,0,298418.78,Heavy,Well-Lit,100
MMTI-2025-03256,,Jeepney,Head-on,3.0,Rain,31.0,Male,0,,Heavy,Well-Lit,60
MMTI-2025-17739,Pasay,SUV/Van,Side-swipe,,Clear,32.0,Male,0,166405.32,Heavy,Well-Lit,60
MMTI-2025-07422,Marikina,Motorcycle,Side-swipe,6,Clear,17.0,Male,1,61099.65,Heavy,Well-Lit,60
MMTI-2025-15169,Marikina,Car,Hit and Run,Risk Level 2,Clear,62.0,Male,0,63122.07,Heavy,Well-Lit,30
MMTI-2025-17831,Quezon,Car,Hit and Run,6,Rainy,26.0,Male,1,1640050.69,Light,dark,60
MMTI-2025-04317,Quezon,Jeepney,Head-on,,Storm,20.0,Male,0,28884.77,,Well-Lit,60 km/h
MMTI-2025-03723,Pasay,Car,Head-on,3,Clear,40.0,Male,0,47232.92,HEAVY,Poorly-Lit,60
MMTI-2025-14717,Quezon,Motorcycle,Head-on,Risk Level 3,Rainy,36.0,Male,0,871741.43,Heavy,Poorly-Lit,80
MMTI-2025-12290,Makati,Car,Head-on,3,Cloudy,23.0,Male,0,265847.04,Moderate,Well-Lit,60 km/h
MMTI-2025-01613,Muntinlupa,Car,Rear-end,3,Clear,33.0,Male,0,55869.85,Heavy,POOR,40
MMTI-2025-20901,Taguig,SUV/Van,Hit and Run,,Rain,50.0,Male,0,115355.94,Heavy,Well-Lit,80
MMTI-2025-18759,,Car,Head-on,4.0,Clear,47.0,Male,1,198056.63,Moderate,Well-Lit,60
MMTI-2025-18645,,Motorcycle,Head-on,3.0,,44.0,Male,0,46308.31,Heavy,Well-Lit,60 km/h
MMTI-2025-11800,Quezon,SUV/Van,Head-on,3,Rain,,male,0,325779.02,Heavy,Well-Lit,60
MMTI-2025-18717,Makati,Car,Head-on,3,Cloudy,57.0,Male,0,213823.09,Heavy,Well-Lit,100
MMTI-2025-11383,Quezon,Jeepney,Hit and Run,,Clear,43.0,Female,0,21710.6,Heavy,Poorly-Lit,60
MMTI-2025-09925,Paranaque,Car,Hit and Run,1,Clear,40.0,Male,0,107801.51,Moderate,Well-Lit,60
MMTI-2025-11325,,Jeepney,Rear-end,3,Clear,27.0,F,0,69603.5,HEAVY,No Lights,80
MMTI-2025-16815,Paranaque,Car,Rear-end,3,Clear,29.0,Male,0,105468.88,Light,Poorly-Lit,80 kph
MMTI-2025-04922,Paranaque,Car,Hit and Run,2.0,Clear,32.0,Male,0,102667.08,Heavy,Well-Lit,100
MMTI-2025-22473,Quezon,Motorcycle,Hit and Run,3.0,Rainy,21.0,Male,0,859605.85,Heavy,Well-Lit,60
MMTI-2025-00359,,Car,Hit and Run,2.0,Clear,36.0,Male,0,25160.47,,Poorly-Lit,60 km/h
MMTI-2025-19165,Paranaque,Motorcycle,Side-swipe,Risk Level 3,Clear,29.0,Male,0,113687.81,Heavy,Poorly-Lit,40
MMTI-2025-13208,Manila,Truck,Rear-end,2,,34.0,Male,0,185904.92,Heavy,Poorly-Lit,40
MMTI-2025-01593,,Motorcycle,Rear-end,3,Clear,48.0,Male,0,43831.45,Heavy,Well-Lit,60
MMTI-2025-08105,Taguig,Car,Side-swipe,3.0,Cloudy,24.0,Male,0,"PHP 323,316.71",Heavy,Well-Lit,40
MMTI-2025-15006,,Motorcycle,Head-on,2,Clear,42.0,Male,4,8694.96,Light,Well-Lit,80
MMTI-2025-06863,Paranaque,,Rear-end,3,Clear,42.0,Male,0,159.2k,Heavy,Well-Lit,60
MMTI-2025-17444,Valenzuela,,Side-swipe,3,Clear,0.0,Male,0,225787.25,Heavy,Well-Lit,40
MMTI-2025-09678,Quezon,SUV/Van,Rear-end,6.0,Rainy,40.0,Male,3,1757046.86,Heavy,Well-Lit,80
MMTI-2025-04883,Paranaque,Car,Side-swipe,3,Clear,36.0,Female,0,120694.86,Moderate,Poorly-Lit,60 km/h
MMTI-2025-07303,Makati,Jeepney,Head-on,Risk Level 3,Cloudy,25.0,Male,0,"PHP 219,829.53",Heavy,Well-Lit,60
MMTI-2025-07953,Marikina,Car,Hit and Run,3,Clear,34.0,Female,0,"PHP 60,379.26",Heavy,Poorly-Lit,60 km/h
MMTI-2025-16593,Quezon,Car,Head-on,6,Cloudy,20.0,Female,2,584209.45,Light,Poorly-Lit,60
MMTI-2025-22307,,SUV/Van,Head-on,3,Rain,38.0,Female,0,"PHP 476,995.43",,Well-Lit,80
MMTI-2025-04530,,SUV/Van,Side-swipe,3,Clear,,Male,0,176993.15,Heavy,Poorly-Lit,30 km/h
MMTI-2025-09533,Pasig,Car,Side-swipe,Risk Level 3,Clear,31.0,Male,0,134244.12,Moderate,Poorly-Lit,40 kph
MMTI-2025-21649,Taguig,Car,Rear-end,Risk Level 3,Cloudy,24.0,Male,0,308070.65,Heavy,Well-Lit,30
MMTI-2025-14085,Quezon,Motorcycle,Head-on,3.0,Cloudy,35.0,Male,0,516045.96,Heavy,well lit,30 km/h
MMTI-2025-05413,Paranaque,Car,Rear-end,3,Clear,30.0,Male,0,108211.49,Heavy,Well-Lit,40 kph
MMTI-2025-01084,Quezon,Motorcycle,Hit and Run,6,Stormy,999.0,F,4,2279758.08,Heavy,Well-Lit,60
MMTI-2025-06293,Manila,Motorcycle,Hit and Run,3,Cloudy,45.0,Male,0,"PHP 176,254.17",Moderate,POOR,60 km/h
MMTI-2025-04211,Makati,Jeepney,Side-swipe,3.0,Clear,43.0,Male,0,23081.34,,Lit,40
MMTI-2025-22708,Caloocan,Car,Side-swipe,3,Storm,,Male,0,"PHP 64,474.77",Moderate,Unlit,60
MMTI-2025-09811,Pasig,Car,Head-on,3,Clear,46.0,Female,0,123905.71,Heavy,dark,100
MMTI-2025-18075,Quezon,Motorcycle,Side-swipe,6,Cloudy,49.0,Female,3,364418.82,Heavy,Well-Lit,60
MMTI-2025-01786,Pasay,SUV/Van,Hit and Run,3.0,Clear,39.0,Female,0,,Heavy,Poorly-Lit,60
MMTI-2025-18510,Taguig,Motorcycle,Rear-end,3.0,Cloudy,48.0,F,0,339719.71,Moderate,Well-Lit,60
MMTI-2025-11651,Pateros,,Rear-end,3.0,Rain,30.0,Male,0,"PHP 201,148.84",Moderate,Well-Lit,30
MMTI-2025-21788,Makati,SUV/Van,Side-swipe,Risk Level 3,Rain,54.0,Male,0,,MODERATE,Well-Lit,30 km/h
MMTI-2025-12656,Quezon,Car,Rear-end,Risk Level 3,Rainy,40.0,Male,0,1275974.54,HEAVY,No Lights,60
MMTI-2025-07958,Marikina,Jeepney,Rear-end,3,Clear,29.0,Unknown,0,64899.16,Heavy,Well-Lit,80
MMTI-2025-20513,,Jeepney,Head-on,3.0,Clear,47.0,male,0,119912.73,Moderate,Well-Lit,60 km/h
MMTI-2025-19574,Manila,Motorcycle,Hit and Run,Risk Level 3,Storm,,Male,0,37569.13,Moderate,Poorly-Lit,80
MMTI-2025-20515,Quezon,Car,Side-swipe,3,Rainy,58.0,Male,0,1477484.13,Moderate,POOR,40
MMTI-2025-07772,Manila,Car,Side-swipe,3,Cloudy,46.0,Male,0,180543.21,Heavy,Poorly-Lit,40
MMTI-2025-15447,Pasig,Motorcycle,Head-on,3,Clear,35.0,Male,0,145329.77,Heavy,Well-Lit,40
MMTI-2025-05760,Muntinlupa,Truck,Side-swipe,Risk Level 4,,43.0,Male,2,190125.8,Moderate,Poorly-Lit,60
MMTI-2025-03855,Quezon,Truck,Head-on,3,Rainy,53.0,Male,0,828797.29,Heavy,Lit,30
MMTI-2025-11694,Quezon,Motorcycle,Head-on,6,Stormy,17.0,Female,2,99999999,Heavy,well lit,60
MMTI-2025-10169,San Juan,,Rear-end,2,Clear,41.0,Male,0,71214.93,Light,No Lights,40
MMTI-2025-10128,Quezon,Car,Rear-end,6.0,Rainy,25.0,M,3,704089.42,HEAVY,Unlit,80
MMTI-2025-17884,,Bus,Head-on,2,Cloudy,41.0,Male,0,413919.5,Heavy,No Lights,60
MMTI-2025-09161,Manila,Car,Side-swipe,6.0,Rain,,Male,3,"PHP 411,540.21",Moderate,Well-Lit,60 kph
MMTI-2025-09177,,Jeepney,Side-swipe,Risk Level 1,Clear,39.0,Female,0,42121.78,Moderate,Well-Lit,40
MMTI-2025-02210,Quezon,Car,Rear-end,Risk Level 3,Rainy,25.0,Male,0,"PHP 680,074.23",Heavy,Poorly-Lit,60 kph
MMTI-2025-06612,Manila,Car,Side-swipe,3,Clear,44.0,female ,0,,,Well-Lit,60
MMTI-2025-15582,Makati,Car,Hit and Run,3,Cloudy,63.0,Male,0,244337.75,Heavy,Poorly-Lit,60 km/h
MMTI-2025-12096,Pasay,Car,Side-swipe,3,Clear,45.0,Male,0,50212.97,Moderate,Poorly-Lit,30
MMTI-2025-17440,Quezon,Car,Side-swipe,6.0,Rainy,57.0,Female,3,697357.91,Heavy,Well-Lit,60
MMTI-2025-16327,,Motorcycle,Head-on,3,Clear,36.0,Unknown,0,10.2k,Heavy,Well-Lit,60
MMTI-2025-21285,Pateros,,Head-on,3,Clear,36.0,Female,0,138739.97,Heavy,Poorly-Lit,60
MMTI-2025-03819,Caloocan,Car,Head-on,3.0,Clear,26.0,Male,0,44421.35,Light,Poorly-Lit,60
MMTI-2025-19147,Quezon,SUV/Van,Side-swipe,Risk Level 6,Cloudy,26.0,Male,2,354574.31,Heavy,Poorly-Lit,60 km/h
MMTI-2025-08814,Quezon,Car,Head-on,3.0,Rainy,48.0,Male,0,1100911.58,Moderate,Poorly-Lit,80 km/h
MMTI-2025-17548,Manila,Truck,Rear-end,Risk Level 2,,18.0,Male,0,237552.01,Light,POOR,60
MMTI-2025-15859,Quezon,Motorcycle,Hit and Run,3.0,Rainy,40.0,Male,0,1144937.43,Moderate,Poorly-Lit,30 km/h
MMTI-2025-02948,Pasay,Truck,Side-swipe,2,Clear,33.0,Male,0,46368.44,Moderate,Poorly-Lit,60
MMTI-2025-05891,Quezon,Bus,Rear-end,,Rain,34.0,Male,0,"PHP 184,028.32",Heavy,Lit,40
MMTI-2025-16789,San Juan,Car,Head-on,3,Clear,-10.0,Male,0,39113.01,Heavy,well lit,60
MMTI-2025-00205,Quezon,Motorcycle,Head-on,6,Stormy,29.0,Female,1,"PHP 2,861,871.65",HEAVY,Lit,40 km/h
MMTI-2025-07725,Makati,,Rear-end,6,Clear,46.0,Male,1,423952.88,Heavy,well lit,60
MMTI-2025-12325,Pasig,Car,Side-swipe,Risk Level 3,Clear,39.0,Male,0,"PHP 151,794.55",Light,Well-Lit,60
MMTI-2025-08835, caloocan,Bus,Head-on,6,,36.0,Female,2,,Heavy,Well-Lit,80
MMTI-2025-21864,Pasay,Truck,Side-swipe,6.0,Clear,39.0,Male,2,1676765.57,,Well-Lit,80
MMTI-2025-19088,Quezon,Motorcycle,Head-on,Risk Level 3,Rainy,29.0,Male,0,991214.07,Moderate,Unlit,80 kph
MMTI-2025-15657,,Jeepney,Rear-end,3,Clear,,Female,0,34020.53,Heavy,Well-Lit,60
MMTI-2025-12770,Quezon,Car,Side-swipe,Risk Level 6,Cloudy,35.0,Male,4,535231.69,Heavy,Poorly-Lit,40 km/h
MMTI-2025-00172,Pasig,Car,Head-on,3.0,Clear,43.0,Male,0,"PHP 143,399.34",HEAVY,Well-Lit,40
MMTI-2025-15605,Caloocan,Motorcycle,Side-swipe,,Cloudy,,Male,0,18149.05,HEAVY,Poorly-Lit,80
MMTI-2025-01087,Makati,SUV/Van,Side-swipe,2,Cloudy,17.0,Female,0,214485.08,Moderate,Well-Lit,60 kph
MMTI-2025-20261,Makati,Truck,Rear-end,Risk Level 3,,28.0,Male,0,444499.76,Heavy,Well-Lit,80
MMTI-2025-13440,VALENZUELA ,Jeepney,Side-swipe,6,Rain,39.0,Male,4,164837.5,,Well-Lit,60
MMTI-2025-04882,Paranaque,Motorcycle,Hit and Run,Risk Level 3,Clear,41.0,Male,0,97230.41,Heavy,Well-Lit,60
MMTI-2025-15179,Quezon,Car,Head-on,3,Rainy,35.0,Male,0,1635819.58,Heavy,Well-Lit,80 kph
MMTI-2025-21239,Las Pinas,Car,Head-on,3,Clear,65.0,Female,0,82340.8,HEAVY,Well-Lit,80
MMTI-2025-04048,Quezon,Motorcycle,Rear-end,Risk Level 3,Cloudy,23.0,Male,0,468032.1,Heavy,Well-Lit,40
MMTI-2025-09286,Pasig,Car,Head-on,3.0,Clear,37.0,Male,0,161756.31,Heavy,Poorly-Lit,30
MMTI-2025-14369,Navotas,Truck,Hit and Run,Risk Level 3,Cloudy,,Male,0,1252073.01,Heavy,Well-Lit,40 km/h
MMTI-2025-02251,Pasay,Car,Side-swipe,6,Clear,41.0,Male,2,46674.34,Light,Well-Lit,80
MMTI-2025-13508,Makati,Car,Side-swipe,3,,49.0,Male,0,81123.44,Heavy,Well-Lit,80
MMTI-2025-00859,Marikina,Jeepney,Hit and Run,3,Clear,56.0,Female,0,64845.82,Heavy,well lit,30 km/h
MMTI-2025-22605,Muntinlupa,Car,Rear-end,3,Clear,56.0,Male,0,57349.24,Heavy,Well-Lit,40
MMTI-2025-08394,Las Pinas,SUV/Van,Side-swipe,Risk Level 2,Clear,38.0,Female,0,"PHP 85,639.76",Heavy,Well-Lit,30
MMTI-2025-11402,Quezon,Jeepney,Hit and Run,Risk Level 3,Cloudy,39.0,Male,0,441011.95,Heavy,POOR,30
MMTI-2025-11081,Quezon,SUV/Van,Rear-end,6,Rainy,54.0,Unknown,4,846116.95,Heavy,Well-Lit,80
MMTI-2025-13782,San Juan,Car,Hit and Run,3,Clear,38.0,Unknown,0,38791.59,Heavy,Well-Lit,60
MMTI-2025-16432,Quezon,Motorcycle,Rear-end,Risk Level 3,Rainy,20.0,Male,0,962.8k,Heavy,Lit,60 km/h
MMTI-2025-17829,,Jeepney,Head-on,6.0,Clear,32.0,Female,3,197572.79,Moderate,Poorly-Lit,40
MMTI-2025-16884,Taguig,SUV/Van,Hit and Run,6.0,Cloudy,54.0,Male,3,330598.47,Moderate,Poorly-Lit,60 km/h
MMTI-2025-03676,Quezon,Car,Side-swipe,3,Rainy,28.0,Female,0,922448.95,Heavy,Poorly-Lit,80
MMTI-2025-16886,Taguig,Car,Side-swipe,6,Cloudy,150.0,Male,2,345027.49,Moderate,well lit,30
MMTI-2025-09143,Quezon,Car,Rear-end,4.0,Cloudy,38.0,Male,1,462775.57,Moderate,Well-Lit,60 km/h
MMTI-2025-01122,Manila,,Hit and Run,Risk Level 6,Rain,44.0,Female,2,325529.92,Moderate,Unlit,100 km/h
MMTI-2025-17149,Quezon,Car,Side-swipe,6,Cloudy,50.0,Male,2,564561.09,Light,Well-Lit,60
MMTI-2025-05229,Quezon,Motorcycle,Head-on,3.0,Cloudy,28.0,Male,0,426.3k,Moderate,Poorly-Lit,80 kph
MMTI-2025-13601,Makati,,Head-on,3,Clear,49.0,Male,0,45619.8,Heavy,Lit,40
MMTI-2025-09809,Manila,Motorcycle,Hit and Run,6.0,,28.0,Male,3,118283.71,Heavy,Unlit,40
MMTI-2025-17406,Pasig,SUV/Van,Side-swipe,3,,38.0,Male,0,126327.48,Heavy,Well-Lit,60 kph
MMTI-2025-18699,Las Pinas,Car,Rear-end,Risk Level 6,Clear,40.0,Female,1,84324.05,Heavy,Well-Lit,30
MMTI-2025-12379,Makati,Car,Rear-end,4,Clear,41.0,Male,1,168462.74,,Well-Lit,60
MMTI-2025-08100,Makati,Motorcycle,Head-on,Risk Level 3,Cloudy,29.0,Male,0,243381.21,Heavy,Unlit,80 km/h
MMTI-2025-18320,Quezon,Motorcycle,Head-on,3,Rainy,19.0,Male,0,1218323.97,LIGHT,Poorly-Lit,60
MMTI-2025-02352,Manila,Car,Side-swipe,6.0,Cloudy,27.0,Male,1,187009.82,Heavy,Unlit,30
MMTI-2025-16007,Las Pinas,Car,Head-on,2,Clear,33.0,Male,0,95639.21,Moderate,Well-Lit,30
MMTI-2025-06434,Manila,Motorcycle,Side-swipe,Risk Level 3,Cloudy,44.0,Male,0,172708.35,Heavy,Well-Lit,40
MMTI-2025-02836,Pasay,Car,Head-on,3,Clear,50.0,Male,0,45.6k,Heavy,Unlit,40
MMTI-2025-00784,,,Side-swipe,3.0,Clear,39.0,Male,0,,Moderate,Lit,60
MMTI-2025-14981,Quezon,Car,Hit and Run,,Clear,41.0,Female,0,66212.79,HEAVY,Well-Lit,80 km/h
MMTI-2025-19923,Quezon,Car,Head-on,Risk Level 3,Rainy,34.0,Female,0,1344028.77,Moderate,POOR,60
MMTI-2025-00953,SAN JUAN ,Motorcycle,Side-swipe,3,Storm,33.0,F,0,,Heavy,Well-Lit,60 km/h
MMTI-2025-23223,Pasig,Car,Rear-end,2,Clear,40.0,Female,0,132362.68,Heavy,Well-Lit,60 kph
MMTI-2025-11608,Quezon,Motorcycle,Hit and Run,3,Rainy,39.0,Male,0,1352860.15,Heavy,Lit,60
MMTI-2025-12620,Quezon,Truck,Side-swipe,Risk Level 3,Cloudy,23.0,M,0,552969.21,Moderate,Well-Lit,80
MMTI-2025-14956,,Truck,Hit and Run,Risk Level 3,Clear,33.0,Female,0,1204614.72,Heavy,Poorly-Lit,60
MMTI-2025-01519,Marikina,Jeepney,Hit and Run,3,Clear,,Male,0,38507.66,Light,Well-Lit,60 km/h
MMTI-2025-01965,Marikina,Truck,Head-on,6.0,Clear,29.0,Male,4,57710.27,Heavy,Poorly-Lit,60
MMTI-2025-23432,Quezon,Motorcycle,Head-on,3,Rainy,26.0,Female,0,1413408.37,LIGHT,Poorly-Lit,60
MMTI-2025-12907,Quezon,Car,Side-swipe,Risk Level 4,Rainy,29.0,Female,4,1024929.74,Moderate,Poorly-Lit,60
MMTI-2025-22826,Manila,,Hit and Run,9.0,Clear,19.0,Male,2,113.0k,HEAVY,Poorly-Lit,60
MMTI-2025-02405,Muntinlupa,,Hit and Run,2.0,Clear,38.0,Male,1,77777777,Heavy,Well-Lit,40
MMTI-2025-00591,Pasay,Motorcycle,Side-swipe,3.0,Clear,51.0,Female,0,47.8k,Heavy,Well-Lit,60
MMTI-2025-11090,Makati,Motorcycle,Hit and Run,2,Cloudy,22.0,Male,0,"PHP 241,100.29",Heavy,Well-Lit,40 km/h
MMTI-2025-09295,Taguig,Motorcycle,Side-swipe,2,Clear,30.0,Male,0,6828.65,,Poorly-Lit,40
MMTI-2025-17879,Pasay,Jeepney,Rear-end,3,Clear,23.0,Female,0,46878.61,HEAVY,Poorly-Lit,40
MMTI-2025-04900,Paranaque,Jeepney,Hit and Run,2,Clear,33.0,Male,0,,Heavy,Well-Lit,30
MMTI-2025-08460,Manila,,Head-on,3,Clear,34.0,Male,0,192177.49,MODERATE,Well-Lit,100
MMTI-2025-06931,QUEZON ,Truck,Head-on,3,,37.0,Female,0,,Heavy,Well-Lit,60 km/h
MMTI-2025-11084,Pasay,Bus,Side-swipe,,Clear,37.0,Male,3,460127.53,Heavy,Well-Lit,80
MMTI-2025-12234,Taguig,Car,Head-on,3.0,Cloudy,24.0,Male,0,306676.33,Heavy,Well-Lit,60
MMTI-2025-17803,Pasig,Car,Hit and Run,3,Clear,52.0,Male,0,127710.11,Heavy,Lit,60
MMTI-2025-13910,Makati,Bus,Head-on,Risk Level 3,Clear,40.0,Male,0,"PHP 468,230.16",,Poorly-Lit,80 km/h
MMTI-2025-09677,Pasig,Car,Head-on,2,Clear,47.0,Male,0,"PHP 154,203.67",Moderate,Poorly-Lit,60
MMTI-2025-22221,Pasig,Car,Rear-end,Risk Level 2,Clear,36.0,Male,0,125974.35,Heavy,Poorly-Lit,60
MMTI-2025-17243,Pasay,Jeepney,Head-on,3,Cloudy,41.0,Male,0,"PHP 42,409.77",,Unlit,60
MMTI-2025-00599, las pinas,Bus,Side-swipe,,Clear,25.0,Male,0,274755.02,Heavy,Well-Lit,60
MMTI-2025-20240,Manila,Car,Rear-end,3,Cloudy,46.0,Male,0,181304.76,Moderate,Well-Lit,60 kph
MMTI-2025-18347,Quezon,Car,Rear-end,Risk Level 3,Cloudy,56.0,Male,0,469552.05,Heavy,Poorly-Lit,30
MMTI-2025-11898,Quezon,Motorcycle,Hit and Run,2.0,Cloudy,48.0,Male,0,352615.95,Heavy,Well-Lit,40
MMTI-2025-17529, makati,Bus,Side-swipe,9.0,Clear,36.0,Male,2,2194703.09,,Poorly-Lit,60
MMTI-2025-13681,,Truck,Hit and Run,,Clear,21.0,Male,0,233687.4,,Poorly-Lit,80
MMTI-2025-11234,Manila,SUV/Van,Rear-end,3,Cloudy,28.0,Female,0,"PHP 170,673.66",Moderate,Well-Lit,60
MMTI-2025-12738,Pasig,Motorcycle,Rear-end,,Rain,23.0,Male,0,10555.3,Moderate,Poorly-Lit,60
MMTI-2025-14647,Mandaluyong,Car,Head-on,3.0,Clear,55.0,F,0,81236.3,Heavy,Well-Lit,60 km/h
MMTI-2025-21312,Malabon,,Hit and Run,,Clear,18.0,Male,0,47136.81,Moderate,dark,60 km/h
MMTI-2025-05581,Quezon,Car,Head-on,3,Cloudy,62.0,Male,0,377357.68,Heavy,Well-Lit,40
MMTI-2025-05739,Quezon,Motorcycle,Side-swipe,6.0,Rainy,150.0,Female,3,1580778.08,Heavy,Poorly-Lit,60
MMTI-2025-03176,Las Pinas,Motorcycle,Hit and Run,6.0,Clear,48.0,Male,3,90734.88,Heavy,Well-Lit,100
MMTI-2025-21712,Manila,Car,Hit and Run,Risk Level 3,Cloudy,25.0,Female,0,165909.1,Heavy,Poorly-Lit,60
MMTI-2025-21286,Muntinlupa,Car,Head-on,Risk Level 3,Clear,40.0,Male,0,53439.95,Moderate,Well-Lit,40 kph
MMTI-2025-22309,Pasig,SUV/Van,Hit and Run,1.0,Clear,21.0,Male,0,140410.53,Moderate,Unlit,60
MMTI-2025-00105,Las Pinas,SUV/Van,Rear-end,3,Clear,30.0,Male,0,"PHP 89,011.39",Heavy,Poorly-Lit,60
MMTI-2025-03646,Caloocan,Motorcycle,Hit and Run,3.0,Clear,35.0,Male,0,,Heavy,Well-Lit,80 kph
MMTI-2025-08142,Las Pinas,Motorcycle,Hit and Run,3.0,Clear,33.0,Male,0,81826.24,Heavy,Unlit,60
MMTI-2025-19033,Quezon,Car,Rear-end,3,Cloudy,41.0,female ,0,409732.37,Heavy,Well-Lit,60 kph
MMTI-2025-02968,Quezon,Motorcycle,Head-on,3,Rainy,37.0,Female,0,"PHP 672,739.95",Heavy,Poorly-Lit,60
MMTI-2025-23488,Manila,SUV/Van,Hit and Run,Risk Level 3,Clear,50.0,Female,0,164302.75,Heavy,Well-Lit,60
MMTI-2025-04664,Quezon,Motorcycle,Hit and Run,Risk Level 6,Rainy,37.0,Male,3,983301.39,Heavy,Poorly-Lit,60
MMTI-2025-01367,Taguig,Motorcycle,Hit and Run,3,,,Male,0,"PHP 34,026.94",,Unlit,60 km/h
MMTI-2025-07975,Las Pinas,Car,Rear-end,2,Clear,42.0,Female,0,93480.91,Heavy,Well-Lit,60
MMTI-2025-15566,Makati,Car,Side-swipe,3.0,,39.0,Male,0,58917.28,Heavy,dark,60
MMTI-2025-14249,Pasig,Car,Rear-end,3,Clear,17.0,Male,0,152531.67,Heavy,Poorly-Lit,60
MMTI-2025-16502,Manila,Truck,Rear-end,3.0,Clear,46.0,Male,0,750650.44,,Well-Lit,80
MMTI-2025-17227,Taguig,Car,Hit and Run,Risk Level 3,Cloudy,28.0,Male,0,272685.55,Heavy,Well-Lit,60
MMTI-2025-15452,San Juan,Motorcycle,Side-swipe,3,Clear,46.0,Male,0,"PHP 40,375.43",Heavy,Poorly-Lit,60
MMTI-2025-12115,Manila,Car,Rear-end,,Clear,51.0,Male,0,24.8k,Heavy,Poorly-Lit,30
MMTI-2025-09380,Makati,Motorcycle,Side-swipe,2,Clear,38.0,Male,0,,Moderate,Well-Lit,60 km/h
MMTI-2025-04106,Quezon,Car,Rear-end,2,Cloudy,48.0,Male,0,"PHP 421,971.25",Moderate,Well-Lit,80
MMTI-2025-02405,Muntinlupa,,Hit and Run,2.0,Clear,38.0,Male,1,77777777,Heavy,Well-Lit,40
MMTI-2025-09141,Makati,Truck,Rear-end,3,Cloudy,35.0,Male,0,228545.78,Heavy,Poorly-Lit,60
MMTI-2025-06513,Valenzuela,Car,Rear-end,Risk Level 2,Clear,29.0,Female,0,37573.54,Light,Well-Lit,100
MMTI-2025-06960,Taguig,Car,Rear-end,3.0,Cloudy,57.0,Male,0,218012.75,,Poorly-Lit,60 kph
MMTI-2025-07653,Manila,Jeepney,Head-on,Risk Level 3,,38.0,Male,0,80824.23,Moderate,Poorly-Lit,80 km/h
MMTI-2025-18295,Quezon,Motorcycle,Rear-end,3.0,Clear,33.0,F,0,,Heavy,POOR,30
MMTI-2025-07640,Manila,,Rear-end,3.0,Rain,25.0,Male,0,215851.16,Heavy,Well-Lit,40 km/h
MMTI-2025-21328,Marikina,Motorcycle,Rear-end,Risk Level 2,Clear,43.0,male,0,64986.78,Heavy,Well-Lit,30
MMTI-2025-03889,Pasig,Car,Head-on,6,Clear,37.0,Female,1,129968.13,Heavy,Well-Lit,60
MMTI-2025-09668, manila,Bus,Rear-end,Risk Level 3,Rain,,Male,0,586169.15,Heavy,Well-Lit,60
MMTI-2025-10367,QUEZON ,Truck,Hit and Run,3,Clear,37.0,Male,0,277038.85,,Well-Lit,60
MMTI-2025-18939,Taguig,Car,Side-swipe,Risk Level 6,Cloudy,29.0,Unknown,3,325828.3,Heavy,Well-Lit,80
MMTI-2025-14831,Malabon,,Head-on,3.0,,36.0,Male,0,75823.11,Heavy,Well-Lit,60
MMTI-2025-17340,Makati,SUV/Van,Rear-end,Risk Level 3,Cloudy,38.0,Male,0,,Heavy,dark,60
MMTI-2025-19416,Quezon,Car,Hit and Run,3,Rainy,31.0,Male,0,809.5k,Heavy,Well-Lit,100
MMTI-2025-20052,Makati,Car,Hit and Run,6,Cloudy,17.0,Male,2,238122.6,Light,Well-Lit,60 km/h
MMTI-2025-09213,,Motorcycle,Side-swipe,3,Clear,27.0,Male,0,46.8k,Heavy,Well-Lit,60
MMTI-2025-01043,Taguig,Car,Rear-end,3.0,Cloudy,50.0,Male,0,279728.67,Moderate,Well-Lit,60
MMTI-2025-07653,Manila,Jeepney,Head-on,Risk Level 3,,38.0,Male,0,80824.23,Moderate,Poorly-Lit,80 km/h