Incident_ID,City,Vehicle_Type,Accident_Type,Severity,Weather_Condition,Driver_Age,Driver_Gender,Injury_Count,Damage_Cost_PHP,Traffic_Volume,Road_Lighting,Speed_Limit
MMTI-2025-06555,Mandaluyong,Car,Rear-end,3.0,Clear,45.0,Male,0,"PHP 78,415.01",Moderate,Well-Lit,80
MMTI-2025-12471,Makati,,Side-swipe,3.0,Clear,37.0,Female,0,284898.77,Light,Well-Lit,60
MMTI-2025-12335,Mandaluyong,Car,Head-on,3,Clear,41.0,Male,0,69.1k,Heavy,dark,30
MMTI-2025-06459,,Truck,Rear-end,3,Clear,35.0,Male,0,389310.22,Heavy,POOR,30
MMTI-2025-18976,,Motorcycle,Side-swipe,6.0,Clear,24.0,Female,3,49659.41,Heavy,Well-Lit,60
MMTI-2025-00235,Quezon,Car,Head-on,Risk Level 3,Stormy,22.0,M,0,99999999,Heavy,Well-Lit,60 km/h
MMTI-2025-11515,Las Pinas,Car,Head-on,2.0,Clear,38.0,Male,0,81841.03,Heavy,Well-Lit,60 km/h
MMTI-2025-19277,Manila,SUV/Van,Rear-end,,Clear,26.0,Male,0,106965.92,,Poorly-Lit,60
MMTI-2025-17057,Quezon,Motorcycle,Head-on,6,Rainy,43.0,Female,2,"PHP 1,032,582.05",Heavy,Well-Lit,60
MMTI-2025-13751,Quezon,Car,Side-swipe,3,Cloudy,35.0,Male,0,463886.18,Moderate,Well-Lit,40 km/h
MMTI-2025-18094,Marikina,SUV/Van,Hit and Run,3.0,Clear,45.0,Male,0,58777.19,Moderate,Well-Lit,40 km/h
MMTI-2025-09198,Paranaque,Car,Side-swipe,3.0,Clear,37.0,Male,0,"PHP 118,476.64",Heavy,Well-Lit,30
MMTI-2025-00292,Paranaque,Jeepney,Side-swipe,Risk Level 3,,32.0,Male,0,,Heavy,Well-Lit,40
MMTI-2025-15332,,Motorcycle,Side-swipe,6.0,Rain,36.0,Male,2,142302.37,Heavy,Poorly-Lit,30
MMTI-2025-22855,Mandaluyong,Car,Hit and Run,Risk Level 1,Clear,25.0,Male,0,73641.84,Light,Well-Lit,100 km/h
MMTI-2025-13304,Makati,,Side-swipe,3.0,Clear,42.0,Female,0,"PHP 57,756.08",Heavy,Lit,60
MMTI-2025-14374,Las Pinas,Truck,Head-on,,Cloudy,35.0,Male,0,302565.23,Moderate,Poorly-Lit,40
MMTI-2025-06949,Marikina,SUV/Van,Head-on,3,Clear,26.0,Male,0,60190.89,Heavy,Well-Lit,80 kph
MMTI-2025-05868,,Motorcycle,Head-on,Risk Level 3,Storm,40.0,Male,0,55335.55,,Well-Lit,60
MMTI-2025-23224,Marikina,Car,Head-on,3,Clear,38.0,Male,0,65259.17,Heavy,Unlit,80
MMTI-2025-08131,Quezon,Car,Rear-end,3.0,Rainy,31.0,Male,0,1362658.29,Heavy,Lit,60 km/h
MMTI-2025-03465, pateros ,SUV/Van,Side-swipe,,Clear,26.0,Male,0,122226.72,Heavy,Well-Lit,60
MMTI-2025-03329,Manila,SUV/Van,Head-on,3.0,Clear,32.0,Male,0,,Heavy,Well-Lit,60
MMTI-2025-11723,Quezon,Motorcycle,Side-swipe,3.0,,48.0,Male,0,41907.03,Heavy,Well-Lit,60
MMTI-2025-16270,Paranaque,Truck,Hit and Run,1,Clear,31.0,female ,0,111682.44,Light,Well-Lit,80
MMTI-2025-04517,Manila,Motorcycle,Hit and Run,Risk Level 6,Cloudy,35.0,Male,1,193932.93,Heavy,Poorly-Lit,60
MMTI-2025-23444,Makati,Car,Head-on,Risk Level 3,Cloudy,36.0,Male,0,263981.46,Light,Well-Lit,100
MMTI-2025-13334,Quezon,Car,Hit and Run,6,Stormy,62.0,Male,2,"PHP 2,998,257.19",Heavy,Well-Lit,60
MMTI-2025-21196,Quezon,Car,Side-swipe,Risk Level 3,Cloudy,22.0,Male,0,482316.83,HEAVY,Well-Lit,60
MMTI-2025-03733,Quezon,Jeepney,Hit and Run,,Clear,,M,0,43295.54,Heavy,Poorly-Lit,40
MMTI-2025-15469,Quezon,Car,Rear-end,Risk Level 3,Cloudy,19.0,Male,0,534103.4,Light,Well-Lit,80
MMTI-2025-15210,Makati,Motorcycle,Head-on,3,Cloudy,28.0,Male,0,217636.36,Heavy,Poorly-Lit,80 kph
MMTI-2025-08845,Manila,Car,Side-swipe,Risk Level 3,Cloudy,36.0,Male,0,"PHP 186,771.32",Heavy,Lit,40
MMTI-2025-09838,Marikina,Truck,Hit and Run,,Clear,33.0,Female,0,489921.84,Moderate,Poorly-Lit,60
MMTI-2025-21194,Manila,SUV/Van,Head-on,,Rain,43.0,Female,0,38231.81,Heavy,POOR,60
MMTI-2025-18093,Manila,Motorcycle,Side-swipe,3,Cloudy,52.0,Male,0,"PHP 168,837.63",Moderate,No Lights,60
MMTI-2025-11285,Caloocan,Jeepney,Rear-end,3,Rain,36.0,Male,0,31.4k,,Lit,60
MMTI-2025-18063,Makati,,Side-swipe,2,Clear,40.0,Female,0,60726.26,Moderate,Well-Lit,80
MMTI-2025-06199,QUEZON ,Motorcycle,Rear-end,2,,30.0,Male,0,14970.74,Heavy,No Lights,60 km/h
MMTI-2025-08937,Makati,Car,Side-swipe,Risk Level 6,Cloudy,34.0,Female,4,224471.54,Heavy,Well-Lit,40
MMTI-2025-20067,Malabon,Motorcycle,Head-on,3.0,Clear,58.0,Female,1,29378.53,,Unlit,30
MMTI-2025-13545,,,Head-on,3.0,Storm,50.0,male,0,70951.08,,Lit,60
MMTI-2025-15222,Manila,Truck,Hit and Run,2,,,Female,0,423525.89,Heavy,Well-Lit,80
MMTI-2025-05707,Pasig,,Side-swipe,3,Clear,45.0,Male,0,183110.18,Heavy,Well-Lit,40
MMTI-2025-14576,,Truck,Hit and Run,6,Clear,47.0,Male,2,636731.75,HEAVY,Well-Lit,100
MMTI-2025-00557,Quezon,Car,Side-swipe,3,Cloudy,56.0,Male,0,410092.66,Heavy,Well-Lit,60
MMTI-2025-19902,Mandaluyong,Car,Head-on,3,Clear,26.0,Female,0,"PHP 73,099.03",Heavy,Well-Lit,30
MMTI-2025-13169,Taguig,Motorcycle,Head-on,3.0,Cloudy,38.0,Male,0,337518.93,Moderate,Well-Lit,60 km/h
MMTI-2025-09767,Manila,Jeepney,Rear-end,Risk Level 3,Cloudy,17.0,Male,0,173491.04,Heavy,Well-Lit,60
MMTI-2025-15158,Manila,Car,Side-swipe,3,Clear,44.0,Male,0,163395.55,Moderate,No Lights,60 km/h
MMTI-2025-06160,Taguig,Car,Hit and Run,3.0,Cloudy,46.0,F,0,294791.13,Light,Well-Lit,30
MMTI-2025-20378,Pasig,Motorcycle,Rear-end,3,Clear,39.0,Male,0,"PHP 128,668.83",Moderate,Poorly-Lit,60
MMTI-2025-09078,Pasig,SUV/Van,Head-on,Risk Level 2,Clear,39.0,M,0,57486.5,,Poorly-Lit,30
MMTI-2025-19141,Manila,Car,Side-swipe,Risk Level 3,Cloudy,37.0,Female,0,188947.21,Moderate,POOR,40 km/h
MMTI-2025-18483,Pasig,Car,Hit and Run,Risk Level 3,Clear,41.0,Male,0,130528.52,Heavy,Poorly-Lit,60
MMTI-2025-15792,Pasig,Car,Side-swipe,2,Clear,44.0,Male,0,158401.32,Heavy,Well-Lit,60
MMTI-2025-23589,Manila,Motorcycle,Rear-end,,Clear,46.0,Male,1,-25000,,POOR,60
MMTI-2025-09792,Quezon,Car,Hit and Run,3,Rainy,37.0,Female,0,1089765.85,Heavy,Well-Lit,60 km/h
MMTI-2025-10937,Makati,SUV/Van,Hit and Run,,Clear,25.0,Female,0,,Heavy,Well-Lit,100
MMTI-2025-20269,Marikina,,Head-on,Risk Level 6,Rain,39.0,Male,1,245272.9,Heavy,Poorly-Lit,40
MMTI-2025-21685,Paranaque,Motorcycle,Head-on,3,Clear,36.0,Male,0,99092.81,HEAVY,Well-Lit,60
MMTI-2025-15574,Quezon,SUV/Van,Rear-end,6,Stormy,23.0,Male,4,1885625.93,Moderate,No Lights,60
MMTI-2025-16370,Quezon,Truck,Head-on,6,Clear,50.0,Female,2,844.2k,,Poorly-Lit,60
MMTI-2025-08735,,Bus,Hit and Run,3,Clear,50.0,Female,0,896102.07,Heavy,Well-Lit,100
MMTI-2025-07314,Manila,Jeepney,Head-on,,Clear,36.0,Male,3,10697.01,Heavy,POOR,60
MMTI-2025-00665,Las Pinas,Motorcycle,Rear-end,3,Clear,41.0,Male,0,,HEAVY,Well-Lit,60
MMTI-2025-21838,Pasig,,Side-swipe,3,Rain,31.0,Female,0,212441.84,Light,Well-Lit,60 km/h
MMTI-2025-13194,Taguig,Car,Side-swipe,3.0,Cloudy,29.0,M,0,289222.3,Heavy,Well-Lit,80
MMTI-2025-13463,Las Pinas,Motorcycle,Side-swipe,Risk Level 3,Clear,46.0,Male,0,90374.85,Moderate,Poorly-Lit,30
MMTI-2025-12192,Las Pinas,Jeepney,Hit and Run,3,Clear,55.0,Female,0,92070.54,Heavy,Well-Lit,60
MMTI-2025-16215,Manila,Car,Hit and Run,3.0,Cloudy,46.0,Male,0,197757.42,Light,Poorly-Lit,60
MMTI-2025-20536,Quezon,Car,Side-swipe,6,Rainy,37.0,M,3,1737316.35,Moderate,POOR,80
MMTI-2025-16831,Manila,Car,Head-on,3,Cloudy,56.0,Male,0,183008.31,Moderate,Poorly-Lit,60 km/h
MMTI-2025-12364,Paranaque,,Hit and Run,6.0,Rain,45.0,Female,3,247858.86,Heavy,Well-Lit,40 kph
MMTI-2025-18519,Las Pinas,Motorcycle,Head-on,2,Clear,55.0,Male,0,"PHP 96,569.55",Heavy,Well-Lit,60
MMTI-2025-22521,Quezon,Motorcycle,Rear-end,3,Rainy,30.0,Male,0,"PHP 1,605,176.73",Heavy,Well-Lit,80
MMTI-2025-05248,Mandaluyong,Car,Rear-end,3.0,Clear,26.0,Male,0,68706.13,Heavy,Poorly-Lit,40
MMTI-2025-01813,Valenzuela,Jeepney,Head-on,,Clear,35.0,Male,2,21918.58,Heavy,No Lights,40 km/h
MMTI-2025-14671,Quezon,Motorcycle,Side-swipe,Risk Level 3,Stormy,32.0,Male,0,77777777,Moderate,Unlit,100 km/h
MMTI-2025-18243,Quezon,Truck,Head-on,3,Rainy,45.0,Male,0,657378.15,Heavy,Well-Lit,40 kph
MMTI-2025-06144,Quezon,Car,Hit and Run,Risk Level 3,Cloudy,60.0,Male,0,468234.5,Heavy,Well-Lit,40 km/h
MMTI-2025-18453,Quezon,Car,Side-swipe,3,Rainy,31.0,Male,0,884437.66,Heavy,Poorly-Lit,80 km/h
MMTI-2025-10705,Quezon,Motorcycle,Side-swipe,,Cloudy,22.0,Male,0,7042.34,Heavy,Poorly-Lit,60 km/h
MMTI-2025-16807,Quezon,Car,Hit and Run,,Clear,41.0,Female,0,21712.71,Moderate,Well-Lit,60
MMTI-2025-02005,Las Pinas,Jeepney,Head-on,Risk Level 3,Clear,,Male,0,88118.99,HEAVY,No Lights,30 kph
MMTI-2025-17632,Quezon,Car,Head-on,3.0,Rainy,32.0,Male,0,741014.07,Heavy,Well-Lit,60
MMTI-2025-01799,Mandaluyong,,Rear-end,2,Clear,44.0,Female,0,"PHP 39,240.06",Moderate,Well-Lit,60
MMTI-2025-12047,Paranaque,Car,Side-swipe,3,Clear,39.0,Male,0,100257.51,Heavy,Lit,60
MMTI-2025-22785,Pasig,Car,Head-on,3,Rain,30.0,Female,0,,,Well-Lit,80
MMTI-2025-01274,Malabon,Motorcycle,Head-on,3.0,,28.0,Male,0,15110.7,Heavy,Well-Lit,60 km/h
MMTI-2025-04474,Quezon,Car,Side-swipe,3.0,Rainy,31.0,Male,0,1000399.34,Heavy,Poorly-Lit,60
MMTI-2025-21616,Makati,Bus,Head-on,,Clear,26.0,female ,0,104558.67,Heavy,Poorly-Lit,60
MMTI-2025-14680,Paranaque,Motorcycle,Rear-end,3.0,Clear,30.0,Male,0,99314.81,Heavy,Well-Lit,60
MMTI-2025-01573,Manila,Car,Head-on,Risk Level 3,Cloudy,47.0,Male,0,196278.99,Heavy,Well-Lit,60
MMTI-2025-13371,,Jeepney,Side-swipe,6,Clear,40.0,Female,1,218129.27,,Well-Lit,60
MMTI-2025-15585,Manila,Motorcycle,Rear-end,3,Cloudy,35.0,Male,0,203877.75,HEAVY,Poorly-Lit,60
MMTI-2025-17982,Navotas,Motorcycle,Rear-end,Risk Level 3,,22.0,Male,0,39068.64,Heavy,Poorly-Lit,60
MMTI-2025-07121,Quezon,Car,Hit and Run,3,Stormy,42.0,Female,0,1973338.88,Heavy,Well-Lit,30
MMTI-2025-08794,Valenzuela,Truck,Rear-end,,Clear,42.0,Female,2,476570.71,Light,Well-Lit,60
MMTI-2025-10818,Quezon,SUV/Van,Rear-end,3,,51.0,Male,0,459117.38,Heavy,Poorly-Lit,60
MMTI-2025-14679,Manila,Truck,Rear-end,Risk Level 2,,26.0,F,0,0,Moderate,Well-Lit,60
MMTI-2025-11432,Makati,SUV/Van,Hit and Run,3,Storm,,Female,0,92321.57,Heavy,Well-Lit,60
MMTI-2025-01323,San Juan,Motorcycle,Side-swipe,3,,50.0,Male,0,22451.82,Heavy,Well-Lit,40
MMTI-2025-02618,Quezon,Car,Side-swipe,Risk Level 3,Rainy,40.0,Male,0,760139.53,Moderate,Well-Lit,30 kph
MMTI-2025-16086,Makati,Motorcycle,Side-swipe,4.0,Cloudy,46.0,Female,4,"PHP 261,154.77",Moderate,Poorly-Lit,40 kph
MMTI-2025-23249,Quezon,Car,Side-swipe,2,Cloudy,61.0,Female,0,520604.88,Light,Well-Lit,80
MMTI-2025-08143,Paranaque,Car,Head-on,3,Clear,31.0,Male,0,103.1k,Light,Well-Lit,60
MMTI-2025-16744,Quezon,Car,Hit and Run,1,Cloudy,31.0,Male,0,379287.36,Light,No Lights,40
MMTI-2025-18702,Manila,Car,Hit and Run,3,Cloudy,41.0,Male,0,187494.28,Light,Poorly-Lit,60 km/h
MMTI-2025-03194,MANILA ,Bus,Head-on,3,Clear,26.0,Male,0,297809.58,,Well-Lit,40
MMTI-2025-11917,Taguig,Bus,Hit and Run,3,,25.0,Male,0,,Moderate,Poorly-Lit,80 km/h
MMTI-2025-08337,,Bus,Side-swipe,3.0,Clear,65.0,Female,0,596023.22,Light,Well-Lit,60 kph
MMTI-2025-00175,Quezon,Motorcycle,Side-swipe,3,,34.0,Unknown,0,13864.43,Moderate,Poorly-Lit,60
MMTI-2025-14209,Valenzuela,Jeepney,Hit and Run,6,Clear,,male,1,174352.61,Heavy,Well-Lit,60
MMTI-2025-07741,Pasig,SUV/Van,Side-swipe,3,Clear,44.0,Male,0,158949.64,Heavy,Well-Lit,30
MMTI-2025-04964,Taguig,Car,Rear-end,3.0,Cloudy,42.0,Male,0,287.2k,Heavy,No Lights,60
MMTI-2025-22656,QUEZON ,Car,Side-swipe,3,,34.0,Male,0,,Light,Poorly-Lit,100
MMTI-2025-11847,Pasig,Car,Head-on,Risk Level 3,Clear,42.0,F,0,136611.14,Heavy,Well-Lit,40
MMTI-2025-01244,Quezon,Motorcycle,Head-on,Risk Level 3,Cloudy,35.0,Male,0,482010.63,Heavy,dark,30
MMTI-2025-03370,Paranaque,Car,Hit and Run,3,Clear,25.0,Male,0,114306.24,Light,Well-Lit,60
MMTI-2025-09804,,Car,Rear-end,3.0,Cloudy,39.0,Male,0,265587.78,MODERATE,Poorly-Lit,30
MMTI-2025-22362,VALENZUELA ,,Side-swipe,,Clear,63.0,Female,1,48.6k,Moderate,Poorly-Lit,60
MMTI-2025-20447,,SUV/Van,Side-swipe,3,Rain,31.0,Male,0,314859.22,MODERATE,Poorly-Lit,60
MMTI-2025-14469,Quezon,Truck,Side-swipe,3,Rainy,28.0,Male,0,1133528.22,Heavy,Well-Lit,40 kph
MMTI-2025-01710,Manila,Truck,Hit and Run,3,,42.0,Male,0,449171.02,Heavy,Well-Lit,80
MMTI-2025-11347,,Jeepney,Hit and Run,2,Clear,30.0,Male,0,44683.25,Light,Lit,60
MMTI-2025-22622,Quezon,Truck,Rear-end,3,Cloudy,52.0,Female,0,404813.29,Light,Well-Lit,100
MMTI-2025-16693,QUEZON ,Truck,Hit and Run,3,Clear,44.0,Male,0,1195084.69,,Well-Lit,60 km/h
MMTI-2025-21733,Mandaluyong,Truck,Head-on,3,Clear,28.0,Male,0,80818.75,Moderate,Poorly-Lit,60
MMTI-2025-11218,Muntinlupa,Car,Head-on,3,Clear,26.0,Male,0,53719.42,Heavy,Well-Lit,40
MMTI-2025-23409,Paranaque,Car,Rear-end,3.0,Clear,31.0,Male,0,117005.11,Heavy,Lit,60
MMTI-2025-07158,Taguig,,Rear-end,3,Clear,24.0,Male,0,150183.16,Heavy,Well-Lit,80
MMTI-2025-12312,Quezon,Car,Side-swipe,3,Rainy,150.0,Female,0,1141186.35,Heavy,Poorly-Lit,60
MMTI-2025-04507,LAS PINAS ,Bus,Hit and Run,3,Storm,50.0,Male,0,,Heavy,Poorly-Lit,60 kph
MMTI-2025-20400,Marikina,Car,Side-swipe,Risk Level 3,Clear,38.0,Female,0,65.9k,Moderate,Poorly-Lit,40
MMTI-2025-01728,Caloocan,SUV/Van,Head-on,Risk Level 3,Clear,30.0,Female,0,41566.36,Moderate,Well-Lit,60
MMTI-2025-21328,Taguig,Car,Rear-end,2.0,Cloudy,47.0,Male,0,292806.11,Heavy,Poorly-Lit,40
MMTI-2025-02738,Quezon,Car,Side-swipe,3,Rainy,32.0,Male,0,654.1k,Heavy,Well-Lit,60
MMTI-2025-09646,Quezon,Car,Hit and Run,Risk Level 3,Rainy,42.0,Male,0,1247668.82,Heavy,Well-Lit,40
MMTI-2025-12622,Pasig,Car,Rear-end,3,Clear,49.0,Male,0,146866.07,Heavy,Well-Lit,30
MMTI-2025-06998,Makati,Truck,Side-swipe,9,Cloudy,43.0,Female,1,259448.55,HEAVY,Poorly-Lit,80 km/h
MMTI-2025-01126,Quezon,Car,Hit and Run,3,Rainy,43.0,Female,0,833.9k,Heavy,Well-Lit,80 km/h
MMTI-2025-16622,Taguig,Motorcycle,Rear-end,3,Cloudy,21.0,Male,0,297717.65,Heavy,Well-Lit,80
MMTI-2025-08844, manila,SUV/Van,Hit and Run,6,Rain,38.0,Female,1,,,Well-Lit,60
MMTI-2025-11284,Makati,Motorcycle,Head-on,Risk Level 3,Cloudy,17.0,Male,0,245299.57,Moderate,Well-Lit,40
MMTI-2025-04574,Makati,SUV/Van,Rear-end,Risk Level 3,Clear,36.0,Male,0,,HEAVY,No Lights,80
MMTI-2025-18037,Marikina,SUV/Van,Rear-end,Risk Level 3,Clear,31.0,Male,0,65450.03,Heavy,Well-Lit,60 km/h
MMTI-2025-14673,Makati,Car,Side-swipe,Risk Level 2,Cloudy,34.0,Male,0,248950.08,Moderate,Poorly-Lit,80 km/h
MMTI-2025-20701,Taguig,,Rear-end,2,Clear,46.0,Male,0,10562.09,Moderate,Unlit,60 km/h
MMTI-2025-17306,Paranaque,Motorcycle,Side-swipe,3,Clear,,Male,0,19180.95,Heavy,Well-Lit,60
MMTI-2025-22762,Mandaluyong,Motorcycle,Rear-end,Risk Level 3,Clear,46.0,Female,0,78896.85,Moderate,well lit,60 km/h
MMTI-2025-11585,Quezon,Car,Hit and Run,3.0,Cloudy,39.0,Male,0,553770.17,Light,Poorly-Lit,60
MMTI-2025-18298,,Jeepney,Rear-end,3,Rain,42.0,male,0,,Moderate,Well-Lit,60
MMTI-2025-18540,Pasig,,Hit and Run,Risk Level 3,Clear,41.0,Male,0,,MODERATE,Poorly-Lit,60
MMTI-2025-15552,Las Pinas,Motorcycle,Side-swipe,2,Clear,30.0,male,0,84619.96,Moderate,Well-Lit,60
MMTI-2025-09235,Quezon,Car,Rear-end,2,Cloudy,26.0,Male,0,433869.43,Moderate,Well-Lit,40
MMTI-2025-02324,Mandaluyong,Car,Side-swipe,Risk Level 3,Cloudy,39.0,Female,0,,,Well-Lit,100
MMTI-2025-06180,Mandaluyong,Motorcycle,Side-swipe,3.0,Clear,39.0,Male,0,77216.42,Heavy,POOR,30 km/h
MMTI-2025-11546,Paranaque,Motorcycle,Head-on,3.0,Clear,32.0,Female,0,100286.01,Moderate,Poorly-Lit,60
MMTI-2025-21100,Muntinlupa,Car,Side-swipe,,Clear,24.0,Male,0,31669.38,Light,Lit,30 kph
MMTI-2025-13238,,Motorcycle,Hit and Run,3,Cloudy,27.0,Male,0,13080.51,Moderate,Well-Lit,40
MMTI-2025-19760,Makati,Jeepney,Hit and Run,Risk Level 3,Clear,29.0,Female,0,,Moderate,Well-Lit,30
MMTI-2025-05395,Quezon,Car,Rear-end,3,Cloudy,51.0,Male,0,471756.38,Heavy,Well-Lit,40
MMTI-2025-22484,Taguig,Car,Head-on,3.0,Cloudy,41.0,F,0,129184.42,,Well-Lit,60
MMTI-2025-08180,Quezon,Motorcycle,Rear-end,3,Cloudy,65.0,Male,0,495100.86,Heavy,Well-Lit,60
MMTI-2025-12447,Mandaluyong,Truck,Side-swipe,3,Clear,21.0,Female,0,1179683.39,,well lit,40 km/h
MMTI-2025-16038,Las Pinas,SUV/Van,Hit and Run,2.0,Clear,35.0,Female,0,82432.62,Heavy,Unlit,60
MMTI-2025-23053,Marikina,Motorcycle,Rear-end,6.0,Clear,52.0,Female,2,"PHP 65,713.91",Heavy,Poorly-Lit,60
MMTI-2025-07375,Manila,,Side-swipe,3,Clear,38.0,Male,0,77794.69,Heavy,Well-Lit,40
MMTI-2025-15972,Quezon,Car,Rear-end,3,Rainy,36.0,Unknown,0,"PHP 872,480.87",Heavy,Well-Lit,60
MMTI-2025-17220,Quezon,Truck,Rear-end,3,Rainy,28.0,male,0,680814.64,Moderate,POOR,80 km/h
MMTI-2025-04954,MANILA ,Truck,Head-on,3.0,Clear,,Female,0,1087676.08,Heavy,Poorly-Lit,80
MMTI-2025-02072,Taguig,Truck,Hit and Run,2,Cloudy,60.0,Male,0,296594.13,Heavy,dark,60
MMTI-2025-15913,Marikina,Car,Rear-end,3,Clear,29.0,Female,0,65752.78,Heavy,Well-Lit,30
MMTI-2025-08361,Makati,SUV/Van,Head-on,3,Cloudy,17.0,Male,0,248938.99,Heavy,No Lights,60
MMTI-2025-06152,Mandaluyong,Jeepney,Rear-end,3,Clear,41.0,Male,0,78698.58,Heavy,Unlit,60
MMTI-2025-04002,PARANAQUE ,,Side-swipe,Risk Level 3,Rain,36.0,Female,0,129651.81,HEAVY,Well-Lit,60 kph
MMTI-2025-14969,Paranaque,Car,Rear-end,3.0,Clear,39.0,Male,0,109850.16,Heavy,Poorly-Lit,60
MMTI-2025-11702,Manila,Motorcycle,Side-swipe,3,Cloudy,19.0,Female,0,165405.53,HEAVY,Poorly-Lit,60
MMTI-2025-14774,Makati,Motorcycle,Head-on,,Rain,33.0,Male,0,,Heavy,Unlit,80 km/h
MMTI-2025-02219,,Bus,Rear-end,6,Clear,48.0,F,3,881885.02,Heavy,Well-Lit,60 kph
MMTI-2025-00437,,Bus,Rear-end,Risk Level 3,Clear,47.0,Male,0,1057605.49,Heavy,Well-Lit,60
MMTI-2025-01275,Marikina,Car,Side-swipe,3,Clear,39.0,Female,0,59377.17,Heavy,Poorly-Lit,100
MMTI-2025-06485,Manila,Motorcycle,Hit and Run,3.0,Cloudy,42.0,Female,0,183398.46,Heavy,Poorly-Lit,60
MMTI-2025-13215,Manila,Car,Rear-end,3.0,Cloudy,23.0,Male,0,200243.59,Heavy,Well-Lit,60
MMTI-2025-11859,MANILA ,Motorcycle,Side-swipe,Risk Level 3,Rain,44.0,Female,0,41789.53,,Well-Lit,60
MMTI-2025-00458,,Truck,Side-swipe,3,Rain,50.0,Male,0,"PHP 1,013,389.73",HEAVY,Well-Lit,60
MMTI-2025-21462,Manila,Truck,Side-swipe,Risk Level 6,Clear,44.0,Female,1,,Light,POOR,60
MMTI-2025-04960,Manila,SUV/Van,Rear-end,3.0,,37.0,Male,0,231049.85,Heavy,Unlit,60
MMTI-2025-22651,Quezon,Car,Rear-end,3.0,Stormy,17.0,Male,0,77777777,Moderate,Well-Lit,80
MMTI-2025-12624,Caloocan,,Side-swipe,3,Clear,27.0,Male,0,192208.56,MODERATE,Well-Lit,60
MMTI-2025-03850,Pasig,Car,Side-swipe,3,Clear,44.0,Male,0,142512.23,Heavy,Well-Lit,60
MMTI-2025-00860,Quezon,SUV/Van,Hit and Run,Risk Level 3,Cloudy,38.0,Male,0,558214.1,Heavy,Well-Lit,80
MMTI-2025-13206,Makati,Jeepney,Side-swipe,3.0,Cloudy,43.0,Male,0,257590.29,Heavy,Poorly-Lit,60
MMTI-2025-13028,Taguig,Car,Rear-end,3,Cloudy,49.0,Male,0,279970.45,HEAVY,Well-Lit,40 km/h
MMTI-2025-05321,Pasig,Motorcycle,Hit and Run,6,Clear,,Female,1,48609.17,Moderate,Well-Lit,30
MMTI-2025-02009,PARANAQUE ,Jeepney,Side-swipe,6.0,,31.0,male,3,234590.42,Heavy,Well-Lit,100
MMTI-2025-00939,Makati,Car,Head-on,3,Cloudy,37.0,M,0,263370.12,Heavy,Well-Lit,60
MMTI-2025-07243,Marikina,Bus,Rear-end,3.0,Cloudy,46.0,Male,0,,Heavy,Poorly-Lit,60
MMTI-2025-14055,Pasig,SUV/Van,Hit and Run,Risk Level 3,Clear,49.0,Female,0,153980.22,Heavy,No Lights,80 km/h
MMTI-2025-01918,Quezon,,Hit and Run,3,,38.0,Male,0,108367.02,Heavy,Poorly-Lit,60
MMTI-2025-19497,Las Pinas,Motorcycle,Side-swipe,3,Clear,39.0,Female,0,95655.63,Heavy,dark,40
MMTI-2025-17182,Quezon,Motorcycle,Hit and Run,2.0,Cloudy,43.0,Female,0,467297.23,Heavy,Poorly-Lit,60
MMTI-2025-07315, quezon,Bus,Head-on,,Clear,,M,0,"PHP 153,392.29",Heavy,Well-Lit,40
MMTI-2025-03603,Quezon,Motorcycle,Rear-end,3,Rainy,34.0,M,0,698558.9,Heavy,Well-Lit,60 kph
MMTI-2025-14091,,Jeepney,Side-swipe,3,Cloudy,48.0,Female,0,19956.07,Heavy,Poorly-Lit,40
MMTI-2025-14590,Manila,Car,Head-on,,Storm,18.0,Female,3,"PHP 66,636.82",Heavy,Unlit,60
MMTI-2025-22685,Caloocan,,Side-swipe,3,Clear,41.0,Male,0,,Moderate,Well-Lit,80
MMTI-2025-19441,Marikina,Car,Side-swipe,6.0,Clear,34.0,Male,3,66041.94,Heavy,Well-Lit,30 km/h
MMTI-2025-08220,Quezon,Car,Head-on,Risk Level 3,Rainy,39.0,Female,0,"PHP 811,070.72",Heavy,Poorly-Lit,60
MMTI-2025-17261,Manila,Truck,Head-on,,,48.0,Male,0,438655.61,Heavy,Well-Lit,40
MMTI-2025-08698,Navotas,,Rear-end,3.0,Clear,,Male,0,"PHP 295,348.91",Moderate,Unlit,40
MMTI-2025-02073,Taguig,SUV/Van,Side-swipe,Risk Level 3,Cloudy,53.0,M,0,294969.7,Heavy,Poorly-Lit,60
MMTI-2025-01924,Manila,Car,Head-on,Risk Level 3,Clear,,Male,0,,Light,Well-Lit,30
MMTI-2025-02905,Quezon,SUV/Van,Side-swipe,3,,17.0,Male,0,,Moderate,Well-Lit,60 km/h
MMTI-2025-10182,Manila,Truck,Rear-end,3,Cloudy,40.0,Male,0,197977.59,Heavy,dark,80 km/h
MMTI-2025-01364,Las Pinas,,Head-on,Risk Level 3,Clear,37.0,Male,0,,Heavy,Well-Lit,80
MMTI-2025-18105,Taguig,Motorcycle,Side-swipe,,Rain,43.0,Male,0,10.5k,Heavy,Well-Lit,60
MMTI-2025-20741,Muntinlupa,Car,Hit and Run,2.0,Clear,44.0,Male,0,55883.72,Moderate,Poorly-Lit,60 km/h