Incident_ID,City,Vehicle_Type,Accident_Type,Severity,Weather_Condition,Driver_Age,Driver_Gender,Injury_Count,Damage_Cost_PHP,Traffic_Volume,Road_Lighting,Speed_Limit
MMTI-2025-08275,Manila,Motorcycle,Rear-end,Risk Level 6,Cloudy,28.0,Male,3,166049.29,Heavy,Lit,100 kph
MMTI-2025-11829,Pateros,SUV/Van,Hit and Run,6,,35.0,Female,3,"PHP 404,892.61",Moderate,Well-Lit,60
MMTI-2025-20068,Paranaque,SUV/Van,Head-on,3,Clear,58.0,Male,0,108268.7,Heavy,Unlit,30
MMTI-2025-07516,,Car,Side-swipe,3,Clear,25.0,Female,0,139991.8,Heavy,Well-Lit,60
MMTI-2025-15777,Manila,Truck,Rear-end,1.0,Cloudy,47.0,Male,0,175504.98,Moderate,Well-Lit,40 km/h
MMTI-2025-13577,Pasig,Car,Rear-end,3.0,Clear,40.0,Male,0,124071.75,Heavy,Well-Lit,80
MMTI-2025-15941,Mandaluyong,Car,Rear-end,6,Clear,34.0,Male,3,75394.61,Heavy,Well-Lit,60
MMTI-2025-19801,Muntinlupa,Car,Rear-end,2,Clear,51.0,Male,0,"PHP 52,882.35",Heavy,Well-Lit,60 km/h
MMTI-2025-19799,Manila,Jeepney,Side-swipe,3,,38.0,Male,0,17336.98,Heavy,Well-Lit,60
MMTI-2025-02144, manila,Truck,Head-on,3.0,Clear,,Male,0,1459112.68,Heavy,Poorly-Lit,60
MMTI-2025-23521,Quezon,Car,Rear-end,Risk Level 3,Rainy,34.0,Male,0,744468.61,Moderate,Poorly-Lit,80
MMTI-2025-21317,Taguig,Motorcycle,Hit and Run,3,Cloudy,47.0,Male,0,281872.29,Heavy,Well-Lit,80
MMTI-2025-14453,Quezon,Motorcycle,Side-swipe,3,Clear,44.0,F,0,,Heavy,Poorly-Lit,30 km/h
MMTI-2025-06057,Quezon,Car,Hit and Run,3.0,Clear,,female ,0,236891.16,Moderate,Well-Lit,80 km/h
MMTI-2025-07941,Quezon,Car,Hit and Run,3.0,Rainy,32.0,Male,0,750628.86,Heavy,Well-Lit,30 km/h
MMTI-2025-17842,Quezon,Motorcycle,Side-swipe,6,Stormy,34.0,Male,3,2559817.99,Heavy,Poorly-Lit,80
MMTI-2025-13453,Quezon,Motorcycle,Side-swipe,3,Cloudy,36.0,Female,0,,Heavy,Poorly-Lit,60
MMTI-2025-17580,Quezon,Motorcycle,Side-swipe,3.0,,26.0,Female,0,20880.25,Moderate,Unlit,60
MMTI-2025-04385,Manila,,Hit and Run,3.0,Rain,22.0,Female,0,173289.6,Heavy,POOR,40
MMTI-2025-23038,MAKATI ,Motorcycle,Rear-end,3,Clear,33.0,Female,0,24400.63,,Well-Lit,60
MMTI-2025-14492,Quezon,Car,Hit and Run,3,Rainy,37.0,Male,0,1228784.26,Heavy,Well-Lit,60 km/h
MMTI-2025-21604,Makati,Motorcycle,Head-on,2,Cloudy,26.0,Male,0,215745.91,Heavy,POOR,60 kph
MMTI-2025-21503,Quezon,Car,Head-on,3,,37.0,Male,0,"PHP 159,408.29",Light,Well-Lit,100
MMTI-2025-03778,Pateros,SUV/Van,Head-on,3.0,Cloudy,,Female,0,194719.87,Heavy,Poorly-Lit,100 km/h
MMTI-2025-21776,Taguig,Car,Head-on,3,Cloudy,44.0,Male,0,277482.53,Heavy,Lit,60 km/h
MMTI-2025-15148,,Motorcycle,Hit and Run,6,Clear,30.0,Male,3,44799.27,Moderate,dark,60
MMTI-2025-19098,Paranaque,Truck,Head-on,3,Clear,47.0,Male,0,111963.45,Light,Well-Lit,30
MMTI-2025-10208,Quezon,SUV/Van,Head-on,3,Rainy,34.0,Male,0,1101503.32,Heavy,Well-Lit,30
MMTI-2025-08764,Manila,Truck,Rear-end,,Rain,28.0,Male,1,81343.07,Light,Poorly-Lit,60
MMTI-2025-05836,Taguig,SUV/Van,Head-on,Risk Level 3,Cloudy,17.0,Male,0,327934.78,Moderate,Lit,60 kph
MMTI-2025-06461,Quezon,Motorcycle,Rear-end,4.0,Clear,28.0,Male,4,64811.76,,Well-Lit,100
MMTI-2025-16735,Marikina,Car,Side-swipe,6,Clear,30.0,Female,3,60235.79,Heavy,Poorly-Lit,60
MMTI-2025-11133,Quezon,Motorcycle,Hit and Run,6.0,Stormy,61.0,Male,4,2261328.92,HEAVY,Well-Lit,60
MMTI-2025-21277, quezon,Jeepney,Head-on,3.0,Clear,38.0,Male,0,,Heavy,Well-Lit,60 km/h
MMTI-2025-17914,Pasig,,Hit and Run,3,Clear,46.0,female ,0,52117.94,Heavy,Well-Lit,80
MMTI-2025-10604,Manila,Car,Rear-end,3,Cloudy,37.0,Male,0,187975.82,Moderate,well lit,60 kph
MMTI-2025-19765,Makati,Car,Hit and Run,3,Cloudy,35.0,Female,0,236024.03,Moderate,Well-Lit,60
MMTI-2025-05504,Manila,Car,Side-swipe,3,,999.0,Male,0,"PHP 93,372.55",Heavy,Well-Lit,30 km/h
MMTI-2025-12208,Makati,Car,Side-swipe,2,Cloudy,26.0,Male,0,230812.95,Light,Lit,60
MMTI-2025-08363,QUEZON ,,Head-on,3.0,Rain,23.0,Male,0,72516.5,Light,Poorly-Lit,60
MMTI-2025-13816,Quezon,Truck,Hit and Run,3,Rainy,51.0,Female,0,813672.62,MODERATE,Unlit,30
MMTI-2025-23590,,Truck,Hit and Run,3.0,Cloudy,38.0,Male,0,1275363.83,Heavy,Poorly-Lit,30
MMTI-2025-05104,Manila,Bus,Hit and Run,3,,36.0,Unknown,0,863771.98,Light,Poorly-Lit,60
MMTI-2025-07355,Paranaque,Motorcycle,Side-swipe,Risk Level 3,Clear,18.0,Male,0,98.9k,Heavy,Well-Lit,60
MMTI-2025-01918,Quezon,,Hit and Run,3,,38.0,Male,0,108367.02,Heavy,Poorly-Lit,60
MMTI-2025-20600,Quezon,Truck,Head-on,,,33.0,Female,0,458509.91,Heavy,Poorly-Lit,60 kph
MMTI-2025-15667,,Car,Head-on,3,Clear,42.0,Male,0,,Heavy,Poorly-Lit,60 km/h
MMTI-2025-22357,Manila,Motorcycle,Hit and Run,9,Cloudy,47.0,Male,1,194.6k,Light,Well-Lit,60
MMTI-2025-03066,Pasig,Car,Hit and Run,,Rain,44.0,Male,0,44718.14,Heavy,Lit,60
MMTI-2025-20737,Las Pinas,Car,Side-swipe,3,Clear,63.0,Male,0,84218.43,Heavy,Poorly-Lit,60
MMTI-2025-03291,Pasig,Car,Side-swipe,Risk Level 3,Clear,45.0,Male,0,129076.69,Heavy,Poorly-Lit,40
MMTI-2025-03708,Paranaque,Car,Head-on,3,Clear,36.0,Male,0,115885.77,Moderate,Well-Lit,60
MMTI-2025-09546,Muntinlupa,Car,Rear-end,Risk Level 3,Clear,33.0,Female,0,51651.58,Heavy,Poorly-Lit,40
MMTI-2025-16945,San Juan,Motorcycle,Hit and Run,,Clear,61.0,Male,0,9620.73,Moderate,Well-Lit,60 km/h
MMTI-2025-17656,Makati,Motorcycle,Head-on,3,Cloudy,31.0,Male,0,"PHP 263,522.59",Moderate,Poorly-Lit,60
MMTI-2025-17548,Manila,Truck,Rear-end,Risk Level 2,,18.0,Male,0,237552.01,Light,POOR,60
MMTI-2025-23553,Quezon,Truck,Side-swipe,3,Clear,,Male,0,502173.05,Moderate,Poorly-Lit,60
MMTI-2025-12130,Pasig,Car,Hit and Run,3.0,Clear,150.0,Female,0,142154.31,Moderate,Well-Lit,30 km/h
MMTI-2025-04708,Quezon,Truck,Side-swipe,Risk Level 6,Rain,,Male,1,2306338.83,Heavy,Well-Lit,60
MMTI-2025-01111,Marikina,SUV/Van,Side-swipe,6,Clear,31.0,Female,3,,Heavy,Well-Lit,60
MMTI-2025-16034,Valenzuela,,Head-on,Risk Level 1,Clear,39.0,Female,0,0,,Poorly-Lit,40
MMTI-2025-16390,Muntinlupa,Car,Head-on,3,Clear,37.0,Male,0,52916.86,Moderate,Well-Lit,40
MMTI-2025-09714,Quezon,Car,Head-on,3.0,Cloudy,-10.0,Male,0,350413.21,Heavy,dark,80
MMTI-2025-05997,Navotas,Car,Rear-end,Risk Level 3,Clear,34.0,Male,0,36613.65,Heavy,Well-Lit,60
MMTI-2025-06500,Las Pinas,Car,Rear-end,3,Clear,53.0,Female,0,,HEAVY,Poorly-Lit,40
MMTI-2025-21414,TAGUIG ,,Hit and Run,2,Clear,31.0,Male,0,40544.77,Light,Well-Lit,60 km/h
MMTI-2025-12557,Caloocan,Car,Side-swipe,2.0,Clear,61.0,Female,0,41724.31,Moderate,Lit,60
MMTI-2025-00361,Taguig,Bus,Hit and Run,6.0,Clear,28.0,Male,1,"PHP 2,808,345.23",,POOR,60
MMTI-2025-07204,Taguig,Truck,Head-on,3,Cloudy,40.0,Male,0,302222.02,Heavy,Well-Lit,30 km/h
MMTI-2025-07159,Caloocan,Motorcycle,Side-swipe,3.0,,32.0,female ,0,26278.37,Heavy,dark,60
MMTI-2025-19747,PASIG ,Car,Rear-end,Risk Level 3,,35.0,Female,0,70606.34,Heavy,No Lights,60 kph
MMTI-2025-20191,Mandaluyong,Car,Hit and Run,,Clear,49.0,Female,0,71417.01,HEAVY,Poorly-Lit,80 kph
MMTI-2025-16758,Navotas,Car,Hit and Run,,Clear,38.0,female ,0,71900.87,Heavy,Well-Lit,60
MMTI-2025-06804,MAKATI ,Jeepney,Side-swipe,3,Clear,17.0,Female,0,78562.8,,Well-Lit,100
MMTI-2025-12603,MANDALUYONG ,,Hit and Run,3,,45.0,M,0,99999999,Moderate,Unlit,60
MMTI-2025-00857,Manila,Car,Head-on,6.0,Cloudy,23.0,Male,2,194239.26,Heavy,No Lights,60
MMTI-2025-10381,Manila,Motorcycle,Side-swipe,Risk Level 3,,26.0,Male,0,55362.03,Heavy,Well-Lit,80
MMTI-2025-22316,Quezon,Car,Side-swipe,Risk Level 3,Rainy,52.0,Male,0,702443.34,Moderate,Well-Lit,60
MMTI-2025-08853,Mandaluyong,SUV/Van,Rear-end,3.0,Cloudy,37.0,Male,0,"PHP 297,061.13",,Well-Lit,60
MMTI-2025-04642,Pasig,Motorcycle,Hit and Run,Risk Level 3,,21.0,Female,0,36965.03,Heavy,Well-Lit,60
MMTI-2025-07715,Pasig,,Hit and Run,3,Clear,43.0,Female,0,107345.33,Moderate,Well-Lit,100
MMTI-2025-08165,Pasig,Car,Head-on,3,Clear,51.0,Female,0,"PHP 161,852.15",HEAVY,Well-Lit,60
MMTI-2025-01336,Taguig,Car,Hit and Run,3,Cloudy,30.0,Male,0,288716.56,Heavy,Poorly-Lit,30
MMTI-2025-16423,Caloocan,,Side-swipe,Risk Level 6,Storm,20.0,Male,4,307439.71,Heavy,Well-Lit,30
MMTI-2025-13638,Pasig,Car,Rear-end,3.0,Clear,38.0,Female,0,137175.92,Heavy,Well-Lit,60
MMTI-2025-15743,,Motorcycle,Head-on,3.0,Clear,24.0,male,0,12770.11,Heavy,Well-Lit,60
MMTI-2025-15244,Mandaluyong,SUV/Van,Side-swipe,3,Clear,24.0,Male,0,80580.56,Heavy,Well-Lit,60
MMTI-2025-18708,Muntinlupa,Car,Head-on,3,Clear,25.0,Male,0,55387.99,Moderate,Poorly-Lit,100
MMTI-2025-17264,Caloocan,Truck,Rear-end,Risk Level 3,Rain,43.0,Male,0,,Heavy,Poorly-Lit,80 kph
MMTI-2025-11407,Marikina,Truck,Rear-end,3.0,Clear,17.0,Male,0,61319.19,Heavy,Well-Lit,60
MMTI-2025-10524,Quezon,Motorcycle,Head-on,4,Rainy,47.0,Male,4,1219213.35,Heavy,Well-Lit,60 km/h
MMTI-2025-12419,Quezon,Motorcycle,Side-swipe,6,Cloudy,26.0,Female,4,496.2k,Light,Poorly-Lit,60
MMTI-2025-02555,Manila,Motorcycle,Rear-end,3,Clear,,Female,0,27730.04,Moderate,Well-Lit,60 km/h
MMTI-2025-20931,Manila,Car,Rear-end,3.0,Cloudy,32.0,Male,0,207189.36,Heavy,Well-Lit,60 kph
MMTI-2025-12327,Manila,Car,Hit and Run,3,,70.0,Male,0,170508.84,,Well-Lit,60 km/h
MMTI-2025-00224,Taguig,Motorcycle,Hit and Run,2,Cloudy,34.0,female ,0,284026.4,Heavy,Well-Lit,60 km/h
MMTI-2025-09260,,Jeepney,Hit and Run,6.0,Clear,32.0,Male,1,66862.33,Moderate,Well-Lit,60
MMTI-2025-04287,Muntinlupa,Motorcycle,Hit and Run,3,,40.0,Female,0,25405.89,HEAVY,Well-Lit,60
MMTI-2025-18586,Quezon,SUV/Van,Rear-end,Risk Level 2,Cloudy,21.0,Male,0,400.7k,Heavy,Lit,40 kph
MMTI-2025-06138,Manila,Car,Hit and Run,3.0,Cloudy,20.0,Male,0,168990.19,MODERATE,Well-Lit,30
MMTI-2025-08867,Makati,Car,Side-swipe,2.0,Cloudy,31.0,Male,0,235120.61,Heavy,Lit,80
MMTI-2025-10555,,Motorcycle,Rear-end,6.0,Clear,17.0,Male,4,77344.26,,Unlit,60 km/h
MMTI-2025-19457,,Bus,Hit and Run,4,Clear,36.0,Female,2,258277.57,Moderate,Poorly-Lit,60
MMTI-2025-10468,Quezon,Car,Rear-end,Risk Level 3,Cloudy,45.0,Male,0,608231.93,Heavy,Well-Lit,30
MMTI-2025-20896,Marikina,Car,Head-on,Risk Level 3,Clear,34.0,Male,0,64377.46,Light,well lit,60
MMTI-2025-11371,Quezon,SUV/Van,Rear-end,3,Cloudy,34.0,Male,0,424502.23,Heavy,Unlit,60
MMTI-2025-10138,Paranaque,Car,Head-on,1.0,Clear,21.0,Male,0,115504.32,Light,Well-Lit,30 kph
MMTI-2025-10697,Manila,,Side-swipe,3.0,Clear,25.0,Male,0,"PHP 79,442.97",Heavy,Well-Lit,60 km/h
MMTI-2025-10464,Manila,Truck,Rear-end,2,Clear,23.0,Male,0,201334.38,,Well-Lit,60
MMTI-2025-08137,Makati,Motorcycle,Rear-end,3,Cloudy,47.0,Male,0,218924.28,Heavy,Well-Lit,60
MMTI-2025-09526,Manila,Truck,Side-swipe,Risk Level 6,Cloudy,31.0,Male,2,184026.93,Heavy,Well-Lit,40
MMTI-2025-01504, caloocan,SUV/Van,Rear-end,2,,42.0,Male,0,"PHP 71,942.83",Moderate,Unlit,60 kph
MMTI-2025-18909,CALOOCAN ,Truck,Hit and Run,3,Rain,43.0,Female,0,,Moderate,Poorly-Lit,60
MMTI-2025-08965,,SUV/Van,Rear-end,3.0,Clear,37.0,Female,0,175631.34,Heavy,Well-Lit,60 km/h
MMTI-2025-21346,San Juan,,Hit and Run,Risk Level 3,Clear,28.0,Male,0,33663.5,Light,Well-Lit,80
MMTI-2025-06884,QUEZON ,,Side-swipe,3,Clear,150.0,F,0,169.9k,Heavy,Well-Lit,100
MMTI-2025-07898,Makati,Motorcycle,Head-on,3,Clear,45.0,Unknown,0,,Heavy,Well-Lit,30 km/h
MMTI-2025-19230,Taguig,Car,Hit and Run,3,Cloudy,33.0,Male,0,287157.89,Moderate,Well-Lit,60
MMTI-2025-09929,Quezon,Motorcycle,Side-swipe,Risk Level 3,Stormy,54.0,Unknown,0,1935588.31,Heavy,Well-Lit,100 kph
MMTI-2025-06058,Valenzuela,Motorcycle,Hit and Run,,Clear,34.0,Male,0,21539.83,Light,Well-Lit,60
MMTI-2025-05868,,Motorcycle,Head-on,Risk Level 3,Storm,40.0,Male,0,55335.55,,Well-Lit,60
MMTI-2025-14527,Manila,,Hit and Run,3,Clear,26.0,Male,0,"PHP 167,213.72",Heavy,Well-Lit,60 km/h
MMTI-2025-01160,Manila,Jeepney,Rear-end,Risk Level 3,,35.0,M,0,83978.03,Light,Poorly-Lit,40
MMTI-2025-15756,Quezon,Car,Rear-end,2.0,Cloudy,39.0,Male,0,489937.58,Heavy,Poorly-Lit,40 km/h
MMTI-2025-20710,Muntinlupa,Car,Hit and Run,3.0,Clear,37.0,Male,0,55827.31,Moderate,Well-Lit,30 km/h
MMTI-2025-22764,Quezon,Motorcycle,Head-on,2,Cloudy,41.0,Male,0,432044.17,Heavy,Well-Lit,60
MMTI-2025-13469,Manila,Car,Rear-end,3,Storm,54.0,Male,0,194736.65,,Well-Lit,60
MMTI-2025-05873,Taguig,Car,Side-swipe,Risk Level 6,Cloudy,33.0,Male,4,278943.52,Moderate,Poorly-Lit,40
MMTI-2025-14425,Las Pinas,Motorcycle,Hit and Run,Risk Level 3,Clear,34.0,Male,0,33335.15,,Poorly-Lit,40 km/h
MMTI-2025-09506,Quezon,Bus,Hit and Run,,Clear,150.0,F,0,206953.04,,Poorly-Lit,60
MMTI-2025-02325,CALOOCAN ,,Hit and Run,2,Clear,27.0,Male,0,69835.69,MODERATE,Unlit,60 km/h
MMTI-2025-12272,Taguig,Bus,Hit and Run,3.0,Rain,34.0,Male,0,,Heavy,Well-Lit,60
MMTI-2025-01300,Mandaluyong,Car,Hit and Run,2,Clear,44.0,Male,0,70693.06,Heavy,Well-Lit,60 km/h
MMTI-2025-16409,Quezon,Car,Hit and Run,6,Stormy,17.0,Male,1,"PHP 2,196,398.05",Heavy,Well-Lit,60
MMTI-2025-03765,Pasay,Truck,Side-swipe,3,,43.0,Male,0,945371.61,Heavy,Poorly-Lit,60 km/h
MMTI-2025-08032,Las Pinas,Motorcycle,Rear-end,3,Clear,41.0,Male,0,91887.93,Heavy,No Lights,60
MMTI-2025-08824,Manila,Jeepney,Rear-end,Risk Level 3,Cloudy,40.0,Male,0,100459.31,,Well-Lit,60
MMTI-2025-23050,Manila,Car,Rear-end,Risk Level 3,Cloudy,44.0,Male,0,183174.43,Heavy,Well-Lit,60
MMTI-2025-05759,Quezon,Car,Head-on,3,Clear,28.0,Male,0,85782.06,,Well-Lit,60
MMTI-2025-15996,Manila,Car,Side-swipe,6.0,Cloudy,37.0,Male,2,"PHP 192,117.39",HEAVY,Well-Lit,60
MMTI-2025-21417,Pasay,Jeepney,Rear-end,3,Clear,,Male,0,89658.08,Heavy,Well-Lit,60
MMTI-2025-08540,Quezon,Car,Side-swipe,6.0,Rainy,29.0,Female,3,1328.1k,Moderate,Poorly-Lit,80 km/h
MMTI-2025-16375,Marikina,,Hit and Run,2,Clear,52.0,M,0,47699.85,Heavy,Unlit,60
MMTI-2025-16194,Quezon,Motorcycle,Hit and Run,3,Cloudy,35.0,Female,0,418631.61,Heavy,Poorly-Lit,60
MMTI-2025-23539,Quezon,Car,Head-on,3.0,Rainy,37.0,male,0,"PHP 1,053,233.24",Heavy,Well-Lit,60
MMTI-2025-16345,Mandaluyong,Car,Hit and Run,3.0,Clear,28.0,Female,0,72968.71,Heavy,Unlit,60
MMTI-2025-21075,Las Pinas,Car,Hit and Run,6,Clear,58.0,Male,1,85464.93,Heavy,Well-Lit,30
MMTI-2025-04289,Quezon,Motorcycle,Rear-end,Risk Level 3,Rainy,39.0,Female,0,860223.27,Heavy,Well-Lit,60 km/h
MMTI-2025-04609,Quezon,Bus,Head-on,3,,34.0,Male,0,618501.68,Heavy,Well-Lit,30
MMTI-2025-03960,Mandaluyong,Truck,Head-on,2.0,Clear,,female ,0,622232.11,Light,Poorly-Lit,40 km/h
MMTI-2025-10416,Taguig,Car,Hit and Run,3.0,Cloudy,-10.0,Male,0,293933.43,Heavy,Well-Lit,60 km/h
MMTI-2025-22443, quezon,Car,Rear-end,Risk Level 3,Clear,23.0,Male,0,,Heavy,Poorly-Lit,60
MMTI-2025-20295,Caloocan,Motorcycle,Hit and Run,3,Clear,17.0,Male,0,,Moderate,Well-Lit,60
MMTI-2025-01079,Makati,Car,Hit and Run,3,Cloudy,31.0,Male,0,"PHP 266,299.85",Heavy,Well-Lit,60 km/h
MMTI-2025-21511,Quezon,SUV/Van,Hit and Run,Risk Level 3,Cloudy,42.0,Male,0,572203.78,Moderate,Well-Lit,60
MMTI-2025-15935,Manila,Car,Side-swipe,3,Cloudy,28.0,F,0,211048.44,Heavy,Well-Lit,30
MMTI-2025-01549,Marikina,SUV/Van,Head-on,Risk Level 1,Clear,39.0,Male,0,,Moderate,Well-Lit,60
MMTI-2025-08208,Muntinlupa,Motorcycle,Side-swipe,3,Clear,34.0,Male,0,51297.95,Heavy,No Lights,40
MMTI-2025-17046,Manila,Car,Head-on,1.0,Cloudy,27.0,Male,0,168834.74,Moderate,Poorly-Lit,60
MMTI-2025-00496,Manila,Truck,Side-swipe,6.0,Rain,40.0,female ,1,1405638.45,,Well-Lit,60 km/h
MMTI-2025-06840,Pasig,Car,Head-on,3,Clear,38.0,Female,0,"PHP 154,672.97",Heavy,Poorly-Lit,60
MMTI-2025-22436,Taguig,Jeepney,Hit and Run,Risk Level 3,Cloudy,36.0,Female,0,287292.13,Heavy,Poorly-Lit,60 km/h
MMTI-2025-17866,Quezon,Truck,Hit and Run,3,Cloudy,44.0,Male,0,434861.79,Moderate,Poorly-Lit,60
MMTI-2025-20613,Makati,Motorcycle,Side-swipe,6.0,Cloudy,34.0,Female,3,226600.67,Heavy,Poorly-Lit,60
MMTI-2025-10114,Caloocan,Car,Side-swipe,4,Clear,37.0,Female,3,41365.41,Moderate,Well-Lit,60
MMTI-2025-03287,Quezon,,Rear-end,Risk Level 3,Clear,35.0,Male,0,172395.52,Moderate,Well-Lit,60
MMTI-2025-03500, caloocan,Jeepney,Rear-end,3,Storm,37.0,male,0,,Heavy,Poorly-Lit,60 km/h
MMTI-2025-20659,Taguig,Bus,Rear-end,,Storm,29.0,Male,0,113334.54,Heavy,Well-Lit,40
MMTI-2025-01483,Manila,Car,Rear-end,3,Cloudy,32.0,Male,0,169715.44,Light,Unlit,30 km/h
MMTI-2025-09300, navotas,SUV/Van,Side-swipe,3,Clear,23.0,Male,0,226.1k,,Unlit,100
MMTI-2025-03051,Quezon,Jeepney,Side-swipe,3.0,Rainy,20.0,Unknown,0,633035.32,Light,Well-Lit,60
MMTI-2025-23363,Mandaluyong,Car,Rear-end,3,Clear,29.0,Male,0,71108.28,Heavy,Lit,60
MMTI-2025-02281,Pasig,Car,Rear-end,3,Clear,32.0,Female,0,"PHP 147,424.45",Heavy,Well-Lit,60
MMTI-2025-23459, manila,,Head-on,Risk Level 2,Clear,41.0,Male,0,46877.68,Heavy,Well-Lit,60
MMTI-2025-05268, marikina,Truck,Rear-end,Risk Level 6,,44.0,Male,1,2099016.63,Heavy,Lit,60
MMTI-2025-21833,Quezon,Car,Rear-end,3,Rainy,44.0,Female,2,739384.78,Heavy,Lit,60
MMTI-2025-04681,,Motorcycle,Side-swipe,1,Clear,46.0,Female,0,8007.76,,Well-Lit,60
MMTI-2025-18224,Quezon,Car,Side-swipe,3,Rainy,34.0,Male,0,797330.61,Heavy,Well-Lit,60 km/h
MMTI-2025-23540,Pasig,Car,Head-on,2,Clear,37.0,Male,0,143035.46,Heavy,Poorly-Lit,30
MMTI-2025-09648,Pasig,Car,Hit and Run,6.0,Clear,50.0,Male,4,"PHP 140,918.41",Heavy,No Lights,60
MMTI-2025-14140,Quezon,SUV/Van,Side-swipe,2,Cloudy,45.0,Female,0,561707.6,Moderate,Well-Lit,40 km/h
MMTI-2025-12871,Caloocan,Jeepney,Side-swipe,Risk Level 3,Rain,31.0,Male,0,,Heavy,dark,60
MMTI-2025-10616,Las Pinas,SUV/Van,Side-swipe,3,Clear,30.0,Male,0,92090.16,Moderate,Poorly-Lit,80 kph
MMTI-2025-06371,Quezon,SUV/Van,Head-on,2,Cloudy,39.0,Male,0,"PHP 465,947.92",Moderate,Well-Lit,60
MMTI-2025-05870,Quezon,Motorcycle,Side-swipe,3,Rainy,42.0,Male,0,1153242.12,Light,Poorly-Lit,60 km/h
MMTI-2025-01734,Mandaluyong,Motorcycle,Side-swipe,1,Clear,31.0,Male,0,73632.65,Moderate,Well-Lit,30
MMTI-2025-02896,Taguig,Car,Side-swipe,3.0,Cloudy,50.0,Male,0,279883.95,Heavy,Well-Lit,60
MMTI-2025-09410,Taguig,Car,Rear-end,3,Cloudy,33.0,Female,0,325272.54,Moderate,Poorly-Lit,80
MMTI-2025-22364,Quezon,Car,Side-swipe,3.0,Rain,52.0,female ,0,,Heavy,Well-Lit,60 kph
MMTI-2025-22468,Marikina,Car,Rear-end,2,Clear,25.0,F,0,64.3k,Heavy,Poorly-Lit,40
MMTI-2025-13824,Manila,Truck,Hit and Run,4.0,Cloudy,29.0,Female,2,199509.92,Moderate,Lit,80 km/h
MMTI-2025-12265,Muntinlupa,Motorcycle,Head-on,4,Clear,46.0,male,2,55409.18,Heavy,Poorly-Lit,40 km/h
MMTI-2025-14198,Quezon,Motorcycle,Head-on,,Clear,48.0,Female,0,4817.65,Moderate,Well-Lit,60
MMTI-2025-04140,Manila,Car,Head-on,3,Clear,35.0,Female,0,,Moderate,Well-Lit,40
MMTI-2025-14881,Quezon,Car,Head-on,6,Stormy,36.0,Male,3,2126896.92,Heavy,Poorly-Lit,40 km/h
MMTI-2025-03383,Manila,Car,Hit and Run,6,Cloudy,40.0,Male,3,209853.06,HEAVY,Well-Lit,30
MMTI-2025-10030,Quezon,Motorcycle,Hit and Run,3,Rainy,27.0,F,0,1037829.6,Heavy,Well-Lit,60
MMTI-2025-21142,Manila,,Rear-end,3,Cloudy,25.0,Male,0,190930.93,Moderate,Unlit,60 km/h
MMTI-2025-09990,Manila,Jeepney,Side-swipe,3.0,Clear,39.0,Male,0,,Heavy,Well-Lit,30
MMTI-2025-21404,Paranaque,Car,Hit and Run,3,Clear,33.0,Male,0,"PHP 119,543.23",Moderate,Well-Lit,60
MMTI-2025-19219,Paranaque,Motorcycle,Side-swipe,1,Clear,28.0,Male,0,121.7k,Light,No Lights,80
MMTI-2025-07213,Las Pinas,Car,Hit and Run,6.0,Clear,0.0,Female,2,"PHP 93,398.75",Heavy,Well-Lit,60
MMTI-2025-00138,Pasig,Bus,Rear-end,2,Clear,35.0,Male,0,"PHP 320,624.35",,Well-Lit,80 km/h
MMTI-2025-20817,Taguig,Car,Rear-end,3,Cloudy,37.0,Male,0,282499.46,Heavy,Well-Lit,60
MMTI-2025-12774,Quezon,,Head-on,3.0,Rain,27.0,Male,0,52.0k,HEAVY,Unlit,60
MMTI-2025-17042,Quezon,SUV/Van,Hit and Run,3,Rainy,50.0,Male,0,1036154.06,Heavy,Well-Lit,80
MMTI-2025-08000,Manila,Car,Rear-end,Risk Level 3,Cloudy,55.0,Male,0,201856.16,Light,Well-Lit,80
MMTI-2025-14957,Paranaque,Car,Rear-end,Risk Level 1,Clear,27.0,Male,0,107706.0,Moderate,Unlit,80
MMTI-2025-00785,Quezon,SUV/Van,Side-swipe,3,Rainy,57.0,Male,0,"PHP 1,090,021.98",Heavy,Poorly-Lit,60 km/h
MMTI-2025-15018,Quezon,Motorcycle,Head-on,3,Rainy,41.0,Female,0,"PHP 1,179,095.81",Heavy,Poorly-Lit,60
MMTI-2025-01191,,,Hit and Run,3.0,Storm,53.0,Male,0,298418.78,Heavy,Well-Lit,100
MMTI-2025-02548,,,Head-on,3,Cloudy,33.0,Male,0,128149.63,Heavy,Well-Lit,40
MMTI-2025-23552,Pasig,Truck,Head-on,,Clear,44.0,Male,0,144857.14,Light,Well-Lit,80
MMTI-2025-23576,MANILA ,Bus,Hit and Run,3,,36.0,Male,0,1015322.43,Heavy,Unlit,80
MMTI-2025-20691,San Juan,Jeepney,Hit and Run,,Cloudy,45.0,Male,0,11.3k,Light,Poorly-Lit,60 kph
MMTI-2025-23145,Paranaque,Truck,Head-on,3,Clear,150.0,Female,0,107842.57,Heavy,Well-Lit,40
MMTI-2025-07212,,Jeepney,Hit and Run,3,Rain,45.0,Male,0,47217.64,HEAVY,Well-Lit,60 kph
MMTI-2025-05770,Marikina,Motorcycle,Hit and Run,2.0,Clear,52.0,Male,0,60297.95,Moderate,Poorly-Lit,40 kph