Incident_ID,City,Vehicle_Type,Accident_Type,Severity,Weather_Condition,Driver_Age,Driver_Gender,Injury_Count,Damage_Cost_PHP,Traffic_Volume,Road_Lighting,Speed_Limit
MMTI-2025-14050,Quezon,Car,Hit and Run,6.0,Stormy,32.0,Male,4,3278613.45,Heavy,Well-Lit,40
MMTI-2025-18318,Quezon,Car,Rear-end,3.0,Rainy,17.0,Male,0,"PHP 1,338,672.80",Heavy,Well-Lit,100
MMTI-2025-22391,Quezon,Car,Hit and Run,6.0,Rainy,34.0,Male,2,1526745.6,Light,Unlit,60 km/h
MMTI-2025-23179,MANILA ,SUV/Van,Side-swipe,3.0,Rain,,Female,0,111020.81,Moderate,Unlit,40
MMTI-2025-02605,Mandaluyong,,Side-swipe,3.0,Clear,35.0,Male,0,,,Well-Lit,80
MMTI-2025-13924,Mandaluyong,Car,Head-on,3.0,Clear,46.0,Male,0,72831.9,Heavy,Poorly-Lit,80
MMTI-2025-15628,Quezon,SUV/Van,Hit and Run,Risk Level 3,Rainy,35.0,Male,0,899425.21,Heavy,well lit,60
MMTI-2025-03645,Mandaluyong,SUV/Van,Side-swipe,3,Clear,44.0,Male,0,76.2k,Heavy,Well-Lit,100
MMTI-2025-16293,Makati,Car,Hit and Run,Risk Level 2,Cloudy,45.0,Male,0,244558.25,Heavy,Well-Lit,60
MMTI-2025-14467,Makati,Car,Head-on,3,Cloudy,38.0,Female,0,265.1k,MODERATE,Well-Lit,40 km/h
MMTI-2025-23314,Caloocan,,Head-on,3,Clear,23.0,Male,0,251914.43,Heavy,dark,60
MMTI-2025-17298,Paranaque,Car,Rear-end,3.0,Clear,46.0,Male,0,105107.06,Moderate,Well-Lit,60
MMTI-2025-21465,Quezon,Car,Rear-end,6,Stormy,32.0,Male,3,99999999,Heavy,Poorly-Lit,80
MMTI-2025-12410,,SUV/Van,Rear-end,3.0,Clear,44.0,Male,0,269826.47,Heavy,Well-Lit,60
MMTI-2025-03281,Taguig,Car,Side-swipe,4,Cloudy,27.0,Male,4,317014.45,Heavy,Poorly-Lit,80
MMTI-2025-10848,Caloocan,Truck,Rear-end,3,,31.0,Male,0,207437.68,Light,Well-Lit,40
MMTI-2025-20624,Quezon,Motorcycle,Side-swipe,3,Cloudy,36.0,Male,0,471618.27,Heavy,Poorly-Lit,60
MMTI-2025-19931,Valenzuela,Motorcycle,Rear-end,Risk Level 3,Clear,43.0,Male,0,38009.55,Heavy,Well-Lit,40 km/h
MMTI-2025-22922,Manila,Truck,Hit and Run,3,Cloudy,36.0,Male,0,170599.33,Moderate,Well-Lit,60
MMTI-2025-08078,,Bus,Side-swipe,3,Clear,24.0,Male,0,875804.26,Heavy,Lit,40
MMTI-2025-19816,Marikina,SUV/Van,Side-swipe,Risk Level 6,Clear,,Unknown,4,693171.12,Heavy,Well-Lit,60 km/h
MMTI-2025-06092,Taguig,,Head-on,4,Clear,56.0,Male,3,227530.9,Moderate,Poorly-Lit,60
MMTI-2025-00195,MANILA ,Jeepney,Side-swipe,3,Clear,49.0,Male,0,77777777,,No Lights,60 km/h
MMTI-2025-05824,Quezon,,Head-on,3,Rain,36.0,Male,0,93469.64,Heavy,Unlit,60
MMTI-2025-00930,San Juan,SUV/Van,Head-on,3,,32.0,Female,0,172449.68,Heavy,Well-Lit,30
MMTI-2025-14443,Taguig,Truck,Head-on,Risk Level 3,Cloudy,34.0,Male,0,343305.28,Heavy,Unlit,30
MMTI-2025-08575,Makati,Bus,Rear-end,1,Clear,25.0,Male,0,220.1k,,Unlit,60
MMTI-2025-01459,Quezon,Motorcycle,Hit and Run,2.0,Rainy,28.0,Female,0,674.9k,Moderate,Poorly-Lit,80
MMTI-2025-07278,,Motorcycle,Rear-end,Risk Level 3,Clear,49.0,Female,0,45810.21,Heavy,Poorly-Lit,60
MMTI-2025-06022,Pasig,SUV/Van,Rear-end,Risk Level 3,Clear,30.0,Male,0,,Moderate,Well-Lit,80
MMTI-2025-01472,Marikina,Car,Hit and Run,Risk Level 3,Clear,22.0,Female,0,"PHP 61,966.88",Heavy,Well-Lit,40 kph
MMTI-2025-09157, manila,Truck,Side-swipe,3.0,Clear,22.0,Female,0,723518.63,,Well-Lit,100
MMTI-2025-01177,Paranaque,SUV/Van,Head-on,3,Rain,54.0,Male,0,,Heavy,No Lights,60
MMTI-2025-15100,Pasay,Jeepney,Hit and Run,6.0,Rain,,Male,3,325608.42,Heavy,Well-Lit,80 km/h
MMTI-2025-20839,Caloocan,Car,Head-on,3.0,Clear,51.0,Male,0,44720.63,HEAVY,Poorly-Lit,80 km/h
MMTI-2025-11627,Pasay,Car,Side-swipe,2.0,Clear,31.0,Male,0,45458.69,Moderate,Well-Lit,60
MMTI-2025-20084,Quezon,Motorcycle,Side-swipe,6,Cloudy,26.0,Male,2,538842.57,Light,Poorly-Lit,60 km/h
MMTI-2025-03032,MAKATI ,Bus,Head-on,Risk Level 2,Cloudy,23.0,Male,0,,HEAVY,Poorly-Lit,30
MMTI-2025-07849,Muntinlupa,Car,Hit and Run,3,Clear,34.0,Female,0,"PHP 56,430.69",Moderate,Well-Lit,40
MMTI-2025-14386,,Motorcycle,Head-on,Risk Level 3,Cloudy,46.0,Male,0,77777777,Light,Poorly-Lit,30
MMTI-2025-08489,,,Hit and Run,3,Clear,28.0,Male,0,109228.56,Moderate,Well-Lit,60 km/h
MMTI-2025-20386,Muntinlupa,Bus,Hit and Run,,Clear,27.0,M,0,77844.95,Moderate,Unlit,80
MMTI-2025-00192,Navotas,SUV/Van,Head-on,3,Clear,33.0,Male,0,,Heavy,No Lights,40
MMTI-2025-00571,Taguig,Jeepney,Rear-end,Risk Level 2,Rain,,Male,0,42214.53,Moderate,Well-Lit,100
MMTI-2025-17508,Paranaque,Car,Rear-end,2,Clear,36.0,Male,0,120674.79,Light,Well-Lit,30
MMTI-2025-18451,Makati,Bus,Side-swipe,3.0,Clear,31.0,Male,0,337803.1,,Well-Lit,60 km/h
MMTI-2025-07555,Taguig,Truck,Hit and Run,3,Cloudy,33.0,Male,0,272290.85,Heavy,Well-Lit,60
MMTI-2025-00972,Paranaque,SUV/Van,Side-swipe,Risk Level 3,Clear,24.0,Male,0,102196.77,Heavy,Well-Lit,100 km/h
MMTI-2025-06306,,Bus,Head-on,3,Clear,51.0,Male,0,-500,Moderate,Well-Lit,40
MMTI-2025-02180,Taguig,Truck,Head-on,3,Cloudy,41.0,Female,0,294747.68,Heavy,Unlit,30 km/h
MMTI-2025-10896,San Juan,Car,Rear-end,2,Clear,17.0,Male,0,40818.28,Moderate,Poorly-Lit,60
MMTI-2025-18316,Quezon,,Side-swipe,3,Clear,46.0,Female,0,-500,Heavy,Well-Lit,60
MMTI-2025-20147,QUEZON ,Car,Rear-end,3,Clear,46.0,Male,0,138753.55,,Well-Lit,60
MMTI-2025-07441,Taguig,Car,Hit and Run,6,Cloudy,29.0,Female,1,438435.11,,Poorly-Lit,80 km/h
MMTI-2025-19888,Taguig,Motorcycle,Hit and Run,3.0,Cloudy,17.0,Female,0,284.8k,Heavy,Well-Lit,40 km/h
MMTI-2025-07312,Muntinlupa,SUV/Van,Hit and Run,,Clear,,Female,0,65.7k,Moderate,Well-Lit,100
MMTI-2025-03839,Marikina,,Hit and Run,2.0,Clear,27.0,Female,0,67882.44,Moderate,Unlit,60
MMTI-2025-19272,Malabon,Car,Rear-end,3,Clear,41.0,Male,0,37327.85,Heavy,Well-Lit,100
MMTI-2025-20828,Paranaque,Motorcycle,Side-swipe,3.0,Clear,25.0,Male,0,105282.18,Moderate,Poorly-Lit,40
MMTI-2025-03461,Manila,Jeepney,Rear-end,,Clear,32.0,Male,0,26194.08,Heavy,Well-Lit,30
MMTI-2025-16343,Pasay,Car,Rear-end,Risk Level 3,Clear,27.0,male,0,45886.57,Moderate,Well-Lit,80 km/h
MMTI-2025-00925,Quezon,Car,Rear-end,3,Rainy,28.0,Male,0,677610.46,Moderate,Well-Lit,30
MMTI-2025-03670,Quezon,Car,Rear-end,,Rain,53.0,Male,0,103080.04,Heavy,Poorly-Lit,40
MMTI-2025-04401,Quezon,Car,Hit and Run,3.0,Rainy,42.0,Male,0,832831.92,Light,POOR,60
MMTI-2025-05156,Taguig,Motorcycle,Hit and Run,3,Cloudy,25.0,Male,0,312452.88,Heavy,Unlit,60
MMTI-2025-16098,Las Pinas,Truck,Head-on,3.0,Clear,27.0,M,0,94714.58,Heavy,Poorly-Lit,60
MMTI-2025-07713,Mandaluyong,Car,Rear-end,3,Clear,51.0,Female,0,68746.93,Heavy,dark,60
MMTI-2025-16285, manila,Motorcycle,Rear-end,3.0,Clear,22.0,Male,0,"PHP 10,394.82",,Unlit,60
MMTI-2025-20982,,Truck,Hit and Run,6,Storm,47.0,Male,3,99999999,Heavy,Well-Lit,30 kph
MMTI-2025-03120,Quezon,Bus,Side-swipe,6,,29.0,Female,4,1628.3k,Heavy,Well-Lit,60
MMTI-2025-07757,Pasig,Car,Hit and Run,3,Clear,49.0,Male,0,139433.05,Moderate,Well-Lit,60
MMTI-2025-09840,Quezon,Bus,Head-on,,Clear,48.0,Male,0,190740.73,,Poorly-Lit,60
MMTI-2025-12006,Quezon,Motorcycle,Side-swipe,3,,47.0,Male,0,57251.41,Heavy,Well-Lit,60
MMTI-2025-21505,Quezon,Car,Rear-end,3,Rainy,35.0,Male,0,1555155.09,HEAVY,POOR,60
MMTI-2025-16201,Las Pinas,Truck,Hit and Run,Risk Level 2,Clear,63.0,Male,0,90128.58,Heavy,Lit,40
MMTI-2025-13127,Caloocan,SUV/Van,Side-swipe,3.0,Clear,41.0,Male,0,43185.8,Heavy,Poorly-Lit,60
MMTI-2025-15563,Caloocan,,Head-on,3,Clear,28.0,Male,0,167.4k,Moderate,Poorly-Lit,60 km/h
MMTI-2025-05612,Makati,Car,Hit and Run,Risk Level 3,Cloudy,30.0,Female,0,259179.35,Heavy,Well-Lit,60 km/h
MMTI-2025-00432,Makati,SUV/Van,Rear-end,3.0,Clear,51.0,Male,0,,Light,dark,60
MMTI-2025-23508,Quezon,Car,Rear-end,3.0,Rainy,30.0,Male,0,1011350.64,Heavy,Poorly-Lit,60 km/h
MMTI-2025-06217,Quezon,Motorcycle,Head-on,3,Rainy,43.0,Male,0,1210237.98,HEAVY,Unlit,60
MMTI-2025-16255,Quezon,SUV/Van,Rear-end,3,Rainy,28.0,Male,0,676561.52,Heavy,Poorly-Lit,30
MMTI-2025-15678,San Juan,Car,Side-swipe,3,,33.0,Male,0,"PHP 219,351.00",Heavy,Well-Lit,60
MMTI-2025-18712,Quezon,,Side-swipe,2,Cloudy,26.0,Female,0,41139.89,Moderate,Poorly-Lit,60
MMTI-2025-00405,Pasig,Bus,Rear-end,Risk Level 2,,36.0,Male,0,114.4k,Heavy,POOR,30 km/h
MMTI-2025-18693,Quezon,,Rear-end,3.0,Cloudy,41.0,Male,0,166338.96,Heavy,Poorly-Lit,30
MMTI-2025-13708,,SUV/Van,Hit and Run,3,Clear,55.0,Male,0,450109.74,Heavy,Well-Lit,30
MMTI-2025-20588,Pasay,Bus,Rear-end,,Cloudy,53.0,Male,0,434967.82,Heavy,Well-Lit,60
MMTI-2025-21236,Quezon,Car,Hit and Run,3.0,Rainy,42.0,Male,0,1015136.5,Heavy,Well-Lit,60 km/h
MMTI-2025-07658,,Bus,Head-on,3.0,Rain,35.0,Female,0,236081.84,,Well-Lit,80
MMTI-2025-07619,Paranaque,Car,Rear-end,6,Clear,32.0,Male,2,107734.84,Heavy,Poorly-Lit,60 kph
MMTI-2025-20865,Manila,Jeepney,Side-swipe,,Clear,17.0,Female,0,23595.52,Light,Well-Lit,60 kph
MMTI-2025-09547,Caloocan,Car,Head-on,2,Clear,42.0,Male,0,44208.9,Heavy,Poorly-Lit,30 km/h
MMTI-2025-18702,Muntinlupa,Car,Hit and Run,3.0,Clear,49.0,Male,0,56313.35,Heavy,well lit,60
MMTI-2025-13905, quezon,,Hit and Run,3,Clear,32.0,Female,0,46585.16,Moderate,well lit,60
MMTI-2025-21653,Pasig,Motorcycle,Hit and Run,3,Clear,34.0,Male,0,130074.03,Moderate,well lit,40
MMTI-2025-04272,Marikina,Car,Side-swipe,3,Clear,40.0,Male,0,66555.4,HEAVY,Well-Lit,40
MMTI-2025-12198,Quezon,Car,Side-swipe,3,Cloudy,26.0,Male,0,549030.61,Heavy,Well-Lit,100 km/h
MMTI-2025-17110,Manila,Car,Side-swipe,Risk Level 3,Cloudy,52.0,Male,0,188419.64,Heavy,Well-Lit,60
MMTI-2025-14268,Taguig,SUV/Van,Side-swipe,Risk Level 6,Cloudy,28.0,Female,1,271421.8,Light,Poorly-Lit,60
MMTI-2025-18680,,Bus,Side-swipe,3,Clear,0.0,Male,0,559337.85,Moderate,Poorly-Lit,80
MMTI-2025-19586,Paranaque,Car,Hit and Run,3,Clear,45.0,Male,0,122306.18,Heavy,POOR,40
MMTI-2025-22661,Quezon,SUV/Van,Hit and Run,3.0,Rain,25.0,Female,0,"PHP 276,772.35",,Poorly-Lit,100 km/h
MMTI-2025-02696,Manila,Car,Head-on,1.0,Cloudy,21.0,Male,0,"PHP 200,977.43",Light,Well-Lit,60
MMTI-2025-03557,Quezon,Car,Rear-end,3.0,Rainy,30.0,Male,0,992415.98,Heavy,Poorly-Lit,60
MMTI-2025-10536,Quezon,Car,Rear-end,3,Rainy,33.0,Male,0,881630.53,Heavy,Well-Lit,60 km/h
MMTI-2025-03999,Quezon,Car,Rear-end,6,Cloudy,53.0,Male,1,564786.19,Moderate,No Lights,30 kph
MMTI-2025-11084,Quezon,Car,Side-swipe,Risk Level 4,Rainy,34.0,Male,3,1062910.65,Light,Well-Lit,40
MMTI-2025-05686,Manila,Motorcycle,Head-on,3.0,Cloudy,40.0,Male,0,202049.11,Heavy,Well-Lit,40 km/h
MMTI-2025-00207,,Car,Head-on,3.0,Rain,42.0,F,0,271716.71,Heavy,No Lights,60
MMTI-2025-00966,Quezon,Car,Side-swipe,Risk Level 1,Cloudy,42.0,Female,0,361998.88,Light,Well-Lit,60 km/h
MMTI-2025-20210,,Car,Hit and Run,9,Cloudy,32.0,Male,2,-500,Heavy,Well-Lit,40 km/h
MMTI-2025-03454,Taguig,Motorcycle,Rear-end,2,Cloudy,44.0,Female,4,338009.27,MODERATE,Poorly-Lit,60
MMTI-2025-20529,Quezon,Car,Rear-end,6.0,,33.0,Female,1,470585.94,HEAVY,Well-Lit,30 km/h
MMTI-2025-11286,Pasay,Motorcycle,Side-swipe,3,Clear,41.0,Male,0,48293.03,Heavy,Poorly-Lit,80
MMTI-2025-08807,Quezon,Car,Head-on,Risk Level 3,Cloudy,28.0,Male,0,390205.44,Heavy,dark,30
MMTI-2025-20922,Marikina,Car,Head-on,2,Clear,28.0,Female,0,62219.67,Heavy,Well-Lit,60
MMTI-2025-06278,Pasig,SUV/Van,Head-on,Risk Level 6,Clear,18.0,Male,2,149083.37,Heavy,POOR,60
MMTI-2025-05658,,Truck,Side-swipe,3,Clear,38.0,M,0,1152509.7,Heavy,dark,60
MMTI-2025-22779,Quezon,Truck,Side-swipe,Risk Level 3,Rainy,47.0,Male,0,1100307.12,Heavy,Poorly-Lit,80
MMTI-2025-08048,Quezon,Car,Hit and Run,Risk Level 3,Rainy,35.0,Male,0,734756.57,Heavy,Well-Lit,40
MMTI-2025-01878,Pasig,SUV/Van,Hit and Run,2,Clear,46.0,female ,0,126333.44,LIGHT,Well-Lit,60
MMTI-2025-03989,Marikina,Motorcycle,Head-on,Risk Level 3,Clear,59.0,Male,0,61757.88,Heavy,Well-Lit,60
MMTI-2025-17779,Quezon,Car,Side-swipe,Risk Level 3,Cloudy,39.0,Male,0,618513.27,Heavy,Well-Lit,40
MMTI-2025-15968,Mandaluyong,Truck,Hit and Run,,Storm,48.0,Male,0,396686.09,Moderate,Unlit,80
MMTI-2025-11895,Taguig,Car,Hit and Run,3,Cloudy,49.0,Male,0,276835.06,Heavy,Well-Lit,80 km/h
MMTI-2025-06624,Quezon,Car,Rear-end,Risk Level 3,Cloudy,39.0,Female,0,"PHP 502,593.11",Moderate,Poorly-Lit,60 km/h
MMTI-2025-12934,Pasig,Motorcycle,Hit and Run,3.0,Clear,35.0,Male,0,157903.99,Heavy,Poorly-Lit,40
MMTI-2025-05926,Quezon,Car,Head-on,Risk Level 3,Cloudy,64.0,F,0,370911.71,Heavy,Well-Lit,30
MMTI-2025-18054,Quezon,Motorcycle,Hit and Run,3,Rainy,62.0,Male,0,937608.34,Heavy,Poorly-Lit,60
MMTI-2025-20388,Caloocan,SUV/Van,Head-on,3,Clear,44.0,Female,0,,Heavy,Well-Lit,60
MMTI-2025-14505,Manila,Car,Hit and Run,1.0,Clear,29.0,Male,0,34872.96,,Poorly-Lit,80 km/h
MMTI-2025-07869,Quezon,Motorcycle,Hit and Run,3,Rainy,45.0,Female,0,954105.87,Light,Poorly-Lit,40
MMTI-2025-12099,Quezon,Car,Rear-end,3.0,Rainy,35.0,Female,0,1424836.2,Heavy,Poorly-Lit,60 km/h
MMTI-2025-22627,Paranaque,,Head-on,,Clear,50.0,Male,0,12922.58,Heavy,Well-Lit,60
MMTI-2025-00973,Makati,,Rear-end,3,,33.0,Male,0,211222.83,Moderate,Poorly-Lit,60
MMTI-2025-04466,Quezon,Motorcycle,Rear-end,2,Clear,,Male,0,3519.35,Heavy,Poorly-Lit,80
MMTI-2025-19287,Taguig,Car,Head-on,3,Cloudy,48.0,Male,0,326345.09,Moderate,Well-Lit,60
MMTI-2025-22291,Quezon,Car,Hit and Run,Risk Level 6,Rainy,32.0,Male,3,1594089.46,Heavy,well lit,80
MMTI-2025-15284,,Truck,Hit and Run,6.0,Cloudy,39.0,Male,2,1214606.28,Heavy,Well-Lit,60
MMTI-2025-13698,Mandaluyong,Bus,Rear-end,3,Rain,17.0,Male,0,,Heavy,No Lights,60 km/h
MMTI-2025-21109,Pasay,Motorcycle,Rear-end,3.0,Clear,32.0,Female,0,47460.18,HEAVY,Well-Lit,60
MMTI-2025-12796,Quezon,Motorcycle,Side-swipe,Risk Level 3,Rainy,31.0,Female,0,625488.95,MODERATE,Poorly-Lit,30 km/h
MMTI-2025-18603,Quezon,Car,Head-on,,Cloudy,31.0,Female,2,73961.91,Moderate,Well-Lit,60 km/h
MMTI-2025-14626,,Jeepney,Rear-end,3,Clear,39.0,Male,0,50211.87,Heavy,Unlit,60
MMTI-2025-08874,Caloocan,Car,Hit and Run,3,Clear,26.0,Male,0,44757.45,Heavy,Unlit,100
MMTI-2025-10729,Quezon,Car,Hit and Run,3.0,Rainy,59.0,Male,0,1151619.1,Heavy,Well-Lit,60 km/h
MMTI-2025-19485,Pasig,SUV/Van,Head-on,3,Clear,37.0,Male,0,136198.45,Heavy,Poorly-Lit,40
MMTI-2025-21907,,Car,Hit and Run,3,Clear,27.0,Male,0,136523.5,Moderate,Well-Lit,40
MMTI-2025-05616,,Jeepney,Head-on,Risk Level 3,Clear,76.0,F,0,"PHP 91,009.85",Light,Poorly-Lit,60
MMTI-2025-16921,Navotas,Truck,Side-swipe,3,,38.0,Male,0,604800.1,Moderate,Well-Lit,60
MMTI-2025-20837,Makati,,Hit and Run,3,Rain,,M,0,55115.43,HEAVY,well lit,40 km/h
MMTI-2025-11129,Marikina,SUV/Van,Rear-end,Risk Level 2,,28.0,Female,0,104897.66,Moderate,dark,100
MMTI-2025-14071,Caloocan,Car,Hit and Run,3,Clear,23.0,Male,0,44280.27,Heavy,Unlit,80
MMTI-2025-02902,Quezon,Car,Hit and Run,3,Rainy,46.0,Female,0,848855.01,Heavy,Well-Lit,60
MMTI-2025-06811,Makati,Car,Rear-end,3,Cloudy,0.0,Male,0,217893.26,Heavy,Poorly-Lit,40
MMTI-2025-08832,Las Pinas,Car,Head-on,Risk Level 3,Clear,43.0,Male,0,94257.75,Moderate,Well-Lit,30
MMTI-2025-17896,Manila,SUV/Van,Head-on,1,,46.0,female ,0,101358.44,Moderate,Poorly-Lit,60 km/h
MMTI-2025-13818,,Motorcycle,Hit and Run,6.0,Clear,,Female,4,41134.38,Heavy,Well-Lit,100 km/h
MMTI-2025-00515, pasig,Motorcycle,Hit and Run,4,Clear,43.0,Male,4,,Light,Well-Lit,30
MMTI-2025-14434,Malabon,Jeepney,Rear-end,,Clear,48.0,M,4,"PHP 36,679.32",,No Lights,40 km/h
MMTI-2025-12084,Makati,Car,Side-swipe,3,Cloudy,49.0,Female,0,233621.7,Heavy,Well-Lit,60 km/h
MMTI-2025-17875,Quezon,SUV/Van,Hit and Run,3.0,Rainy,32.0,Male,0,642819.61,Moderate,Well-Lit,100
MMTI-2025-22969,Manila,Car,Hit and Run,2,Cloudy,45.0,Male,0,176694.84,Moderate,Poorly-Lit,40
MMTI-2025-06938,Manila,Motorcycle,Side-swipe,2.0,Clear,37.0,Male,0,,Light,Poorly-Lit,40
MMTI-2025-00272,Paranaque,Bus,Rear-end,,Clear,28.0,Female,0,194806.94,Moderate,Poorly-Lit,100
MMTI-2025-10644,Manila,Bus,Head-on,,Clear,46.0,F,0,447644.86,Heavy,well lit,40 km/h
MMTI-2025-21510,QUEZON ,SUV/Van,Rear-end,3,,42.0,Male,0,74987.68,Moderate,Well-Lit,100
MMTI-2025-21854,Quezon,SUV/Van,Hit and Run,3,Rainy,32.0,Male,0,1595379.35,Heavy,Well-Lit,40
MMTI-2025-20862,TAGUIG ,,Hit and Run,3,Cloudy,42.0,Male,0,113092.61,Heavy,Well-Lit,40
MMTI-2025-04093,Marikina,Motorcycle,Side-swipe,2,,35.0,Male,0,"PHP 4,684.19",Light,well lit,30
MMTI-2025-19789,San Juan,SUV/Van,Hit and Run,3.0,Clear,38.0,Male,0,39056.21,Heavy,well lit,60 km/h
MMTI-2025-01414,QUEZON ,Car,Rear-end,3.0,,44.0,female ,0,63157.41,HEAVY,Well-Lit,30 km/h
MMTI-2025-03741,Muntinlupa,Motorcycle,Hit and Run,Risk Level 3,Clear,42.0,Male,0,50982.48,Heavy,Well-Lit,40
MMTI-2025-13931,Taguig,SUV/Van,Hit and Run,Risk Level 3,Cloudy,58.0,Male,1,322147.86,Heavy,Well-Lit,30
MMTI-2025-16927,Paranaque,Car,Side-swipe,3,Clear,39.0,Male,0,"PHP 109,850.58",Heavy,dark,60
MMTI-2025-15807, malabon,,Rear-end,Risk Level 6,Clear,42.0,Female,3,295134.2,Heavy,Lit,60
MMTI-2025-08588,Quezon,Car,Head-on,3.0,Rainy,44.0,Unknown,0,673665.65,Moderate,Well-Lit,100
MMTI-2025-13937,LAS PINAS ,Car,Hit and Run,Risk Level 3,Clear,,Female,0,68593.95,MODERATE,Poorly-Lit,60 km/h
MMTI-2025-23573,Pasig,Car,Rear-end,3.0,Clear,48.0,Male,0,147205.6,Moderate,Poorly-Lit,60
MMTI-2025-03733,Quezon,Jeepney,Hit and Run,,Clear,,M,0,43295.54,Heavy,Poorly-Lit,40
MMTI-2025-18871,Makati,Motorcycle,Head-on,4,Cloudy,42.0,Male,4,226819.01,Heavy,Well-Lit,60
MMTI-2025-19286,Quezon,Car,Side-swipe,3.0,Stormy,40.0,Female,0,99999999,Heavy,Poorly-Lit,60
MMTI-2025-12716,Caloocan,Car,Side-swipe,3,Clear,51.0,Male,0,44590.77,Heavy,Well-Lit,60
MMTI-2025-15350,San Juan,Car,Hit and Run,3,Clear,43.0,Male,0,39030.64,Heavy,Poorly-Lit,60 km/h
MMTI-2025-15217,Quezon,Truck,Rear-end,3,Rainy,24.0,Male,0,674162.27,Heavy,well lit,40
MMTI-2025-22560,Manila,Bus,Rear-end,Risk Level 3,,46.0,Female,0,633348.93,Heavy,Well-Lit,80
MMTI-2025-01053,Pasig,SUV/Van,Rear-end,,Storm,19.0,Female,0,,Heavy,Well-Lit,40
MMTI-2025-03650,Muntinlupa,Motorcycle,Rear-end,,Cloudy,44.0,Male,0,12733.8,Heavy,POOR,60 km/h
MMTI-2025-11334,Caloocan,Car,Side-swipe,3,Clear,21.0,Female,4,42488.45,Heavy,Well-Lit,60
MMTI-2025-07187,Taguig,Car,Head-on,3,Cloudy,32.0,M,0,290183.43,Moderate,Poorly-Lit,60
MMTI-2025-02707,Muntinlupa,,Side-swipe,3,Clear,47.0,Female,0,80543.64,Light,Poorly-Lit,40
MMTI-2025-03224,Paranaque,Motorcycle,Head-on,3,Clear,17.0,Male,0,"PHP 105,894.78",Heavy,Well-Lit,40
MMTI-2025-09122,Mandaluyong,SUV/Van,Head-on,3.0,Clear,29.0,Female,0,80778.62,MODERATE,Poorly-Lit,60
MMTI-2025-04542,Makati,Bus,Side-swipe,,Storm,35.0,Male,0,"PHP 256,687.61",Heavy,Well-Lit,80
MMTI-2025-06255,Manila,Motorcycle,Hit and Run,3.0,Cloudy,28.0,Male,0,180148.19,Moderate,Well-Lit,40
MMTI-2025-13460,Las Pinas,Car,Rear-end,3,Clear,39.0,Female,0,87932.08,Heavy,Well-Lit,80 km/h
MMTI-2025-19953,Las Pinas,Truck,Head-on,3.0,Clear,47.0,Male,0,84697.83,Light,Unlit,80 km/h
MMTI-2025-21900,Caloocan,Car,Hit and Run,2.0,Clear,44.0,male,0,43.7k,Heavy,Well-Lit,60
MMTI-2025-23603,Pasay,Car,Rear-end,Risk Level 3,Clear,29.0,male,0,47451.87,Moderate,Poorly-Lit,60
MMTI-2025-19981,Taguig,Car,Side-swipe,3.0,Cloudy,33.0,M,0,342159.66,MODERATE,Poorly-Lit,80 km/h
MMTI-2025-05298,Quezon,Car,Head-on,3,Rainy,28.0,Female,0,903057.9,Moderate,Well-Lit,80
MMTI-2025-05716,,Jeepney,Head-on,,Clear,35.0,Male,0,32854.88,Heavy,Lit,60
MMTI-2025-05979,Quezon,Truck,Hit and Run,3.0,Rain,23.0,Male,0,,Moderate,Well-Lit,30
MMTI-2025-01223,Quezon,Car,Head-on,3,Rainy,41.0,Male,0,1123955.08,HEAVY,Well-Lit,60 km/h
MMTI-2025-13757,Mandaluyong,Motorcycle,Head-on,Risk Level 3,Clear,,Male,0,28295.67,Heavy,Poorly-Lit,80 kph
MMTI-2025-16803,Makati,Car,Rear-end,6,Cloudy,50.0,Male,2,239848.37,Heavy,Poorly-Lit,40
MMTI-2025-15504,Las Pinas,SUV/Van,Rear-end,3.0,Clear,52.0,M,0,84708.13,Light,Lit,40
MMTI-2025-22405, pasig,Bus,Head-on,3,Clear,,Male,0,716348.08,Moderate,Poorly-Lit,60
MMTI-2025-03930,Marikina,Car,Head-on,3,Clear,22.0,Male,0,59353.34,Heavy,Well-Lit,60
MMTI-2025-07438,Quezon,Car,Side-swipe,3,Rainy,43.0,Male,0,1123440.61,Moderate,Well-Lit,60
MMTI-2025-01148,Pasig,Car,Head-on,Risk Level 3,Clear,23.0,Male,0,"PHP 131,981.19",Heavy,Well-Lit,60
MMTI-2025-16226,Quezon,Car,Side-swipe,3,Rainy,42.0,Male,0,1353295.37,Moderate,Poorly-Lit,60 kph
MMTI-2025-16893,Quezon,SUV/Van,Head-on,Risk Level 3,Clear,33.0,female ,0,,HEAVY,Well-Lit,80
MMTI-2025-19982,Quezon,SUV/Van,Side-swipe,Risk Level 3,Rainy,46.0,Female,0,642339.2,LIGHT,Well-Lit,40 kph
MMTI-2025-11945,Manila,Truck,Rear-end,Risk Level 6,Cloudy,38.0,Male,3,167426.79,Heavy,Well-Lit,60 km/h
MMTI-2025-00320,Quezon,Truck,Head-on,3.0,Clear,32.0,Male,0,566.1k,,Poorly-Lit,60 km/h
MMTI-2025-15611,PARANAQUE ,Truck,Head-on,Risk Level 4,Cloudy,43.0,male,1,727376.78,,Well-Lit,60 kph