Incident_ID,City,Vehicle_Type,Accident_Type,Severity,Weather_Condition,Driver_Age,Driver_Gender,Injury_Count,Damage_Cost_PHP,Traffic_Volume,Road_Lighting,Speed_Limit
MMTI-2025-18359,Quezon,Car,Rear-end,3,Cloudy,35.0,Male,0,565847.26,Heavy,Well-Lit,60
MMTI-2025-06921,Paranaque,Car,Hit and Run,6,Clear,46.0,Male,4,,Heavy,Well-Lit,60
MMTI-2025-04610,Makati,Car,Hit and Run,6,Cloudy,37.0,Male,1,217.6k,Heavy,Well-Lit,60 kph
MMTI-2025-22629,Makati,Motorcycle,Hit and Run,3,Cloudy,30.0,Female,0,237409.47,Heavy,Well-Lit,80
MMTI-2025-13975,Marikina,Car,Side-swipe,3,Clear,40.0,Female,0,64127.9,Heavy,Poorly-Lit,60 kph
MMTI-2025-13458,Quezon,SUV/Van,Side-swipe,3,Rainy,35.0,Male,0,769395.28,Heavy,Well-Lit,40
MMTI-2025-23290,Marikina,Car,Head-on,Risk Level 9,Clear,999.0,Male,3,61421.93,HEAVY,Well-Lit,30 km/h
MMTI-2025-15927,Caloocan,SUV/Van,Head-on,Risk Level 3,Clear,40.0,Male,0,43841.85,Heavy,Well-Lit,40
MMTI-2025-22788, manila,,Hit and Run,3.0,Cloudy,38.0,Male,4,139165.26,Heavy,Poorly-Lit,40
MMTI-2025-12804,,Motorcycle,Head-on,Risk Level 3,Rain,29.0,Male,0,29181.01,Heavy,Well-Lit,40
MMTI-2025-10343,Muntinlupa,Jeepney,Hit and Run,Risk Level 6,Clear,33.0,Male,1,"PHP 53,492.13",Heavy,Poorly-Lit,40
MMTI-2025-19763,Quezon,Car,Side-swipe,3,Rainy,55.0,Male,0,1017921.18,Heavy,Well-Lit,60
MMTI-2025-16633,Taguig,Motorcycle,Head-on,2,Cloudy,48.0,Male,0,289161.28,Moderate,Well-Lit,80
MMTI-2025-17561,Pasig,Car,Side-swipe,3.0,Clear,33.0,Male,0,147989.65,HEAVY,Well-Lit,80
MMTI-2025-08516,Manila,Motorcycle,Head-on,3,Clear,,Male,0,62719.53,Heavy,Unlit,40
MMTI-2025-01176,Quezon,Car,Head-on,Risk Level 6,Stormy,44.0,Male,1,2262080.76,Moderate,Poorly-Lit,60
MMTI-2025-01022,Quezon,Motorcycle,Head-on,3,Cloudy,30.0,Female,0,367106.0,Moderate,Poorly-Lit,40 km/h
MMTI-2025-22643,MANILA ,,Rear-end,2,Clear,37.0,Male,0,"PHP 72,577.62",Light,Unlit,60 km/h
MMTI-2025-04074,Paranaque,Car,Side-swipe,6.0,Clear,22.0,Male,2,120528.42,Heavy,Well-Lit,60
MMTI-2025-17257,Quezon,Car,Hit and Run,3,Rainy,45.0,Male,0,741290.68,Heavy,Well-Lit,60
MMTI-2025-21228,Quezon,Car,Rear-end,3,Rainy,45.0,Female,0,"PHP 911,786.56",Moderate,Poorly-Lit,40 km/h
MMTI-2025-23367,Quezon,Car,Side-swipe,6,Cloudy,41.0,Female,4,589386.71,Heavy,Poorly-Lit,60
MMTI-2025-03157,Las Pinas,Car,Side-swipe,3,Clear,29.0,Male,0,95082.53,Moderate,Well-Lit,60
MMTI-2025-13360,Manila,,Side-swipe,3,Clear,48.0,Male,0,129410.16,Heavy,Well-Lit,60
MMTI-2025-13930,Makati,Car,Head-on,3,Cloudy,30.0,Female,0,212952.13,Moderate,Well-Lit,30
MMTI-2025-15250,Marikina,,Rear-end,3,Clear,30.0,M,0,-25000,Heavy,Well-Lit,60
MMTI-2025-03686,Manila,SUV/Van,Side-swipe,6,Cloudy,17.0,Female,1,184455.56,Light,Poorly-Lit,30
MMTI-2025-09772,Quezon,Motorcycle,Rear-end,2,Cloudy,40.0,Male,0,"PHP 435,413.07",HEAVY,Poorly-Lit,60
MMTI-2025-04126,Quezon,Motorcycle,Head-on,3.0,Cloudy,26.0,Male,0,519435.31,Heavy,Well-Lit,60
MMTI-2025-17074,Quezon,,Side-swipe,,Clear,38.0,Male,0,27651.12,Heavy,well lit,60
MMTI-2025-19482,Quezon,Jeepney,Rear-end,2.0,Clear,35.0,Female,0,,Moderate,Well-Lit,60
MMTI-2025-02660, manila,,Head-on,3.0,Clear,40.0,Male,0,39676.69,Heavy,Well-Lit,30
MMTI-2025-02543,Pasig,Motorcycle,Side-swipe,3.0,Clear,56.0,M,0,"PHP 127,937.49",Heavy,Well-Lit,40
MMTI-2025-02460,Mandaluyong,Car,Side-swipe,1,Clear,36.0,Male,0,80693.4,LIGHT,Well-Lit,60
MMTI-2025-19417,Navotas,Car,Hit and Run,3,Clear,54.0,Male,0,36238.82,Heavy,Well-Lit,60
MMTI-2025-02165,Manila,Car,Rear-end,2,,42.0,Female,0,-500,Heavy,Well-Lit,60
MMTI-2025-16336,Quezon,Car,Head-on,,Rain,48.0,Male,0,29959.99,Heavy,Well-Lit,60
MMTI-2025-04452,Paranaque,Truck,Side-swipe,Risk Level 3,Clear,30.0,Male,0,109444.32,Heavy,Poorly-Lit,30 km/h
MMTI-2025-18780,,Car,Hit and Run,3.0,Clear,17.0,Male,0,89.6k,Moderate,Well-Lit,60
MMTI-2025-14019,Taguig,SUV/Van,Rear-end,2,Cloudy,21.0,Male,0,316286.01,Heavy,Unlit,30
MMTI-2025-21595,Marikina,Truck,Head-on,Risk Level 3,Clear,47.0,Male,0,"PHP 58,140.72",HEAVY,Well-Lit,60
MMTI-2025-01701,Pasig,Car,Rear-end,2,Clear,37.0,Male,0,,Light,Poorly-Lit,80
MMTI-2025-17135,Manila,Motorcycle,Head-on,3,Cloudy,37.0,Male,0,198100.35,Moderate,Unlit,80
MMTI-2025-01597,Las Pinas,SUV/Van,Hit and Run,6,Clear,38.0,Male,3,95079.71,Heavy,well lit,60 km/h
MMTI-2025-12034,Quezon,Truck,Rear-end,Risk Level 3,Rainy,39.0,Male,0,1453407.95,Heavy,Well-Lit,60
MMTI-2025-02893,Pasig,Car,Hit and Run,2.0,Clear,52.0,Male,0,142192.51,Heavy,Well-Lit,40
MMTI-2025-02439,Caloocan,Motorcycle,Head-on,6,,34.0,Male,4,83101.78,Light,Unlit,100
MMTI-2025-19808,Quezon,SUV/Van,Hit and Run,2.0,Cloudy,31.0,Male,0,581012.05,Heavy,Poorly-Lit,60
MMTI-2025-14003,,Bus,Hit and Run,3.0,Clear,21.0,Male,0,973226.55,,Well-Lit,60 km/h
MMTI-2025-12296,Pasay,Car,Side-swipe,6.0,Clear,25.0,Female,4,46028.38,Moderate,Well-Lit,30
MMTI-2025-16259,Quezon,Car,Head-on,Risk Level 3,Rainy,36.0,Male,0,"PHP 1,211,687.97",Light,Well-Lit,30
MMTI-2025-03958,Manila,Car,Head-on,3,Cloudy,43.0,Male,0,180434.16,Heavy,Well-Lit,80 km/h
MMTI-2025-11233,Quezon,Car,Head-on,3.0,Cloudy,25.0,Male,0,446245.38,Moderate,Well-Lit,40
MMTI-2025-20602,Quezon,Motorcycle,Hit and Run,Risk Level 3,Rainy,36.0,Male,0,1140305.81,Heavy,No Lights,60
MMTI-2025-12733,Mandaluyong,Car,Rear-end,3,Clear,23.0,Male,0,79298.87,HEAVY,Well-Lit,80 km/h
MMTI-2025-06455,Malabon,Truck,Side-swipe,,Clear,51.0,Male,1,206505.9,Heavy,Poorly-Lit,40 km/h
MMTI-2025-17178,Las Pinas,Car,Side-swipe,Risk Level 3,Clear,55.0,Male,0,92069.02,MODERATE,Unlit,100 km/h
MMTI-2025-11704,Mandaluyong,SUV/Van,Hit and Run,3,Clear,29.0,Male,0,69122.33,Moderate,Poorly-Lit,60
MMTI-2025-02970,Marikina,Car,Head-on,3,Clear,34.0,Male,0,"PHP 64,732.36",Moderate,Well-Lit,80
MMTI-2025-23186,Malabon,Truck,Side-swipe,Risk Level 3,Clear,34.0,Unknown,0,,Heavy,well lit,60
MMTI-2025-23232,Manila,Car,Rear-end,3.0,Cloudy,26.0,Male,0,185900.65,Heavy,Well-Lit,60
MMTI-2025-14739,Pasig,Car,Rear-end,1,Clear,52.0,Male,0,135.4k,Moderate,Well-Lit,40
MMTI-2025-07687,Caloocan,Jeepney,Head-on,1,Clear,36.0,Female,0,43111.31,Moderate,Well-Lit,60
MMTI-2025-17603,,Car,Hit and Run,2.0,Rain,39.0,Male,0,,Moderate,well lit,40
MMTI-2025-18116,Mandaluyong,Car,Head-on,3,Clear,50.0,Male,0,75215.15,Moderate,Poorly-Lit,60
MMTI-2025-10419,Pasig,Truck,Rear-end,3.0,Clear,45.0,Male,0,"PHP 125,352.99",HEAVY,Well-Lit,80 kph
MMTI-2025-19199,Quezon,Car,Rear-end,3,Rainy,32.0,Male,0,1009010.72,Moderate,Well-Lit,60
MMTI-2025-08175,Quezon,Car,Rear-end,2,Cloudy,17.0,Male,0,362543.1,Moderate,Lit,60
MMTI-2025-18588, muntinlupa,Jeepney,Head-on,,Rain,30.0,Unknown,0,31166.49,Moderate,Poorly-Lit,60
MMTI-2025-19960,Quezon,Motorcycle,Hit and Run,3.0,Cloudy,40.0,Male,0,482042.84,Moderate,Unlit,40 km/h
MMTI-2025-03360,Quezon,SUV/Van,Head-on,Risk Level 6,Cloudy,48.0,Female,4,588771.08,Moderate,Lit,80 km/h
MMTI-2025-16664,Mandaluyong,SUV/Van,Rear-end,1,Clear,38.0,Female,0,76563.07,Moderate,Well-Lit,80
MMTI-2025-21114,Quezon,Car,Hit and Run,3,Rainy,36.0,Male,0,1294197.11,Heavy,Poorly-Lit,30
MMTI-2025-03839,Marikina,,Hit and Run,2.0,Clear,27.0,Female,0,67882.44,Moderate,Unlit,60
MMTI-2025-13849,Paranaque,Car,Side-swipe,2,Clear,-10.0,Male,0,121102.51,Heavy,Poorly-Lit,100
MMTI-2025-11303,Quezon,Car,Head-on,3,Rainy,52.0,Male,0,696007.8,Heavy,Well-Lit,60
MMTI-2025-13657,Paranaque,Motorcycle,Side-swipe,3,Clear,44.0,Male,0,108529.83,HEAVY,Well-Lit,80
MMTI-2025-08819,Las Pinas,Jeepney,Head-on,6,Clear,40.0,Male,4,,Heavy,Well-Lit,40
MMTI-2025-06620, manila ,Truck,Hit and Run,3,,43.0,Male,0,543784.07,MODERATE,Unlit,60
MMTI-2025-19404,Makati,Motorcycle,Rear-end,Risk Level 2,Cloudy,48.0,Male,0,257447.58,Moderate,Unlit,30 kph
MMTI-2025-11336,Quezon,SUV/Van,Side-swipe,3,Cloudy,40.0,Male,0,395962.61,Heavy,Well-Lit,30
MMTI-2025-05169, marikina,Motorcycle,Head-on,Risk Level 2,,37.0,Female,0,10.3k,Heavy,Well-Lit,60
MMTI-2025-06274,Pasig,SUV/Van,Hit and Run,3.0,Rain,17.0,Male,0,"PHP 156,875.43",,Well-Lit,60
MMTI-2025-08391,Quezon,Truck,Side-swipe,,Clear,22.0,Female,0,478083.05,,POOR,40
MMTI-2025-11659,Valenzuela,Truck,Side-swipe,3,Rain,24.0,Male,0,,Heavy,Well-Lit,30
MMTI-2025-09972,Quezon,,Head-on,3,Clear,49.0,Male,0,204687.24,Heavy,Well-Lit,60
MMTI-2025-03432,Paranaque,Motorcycle,Hit and Run,Risk Level 3,Clear,35.0,Female,0,115997.71,Light,Well-Lit,60 kph
MMTI-2025-07702,Quezon,Car,Hit and Run,2.0,,44.0,Male,0,80493.72,MODERATE,Poorly-Lit,60 km/h
MMTI-2025-07672,Taguig,Car,Rear-end,Risk Level 3,Cloudy,28.0,male,0,339769.27,Heavy,Well-Lit,40
MMTI-2025-07366,Quezon,Truck,Hit and Run,3.0,Cloudy,35.0,Male,0,353965.62,Heavy,Well-Lit,60
MMTI-2025-13342,Quezon,SUV/Van,Side-swipe,2,Clear,51.0,Female,0,60032.8,,Poorly-Lit,40
MMTI-2025-06899,Quezon,Car,Rear-end,3,Rainy,38.0,Male,0,885937.64,Heavy,Well-Lit,60
MMTI-2025-05916,Quezon,Car,Hit and Run,3,Rainy,32.0,Unknown,0,1280.6k,Heavy,Unlit,30
MMTI-2025-10832, manila,Bus,Rear-end,3,Clear,36.0,Male,0,,HEAVY,Well-Lit,40
MMTI-2025-19023,Quezon,Truck,Side-swipe,3,Cloudy,49.0,Male,0,553157.73,Heavy,Well-Lit,30 km/h
MMTI-2025-16398,Las Pinas,Car,Head-on,3,Clear,45.0,Male,0,83451.16,Heavy,Poorly-Lit,60
MMTI-2025-22240,Marikina,Motorcycle,Head-on,Risk Level 3,Clear,33.0,Male,0,60393.69,Heavy,Poorly-Lit,30 km/h
MMTI-2025-17590,Manila,Bus,Side-swipe,2,Clear,,Male,2,141264.05,MODERATE,Well-Lit,60
MMTI-2025-14329,Makati,Car,Side-swipe,3,Cloudy,39.0,female ,0,,HEAVY,Well-Lit,60
MMTI-2025-14487,Quezon,Motorcycle,Hit and Run,3,Rainy,52.0,M,0,"PHP 1,096,999.04",Heavy,POOR,60 km/h
MMTI-2025-22575,Quezon,Jeepney,Hit and Run,,Clear,44.0,Female,0,-500,Heavy,Well-Lit,60 km/h
MMTI-2025-02872,Quezon,Car,Hit and Run,Risk Level 3,Rainy,35.0,Female,0,1534494.69,Heavy,Well-Lit,60 km/h
MMTI-2025-16053,Quezon,Car,Head-on,Risk Level 3,Rainy,25.0,Male,0,"PHP 706,521.46",Heavy,Well-Lit,60
MMTI-2025-01094,Manila,Car,Rear-end,Risk Level 3,Cloudy,62.0,Male,0,189385.19,Heavy,Well-Lit,60 kph
MMTI-2025-18465,Mandaluyong,Truck,Side-swipe,Risk Level 3,Clear,40.0,Female,0,"PHP 73,231.98",Heavy,Well-Lit,60
MMTI-2025-22801,Quezon,SUV/Van,Rear-end,Risk Level 3,Rainy,28.0,Male,0,952017.76,LIGHT,Poorly-Lit,30
MMTI-2025-21894,Marikina,Car,Head-on,2.0,Clear,45.0,F,0,61902.14,Heavy,Poorly-Lit,40
MMTI-2025-22006,Makati,Car,Side-swipe,3.0,Cloudy,36.0,Male,0,245766.45,Heavy,Unlit,80
MMTI-2025-06377,Quezon,Motorcycle,Side-swipe,Risk Level 3,Rainy,35.0,Female,0,"PHP 682,966.92",Heavy,Well-Lit,60
MMTI-2025-10487, pasig,Bus,Head-on,,Rain,46.0,Female,1,472620.65,Heavy,Well-Lit,80 kph
MMTI-2025-14856,Paranaque,Truck,Side-swipe,3.0,Clear,19.0,Female,0,114279.61,Moderate,Poorly-Lit,60
MMTI-2025-03971,Quezon,Motorcycle,Hit and Run,6.0,Rainy,24.0,Male,1,1598114.19,Moderate,Unlit,60
MMTI-2025-08616,Makati,Bus,Head-on,,Clear,49.0,Male,0,407.5k,Moderate,Poorly-Lit,60 km/h
MMTI-2025-05024,Quezon,Car,Head-on,6,Rainy,34.0,Male,2,793471.85,Heavy,Well-Lit,80
MMTI-2025-11861,Quezon,Car,Head-on,6,Cloudy,44.0,Male,4,622627.06,Heavy,Well-Lit,40
MMTI-2025-02458,Manila,Motorcycle,Rear-end,3,Cloudy,35.0,Male,0,201871.37,Heavy,Well-Lit,30
MMTI-2025-12948,Taguig,Truck,Side-swipe,Risk Level 3,Cloudy,29.0,Male,0,304399.39,Heavy,Well-Lit,80
MMTI-2025-07663,Taguig,Car,Rear-end,6.0,Cloudy,38.0,Male,4,270119.19,Moderate,Well-Lit,30
MMTI-2025-01490,Quezon,Car,Hit and Run,9,Clear,21.0,Male,4,529336.36,,Poorly-Lit,40 km/h
MMTI-2025-22406,Quezon,SUV/Van,Hit and Run,3.0,Cloudy,43.0,Male,0,462890.84,Heavy,Well-Lit,40
MMTI-2025-11722,Manila,Car,Hit and Run,3.0,Clear,28.0,Male,0,164302.18,Heavy,Well-Lit,80
MMTI-2025-10996,,Motorcycle,Head-on,3,Clear,37.0,Male,0,46089.96,HEAVY,Well-Lit,60
MMTI-2025-11060,Makati,Bus,Head-on,,Clear,39.0,Female,0,,Heavy,Well-Lit,80
MMTI-2025-10380,Quezon,Bus,Hit and Run,Risk Level 3,Clear,,Female,0,710213.25,Light,dark,100 km/h
MMTI-2025-23302,Mandaluyong,Car,Hit and Run,3,Clear,33.0,Male,0,75781.06,Moderate,Well-Lit,40
MMTI-2025-01067,Quezon,Motorcycle,Hit and Run,1,Stormy,29.0,Female,0,99999999,Moderate,POOR,60
MMTI-2025-14270,Quezon,Motorcycle,Side-swipe,3.0,Cloudy,17.0,Female,0,374284.2,Heavy,Well-Lit,60
MMTI-2025-16148,Quezon,Car,Hit and Run,3,Rainy,32.0,Female,0,750261.68,Moderate,Poorly-Lit,60
MMTI-2025-10027,Pasay,Car,Head-on,Risk Level 6,Clear,-10.0,Male,1,49403.81,Moderate,Well-Lit,80
MMTI-2025-13253,Paranaque,SUV/Van,Hit and Run,6,,63.0,Male,4,472414.81,Heavy,Well-Lit,40 km/h
MMTI-2025-06661,Las Pinas,Car,Head-on,3,Clear,26.0,Male,0,88539.5,Heavy,Poorly-Lit,60
MMTI-2025-10905,Taguig,Truck,Hit and Run,3,Cloudy,23.0,Male,0,275481.43,Heavy,Well-Lit,80
MMTI-2025-18289,Paranaque,,Rear-end,,Rain,17.0,Female,0,-500,Light,Well-Lit,40
MMTI-2025-02252,Marikina,Truck,Head-on,,Clear,30.0,Male,0,599241.89,Heavy,Unlit,40
MMTI-2025-13220,Makati,Truck,Head-on,,Rain,28.0,Male,0,"PHP 478,888.23",Heavy,Poorly-Lit,60 km/h
MMTI-2025-13303,Taguig,Car,Head-on,,Rain,19.0,Male,0,77847.7,Heavy,Well-Lit,80 km/h
MMTI-2025-15982,,Jeepney,Hit and Run,Risk Level 3,Rain,36.0,Male,0,20962.09,Moderate,Unlit,60
MMTI-2025-15977,,Bus,Head-on,Risk Level 6,Rain,39.0,Female,1,997711.38,Heavy,Well-Lit,60
MMTI-2025-13012,Quezon,Motorcycle,Side-swipe,Risk Level 3,Stormy,49.0,Male,0,77777777,HEAVY,Well-Lit,60
MMTI-2025-08708,Quezon,Car,Head-on,3,Rainy,30.0,Male,0,800241.11,Heavy,Unlit,30
MMTI-2025-20186,San Juan,Car,Hit and Run,3,Clear,22.0,Male,0,"PHP 41,116.52",Moderate,Poorly-Lit,30 km/h
MMTI-2025-18182,,Motorcycle,Head-on,1,Cloudy,41.0,Male,0,17850.97,Moderate,Well-Lit,40
MMTI-2025-22044,,Car,Head-on,Risk Level 3,Clear,43.0,Male,0,80603.94,Heavy,Well-Lit,40
MMTI-2025-17722,Manila,Motorcycle,Side-swipe,3,Cloudy,36.0,Male,0,208969.05,Moderate,POOR,60
MMTI-2025-12871,Caloocan,Jeepney,Side-swipe,Risk Level 3,Rain,31.0,Male,0,,Heavy,dark,60
MMTI-2025-22999,Quezon,SUV/Van,Hit and Run,1,Stormy,29.0,F,0,99999999,Moderate,well lit,60
MMTI-2025-05667,Las Pinas,SUV/Van,Rear-end,2,Clear,45.0,Male,3,93638.32,Heavy,Well-Lit,60
MMTI-2025-10070,Taguig,Car,Head-on,3,Clear,29.0,Male,0,,Moderate,Poorly-Lit,60
MMTI-2025-15454,Quezon,Car,Hit and Run,6,Cloudy,41.0,Male,4,352105.08,Heavy,Unlit,100 km/h
MMTI-2025-19608,,Bus,Rear-end,,Rain,41.0,Female,0,370483.96,Moderate,Poorly-Lit,40
MMTI-2025-07607,Taguig,Motorcycle,Hit and Run,3.0,Cloudy,58.0,Female,0,"PHP 314,480.98",Light,Poorly-Lit,60
MMTI-2025-05645,Pasig,Car,Hit and Run,3,Clear,38.0,Male,0,126102.94,Light,Well-Lit,60
MMTI-2025-13722,Quezon,Car,Hit and Run,3,Stormy,29.0,Male,0,2170456.73,Heavy,Unlit,40
MMTI-2025-03813,Manila,Jeepney,Head-on,,Storm,66.0,Male,0,17251.93,Heavy,Unlit,60 km/h
MMTI-2025-12550,Marikina,Jeepney,Head-on,2.0,Clear,34.0,Female,0,65710.28,Moderate,Poorly-Lit,60
MMTI-2025-05563,Manila,Bus,Side-swipe,1,Clear,41.0,male,0,,Light,Poorly-Lit,30
MMTI-2025-19755,Makati,SUV/Van,Side-swipe,6,,33.0,Male,4,1142811.67,Heavy,Well-Lit,40
MMTI-2025-15530, manila,Jeepney,Hit and Run,3,,20.0,Female,0,22843.09,Moderate,Well-Lit,80
MMTI-2025-14640,Quezon,Car,Hit and Run,3.0,Rainy,39.0,Male,0,1008454.3,Heavy,Well-Lit,60
MMTI-2025-18231,Manila,Truck,Head-on,3.0,Rain,24.0,Male,0,,Heavy,Poorly-Lit,60 kph
MMTI-2025-10499,Paranaque,Car,Side-swipe,3,Clear,34.0,Female,0,116121.69,Heavy,Poorly-Lit,60
MMTI-2025-22396,Mandaluyong,Jeepney,Hit and Run,Risk Level 3,Clear,,Male,0,"PHP 109,757.23",Heavy,Poorly-Lit,60
MMTI-2025-13351,Quezon,Car,Side-swipe,3,Cloudy,56.0,Male,0,365470.54,Heavy,well lit,40
MMTI-2025-07536,Paranaque,Motorcycle,Head-on,Risk Level 3,Clear,49.0,Female,0,98304.54,Heavy,Well-Lit,60
MMTI-2025-08320,Manila,,Side-swipe,4,Clear,43.0,Male,2,,Moderate,well lit,60
MMTI-2025-20535,Pasig,Car,Head-on,3.0,Clear,22.0,female ,0,162077.89,Heavy,Well-Lit,40
MMTI-2025-11517,Paranaque,Car,Head-on,3,Clear,21.0,Male,0,100724.81,Moderate,Lit,30
MMTI-2025-10306,,Truck,Hit and Run,2,Clear,36.0,Male,3,128447.97,Moderate,Well-Lit,40
MMTI-2025-05795,MANDALUYONG ,,Head-on,Risk Level 3,Rain,25.0,Male,0,157435.02,Heavy,Well-Lit,60
MMTI-2025-23413,Manila,SUV/Van,Hit and Run,3,Cloudy,40.0,Female,0,175070.43,Heavy,No Lights,30
MMTI-2025-11383,Quezon,Jeepney,Hit and Run,,Clear,43.0,Female,0,21710.6,Heavy,Poorly-Lit,60
MMTI-2025-08360,Caloocan,SUV/Van,Hit and Run,Risk Level 3,Clear,24.0,Male,0,44231.67,Light,Lit,60 km/h
MMTI-2025-21186,Taguig,Motorcycle,Head-on,Risk Level 3,Cloudy,19.0,Male,0,346016.31,Moderate,Well-Lit,100
MMTI-2025-20731,Manila,Jeepney,Hit and Run,3.0,Cloudy,43.0,Male,0,198827.32,Heavy,POOR,30
MMTI-2025-12037,Muntinlupa,Car,Side-swipe,Risk Level 3,Clear,33.0,Female,0,54145.85,Moderate,Well-Lit,40
MMTI-2025-19574,Manila,Motorcycle,Hit and Run,Risk Level 3,Storm,,Male,0,37569.13,Moderate,Poorly-Lit,80
MMTI-2025-14762,Manila,Jeepney,Side-swipe,,Clear,44.0,Male,0,50201.85,MODERATE,Well-Lit,60
MMTI-2025-12807,Caloocan,Car,Rear-end,2,Clear,61.0,Male,0,43484.72,Heavy,Unlit,60 km/h
MMTI-2025-01323,San Juan,Motorcycle,Side-swipe,3,,50.0,Male,0,22451.82,Heavy,Well-Lit,40
MMTI-2025-00499,MANILA ,Motorcycle,Rear-end,1,Clear,24.0,Male,0,14585.28,,Poorly-Lit,60
MMTI-2025-13552,Taguig,Car,Head-on,Risk Level 3,Cloudy,44.0,Female,0,308378.49,Moderate,Well-Lit,60
MMTI-2025-19722,Manila,Car,Side-swipe,3.0,Cloudy,36.0,F,0,184215.56,Moderate,Poorly-Lit,30 kph
MMTI-2025-04907,Manila,Car,Hit and Run,6,Cloudy,45.0,Male,1,176835.99,Heavy,Well-Lit,30
MMTI-2025-13658,Las Pinas,Car,Rear-end,3,Clear,60.0,Male,0,89837.01,Heavy,dark,60
MMTI-2025-21273,Quezon,Motorcycle,Rear-end,3.0,Stormy,22.0,Female,0,1902347.52,Heavy,Well-Lit,60
MMTI-2025-13991,Quezon,Motorcycle,Side-swipe,3.0,Rain,33.0,male,0,,Heavy,Poorly-Lit,40 kph
MMTI-2025-01700,Makati,Bus,Side-swipe,9,Clear,36.0,Male,2,2086008.43,,No Lights,40
MMTI-2025-23480,MALABON ,,Head-on,6,Rain,47.0,Male,4,147258.02,Heavy,Well-Lit,80
MMTI-2025-09323,Paranaque,Car,Head-on,4,Clear,41.0,Male,1,105124.14,Moderate,Well-Lit,40 km/h
MMTI-2025-01633,Mandaluyong,Car,Side-swipe,Risk Level 6,Clear,38.0,Male,1,77452.21,Heavy,Lit,60
MMTI-2025-22932,Manila,Car,Hit and Run,Risk Level 3,Cloudy,33.0,Male,0,200935.5,Moderate,Well-Lit,60 kph
MMTI-2025-07678,QUEZON ,Jeepney,Side-swipe,3,Rain,,Male,0,93464.88,Heavy,Unlit,60
MMTI-2025-00811,Pasig,Truck,Side-swipe,Risk Level 3,Clear,37.0,male,0,158933.4,Heavy,Well-Lit,60
MMTI-2025-07450,Muntinlupa,Car,Rear-end,2.0,Clear,33.0,Female,0,52753.86,Heavy,Well-Lit,80 km/h
MMTI-2025-15216,,Jeepney,Rear-end,Risk Level 3,Clear,,female ,0,47702.64,Heavy,Well-Lit,60
MMTI-2025-11361,Quezon,Car,Side-swipe,3,Rainy,21.0,Male,0,875215.8,MODERATE,Well-Lit,60
MMTI-2025-06055,,SUV/Van,Rear-end,3.0,Clear,39.0,Female,0,67364.41,Heavy,Well-Lit,60 km/h
MMTI-2025-12509,Paranaque,Car,Hit and Run,Risk Level 3,Clear,41.0,Male,0,"PHP 117,122.66",Heavy,Well-Lit,40
MMTI-2025-17116,Quezon,Jeepney,Head-on,3,,17.0,Male,0,115884.96,Heavy,Well-Lit,40
MMTI-2025-05604,Quezon,Truck,Rear-end,3,Rainy,28.0,Male,0,822596.03,Moderate,Well-Lit,60
MMTI-2025-23604,Taguig,Bus,Head-on,3,,30.0,Male,0,,Heavy,Well-Lit,40 km/h
MMTI-2025-14981,Quezon,Car,Hit and Run,,Clear,41.0,Female,0,66212.79,HEAVY,Well-Lit,80 km/h
MMTI-2025-08287,Quezon,,Hit and Run,3,Clear,47.0,Male,0,"PHP 43,005.03",Light,Poorly-Lit,30 km/h
MMTI-2025-11065,Makati,Car,Hit and Run,1,Cloudy,35.0,Male,0,"PHP 238,801.14",Moderate,Well-Lit,60
MMTI-2025-19455,,,Head-on,6,Clear,58.0,Female,2,272025.81,Moderate,Well-Lit,60
MMTI-2025-17151,Quezon,Car,Side-swipe,6.0,Cloudy,17.0,M,2,412073.0,Heavy,Well-Lit,60 km/h
MMTI-2025-09241,Las Pinas,Car,Hit and Run,2.0,Clear,46.0,Male,0,93444.16,Moderate,Well-Lit,40
MMTI-2025-08153,Quezon,Truck,Rear-end,,Clear,29.0,Male,0,252134.72,Moderate,Well-Lit,60 km/h
MMTI-2025-18283,Navotas,Motorcycle,Rear-end,3.0,Clear,47.0,Male,0,34947.12,,Well-Lit,80
MMTI-2025-08410,Marikina,Truck,Head-on,3,Clear,19.0,Male,0,62725.29,Heavy,Poorly-Lit,40 km/h
MMTI-2025-07065,Muntinlupa,SUV/Van,Rear-end,3.0,Clear,50.0,Female,0,53612.73,Heavy,POOR,80
MMTI-2025-03946,Makati,Truck,Head-on,3.0,Cloudy,28.0,Male,0,224484.6,Moderate,Lit,60 km/h
MMTI-2025-23012,Pateros,SUV/Van,Head-on,2,,64.0,M,0,172008.23,Moderate,Unlit,60
MMTI-2025-21938,Quezon,Car,Rear-end,Risk Level 2,Cloudy,45.0,Female,0,497847.15,Moderate,Lit,60
MMTI-2025-19494,Quezon,Car,Hit and Run,6,Rainy,39.0,Female,2,798632.5,Heavy,Poorly-Lit,40
MMTI-2025-17592,Paranaque,Motorcycle,Hit and Run,3,Clear,22.0,female ,0,112452.53,Light,Well-Lit,60
MMTI-2025-09448,Pasay,Bus,Hit and Run,3,Clear,52.0,Male,0,,Heavy,Well-Lit,40
MMTI-2025-17589,Makati,Car,Rear-end,6.0,Cloudy,35.0,Male,4,213993.45,Heavy,Poorly-Lit,40 km/h