Incident_ID,City,Vehicle_Type,Accident_Type,Severity,Weather_Condition,Driver_Age,Driver_Gender,Injury_Count,Damage_Cost_PHP,Traffic_Volume,Road_Lighting,Speed_Limit
MMTI-2025-03116,Quezon,Motorcycle,Rear-end,Risk Level 6,Rainy,36.0,Male,3,1128173.42,Heavy,Well-Lit,80
MMTI-2025-06202,Marikina,,Rear-end,9,Clear,41.0,Male,1,561076.22,Heavy,Well-Lit,40
MMTI-2025-18192,Pasig,Car,Rear-end,3,Clear,26.0,Male,0,161333.43,Heavy,Unlit,60
MMTI-2025-02967,,Jeepney,Rear-end,3.0,Rain,40.0,Male,0,54294.13,Heavy,Well-Lit,60
MMTI-2025-22045,Quezon,Car,Side-swipe,6,Rainy,39.0,female ,4,"PHP 1,125,998.54",Moderate,Unlit,60 km/h
MMTI-2025-22170,Mandaluyong,,Rear-end,2,,51.0,Male,0,99999999,Light,Lit,80
MMTI-2025-12685,Quezon,Car,Head-on,3,Rainy,44.0,Male,0,1148718.1,Heavy,Poorly-Lit,60
MMTI-2025-22936,Quezon,Car,Hit and Run,3,Rainy,38.0,male,0,1114733.8,Heavy,Poorly-Lit,40
MMTI-2025-21954, san juan,,Hit and Run,3.0,Rain,39.0,Male,0,138.7k,Light,Poorly-Lit,40
MMTI-2025-02905,Quezon,SUV/Van,Side-swipe,3,,17.0,Male,0,,Moderate,Well-Lit,60 km/h
MMTI-2025-15196,,Motorcycle,Hit and Run,Risk Level 3,Rain,48.0,Male,0,11489.73,Moderate,No Lights,60 kph
MMTI-2025-12724,Makati,Truck,Rear-end,3.0,,62.0,Unknown,0,380590.06,Heavy,Unlit,60 km/h
MMTI-2025-06247,Manila,Truck,Head-on,Risk Level 3,Cloudy,41.0,Male,0,179356.84,MODERATE,well lit,60
MMTI-2025-10996,,Motorcycle,Head-on,3,Clear,37.0,Male,0,46089.96,HEAVY,Well-Lit,60
MMTI-2025-07102,Taguig,Motorcycle,Side-swipe,3,Cloudy,32.0,Male,0,347578.12,Moderate,Unlit,100
MMTI-2025-07319,Marikina,Car,Rear-end,3,Clear,39.0,Male,0,64419.04,Light,Well-Lit,60 km/h
MMTI-2025-07396,Quezon,Car,Hit and Run,3,Rainy,20.0,Male,0,878922.24,Heavy,Unlit,100
MMTI-2025-09927,Quezon,SUV/Van,Side-swipe,6,Stormy,43.0,Unknown,1,2406470.99,Heavy,Poorly-Lit,60 km/h
MMTI-2025-16754,Quezon,Motorcycle,Head-on,6.0,Stormy,37.0,Male,1,4676531.42,Light,Well-Lit,60
MMTI-2025-03358,Quezon,Car,Hit and Run,Risk Level 3,Cloudy,44.0,Male,0,460140.63,Heavy,Unlit,60
MMTI-2025-21831,Muntinlupa,Car,Rear-end,4,Clear,-10.0,Male,4,166252.33,,Lit,80 km/h
MMTI-2025-11804,Las Pinas,SUV/Van,Side-swipe,3,Clear,30.0,Male,0,82566.79,Heavy,Poorly-Lit,60
MMTI-2025-11800,Quezon,SUV/Van,Head-on,3,Rain,,male,0,325779.02,Heavy,Well-Lit,60
MMTI-2025-19686,Pasig,Motorcycle,Side-swipe,3.0,Clear,47.0,Male,0,127865.77,Heavy,Well-Lit,60 km/h
MMTI-2025-08869,Quezon,Car,Hit and Run,3,Rainy,44.0,Male,0,"PHP 970,807.31",Heavy,Poorly-Lit,40
MMTI-2025-21207,Pasig,Car,Side-swipe,Risk Level 3,Clear,35.0,Female,0,163377.18,Heavy,Unlit,60
MMTI-2025-16611,Quezon,Car,Hit and Run,3.0,Rainy,47.0,Male,0,1395417.32,Moderate,Well-Lit,80 kph
MMTI-2025-14737,Manila,Car,Rear-end,Risk Level 3,Cloudy,32.0,Male,0,187861.38,Heavy,Well-Lit,60
MMTI-2025-00135,Las Pinas,Truck,Head-on,1,Clear,45.0,Male,0,86254.48,Light,Poorly-Lit,60
MMTI-2025-10472,Quezon,Truck,Rear-end,Risk Level 6,Stormy,20.0,Female,2,3589225.61,Heavy,Well-Lit,80
MMTI-2025-07377,,Jeepney,Rear-end,2,Clear,36.0,Male,0,"PHP 32,474.80",Moderate,dark,30
MMTI-2025-23358,Pasig,Car,Head-on,Risk Level 3,Clear,44.0,Male,0,124238.46,Heavy,Poorly-Lit,60 km/h
MMTI-2025-03657,Quezon,Car,Hit and Run,3.0,Cloudy,30.0,Male,0,508667.6,Light,Well-Lit,80
MMTI-2025-17318,,Car,Side-swipe,,,39.0,Male,0,67120.92,Light,Poorly-Lit,80
MMTI-2025-18893,,Bus,Hit and Run,3.0,Clear,34.0,Female,0,,Heavy,Well-Lit,80
MMTI-2025-12999,Quezon,Car,Head-on,3,Rainy,43.0,Female,0,1220359.87,Moderate,Poorly-Lit,60 km/h
MMTI-2025-23572,Muntinlupa,Car,Rear-end,2,Clear,20.0,Male,0,51661.98,Heavy,Well-Lit,60
MMTI-2025-15698,Quezon,Car,Side-swipe,6.0,Cloudy,46.0,F,2,386951.61,Heavy,Poorly-Lit,60
MMTI-2025-14551,Quezon,SUV/Van,Head-on,6,Rainy,40.0,Male,1,1255013.71,Heavy,Well-Lit,60
MMTI-2025-04116,Valenzuela,,Rear-end,1,Clear,21.0,female ,0,58343.65,,Well-Lit,60
MMTI-2025-06867,Quezon,Motorcycle,Head-on,3,Cloudy,29.0,Male,0,556860.55,Moderate,Well-Lit,40
MMTI-2025-08436,Taguig,Car,Side-swipe,2.0,Cloudy,53.0,Male,0,303858.03,Heavy,Well-Lit,60 km/h
MMTI-2025-17979,Manila,Motorcycle,Rear-end,Risk Level 3,Clear,33.0,M,0,164675.13,Heavy,Well-Lit,60
MMTI-2025-12634,Manila,Car,Rear-end,Risk Level 3,Cloudy,36.0,Male,0,186267.41,Heavy,Well-Lit,60
MMTI-2025-05214,Quezon,Truck,Head-on,2,Cloudy,42.0,Male,0,381472.57,Heavy,Well-Lit,60
MMTI-2025-11986,Mandaluyong,SUV/Van,Side-swipe,1,Clear,35.0,Female,0,"PHP 79,286.90",Light,Well-Lit,30
MMTI-2025-21766,Makati,Jeepney,Hit and Run,,Rain,33.0,Male,3,32.0k,Heavy,Well-Lit,30 kph
MMTI-2025-00560,Pasig,Truck,Rear-end,Risk Level 3,,-10.0,Female,0,1457395.3,Heavy,Well-Lit,80
MMTI-2025-17768,Quezon,Motorcycle,Head-on,2,Cloudy,32.0,Male,0,375799.32,Moderate,Poorly-Lit,60 km/h
MMTI-2025-23007,Makati,Car,Head-on,,Cloudy,25.0,Male,0,47789.54,Heavy,Well-Lit,60
MMTI-2025-16304,Manila,Truck,Rear-end,6.0,Clear,38.0,Male,3,2002226.8,,Unlit,60 kph
MMTI-2025-00653,Mandaluyong,Car,Head-on,Risk Level 3,Clear,26.0,Male,0,74118.18,Heavy,Well-Lit,60
MMTI-2025-23170,,Bus,Side-swipe,Risk Level 3,Cloudy,29.0,Male,0,185467.45,Moderate,Well-Lit,40 km/h
MMTI-2025-05433,Quezon,Car,Rear-end,3,Cloudy,62.0,Female,0,570608.87,Heavy,Unlit,30
MMTI-2025-15874,Paranaque,,Side-swipe,3.0,Clear,34.0,Female,0,75460.88,Heavy,Poorly-Lit,60
MMTI-2025-04142,Quezon,Jeepney,Rear-end,3,Cloudy,35.0,Female,0,507491.84,Heavy,Well-Lit,60
MMTI-2025-18307,Mandaluyong,,Side-swipe,Risk Level 3,Clear,52.0,Male,0,201557.62,Moderate,dark,30
MMTI-2025-11763,Quezon,Car,Rear-end,3,Cloudy,41.0,Male,0,"PHP 383,258.68",Heavy,Well-Lit,60
MMTI-2025-13606,Makati,SUV/Van,Rear-end,3,,38.0,Male,0,204098.53,Heavy,Well-Lit,60
MMTI-2025-13083,Quezon,Jeepney,Side-swipe,Risk Level 3,Cloudy,23.0,Female,0,621102.78,Heavy,Well-Lit,60 kph
MMTI-2025-07588,Makati,Jeepney,Head-on,3.0,Cloudy,32.0,Female,0,251829.73,Heavy,Well-Lit,40 kph
MMTI-2025-10593,Makati,Jeepney,Head-on,3,,48.0,Male,0,60273.64,HEAVY,POOR,30 km/h
MMTI-2025-01971,Taguig,Car,Side-swipe,Risk Level 6,Cloudy,52.0,male,3,311230.53,Moderate,Well-Lit,60
MMTI-2025-08374,Paranaque,Car,Head-on,3.0,Clear,39.0,Male,0,111494.53,Moderate,Poorly-Lit,40 km/h
MMTI-2025-02544,Muntinlupa,SUV/Van,Hit and Run,3,Rain,32.0,Male,0,,Moderate,Well-Lit,60
MMTI-2025-15746,MAKATI ,Car,Hit and Run,3.0,Clear,59.0,Male,0,,Heavy,Well-Lit,60
MMTI-2025-02151,Taguig,Bus,Hit and Run,1,Cloudy,31.0,Male,0,180540.39,,Well-Lit,80 km/h
MMTI-2025-08920,Marikina,Car,Hit and Run,2.0,Clear,43.0,Female,0,65368.34,Heavy,Lit,80 km/h
MMTI-2025-14402,Paranaque,Car,Hit and Run,3,Clear,44.0,Male,0,121656.21,Light,Well-Lit,40
MMTI-2025-02113,Quezon,Motorcycle,Rear-end,Risk Level 2,Clear,34.0,Male,1,,,Well-Lit,60
MMTI-2025-22460,,SUV/Van,Hit and Run,1.0,Clear,33.0,Female,0,,Moderate,Poorly-Lit,60
MMTI-2025-16808,Pasig,Car,Head-on,,Clear,40.0,Male,0,72027.04,Heavy,No Lights,60 km/h
MMTI-2025-20690,Mandaluyong,SUV/Van,Hit and Run,6,Clear,45.0,Male,4,80039.02,Moderate,Well-Lit,80
MMTI-2025-02568,Makati,,Side-swipe,Risk Level 3,Clear,150.0,Female,0,160906.9,Moderate,Well-Lit,30 km/h
MMTI-2025-04481,Taguig,Motorcycle,Side-swipe,2.0,Cloudy,41.0,Male,0,"PHP 344,424.52",Moderate,well lit,40
MMTI-2025-15501,Taguig,Bus,Hit and Run,3.0,Rain,45.0,Male,0,1099634.06,,Well-Lit,80
MMTI-2025-07106,Quezon,Motorcycle,Rear-end,4,Rainy,0.0,Female,1,1485583.56,Moderate,Poorly-Lit,30 km/h
MMTI-2025-06098,Muntinlupa,Motorcycle,Rear-end,3.0,Clear,35.0,Male,0,50.8k,Moderate,Unlit,100
MMTI-2025-22068,Quezon,Car,Hit and Run,3,Rainy,36.0,Male,0,1276713.81,Heavy,Poorly-Lit,60
MMTI-2025-13331,Las Pinas,Car,Side-swipe,3,Clear,29.0,male,0,88194.88,Heavy,Well-Lit,40
MMTI-2025-10438,Makati,SUV/Van,Head-on,3.0,Cloudy,39.0,Male,0,243.2k,Heavy,POOR,60
MMTI-2025-13345,Makati,Truck,Head-on,,Clear,33.0,Male,0,230184.07,Moderate,Poorly-Lit,60
MMTI-2025-17187,Quezon,Car,Hit and Run,3,Cloudy,30.0,Female,0,376.9k,Moderate,well lit,40
MMTI-2025-21862,,Bus,Head-on,3.0,Clear,37.0,M,0,789223.31,Moderate,Well-Lit,60 km/h
MMTI-2025-01812,Makati,Car,Head-on,3,Cloudy,34.0,Male,0,213151.09,MODERATE,Well-Lit,60
MMTI-2025-20242,Makati,Jeepney,Hit and Run,3,Cloudy,46.0,Female,0,263722.72,Light,Well-Lit,80
MMTI-2025-20257,Makati,Car,Head-on,3,Cloudy,45.0,Female,0,222795.32,HEAVY,Well-Lit,60 km/h
MMTI-2025-12326,Malabon,SUV/Van,Hit and Run,Risk Level 3,,31.0,Male,0,"PHP 322,102.62",Moderate,Poorly-Lit,40
MMTI-2025-09621,Las Pinas,SUV/Van,Hit and Run,3,Clear,32.0,Male,0,83936.92,Heavy,POOR,80
MMTI-2025-12394, pateros,,Side-swipe,Risk Level 2,Clear,37.0,Female,0,71419.45,Heavy,Unlit,60
MMTI-2025-14598,Makati,Truck,Rear-end,3,Clear,37.0,Female,0,1728806.71,,Well-Lit,40
MMTI-2025-17215,Quezon,Car,Hit and Run,3,Cloudy,34.0,Male,0,366339.03,Heavy,Well-Lit,40
MMTI-2025-09078,Pasig,SUV/Van,Head-on,Risk Level 2,Clear,39.0,M,0,57486.5,,Poorly-Lit,30
MMTI-2025-06507,Makati,SUV/Van,Rear-end,3,Cloudy,45.0,M,0,"PHP 253,245.52",Heavy,Well-Lit,30 km/h
MMTI-2025-03195,Muntinlupa,Car,Head-on,2.0,Clear,22.0,male,0,55406.63,Moderate,Poorly-Lit,80
MMTI-2025-14610,Quezon,SUV/Van,Rear-end,3,Cloudy,20.0,Male,0,513248.51,Heavy,Unlit,40 km/h
MMTI-2025-12638,Quezon,SUV/Van,Hit and Run,3,Cloudy,55.0,Male,0,496078.25,Heavy,Unlit,40 kph
MMTI-2025-01671,,Car,Head-on,Risk Level 1,Cloudy,48.0,Male,0,14700.23,,Poorly-Lit,30 kph
MMTI-2025-04584, quezon,Truck,Side-swipe,6.0,Rain,50.0,Male,4,,Light,Poorly-Lit,40 km/h
MMTI-2025-21116,Paranaque,Motorcycle,Rear-end,3,Clear,42.0,Male,0,105917.24,Moderate,Poorly-Lit,60 km/h
MMTI-2025-22360,Mandaluyong,Jeepney,Head-on,Risk Level 3,Clear,35.0,Male,0,78601.35,Heavy,Well-Lit,30
MMTI-2025-14595,Paranaque,SUV/Van,Hit and Run,Risk Level 3,Clear,,Male,0,,Heavy,Well-Lit,60
MMTI-2025-16764,Mandaluyong,Truck,Rear-end,Risk Level 6,Clear,54.0,Male,1,72321.64,Moderate,POOR,60 km/h
MMTI-2025-01419,Caloocan,Car,Hit and Run,3.0,Clear,43.0,male,0,41303.4,HEAVY,Well-Lit,40 km/h
MMTI-2025-08504,,Motorcycle,Rear-end,3,Storm,33.0,Male,0,9219.17,Heavy,Well-Lit,60
MMTI-2025-06289,Pasig,Truck,Head-on,2.0,,36.0,Male,0,395893.48,Moderate,Well-Lit,30
MMTI-2025-11508,Manila,Truck,Head-on,2,Cloudy,26.0,Male,0,"PHP 175,254.63",Moderate,dark,40
MMTI-2025-06916,Paranaque,,Rear-end,3,Clear,44.0,Male,0,155.0k,Heavy,Well-Lit,60
MMTI-2025-21546,Las Pinas,Car,Hit and Run,Risk Level 3,Clear,26.0,Male,0,86945.39,Heavy,Poorly-Lit,40
MMTI-2025-05707,Pasig,,Side-swipe,3,Clear,45.0,Male,0,183110.18,Heavy,Well-Lit,40
MMTI-2025-16099,Quezon,Car,Rear-end,Risk Level 3,Rainy,45.0,Male,0,751143.12,Heavy,Well-Lit,40
MMTI-2025-23487,Makati,Motorcycle,Head-on,3,Cloudy,41.0,Male,0,253.1k,Moderate,Poorly-Lit,60
MMTI-2025-07782,Quezon,Car,Hit and Run,Risk Level 3,Rainy,44.0,Female,0,1298662.34,Heavy,Poorly-Lit,60 kph
MMTI-2025-22594,San Juan,Car,Hit and Run,2.0,Clear,34.0,Male,0,39679.99,Heavy,Well-Lit,80
MMTI-2025-23418,Quezon,Car,Hit and Run,3.0,Stormy,46.0,Male,0,99999999,Heavy,Unlit,30
MMTI-2025-10918,Quezon,Bus,Side-swipe,3.0,,39.0,Male,0,696835.73,Heavy,Lit,60
MMTI-2025-12460,Taguig,SUV/Van,Hit and Run,1,Cloudy,23.0,Male,0,313366.52,Moderate,well lit,80
MMTI-2025-10555,,Motorcycle,Rear-end,6.0,Clear,17.0,Male,4,77344.26,,Unlit,60 km/h
MMTI-2025-12172,Quezon,SUV/Van,Rear-end,3,Rainy,27.0,Female,0,1177.3k,Heavy,Poorly-Lit,80
MMTI-2025-17028,Quezon,,Head-on,4.0,Cloudy,25.0,Male,1,40977.03,Heavy,Well-Lit,60 km/h
MMTI-2025-12649,Taguig,Motorcycle,Rear-end,6,Cloudy,28.0,Female,2,318198.92,Moderate,Well-Lit,80
MMTI-2025-19104,,Motorcycle,Hit and Run,3.0,,21.0,Male,0,20801.09,Heavy,Well-Lit,40
MMTI-2025-10817,Quezon,Motorcycle,Rear-end,Risk Level 3,Clear,38.0,Male,0,,Heavy,well lit,80
MMTI-2025-19710,San Juan,Car,Hit and Run,6,Clear,51.0,Female,4,39.3k,HEAVY,Poorly-Lit,60
MMTI-2025-05307,Las Pinas,SUV/Van,Side-swipe,3,Clear,51.0,Male,0,86020.67,Moderate,Poorly-Lit,30
MMTI-2025-23027,Manila,Car,Hit and Run,3.0,Cloudy,29.0,Female,0,193798.84,Heavy,Poorly-Lit,60 km/h
MMTI-2025-18930,Quezon,Car,Hit and Run,6,Stormy,27.0,Male,2,2185353.25,Heavy,Well-Lit,40
MMTI-2025-12307,Manila,Truck,Head-on,3,Clear,31.0,Male,0,,Heavy,Unlit,30 km/h
MMTI-2025-03329,Manila,SUV/Van,Head-on,3.0,Clear,32.0,Male,0,,Heavy,Well-Lit,60
MMTI-2025-17229,Quezon,Car,Side-swipe,3,Rainy,60.0,Male,0,1202590.48,Heavy,POOR,30 km/h
MMTI-2025-16938,,SUV/Van,Head-on,Risk Level 3,Clear,58.0,Male,0,182008.66,Moderate,Poorly-Lit,60
MMTI-2025-16514,Quezon,Car,Head-on,Risk Level 3,Cloudy,27.0,Female,0,498498.83,Moderate,well lit,60
MMTI-2025-16914,Paranaque,Truck,Rear-end,,Storm,39.0,Female,0,314418.33,Heavy,Well-Lit,30
MMTI-2025-10349,Quezon,Car,Hit and Run,3.0,Stormy,38.0,Female,0,1846646.1,Moderate,Well-Lit,60
MMTI-2025-13053,Taguig,Car,Hit and Run,3.0,Cloudy,58.0,male,0,295808.42,Heavy,Well-Lit,30
MMTI-2025-14132,,Bus,Rear-end,3,Clear,47.0,Female,0,693567.59,Heavy,Well-Lit,60 km/h
MMTI-2025-05517,Caloocan,Bus,Hit and Run,,Clear,49.0,Female,0,249159.02,Heavy,Well-Lit,30
MMTI-2025-11560,Muntinlupa,Jeepney,Rear-end,2,,38.0,Male,0,"PHP 18,056.40",Light,Poorly-Lit,60
MMTI-2025-07135,Taguig,Car,Head-on,Risk Level 3,Cloudy,54.0,Male,0,294232.33,Heavy,POOR,100
MMTI-2025-12248,Quezon,Car,Head-on,3,Cloudy,66.0,Female,0,367486.31,Heavy,Well-Lit,40
MMTI-2025-15705,Quezon,Motorcycle,Side-swipe,6,Cloudy,28.0,Male,3,622500.71,Heavy,Well-Lit,80 km/h
MMTI-2025-00448,,Motorcycle,Hit and Run,6,Clear,40.0,Male,3,113698.69,Moderate,Well-Lit,80 km/h
MMTI-2025-08619,Mandaluyong,Car,Side-swipe,3,Clear,48.0,Male,0,73.5k,Moderate,Unlit,80 km/h
MMTI-2025-02376,Quezon,SUV/Van,Rear-end,3,Clear,40.0,Male,0,70701.79,,Well-Lit,60 km/h
MMTI-2025-13730,Quezon,Car,Rear-end,3,Rainy,57.0,Male,0,690487.29,Moderate,Poorly-Lit,60
MMTI-2025-11224,,,Hit and Run,Risk Level 3,Rain,31.0,female ,0,156751.81,Heavy,Well-Lit,30
MMTI-2025-12245,Quezon,Jeepney,Hit and Run,3,Rainy,42.0,Male,0,951923.68,Heavy,Well-Lit,60
MMTI-2025-00961,MANILA ,Jeepney,Side-swipe,3.0,Rain,43.0,Female,0,,Moderate,Well-Lit,60
MMTI-2025-05106,Quezon,,Head-on,,Clear,33.0,Male,0,40067.55,Light,Poorly-Lit,60
MMTI-2025-03055,Manila,Car,Hit and Run,3,,29.0,Female,0,-25000,,Well-Lit,80
MMTI-2025-06770,Quezon,Car,Side-swipe,3,Cloudy,30.0,Male,0,503449.43,HEAVY,Well-Lit,40
MMTI-2025-10058,Quezon,Truck,Side-swipe,3.0,Cloudy,33.0,Male,0,411732.41,Heavy,Well-Lit,60
MMTI-2025-19186,Makati,Car,Rear-end,Risk Level 2,Cloudy,44.0,Male,0,232715.55,Moderate,Well-Lit,80
MMTI-2025-03729,Makati,Truck,Hit and Run,6.0,,64.0,Male,1,1486257.66,MODERATE,Poorly-Lit,60
MMTI-2025-01799,San Juan,Car,Rear-end,3,Clear,21.0,Female,0,39560.13,Heavy,Well-Lit,30
MMTI-2025-03608,Quezon,Motorcycle,Hit and Run,3,Rainy,32.0,Male,0,1044836.18,Light,Well-Lit,60
MMTI-2025-14619,Caloocan,Jeepney,Side-swipe,3.0,Clear,23.0,Female,0,44518.47,Light,Well-Lit,60
MMTI-2025-09420,Quezon,Truck,Side-swipe,,Clear,68.0,M,0,464433.4,Heavy,Well-Lit,60
MMTI-2025-11010,,Truck,Head-on,3.0,Clear,44.0,Female,0,885042.36,Heavy,Well-Lit,60
MMTI-2025-04611,Taguig,Motorcycle,Head-on,3,Cloudy,33.0,Male,0,281462.82,Heavy,Well-Lit,80
MMTI-2025-16511,Quezon,Car,Hit and Run,3,Rainy,38.0,M,0,1165.2k,HEAVY,Well-Lit,60
MMTI-2025-13396,Makati,Car,Hit and Run,2,Cloudy,45.0,Male,0,264983.52,Moderate,Poorly-Lit,60 km/h
MMTI-2025-00655,Makati,Car,Side-swipe,3,Cloudy,40.0,Male,0,215156.14,Heavy,dark,80
MMTI-2025-15606,Pasay,,Side-swipe,Risk Level 3,Clear,18.0,Male,0,48754.76,Heavy,Well-Lit,60 km/h
MMTI-2025-00758,,Car,Side-swipe,Risk Level 3,,31.0,Male,0,111830.52,Heavy,Poorly-Lit,60 km/h
MMTI-2025-11959,,,Hit and Run,3,Clear,26.0,Male,0,125329.28,Moderate,Well-Lit,60 kph
MMTI-2025-02379,Quezon,Car,Rear-end,Risk Level 6,Cloudy,27.0,F,1,541001.38,Heavy,Well-Lit,60 km/h
MMTI-2025-12056,Quezon,SUV/Van,Head-on,Risk Level 3,Cloudy,25.0,Male,0,359931.66,Heavy,Well-Lit,40
MMTI-2025-19387,Makati,SUV/Van,Rear-end,,Clear,30.0,Female,0,"PHP 41,870.39",Moderate,Lit,60 km/h
MMTI-2025-10456,Manila,,Side-swipe,3,Rain,26.0,Male,0,175496.72,Heavy,Poorly-Lit,100
MMTI-2025-14079,Manila,Car,Rear-end,2.0,Cloudy,44.0,Male,0,193143.4,LIGHT,Poorly-Lit,60
MMTI-2025-22499,Quezon,Motorcycle,Head-on,3,Cloudy,25.0,Female,0,507665.86,Light,Unlit,60 km/h
MMTI-2025-16016,PARANAQUE ,Jeepney,Head-on,3,Clear,40.0,Female,0,87835.06,,Well-Lit,30
MMTI-2025-04166,,Bus,Hit and Run,3,Storm,50.0,Male,0,164465.77,Moderate,Lit,60 km/h
MMTI-2025-05765,,Bus,Rear-end,Risk Level 3,Rain,38.0,Male,0,283160.32,Heavy,Well-Lit,80
MMTI-2025-10421,Paranaque,Car,Hit and Run,3,Clear,30.0,Male,0,101902.9,Heavy,POOR,80
MMTI-2025-20131,Makati,Truck,Head-on,3,Cloudy,56.0,Female,0,"PHP 226,832.52",Heavy,Well-Lit,80
MMTI-2025-22923,Manila,Motorcycle,Head-on,2,Cloudy,36.0,Male,0,207419.42,Heavy,Well-Lit,80
MMTI-2025-14127,Marikina,Truck,Hit and Run,2,Clear,22.0,Male,0,"PHP 62,531.32",Moderate,Well-Lit,60 km/h
MMTI-2025-05685,Marikina,Truck,Hit and Run,Risk Level 3,Rain,21.0,Male,0,,Heavy,Unlit,80
MMTI-2025-22031,Pasig,Car,Side-swipe,3.0,Clear,35.0,Female,0,130954.97,Moderate,Well-Lit,40
MMTI-2025-07405,Quezon,Truck,Side-swipe,3,Stormy,41.0,male,0,99999999,Moderate,Well-Lit,40
MMTI-2025-01988,Caloocan,Car,Head-on,3,Clear,17.0,Male,0,42622.11,Heavy,Poorly-Lit,60 km/h
MMTI-2025-00340,Quezon,Car,Rear-end,3.0,Cloudy,37.0,Male,0,456484.95,Moderate,Well-Lit,40
MMTI-2025-23283,Quezon,Car,Rear-end,3,Rainy,37.0,Male,0,1589925.45,Heavy,Well-Lit,30 km/h
MMTI-2025-10511,Pasay,Jeepney,Hit and Run,4.0,,23.0,Female,1,17762.14,Moderate,Unlit,80
MMTI-2025-16651,Las Pinas,Car,Side-swipe,3,Clear,34.0,Male,0,84907.09,Heavy,Well-Lit,40
MMTI-2025-16436,Quezon,,Side-swipe,6.0,Storm,43.0,Male,2,184909.84,Moderate,POOR,60 km/h
MMTI-2025-23174,Las Pinas,Car,Head-on,Risk Level 3,Clear,60.0,Male,0,91954.83,Heavy,Well-Lit,60 km/h
MMTI-2025-08380,Paranaque,Car,Head-on,3.0,Clear,50.0,male,0,109284.14,Light,Well-Lit,30
MMTI-2025-08379,Pasig,,Side-swipe,3,Rain,48.0,Female,0,250681.36,Heavy,well lit,80
MMTI-2025-04310,Quezon,Truck,Side-swipe,3,Rain,39.0,Male,0,,Light,Poorly-Lit,60
MMTI-2025-02463,Marikina,Motorcycle,Side-swipe,3.0,Clear,20.0,Male,0,64576.32,Heavy,Well-Lit,60 kph
MMTI-2025-06884,QUEZON ,,Side-swipe,3,Clear,150.0,F,0,169.9k,Heavy,Well-Lit,100
MMTI-2025-02296,Mandaluyong,,Hit and Run,,Cloudy,21.0,Male,3,96503.8,Heavy,POOR,30
MMTI-2025-12407,Caloocan,Jeepney,Hit and Run,,Clear,43.0,M,0,13082.8,Light,Well-Lit,60
MMTI-2025-00126,Quezon,Jeepney,Side-swipe,Risk Level 6,Rainy,35.0,Female,2,1420431.84,Heavy,Unlit,60 km/h
MMTI-2025-13350, manila,,Rear-end,3,,53.0,Male,0,81747.8,Heavy,dark,30
MMTI-2025-14676,Manila,Car,Rear-end,2,,35.0,Male,0,72545.48,Heavy,Well-Lit,60
MMTI-2025-18992,Makati,Car,Hit and Run,Risk Level 3,Cloudy,56.0,Male,0,233676.56,MODERATE,Lit,60 km/h
MMTI-2025-18595,Manila,,Hit and Run,2,,21.0,Male,0,58322.89,Light,No Lights,40 km/h
MMTI-2025-15368,Quezon,Car,Hit and Run,3,Rainy,22.0,Male,0,1457947.4,Heavy,Well-Lit,80 kph
MMTI-2025-21055,,Jeepney,Rear-end,3.0,Clear,24.0,Female,0,48461.48,Moderate,Poorly-Lit,80
MMTI-2025-04963,Quezon,Car,Hit and Run,Risk Level 3,Rainy,38.0,Female,0,1408431.98,Light,Well-Lit,80 kph
MMTI-2025-08060,San Juan,SUV/Van,Rear-end,3.0,Cloudy,,Male,0,"PHP 240,877.78",,Well-Lit,80
MMTI-2025-13727,Pasig,Car,Rear-end,Risk Level 3,Clear,36.0,Male,0,159147.16,Light,Well-Lit,60
MMTI-2025-22917,Paranaque,Car,Hit and Run,3,Clear,56.0,Female,0,101344.0,Light,Well-Lit,80 km/h
MMTI-2025-16691,,SUV/Van,Side-swipe,,Clear,32.0,Male,0,153557.51,Heavy,Poorly-Lit,60
MMTI-2025-01922,MANILA ,,Hit and Run,3.0,Cloudy,37.0,Male,0,100791.98,Heavy,Well-Lit,60 km/h
MMTI-2025-13418,MAKATI ,Car,Rear-end,Risk Level 3,,28.0,Male,0,192939.72,,Well-Lit,80
MMTI-2025-17162,,,Head-on,3.0,Rain,53.0,Male,0,101061.41,Heavy,Well-Lit,80
MMTI-2025-02157,Taguig,Car,Hit and Run,3,Cloudy,36.0,Female,0,318751.26,HEAVY,Well-Lit,60
MMTI-2025-21167,Pasig,Bus,Hit and Run,,Cloudy,26.0,Male,0,,Heavy,Unlit,40
MMTI-2025-15268,Pasay,Jeepney,Rear-end,3,Clear,28.0,Male,0,48165.26,Heavy,Poorly-Lit,100
MMTI-2025-21621,,Motorcycle,Hit and Run,3,Clear,33.0,Male,0,30915.95,Heavy,Well-Lit,30
MMTI-2025-14354,MANILA ,,Head-on,3,Clear,40.0,Male,0,-500,Heavy,Well-Lit,40
MMTI-2025-06941,Quezon,Car,Hit and Run,Risk Level 3,Rainy,58.0,M,0,748388.08,HEAVY,Well-Lit,30
MMTI-2025-03290,Manila,Jeepney,Side-swipe,2,Rain,45.0,Male,0,32240.68,,Well-Lit,60 kph
MMTI-2025-20862,TAGUIG ,,Hit and Run,3,Cloudy,42.0,Male,0,113092.61,Heavy,Well-Lit,40