Incident_ID,City,Vehicle_Type,Accident_Type,Severity,Weather_Condition,Driver_Age,Driver_Gender,Injury_Count,Damage_Cost_PHP,Traffic_Volume,Road_Lighting,Speed_Limit
MMTI-2025-12343,Makati,,Side-swipe,6.0,Clear,29.0,Female,1,376520.91,Heavy,Well-Lit,40
MMTI-2025-02313,,Car,Rear-end,Risk Level 3,Rain,30.0,Male,0,177877.67,Heavy,Well-Lit,100
MMTI-2025-20184,Taguig,Motorcycle,Head-on,3.0,Cloudy,17.0,Male,0,297291.23,Heavy,Poorly-Lit,80
MMTI-2025-21290,Paranaque,Car,Side-swipe,2,Clear,35.0,Female,0,101353.29,Heavy,Well-Lit,60
MMTI-2025-11217,Quezon,Car,Hit and Run,6.0,Rainy,40.0,Male,3,877715.89,Heavy,Well-Lit,60 km/h
MMTI-2025-16048,Pasig,Motorcycle,Hit and Run,3.0,Clear,51.0,Female,0,131638.66,Moderate,Well-Lit,60 kph
MMTI-2025-06441,Marikina,Car,Hit and Run,3,Clear,25.0,Male,0,61.4k,Light,Well-Lit,60
MMTI-2025-07964,Mandaluyong,Motorcycle,Head-on,3.0,Clear,42.0,Female,0,77744.74,Heavy,dark,100
MMTI-2025-01705,Taguig,Motorcycle,Hit and Run,3,Cloudy,37.0,Female,0,311125.36,Moderate,Well-Lit,60
MMTI-2025-14587,Quezon,Jeepney,Head-on,2,Clear,,Male,0,37991.49,Moderate,Well-Lit,80 kph
MMTI-2025-17641,Valenzuela,Truck,Side-swipe,3.0,,35.0,Male,0,657803.29,Heavy,Well-Lit,40 km/h
MMTI-2025-13469,Manila,Car,Rear-end,3,Storm,54.0,Male,0,194736.65,,Well-Lit,60
MMTI-2025-19778,Manila,Car,Hit and Run,3,Cloudy,30.0,Female,0,200850.65,Heavy,Poorly-Lit,30
MMTI-2025-18607,Taguig,Jeepney,Head-on,,,41.0,Male,0,"PHP 37,093.21",,well lit,60
MMTI-2025-22746,Taguig,Motorcycle,Side-swipe,Risk Level 3,Cloudy,43.0,Male,0,318932.69,Light,Unlit,60
MMTI-2025-08591,Quezon,Car,Side-swipe,3,Cloudy,39.0,Male,0,525747.8,Heavy,Well-Lit,80
MMTI-2025-09780,Paranaque,Car,Hit and Run,3,Clear,57.0,Male,0,97281.12,Heavy,Well-Lit,60
MMTI-2025-09339,Caloocan,SUV/Van,Rear-end,3.0,Clear,55.0,Male,0,44805.26,Heavy,Poorly-Lit,40
MMTI-2025-11509,Manila,SUV/Van,Head-on,3,Clear,54.0,Male,0,75192.64,,Poorly-Lit,60
MMTI-2025-12977,Quezon,SUV/Van,Hit and Run,3,Clear,31.0,Female,0,,Heavy,Well-Lit,80
MMTI-2025-01462,Marikina,Jeepney,Rear-end,3,Clear,29.0,Male,0,64326.18,Heavy,Well-Lit,60 km/h
MMTI-2025-01954,Caloocan,Car,Head-on,3,Clear,35.0,Male,0,41578.72,Heavy,Unlit,60
MMTI-2025-04069,Quezon,Jeepney,Rear-end,Risk Level 3,Cloudy,46.0,Male,0,,Heavy,Poorly-Lit,80 kph
MMTI-2025-22297,Paranaque,Car,Rear-end,Risk Level 3,Clear,34.0,Male,0,123245.74,Heavy,Well-Lit,60 km/h
MMTI-2025-21252,Pasig,Car,Head-on,3,Clear,30.0,Male,0,,Heavy,Poorly-Lit,40
MMTI-2025-21969,Quezon,Car,Side-swipe,2.0,Cloudy,53.0,Male,0,405910.57,Moderate,Poorly-Lit,30 km/h
MMTI-2025-13648,Quezon,Car,Side-swipe,3.0,Cloudy,38.0,Male,0,484.3k,Moderate,Poorly-Lit,60
MMTI-2025-15986,Marikina,Car,Head-on,3,Clear,39.0,Male,0,67960.05,MODERATE,Poorly-Lit,40
MMTI-2025-10424,Quezon,Car,Rear-end,Risk Level 3,Rainy,44.0,Male,0,927260.14,Heavy,dark,40 km/h
MMTI-2025-08579,,Car,Side-swipe,3,Clear,46.0,Male,0,104912.86,Heavy,Lit,60
MMTI-2025-14494,Quezon,Motorcycle,Hit and Run,Risk Level 3,Rainy,33.0,female ,0,727837.67,Moderate,Well-Lit,60 kph
MMTI-2025-18884,Makati,Motorcycle,Hit and Run,Risk Level 3,Cloudy,39.0,Female,0,231610.43,Moderate,Poorly-Lit,60
MMTI-2025-14075,,Motorcycle,Hit and Run,6.0,Cloudy,55.0,Male,4,74565.24,Heavy,Well-Lit,60 km/h
MMTI-2025-05467, quezon,SUV/Van,Rear-end,Risk Level 3,Clear,42.0,Female,0,420825.58,,Well-Lit,60
MMTI-2025-00212,Muntinlupa,Motorcycle,Hit and Run,4.0,,24.0,Male,3,55447.1,,Poorly-Lit,80
MMTI-2025-18704,,Truck,Head-on,Risk Level 3,Clear,39.0,Female,3,1108660.22,Heavy,Well-Lit,40
MMTI-2025-02877,Manila,Motorcycle,Side-swipe,6,,33.0,Male,3,103709.64,Heavy,dark,60
MMTI-2025-19944,Quezon,Car,Rear-end,3,Rainy,44.0,Male,0,"PHP 988,314.79",Moderate,Poorly-Lit,80 km/h
MMTI-2025-17185,Muntinlupa,,Side-swipe,3,Clear,46.0,Male,0,172414.01,Moderate,Well-Lit,80
MMTI-2025-19354,Quezon,Car,Rear-end,Risk Level 3,Rainy,44.0,Female,0,647601.03,Heavy,dark,60
MMTI-2025-22893,Manila,,Rear-end,3,Storm,38.0,Male,0,55040.01,Heavy,Unlit,60 km/h
MMTI-2025-05324,Pasig,Car,Head-on,6,Clear,44.0,Female,2,155598.28,Moderate,Well-Lit,60
MMTI-2025-11372,Mandaluyong,Car,Rear-end,Risk Level 3,Clear,48.0,Male,0,77542.33,Heavy,Well-Lit,60
MMTI-2025-23005,Caloocan,Motorcycle,Side-swipe,3,Clear,39.0,F,0,44.0k,Heavy,Poorly-Lit,60
MMTI-2025-04206,Quezon,Truck,Head-on,9.0,Stormy,23.0,Male,2,2158322.46,Heavy,Poorly-Lit,60
MMTI-2025-18803,Las Pinas,Truck,Side-swipe,2,,53.0,Male,0,"PHP 548,574.16",Moderate,Well-Lit,60
MMTI-2025-09887,Quezon,SUV/Van,Head-on,Risk Level 3,Cloudy,47.0,Male,0,424316.08,Moderate,Well-Lit,60
MMTI-2025-17981,Pasay,SUV/Van,Rear-end,3,Clear,43.0,Female,0,48450.88,Heavy,Lit,40
MMTI-2025-11446,Quezon,Car,Rear-end,Risk Level 3,Cloudy,38.0,Male,0,442164.86,Light,Poorly-Lit,100 km/h
MMTI-2025-22914,Paranaque,Car,Head-on,3,Clear,39.0,Male,0,112319.34,Light,Lit,30
MMTI-2025-04846,Makati,,Hit and Run,2,Clear,44.0,Male,0,27806.74,Moderate,No Lights,60
MMTI-2025-04778,,SUV/Van,Side-swipe,6,Cloudy,45.0,Male,3,266819.02,Heavy,Well-Lit,100 km/h
MMTI-2025-17072,Caloocan,Car,Hit and Run,3.0,Clear,29.0,Male,0,41517.23,Heavy,Well-Lit,40
MMTI-2025-06044,Manila,Bus,Head-on,Risk Level 3,Rain,,Male,0,708877.63,Moderate,Well-Lit,60 km/h
MMTI-2025-05091,Marikina,Truck,Side-swipe,3,Clear,57.0,Male,0,1598805.31,,Poorly-Lit,80
MMTI-2025-19564,Caloocan,Truck,Head-on,,Clear,28.0,Female,0,"PHP 203,593.73",Heavy,Poorly-Lit,60
MMTI-2025-21292,Quezon,Car,Side-swipe,3,Rainy,43.0,Male,0,1596918.7,Heavy,Well-Lit,100
MMTI-2025-22785,Pasig,Car,Head-on,3,Rain,30.0,Female,0,,,Well-Lit,80
MMTI-2025-13193,Makati,SUV/Van,Head-on,3,Cloudy,34.0,Male,0,216665.98,Heavy,Poorly-Lit,80
MMTI-2025-01026,Quezon,,Hit and Run,Risk Level 4,Clear,32.0,Female,3,"PHP 138,449.93",MODERATE,Poorly-Lit,60 km/h
MMTI-2025-08437,Paranaque,Car,Hit and Run,3,,17.0,Male,0,190623.33,HEAVY,Well-Lit,60 kph
MMTI-2025-10000,Caloocan,Bus,Rear-end,,Rain,,Male,0,492970.24,Heavy,Poorly-Lit,60 kph
MMTI-2025-21398,Makati,Car,Rear-end,Risk Level 3,Cloudy,32.0,Male,0,229295.76,Heavy,Well-Lit,80
MMTI-2025-05665,Caloocan,Motorcycle,Side-swipe,Risk Level 3,Clear,0.0,Male,0,42557.06,Heavy,No Lights,80
MMTI-2025-13839,,Motorcycle,Hit and Run,Risk Level 2,Clear,58.0,Male,0,,Moderate,Well-Lit,60 km/h
MMTI-2025-09345,Pasay,Car,Head-on,1,Clear,48.0,Female,0,45.9k,Moderate,Poorly-Lit,30
MMTI-2025-19898,Makati,,Rear-end,3,Clear,24.0,Unknown,0,131362.74,Moderate,Well-Lit,60
MMTI-2025-13189,Quezon,Motorcycle,Head-on,3,Rainy,37.0,Male,0,688977.44,Heavy,Well-Lit,60
MMTI-2025-10547,Quezon,Motorcycle,Side-swipe,Risk Level 3,Rainy,44.0,Male,0,1381276.03,Heavy,Well-Lit,80 km/h
MMTI-2025-01372,Taguig,Jeepney,Hit and Run,Risk Level 3,Clear,44.0,Male,0,92951.17,,Poorly-Lit,60
MMTI-2025-21813,Manila,Car,Head-on,3,,56.0,Female,0,175479.31,MODERATE,Well-Lit,40
MMTI-2025-21524,Las Pinas,Car,Rear-end,2,Clear,37.0,Male,0,95465.25,Heavy,Lit,60
MMTI-2025-01632,Paranaque,Truck,Hit and Run,,Clear,50.0,Male,4,117579.15,,Well-Lit,100
MMTI-2025-04599,Manila,SUV/Van,Head-on,,Rain,23.0,Female,0,75343.26,Heavy,Well-Lit,60
MMTI-2025-05974,Manila,Car,Hit and Run,3,Cloudy,56.0,Female,0,190279.34,Heavy,Poorly-Lit,80 km/h
MMTI-2025-10300,Pasay,SUV/Van,Hit and Run,2,Clear,32.0,Female,0,47712.1,Heavy,Well-Lit,60 km/h
MMTI-2025-00585,Quezon,Car,Head-on,6,Rainy,48.0,Male,2,1039005.02,Light,Well-Lit,30
MMTI-2025-09631,Quezon,SUV/Van,Rear-end,3.0,Cloudy,41.0,Male,0,436336.57,Moderate,No Lights,60 kph
MMTI-2025-09760,Quezon,Truck,Hit and Run,3,Cloudy,44.0,Male,0,507026.47,Heavy,Well-Lit,60
MMTI-2025-16277,Quezon,Motorcycle,Side-swipe,6.0,Cloudy,44.0,Female,1,585230.21,Moderate,Poorly-Lit,40
MMTI-2025-02757,Marikina,Car,Rear-end,Risk Level 1,Clear,31.0,female ,0,58078.3,Light,Well-Lit,60
MMTI-2025-00612,Las Pinas,Jeepney,Rear-end,3.0,Clear,39.0,Female,0,85496.26,Moderate,Poorly-Lit,80
MMTI-2025-20056,Quezon,Car,Hit and Run,1,Cloudy,49.0,Male,0,350601.63,MODERATE,Well-Lit,40 km/h
MMTI-2025-15090,Paranaque,Motorcycle,Hit and Run,2,Clear,26.0,M,3,102365.6,Light,Well-Lit,60
MMTI-2025-22194,Manila,Car,Hit and Run,1,Cloudy,35.0,Male,0,194047.96,Moderate,Well-Lit,60
MMTI-2025-16451,Taguig,Car,Rear-end,3,Cloudy,42.0,M,0,326109.13,Moderate,dark,100
MMTI-2025-05219,Quezon,SUV/Van,Head-on,6,Stormy,51.0,Male,3,3457498.96,Moderate,Poorly-Lit,80 km/h
MMTI-2025-22715,Manila,Truck,Head-on,3,Clear,,M,0,-500,Heavy,Unlit,40
MMTI-2025-15995,Quezon,Car,Head-on,3,Rainy,29.0,Male,0,775157.99,Heavy,Well-Lit,60
MMTI-2025-01249,Makati,SUV/Van,Hit and Run,3.0,Cloudy,32.0,Male,0,248940.29,Heavy,Well-Lit,60 km/h
MMTI-2025-22440,,Bus,Side-swipe,3.0,Clear,22.0,Male,0,"PHP 775,175.50",Moderate,Unlit,60
MMTI-2025-04961,Manila,Car,Rear-end,,Clear,50.0,M,3,80636.44,HEAVY,POOR,60
MMTI-2025-05348,San Juan,Bus,Side-swipe,3,,46.0,male,0,482694.92,Heavy,Poorly-Lit,60
MMTI-2025-02911,Quezon,Car,Rear-end,6,Rainy,17.0,Male,1,680964.81,Moderate,Well-Lit,80 kph
MMTI-2025-11670,Valenzuela,Jeepney,Rear-end,,Rain,53.0,Male,0,,Moderate,Poorly-Lit,60
MMTI-2025-06738,Manila,Motorcycle,Side-swipe,4,Cloudy,32.0,Female,2,165258.09,Heavy,well lit,30
MMTI-2025-16212,,Bus,Head-on,3.0,Clear,24.0,Male,0,1117614.27,Heavy,Well-Lit,100 km/h
MMTI-2025-17211,Pasay,Car,Rear-end,3,Clear,36.0,Male,0,46152.21,HEAVY,Poorly-Lit,40
MMTI-2025-18454,Las Pinas,Jeepney,Rear-end,Risk Level 3,,32.0,Male,0,32931.92,Heavy,Poorly-Lit,60
MMTI-2025-18249,Quezon,Jeepney,Rear-end,,Clear,37.0,Male,0,28603.65,Moderate,Well-Lit,40
MMTI-2025-03887,Pasig,Car,Head-on,6.0,Clear,44.0,Male,2,128199.58,HEAVY,Well-Lit,80
MMTI-2025-03501,Caloocan,,Side-swipe,Risk Level 3,Clear,28.0,Male,0,192871.03,Heavy,Poorly-Lit,60
MMTI-2025-13305,Quezon,Truck,Hit and Run,6.0,Rainy,28.0,Male,2,1025065.94,Heavy,Well-Lit,60
MMTI-2025-07228,Pasig,Truck,Head-on,1,Clear,42.0,Female,4,135779.42,Moderate,Poorly-Lit,60
MMTI-2025-01945,Makati,Car,Head-on,Risk Level 9,Cloudy,47.0,Male,3,219119.54,Heavy,Poorly-Lit,40
MMTI-2025-01567,Manila,,Rear-end,3,Clear,35.0,Female,0,114837.49,LIGHT,Poorly-Lit,60
MMTI-2025-00630,Paranaque,Car,Head-on,Risk Level 6,Clear,54.0,Female,2,104017.41,Heavy,Well-Lit,30
MMTI-2025-10556,Manila,,Rear-end,3,Clear,45.0,Male,0,78291.39,Light,Well-Lit,60
MMTI-2025-07673,Quezon,Motorcycle,Side-swipe,6.0,Cloudy,36.0,Male,1,451283.76,Moderate,Poorly-Lit,80
MMTI-2025-05290,Quezon,Motorcycle,Rear-end,6,Rainy,22.0,Male,2,902531.16,Heavy,Well-Lit,60
MMTI-2025-06091,Quezon,Car,Head-on,Risk Level 3,Rainy,26.0,Male,0,737035.64,Heavy,POOR,30
MMTI-2025-21153,Manila,Car,Head-on,6,Cloudy,55.0,Female,2,187075.07,Moderate,Unlit,60 kph
MMTI-2025-11660,Makati,,Side-swipe,Risk Level 6,Clear,17.0,Male,1,,Moderate,Well-Lit,40
MMTI-2025-22738,Paranaque,Car,Hit and Run,2,Rain,52.0,Male,0,54305.36,,Poorly-Lit,40
MMTI-2025-19425,Paranaque,Motorcycle,Rear-end,3.0,Clear,39.0,female ,0,119349.46,Heavy,Unlit,40
MMTI-2025-19250,Taguig,Truck,Hit and Run,Risk Level 6,,45.0,Male,4,2391591.63,Heavy,Well-Lit,40 km/h
MMTI-2025-07118,Valenzuela,Motorcycle,Hit and Run,3.0,Clear,55.0,Female,0,37550.96,Heavy,Well-Lit,60
MMTI-2025-21880,Quezon,Car,Rear-end,3.0,Rainy,45.0,Female,0,839818.88,Heavy,Well-Lit,60
MMTI-2025-18076,Quezon,Motorcycle,Head-on,6.0,Cloudy,19.0,Male,4,430744.7,Heavy,Well-Lit,80 km/h
MMTI-2025-08418,Quezon,,Side-swipe,Risk Level 6,Clear,47.0,Male,3,238352.31,Heavy,Well-Lit,100 km/h
MMTI-2025-04648,Pasig,Motorcycle,Head-on,Risk Level 3,Clear,33.0,Female,0,157443.78,Heavy,No Lights,60 km/h
MMTI-2025-01929,Pasig,Car,Side-swipe,6,Clear,41.0,Female,3,"PHP 135,208.33",Moderate,Well-Lit,80
MMTI-2025-06221, quezon,Truck,Head-on,Risk Level 2,,29.0,Male,0,459124.75,Heavy,Well-Lit,60
MMTI-2025-04998,Pasig,Car,Rear-end,Risk Level 3,Clear,17.0,Male,0,138286.03,Heavy,Poorly-Lit,60
MMTI-2025-17322, manila,Car,Rear-end,3.0,Clear,18.0,Male,0,,Heavy,Well-Lit,60
MMTI-2025-15196,,Motorcycle,Hit and Run,Risk Level 3,Rain,48.0,Male,0,11489.73,Moderate,No Lights,60 kph
MMTI-2025-07376,Muntinlupa,Truck,Side-swipe,3.0,Clear,37.0,Female,0,"PHP 1,291,801.95",,Well-Lit,100
MMTI-2025-22602,Pasig,Jeepney,Side-swipe,3,Clear,39.0,Female,0,134254.08,Heavy,Well-Lit,60 km/h
MMTI-2025-19927,Quezon,Car,Hit and Run,3,Stormy,39.0,Female,0,99999999,Moderate,Well-Lit,60
MMTI-2025-22029,Marikina,Car,Head-on,3,Clear,46.0,M,0,59662.42,Moderate,Unlit,60
MMTI-2025-14922,Manila,,Side-swipe,6,Storm,31.0,Female,1,354096.12,Heavy,Well-Lit,80
MMTI-2025-15675,PASIG ,,Side-swipe,Risk Level 3,Clear,52.0,Male,0,151173.93,Heavy,Well-Lit,30
MMTI-2025-05342,Taguig,Motorcycle,Side-swipe,3,Cloudy,41.0,Male,0,315990.31,Moderate,Well-Lit,60
MMTI-2025-05262,,Motorcycle,Rear-end,3.0,Storm,37.0,Male,0,14936.76,Heavy,well lit,80
MMTI-2025-21415,Manila,Car,Side-swipe,2,Cloudy,32.0,Male,0,173677.28,Light,Well-Lit,60
MMTI-2025-17759,Valenzuela,,Side-swipe,3,Clear,29.0,Male,0,135506.29,Heavy,Poorly-Lit,100
MMTI-2025-03625,,Truck,Head-on,3,Clear,-10.0,Male,0,741108.63,Heavy,Well-Lit,40 kph
MMTI-2025-04539,Caloocan,Car,Head-on,3,Clear,55.0,Male,0,214232.38,,well lit,40
MMTI-2025-01179,Taguig,Car,Head-on,3.0,Cloudy,42.0,Male,0,325506.92,HEAVY,Poorly-Lit,80
MMTI-2025-04154, quezon,Motorcycle,Side-swipe,,Storm,35.0,Male,0,12947.3,Moderate,Poorly-Lit,100
MMTI-2025-13873,Taguig,SUV/Van,Head-on,Risk Level 3,Cloudy,37.0,Male,0,"PHP 340,808.61",Heavy,Well-Lit,60
MMTI-2025-16084,Quezon,Motorcycle,Head-on,Risk Level 3,Rainy,37.0,Female,0,686107.76,Moderate,Poorly-Lit,60
MMTI-2025-03951,Quezon,Car,Hit and Run,Risk Level 3,Rainy,33.0,Male,0,1517769.48,Heavy,Poorly-Lit,60
MMTI-2025-04965,Quezon,Car,Hit and Run,3,Rainy,36.0,Female,0,1507792.66,Heavy,Well-Lit,60
MMTI-2025-22410,Muntinlupa,Truck,Hit and Run,Risk Level 3,Cloudy,51.0,Female,0,1262439.63,,Well-Lit,40 km/h
MMTI-2025-21251,Quezon,Car,Hit and Run,3,Rainy,34.0,Unknown,0,1155.3k,HEAVY,Well-Lit,60
MMTI-2025-09607,Manila,Jeepney,Head-on,2.0,,41.0,Female,0,31371.24,Heavy,Well-Lit,60 kph
MMTI-2025-08241,Makati,Motorcycle,Hit and Run,,Clear,45.0,Male,0,7994.71,Heavy,Well-Lit,80
MMTI-2025-03414,Caloocan,Motorcycle,Side-swipe,,Cloudy,22.0,Female,0,4758.87,Moderate,Poorly-Lit,60
MMTI-2025-06718,Mandaluyong,Motorcycle,Side-swipe,6,Rain,,Male,3,-25000,Heavy,Well-Lit,60
MMTI-2025-11964,Quezon,SUV/Van,Rear-end,3.0,Clear,,Male,0,"PHP 383,743.04",Heavy,Well-Lit,60 km/h
MMTI-2025-06706,Las Pinas,Car,Head-on,3,Clear,34.0,Male,0,88459.09,Moderate,Well-Lit,60 km/h
MMTI-2025-21748,Quezon,Car,Hit and Run,2,Cloudy,28.0,Female,0,459736.54,Heavy,well lit,60
MMTI-2025-01975,Makati,Motorcycle,Side-swipe,6,Clear,30.0,Male,4,,Heavy,No Lights,30
MMTI-2025-22424,Quezon,SUV/Van,Side-swipe,4,Rainy,41.0,Male,3,835490.23,Light,Unlit,100
MMTI-2025-16963,Quezon,Car,Hit and Run,3.0,Cloudy,37.0,Male,0,"PHP 445,070.69",Heavy,Unlit,40 km/h
MMTI-2025-04668,Mandaluyong,Bus,Head-on,6.0,Clear,,Male,3,,MODERATE,POOR,80 km/h
MMTI-2025-12074,Pasig,SUV/Van,Rear-end,3,Clear,32.0,Male,0,"PHP 123,598.93",HEAVY,Well-Lit,60
MMTI-2025-10811,Manila,Truck,Side-swipe,Risk Level 3,Cloudy,56.0,Female,0,"PHP 204,513.45",LIGHT,Lit,40
MMTI-2025-05366,Taguig,Car,Head-on,2.0,Cloudy,22.0,F,0,316399.6,Heavy,POOR,60 kph
MMTI-2025-03792,Quezon,SUV/Van,Rear-end,6.0,Cloudy,,Male,1,650135.44,Heavy,Unlit,80
MMTI-2025-07399,Taguig,Jeepney,Side-swipe,3,Cloudy,51.0,Male,0,296156.48,Heavy,well lit,30 km/h
MMTI-2025-22215,Pasay,Jeepney,Side-swipe,,Storm,17.0,Female,0,16.7k,Heavy,Well-Lit,60
MMTI-2025-06136,Pasig,Motorcycle,Rear-end,3,Clear,17.0,Male,0,124064.05,Heavy,well lit,60
MMTI-2025-12722,Quezon,Car,Hit and Run,3,Rainy,33.0,Male,0,"PHP 1,080,342.95",Heavy,Well-Lit,60
MMTI-2025-17083,Caloocan,Car,Head-on,3,Clear,26.0,Male,0,44633.54,Moderate,Poorly-Lit,60
MMTI-2025-10967,Quezon,Car,Head-on,2.0,Clear,29.0,Male,0,,Heavy,Well-Lit,80
MMTI-2025-01509,Quezon,Car,Head-on,Risk Level 3,Rainy,38.0,Male,0,1469545.75,Heavy,Well-Lit,40 km/h
MMTI-2025-02311,Quezon,Car,Hit and Run,Risk Level 3,Cloudy,42.0,Male,0,373.2k,Heavy,well lit,80
MMTI-2025-00124, manila,Motorcycle,Head-on,3,Clear,17.0,Male,0,,Heavy,Well-Lit,60
MMTI-2025-03661,San Juan,Car,Rear-end,3.0,Clear,43.0,Female,0,40400.57,Heavy,Well-Lit,80
MMTI-2025-15546,Quezon,Car,Rear-end,3.0,Rainy,19.0,Female,0,726889.78,Light,Well-Lit,80
MMTI-2025-10353,Quezon,Car,Hit and Run,Risk Level 3,Cloudy,40.0,Male,0,472311.34,Light,Poorly-Lit,60
MMTI-2025-11617,,,Hit and Run,3,Clear,46.0,Male,0,72.3k,Heavy,Unlit,80
MMTI-2025-20926,Valenzuela,SUV/Van,Rear-end,3.0,Storm,49.0,Female,0,,,Poorly-Lit,80 km/h
MMTI-2025-12741,Las Pinas,Car,Side-swipe,3.0,Clear,31.0,Male,0,81528.17,Moderate,Well-Lit,60 kph
MMTI-2025-14944,Quezon,SUV/Van,Rear-end,3,Cloudy,52.0,Female,0,438956.41,LIGHT,Lit,100 kph
MMTI-2025-00804,Las Pinas,Car,Rear-end,3,Clear,36.0,Male,0,82121.6,Heavy,Poorly-Lit,40
MMTI-2025-15689, caloocan,Car,Head-on,3,,30.0,Male,0,"PHP 76,802.44",Heavy,Lit,60
MMTI-2025-04887,Mandaluyong,SUV/Van,Side-swipe,3.0,Clear,38.0,Male,0,66728.97,,Well-Lit,60 kph
MMTI-2025-02414,Pasay,Car,Side-swipe,2.0,Clear,37.0,Female,0,50301.03,Moderate,Well-Lit,60
MMTI-2025-00080,Quezon,Car,Hit and Run,Risk Level 3,Rainy,36.0,Female,0,1259780.27,Heavy,Well-Lit,100
MMTI-2025-00546,Manila,Bus,Rear-end,,Cloudy,51.0,Male,1,107475.61,Heavy,Poorly-Lit,60
MMTI-2025-07821,Pasay,Jeepney,Hit and Run,3,Clear,24.0,Male,0,45567.88,Heavy,Poorly-Lit,60
MMTI-2025-05055,Quezon,Bus,Head-on,2.0,,17.0,Female,0,289409.55,MODERATE,Unlit,30 km/h
MMTI-2025-17045,Quezon,Motorcycle,Side-swipe,3.0,Rainy,58.0,Female,0,938286.14,Heavy,dark,60
MMTI-2025-05078,Quezon,Car,Side-swipe,3.0,Rainy,30.0,Female,0,"PHP 782,981.60",Light,Poorly-Lit,40
MMTI-2025-23342,,Motorcycle,Hit and Run,6,Clear,56.0,F,3,76015.09,Heavy,Unlit,60 km/h
MMTI-2025-09091,Makati,Car,Side-swipe,2,Cloudy,27.0,Male,0,263057.35,Moderate,Well-Lit,60 km/h
MMTI-2025-01759,Paranaque,SUV/Van,Head-on,6.0,Clear,35.0,Female,3,"PHP 99,586.56",Heavy,well lit,30
MMTI-2025-14636, makati,,Hit and Run,3,Rain,61.0,Male,0,32955.91,Heavy,Poorly-Lit,60 kph
MMTI-2025-22777,Quezon,Car,Hit and Run,6,Cloudy,29.0,Male,1,550587.92,Heavy,Unlit,60
MMTI-2025-12872,Pasig,SUV/Van,Side-swipe,6,Clear,27.0,Male,1,1060479.03,,Well-Lit,60
MMTI-2025-05110,PATEROS ,Car,Side-swipe,4,Cloudy,31.0,male,1,217371.49,,Well-Lit,80
MMTI-2025-08128,Manila,Motorcycle,Hit and Run,Risk Level 2,Cloudy,31.0,Male,0,206799.77,Light,dark,60 kph
MMTI-2025-17628,Quezon,Motorcycle,Hit and Run,6.0,Stormy,-10.0,Male,3,2938729.03,HEAVY,Well-Lit,60
MMTI-2025-17813,Makati,SUV/Van,Head-on,3,Storm,,Male,0,94094.34,LIGHT,Well-Lit,60
MMTI-2025-06568,Manila,Car,Hit and Run,2,Cloudy,26.0,Male,0,165562.18,Moderate,Poorly-Lit,40 km/h
MMTI-2025-17669,Malabon,Motorcycle,Side-swipe,6.0,Clear,62.0,Female,2,37039.06,Moderate,Poorly-Lit,30 kph
MMTI-2025-10661,Quezon,Car,Side-swipe,6,Cloudy,41.0,Male,2,478533.53,Moderate,Well-Lit,40
MMTI-2025-10043,Quezon,Jeepney,Rear-end,3.0,Rain,,Female,0,,Heavy,Well-Lit,60
MMTI-2025-17678,,,Hit and Run,3.0,Cloudy,17.0,Male,0,40776.77,MODERATE,Well-Lit,80 kph
MMTI-2025-01490,Quezon,Car,Hit and Run,9,Clear,21.0,Male,4,529336.36,,Poorly-Lit,40 km/h
MMTI-2025-04487,Paranaque,SUV/Van,Side-swipe,6,Clear,26.0,Female,3,122346.17,Heavy,Well-Lit,80
MMTI-2025-16729,Marikina,Car,Rear-end,3.0,Clear,31.0,Female,0,60655.19,Heavy,Poorly-Lit,60
MMTI-2025-03706,Manila,Car,Hit and Run,3,Cloudy,46.0,Female,0,171121.82,Heavy,Well-Lit,40
MMTI-2025-03623,Manila,SUV/Van,Rear-end,Risk Level 3,Cloudy,18.0,Male,0,210047.77,Light,Well-Lit,40 kph
MMTI-2025-10826,,Car,Hit and Run,3,Clear,49.0,Female,0,60424.54,Light,Well-Lit,40
MMTI-2025-23236,Manila,Motorcycle,Rear-end,3.0,Cloudy,52.0,Female,0,197240.13,Heavy,Well-Lit,60
MMTI-2025-08190,Quezon,,Hit and Run,Risk Level 3,Clear,39.0,Female,0,37709.73,Moderate,No Lights,80
MMTI-2025-00393,Mandaluyong,SUV/Van,Rear-end,Risk Level 3,Clear,26.0,Male,0,74699.62,Heavy,Well-Lit,60 km/h
MMTI-2025-13671,Quezon,,Side-swipe,3,Clear,25.0,Male,0,99999999,Heavy,Poorly-Lit,40 km/h
MMTI-2025-06439,Quezon,Car,Rear-end,3.0,Rainy,29.0,Female,0,"PHP 1,040,007.40",Light,dark,40
MMTI-2025-06348,Quezon,Car,Hit and Run,3.0,Stormy,47.0,Female,0,99999999,Moderate,Unlit,30
MMTI-2025-09068,Quezon,Truck,Head-on,3,Clear,54.0,Male,0,,Heavy,Well-Lit,40
MMTI-2025-21058,Marikina,Car,Rear-end,Risk Level 2,Clear,37.0,Female,1,64187.17,Heavy,Poorly-Lit,60
MMTI-2025-08855,Quezon,Car,Side-swipe,3,Rainy,58.0,Male,0,1356121.98,Heavy,Well-Lit,60