Incident_ID,City,Vehicle_Type,Accident_Type,Severity,Weather_Condition,Driver_Age,Driver_Gender,Injury_Count,Damage_Cost_PHP,Traffic_Volume,Road_Lighting,Speed_Limit
MMTI-2025-02496,Pasig,SUV/Van,Rear-end,3.0,Clear,57.0,Male,0,137283.51,Heavy,Well-Lit,60 kph
MMTI-2025-19378,Taguig,Motorcycle,Rear-end,3,Cloudy,39.0,Male,0,315340.05,Heavy,Well-Lit,80
MMTI-2025-10119,San Juan,Car,Head-on,Risk Level 3,Clear,24.0,Male,0,39146.62,Moderate,Well-Lit,60 km/h
MMTI-2025-22831, quezon,,Side-swipe,,Clear,24.0,Male,0,63009.92,Heavy,Unlit,60
MMTI-2025-03924,Makati,SUV/Van,Hit and Run,,Cloudy,41.0,Unknown,0,76485.73,Heavy,Poorly-Lit,40
MMTI-2025-13461,Navotas,Car,Side-swipe,2,,27.0,Male,0,"PHP 55,193.00",Moderate,Well-Lit,60
MMTI-2025-11492,Taguig,Truck,Rear-end,2,Cloudy,47.0,Male,0,338.9k,Light,Poorly-Lit,60
MMTI-2025-07046,Pasig,SUV/Van,Side-swipe,Risk Level 3,Clear,34.0,Male,0,147564.12,Heavy,Well-Lit,60 km/h
MMTI-2025-22735,Caloocan,Car,Hit and Run,1,Clear,49.0,male,0,41766.22,MODERATE,Well-Lit,60
MMTI-2025-16838,Las Pinas,Motorcycle,Hit and Run,3,Clear,33.0,Male,0,82515.42,Moderate,Well-Lit,80 km/h
MMTI-2025-11029,Makati,Truck,Side-swipe,3,,56.0,Female,0,343859.79,Heavy,Well-Lit,40
MMTI-2025-16054,Taguig,Car,Side-swipe,Risk Level 1,Cloudy,40.0,Male,0,278003.28,MODERATE,Well-Lit,60
MMTI-2025-17188,Caloocan,Bus,Side-swipe,9,Rain,,Female,2,2268511.68,Heavy,Unlit,60
MMTI-2025-09913,Taguig,Car,Hit and Run,3.0,Cloudy,44.0,Male,0,326168.37,Moderate,Well-Lit,40
MMTI-2025-19189,Quezon,SUV/Van,Hit and Run,3.0,Rainy,34.0,female ,0,1069357.05,Heavy,Well-Lit,60
MMTI-2025-00351,Taguig,Car,Side-swipe,,Cloudy,26.0,Female,0,61864.11,Heavy,Well-Lit,30
MMTI-2025-10073,,Jeepney,Hit and Run,,Cloudy,53.0,Male,0,"PHP 24,501.17",Heavy,Well-Lit,40
MMTI-2025-18085,Taguig,Car,Side-swipe,3.0,Cloudy,30.0,Female,0,325334.4,Heavy,Well-Lit,30 kph
MMTI-2025-06851,Las Pinas,Motorcycle,Head-on,3,Clear,30.0,Male,0,89341.33,Moderate,No Lights,60
MMTI-2025-15380,Manila,,Head-on,Risk Level 3,Clear,41.0,Male,0,,Heavy,Well-Lit,60
MMTI-2025-23168,Quezon,Car,Rear-end,3,Rainy,36.0,Female,2,1394703.19,Heavy,Poorly-Lit,60 kph
MMTI-2025-04361,Quezon,Car,Head-on,2.0,Cloudy,49.0,Male,0,382052.8,Heavy,Well-Lit,60
MMTI-2025-18255,Valenzuela,Motorcycle,Head-on,6,Rain,,Male,1,58421.25,Heavy,Well-Lit,60
MMTI-2025-06655,,Jeepney,Side-swipe,2,Clear,45.0,female ,0,-25000,Moderate,Well-Lit,60
MMTI-2025-01517,Quezon,Car,Head-on,Risk Level 6,Rainy,35.0,female ,3,633479.2,Heavy,Well-Lit,60
MMTI-2025-13908,Pasig,Car,Hit and Run,Risk Level 3,Clear,38.0,Male,0,"PHP 132,152.70",Light,Unlit,60
MMTI-2025-03330,Makati,Motorcycle,Side-swipe,3.0,,150.0,Male,0,35886.38,Heavy,Poorly-Lit,80
MMTI-2025-10700, san juan,Car,Rear-end,,Clear,34.0,Male,0,71930.2,Moderate,Well-Lit,80 km/h
MMTI-2025-13165,Pasay,SUV/Van,Head-on,3,Clear,26.0,Male,0,49141.51,Moderate,dark,30
MMTI-2025-12909,Quezon,Truck,Rear-end,Risk Level 3,Cloudy,35.0,Male,0,523482.05,Heavy,Well-Lit,40 km/h
MMTI-2025-02074,Manila,Motorcycle,Rear-end,Risk Level 3,Cloudy,26.0,Male,0,"PHP 186,287.79",Moderate,well lit,60
MMTI-2025-15674,Mandaluyong,Car,Head-on,3,Clear,21.0,Male,0,69260.22,Heavy,Well-Lit,60
MMTI-2025-14370,Muntinlupa,Truck,Head-on,Risk Level 3,Clear,34.0,Male,0,54016.82,Heavy,Poorly-Lit,60
MMTI-2025-10491,Manila,Jeepney,Hit and Run,6,Clear,17.0,Male,1,,Moderate,dark,40
MMTI-2025-15725,Las Pinas,Truck,Rear-end,3,Clear,24.0,Male,0,84256.86,Moderate,Well-Lit,60
MMTI-2025-22994,Makati,Car,Head-on,3,Cloudy,52.0,Male,0,219919.4,HEAVY,well lit,60 km/h
MMTI-2025-16589,Manila,,Hit and Run,2,Clear,35.0,Male,0,28826.29,Light,Well-Lit,60
MMTI-2025-02859,Makati,Car,Hit and Run,3,Cloudy,24.0,Male,0,219496.93,Moderate,Well-Lit,40
MMTI-2025-08508,Manila,Motorcycle,Hit and Run,9,Cloudy,53.0,Male,2,187592.77,Heavy,Well-Lit,60 kph
MMTI-2025-14589,Marikina,SUV/Van,Rear-end,3,,43.0,Male,0,107084.45,Heavy,Well-Lit,60
MMTI-2025-19524,Marikina,Motorcycle,Side-swipe,Risk Level 3,Clear,42.0,male,0,61091.04,Heavy,well lit,30 kph
MMTI-2025-10389,Quezon,SUV/Van,Hit and Run,Risk Level 3,Clear,27.0,Unknown,0,129075.33,,Well-Lit,60
MMTI-2025-01477,Manila,,Side-swipe,Risk Level 3,Clear,27.0,Female,0,201277.55,Heavy,Well-Lit,40
MMTI-2025-22828,Quezon,Truck,Head-on,3,Rainy,32.0,Male,0,869754.72,Moderate,Unlit,60
MMTI-2025-14770,Quezon,Car,Head-on,Risk Level 3,Cloudy,51.0,Male,0,386976.45,Heavy,Well-Lit,80
MMTI-2025-22455,,Car,Rear-end,3.0,Storm,38.0,Male,0,159215.16,Heavy,Well-Lit,80
MMTI-2025-20110,Pasig,Motorcycle,Side-swipe,3,Clear,57.0,Female,0,142740.74,Heavy,Unlit,30 km/h
MMTI-2025-01526,Muntinlupa,Motorcycle,Hit and Run,3,Clear,51.0,Female,0,50715.42,Heavy,Well-Lit,40
MMTI-2025-16093,Taguig,SUV/Van,Side-swipe,3,Cloudy,17.0,female ,0,289776.36,Heavy,Well-Lit,60
MMTI-2025-00025,,Bus,Side-swipe,Risk Level 3,Clear,38.0,Male,0,1001891.56,Heavy,Well-Lit,60
MMTI-2025-07660,Muntinlupa,Car,Hit and Run,2,Clear,33.0,Male,0,50807.55,HEAVY,Poorly-Lit,60 km/h
MMTI-2025-21372,Manila,Car,Head-on,3,Cloudy,43.0,Male,0,201114.44,Heavy,No Lights,80
MMTI-2025-02237,QUEZON ,Truck,Side-swipe,3,Clear,20.0,Male,0,,Light,Poorly-Lit,60
MMTI-2025-13937,LAS PINAS ,Car,Hit and Run,Risk Level 3,Clear,,Female,0,68593.95,MODERATE,Poorly-Lit,60 km/h
MMTI-2025-21690,Quezon,Car,Side-swipe,3,Rainy,26.0,Male,0,937916.91,Heavy,Well-Lit,60 km/h
MMTI-2025-19708,Caloocan,Car,Side-swipe,3,Clear,26.0,Female,0,41.6k,HEAVY,Well-Lit,60
MMTI-2025-22926,Taguig,Jeepney,Hit and Run,2,Cloudy,50.0,Male,0,293107.88,Light,Well-Lit,60
MMTI-2025-22474, quezon,Motorcycle,Rear-end,Risk Level 2,,52.0,Male,0,12026.12,Heavy,Poorly-Lit,60
MMTI-2025-09680,Quezon,Car,Hit and Run,6.0,Cloudy,49.0,Male,1,484794.27,Heavy,Poorly-Lit,60 km/h
MMTI-2025-02398,Quezon,Motorcycle,Rear-end,6.0,Rainy,48.0,male,2,1660899.95,Heavy,Well-Lit,30
MMTI-2025-09021,Taguig,Car,Hit and Run,Risk Level 6,Cloudy,28.0,male,4,334730.44,Heavy,Poorly-Lit,80
MMTI-2025-22482,Quezon,Car,Hit and Run,Risk Level 3,Cloudy,46.0,Male,0,519982.63,Heavy,POOR,80
MMTI-2025-23338,Quezon,SUV/Van,Hit and Run,6.0,Stormy,33.0,Female,4,99999999,Heavy,Well-Lit,60
MMTI-2025-02419,Quezon,Car,Hit and Run,6,Cloudy,24.0,Male,1,399722.46,Light,Well-Lit,40 kph
MMTI-2025-08793,Quezon,Motorcycle,Hit and Run,Risk Level 3,Rainy,17.0,Male,0,875460.58,Moderate,Unlit,40
MMTI-2025-11195,Quezon,SUV/Van,Side-swipe,3,Cloudy,49.0,Male,0,405542.85,Heavy,Poorly-Lit,60 kph
MMTI-2025-11708,Quezon,Car,Head-on,6,Stormy,46.0,Male,1,2995118.03,Heavy,Well-Lit,60 kph
MMTI-2025-17526,Quezon,,Head-on,Risk Level 3,Rain,36.0,Male,0,213747.69,HEAVY,Well-Lit,80
MMTI-2025-00455,Makati,,Hit and Run,6.0,Clear,52.0,Male,4,,Moderate,Poorly-Lit,30 km/h
MMTI-2025-04109,Manila,Bus,Hit and Run,3.0,Rain,40.0,Male,0,,Heavy,well lit,60 km/h
MMTI-2025-00718,,Jeepney,Hit and Run,2,Storm,30.0,Male,0,27911.7,Moderate,Well-Lit,60 km/h
MMTI-2025-08028,Valenzuela,Jeepney,Hit and Run,3.0,Rain,,Female,0,92147.66,Heavy,Poorly-Lit,60 km/h
MMTI-2025-04168,Paranaque,Car,Head-on,3,Clear,43.0,Female,0,117276.92,Light,Unlit,40
MMTI-2025-11633,,SUV/Van,Rear-end,Risk Level 1,Clear,17.0,Male,0,"PHP 155,683.19",Moderate,Well-Lit,60
MMTI-2025-20199,,SUV/Van,Rear-end,3,Rain,40.0,Male,0,130632.8,Heavy,Poorly-Lit,30
MMTI-2025-03809,Taguig,Car,Head-on,6,Rain,31.0,Male,1,156363.18,,Well-Lit,60
MMTI-2025-09853,Makati,Car,Head-on,3.0,Cloudy,37.0,Female,0,218794.62,Moderate,Poorly-Lit,60
MMTI-2025-04939,Malabon,Jeepney,Head-on,Risk Level 2,Clear,31.0,Male,0,37246.88,Moderate,Poorly-Lit,80
MMTI-2025-02257,,,Hit and Run,3,Clear,38.0,Male,0,181317.26,HEAVY,Poorly-Lit,40 km/h
MMTI-2025-01647,Makati,Motorcycle,Rear-end,Risk Level 3,Cloudy,44.0,Male,0,259290.34,Heavy,Well-Lit,60
MMTI-2025-08441,Makati,Car,Side-swipe,2,Cloudy,37.0,Male,1,255300.08,Moderate,Well-Lit,30 km/h
MMTI-2025-17746,Manila,SUV/Van,Rear-end,3,Clear,45.0,Male,0,,Heavy,Poorly-Lit,40 km/h
MMTI-2025-18876,Manila,Motorcycle,Head-on,,Cloudy,,Female,1,3099.71,Heavy,Poorly-Lit,60
MMTI-2025-22076,Quezon,Car,Head-on,3,Cloudy,54.0,Male,0,434813.8,Moderate,POOR,60 kph
MMTI-2025-23553,Quezon,Truck,Side-swipe,3,Clear,,Male,0,502173.05,Moderate,Poorly-Lit,60
MMTI-2025-08653,Taguig,Truck,Head-on,4.0,Cloudy,42.0,Male,1,315233.93,Light,Well-Lit,30
MMTI-2025-12857,Quezon,Motorcycle,Side-swipe,6.0,Stormy,17.0,Male,2,4874115.8,MODERATE,Well-Lit,100
MMTI-2025-05507,,Motorcycle,Head-on,Risk Level 6,Cloudy,150.0,Male,2,31494.1,Heavy,Well-Lit,60 km/h
MMTI-2025-08398,,Jeepney,Head-on,Risk Level 9,Clear,45.0,Male,1,136611.43,Heavy,Well-Lit,40
MMTI-2025-04992,Quezon,Car,Side-swipe,3,Cloudy,66.0,Male,0,371841.25,Heavy,Unlit,40
MMTI-2025-16050,Valenzuela,Car,Side-swipe,Risk Level 3,Clear,32.0,Male,0,"PHP 37,892.07",Heavy,Well-Lit,80
MMTI-2025-01977,Quezon,SUV/Van,Side-swipe,3,Rainy,44.0,Male,0,660988.72,HEAVY,Well-Lit,60
MMTI-2025-04715,Quezon,Car,Hit and Run,3,Stormy,34.0,female ,0,77777777,Heavy,Poorly-Lit,80
MMTI-2025-07822,,Truck,Rear-end,3,Clear,52.0,Male,0,458690.99,Heavy,Poorly-Lit,100
MMTI-2025-17936,,SUV/Van,Rear-end,3.0,Clear,33.0,Male,0,-500,Heavy,Poorly-Lit,40
MMTI-2025-14788,Quezon,SUV/Van,Side-swipe,3,Cloudy,35.0,Male,0,598084.36,Moderate,Well-Lit,80
MMTI-2025-06561,Manila,Motorcycle,Rear-end,3,Cloudy,27.0,Female,0,174091.17,Heavy,Poorly-Lit,60 km/h
MMTI-2025-05815,Pateros,Truck,Hit and Run,3,,45.0,Female,0,77777777,Heavy,Well-Lit,40
MMTI-2025-03528,Muntinlupa,Car,Rear-end,3,Clear,43.0,Male,0,53969.82,Heavy,Well-Lit,60
MMTI-2025-00418, quezon,SUV/Van,Rear-end,3.0,,47.0,Male,0,272790.62,Moderate,Well-Lit,60
MMTI-2025-05128,Makati,SUV/Van,Side-swipe,3,Cloudy,40.0,Male,0,236923.07,Heavy,Well-Lit,80
MMTI-2025-21707,Paranaque,SUV/Van,Side-swipe,,Cloudy,26.0,Female,3,96186.85,Heavy,Well-Lit,60
MMTI-2025-01538,Makati,Car,Rear-end,3,Cloudy,37.0,Male,0,244414.28,Moderate,Well-Lit,80
MMTI-2025-17326,Pasay,Motorcycle,Rear-end,3.0,Clear,36.0,Male,0,,Heavy,POOR,60
MMTI-2025-11872,Quezon,Truck,Hit and Run,3,,27.0,Male,0,1643847.13,HEAVY,Poorly-Lit,40
MMTI-2025-11844,Quezon,Car,Head-on,3,Rainy,44.0,Male,0,707032.29,Moderate,Well-Lit,60 kph
MMTI-2025-02549,Quezon,Motorcycle,Head-on,3,Rainy,47.0,Male,0,"PHP 1,146,894.36",Heavy,Well-Lit,30
MMTI-2025-05658,,Truck,Side-swipe,3,Clear,38.0,M,0,1152509.7,Heavy,dark,60
MMTI-2025-13845,Quezon,Motorcycle,Rear-end,3,Rainy,39.0,Male,0,1432563.44,Moderate,dark,60
MMTI-2025-01186,Mandaluyong,Motorcycle,Head-on,3.0,Clear,,Male,0,32317.89,Heavy,Well-Lit,40
MMTI-2025-06328,Manila,Jeepney,Hit and Run,3.0,Storm,25.0,Male,0,,HEAVY,Well-Lit,40
MMTI-2025-09779,Las Pinas,Car,Head-on,3.0,Clear,0.0,Male,0,95887.77,Heavy,Poorly-Lit,60 km/h
MMTI-2025-06258,Quezon,Car,Side-swipe,Risk Level 6,Stormy,37.0,Male,2,2179220.93,Heavy,Poorly-Lit,30
MMTI-2025-03653,MAKATI ,Bus,Rear-end,2,,37.0,Male,0,194044.55,Light,Poorly-Lit,60
MMTI-2025-19565,Manila,Car,Side-swipe,Risk Level 3,Cloudy,42.0,Female,0,207671.35,Heavy,Well-Lit,40 km/h
MMTI-2025-19076,Manila,Car,Rear-end,,Clear,45.0,Male,0,93035.03,Heavy,Unlit,30 km/h
MMTI-2025-10139,Manila,SUV/Van,Head-on,,Clear,26.0,Male,0,50728.74,Heavy,Well-Lit,40
MMTI-2025-02809,Las Pinas,Car,Head-on,Risk Level 3,Clear,25.0,Male,0,84138.03,Heavy,POOR,40 km/h
MMTI-2025-10449,Paranaque,Car,Side-swipe,3,Clear,40.0,Male,0,110695.98,Heavy,Well-Lit,100
MMTI-2025-18222,Caloocan,Truck,Head-on,Risk Level 3,,43.0,Male,0,628683.27,Light,Well-Lit,60
MMTI-2025-14132,,Bus,Rear-end,3,Clear,47.0,Female,0,693567.59,Heavy,Well-Lit,60 km/h
MMTI-2025-09331,Las Pinas,Motorcycle,Head-on,Risk Level 3,Clear,27.0,Male,0,87315.28,Heavy,Well-Lit,60 km/h
MMTI-2025-09597,Manila,,Hit and Run,3,Rain,38.0,Male,0,76256.52,Heavy,Poorly-Lit,30
MMTI-2025-05982, taguig,Car,Hit and Run,,Clear,32.0,Female,0,86308.29,Moderate,Well-Lit,80
MMTI-2025-11688,Pasig,Bus,Side-swipe,3,Clear,42.0,Male,0,768521.53,,Well-Lit,60 kph
MMTI-2025-17604,Pasay,Motorcycle,Head-on,3,Clear,49.0,Male,0,47.0k,Heavy,Well-Lit,80
MMTI-2025-08615,Las Pinas,Car,Side-swipe,9,Clear,41.0,male,3,85193.89,Heavy,Well-Lit,40
MMTI-2025-22703,Paranaque,Jeepney,Side-swipe,3,Rain,30.0,Female,0,,Moderate,Well-Lit,60 kph
MMTI-2025-07554,Malabon,SUV/Van,Rear-end,3.0,Rain,,F,0,124871.71,Moderate,Well-Lit,80
MMTI-2025-17916,Las Pinas,,Rear-end,3.0,Clear,31.0,Male,0,79609.8,Heavy,Poorly-Lit,60
MMTI-2025-18222,Caloocan,Truck,Head-on,Risk Level 3,,43.0,Male,0,628683.27,Light,Well-Lit,60
MMTI-2025-08397,Quezon,Truck,Hit and Run,3,Cloudy,41.0,Male,0,541149.52,Heavy,Well-Lit,60
MMTI-2025-20677,,Bus,Head-on,3,Clear,54.0,Male,0,1020010.84,Heavy,Unlit,30
MMTI-2025-19823,Quezon,SUV/Van,Side-swipe,3.0,Cloudy,34.0,Male,0,,Heavy,dark,40
MMTI-2025-14846,Quezon,Car,Side-swipe,3,Stormy,34.0,Male,0,77777777,Light,Well-Lit,60 km/h
MMTI-2025-15222,Pasig,Truck,Hit and Run,Risk Level 2,,29.0,Female,0,534282.23,Heavy,No Lights,60
MMTI-2025-12795,Taguig,Car,Head-on,6,Clear,47.0,Male,4,526910.64,,Poorly-Lit,60
MMTI-2025-18978,Pasig,SUV/Van,Side-swipe,2,Clear,40.0,Male,0,136309.97,Heavy,Poorly-Lit,60
MMTI-2025-21810,Pasig,Car,Rear-end,3,Clear,35.0,Male,0,"PHP 137,139.11",Heavy,Well-Lit,60
MMTI-2025-11392,Taguig,Truck,Head-on,3.0,Clear,56.0,Male,0,,Heavy,Well-Lit,60 kph
MMTI-2025-05389,Quezon,Car,Hit and Run,Risk Level 3,Rainy,20.0,Male,0,1147199.37,Heavy,POOR,80
MMTI-2025-03166,Pasig,Car,Side-swipe,3,Clear,-10.0,Male,0,134106.68,Heavy,Poorly-Lit,30
MMTI-2025-02878,Quezon,SUV/Van,Head-on,3.0,Clear,32.0,Male,0,205232.83,,POOR,30
MMTI-2025-16522,Quezon,Truck,Hit and Run,Risk Level 3,Rainy,48.0,Male,0,1642312.11,Heavy,Unlit,60
MMTI-2025-14497,Quezon,Motorcycle,Side-swipe,3,Stormy,30.0,Male,0,1824031.51,Heavy,No Lights,100
MMTI-2025-21141,Pasig,SUV/Van,Side-swipe,3,Clear,55.0,Male,0,158601.09,HEAVY,Unlit,60
MMTI-2025-06576, muntinlupa,Car,Hit and Run,,Clear,46.0,Male,0,89246.86,Heavy,Unlit,60
MMTI-2025-11477,Mandaluyong,SUV/Van,Side-swipe,Risk Level 2,Clear,30.0,Male,0,79343.73,Heavy,Well-Lit,60
MMTI-2025-11911,Taguig,,Rear-end,6.0,Clear,22.0,Male,2,,Heavy,Well-Lit,60 kph
MMTI-2025-10968,Las Pinas,Car,Rear-end,3.0,Clear,29.0,Female,0,86296.18,Heavy,Well-Lit,60 km/h
MMTI-2025-09367,Paranaque,Car,Head-on,Risk Level 3,Clear,29.0,Male,0,97297.98,Heavy,Well-Lit,60
MMTI-2025-14845,Taguig,Motorcycle,Side-swipe,Risk Level 2,Cloudy,35.0,Female,0,336954.92,Moderate,well lit,60
MMTI-2025-15597,Manila,Jeepney,Side-swipe,,Rain,29.0,Male,2,,Moderate,Poorly-Lit,40
MMTI-2025-12166,Paranaque,Car,Hit and Run,Risk Level 3,Clear,48.0,Female,0,108058.7,Heavy,Unlit,100
MMTI-2025-21424,Muntinlupa,Bus,Side-swipe,,Clear,36.0,Female,0,215450.06,Moderate,Well-Lit,30 km/h
MMTI-2025-21390,Manila,SUV/Van,Rear-end,Risk Level 3,Cloudy,31.0,Male,0,167988.12,MODERATE,Well-Lit,100
MMTI-2025-04977,Quezon,Car,Hit and Run,3,Rainy,37.0,Male,0,973103.99,Heavy,well lit,30 km/h
MMTI-2025-19912,Quezon,,Side-swipe,Risk Level 3,Clear,38.0,Male,0,219934.5,Light,Poorly-Lit,60
MMTI-2025-20328,Muntinlupa,Truck,Side-swipe,6.0,Clear,25.0,Female,4,55042.61,Heavy,Well-Lit,60
MMTI-2025-16914,Paranaque,Truck,Rear-end,,Storm,39.0,Female,0,314418.33,Heavy,Well-Lit,30
MMTI-2025-02470,Quezon,Motorcycle,Side-swipe,6,Cloudy,26.0,Female,3,469361.75,Moderate,Poorly-Lit,40
MMTI-2025-02662,Quezon,Car,Rear-end,9,Stormy,32.0,Female,2,2803406.98,Heavy,Well-Lit,30
MMTI-2025-23220, caloocan,Motorcycle,Rear-end,3,Rain,45.0,Female,0,,Heavy,Poorly-Lit,80
MMTI-2025-22462,Paranaque,Car,Head-on,Risk Level 3,Clear,45.0,Male,0,110586.12,MODERATE,Well-Lit,60
MMTI-2025-22200,,Truck,Head-on,3,Rain,36.0,Male,0,1310019.85,,well lit,60
MMTI-2025-17191,Paranaque,Truck,Hit and Run,,Cloudy,31.0,Male,0,201950.66,Moderate,Well-Lit,100
MMTI-2025-18002,MANILA ,,Side-swipe,3.0,Clear,38.0,Male,0,74574.37,LIGHT,Poorly-Lit,80 km/h
MMTI-2025-02942,Quezon,Jeepney,Side-swipe,3,Cloudy,34.0,Male,0,525077.24,Heavy,Well-Lit,30
MMTI-2025-21788,Makati,SUV/Van,Side-swipe,Risk Level 3,Rain,54.0,Male,0,,MODERATE,Well-Lit,30 km/h
MMTI-2025-17186,Manila,,Rear-end,6,Clear,40.0,Female,3,703803.95,Heavy,Poorly-Lit,60
MMTI-2025-19301,,SUV/Van,Side-swipe,Risk Level 1,Clear,30.0,Male,0,"PHP 64,228.93",Light,Well-Lit,60
MMTI-2025-15974,Quezon,Jeepney,Head-on,Risk Level 6,Rainy,48.0,Male,4,1134592.65,HEAVY,Well-Lit,60
MMTI-2025-00220,Manila,,Side-swipe,,Clear,57.0,Male,4,97966.12,Heavy,Well-Lit,60
MMTI-2025-03173,Taguig,Car,Side-swipe,2,Cloudy,32.0,Male,0,295549.62,Moderate,Unlit,80
MMTI-2025-19569,MUNTINLUPA ,,Hit and Run,1.0,Clear,33.0,Female,0,45138.86,Moderate,Lit,60
MMTI-2025-01470,Muntinlupa,Motorcycle,Side-swipe,2.0,Clear,25.0,Female,0,56001.54,Heavy,Well-Lit,30
MMTI-2025-08321, quezon,SUV/Van,Rear-end,3.0,Clear,19.0,Male,0,,HEAVY,Well-Lit,60
MMTI-2025-11456,Quezon,Car,Head-on,3,Rainy,37.0,Male,0,757378.76,Heavy,well lit,40 km/h
MMTI-2025-01663,Quezon,Car,Side-swipe,6.0,Rainy,46.0,Male,4,643725.5,Heavy,Well-Lit,60
MMTI-2025-06619,Manila,Car,Hit and Run,Risk Level 3,Cloudy,34.0,Female,0,189526.96,Heavy,Well-Lit,60
MMTI-2025-06614,,Truck,Side-swipe,2,Clear,,Male,0,483922.52,Heavy,Well-Lit,60
MMTI-2025-01212,,Motorcycle,Hit and Run,3,Clear,49.0,Male,0,27388.64,Heavy,Unlit,80
MMTI-2025-07897,Manila,Car,Head-on,3.0,Clear,54.0,Male,0,,Heavy,Well-Lit,60 kph
MMTI-2025-19533,,SUV/Van,Rear-end,Risk Level 3,Rain,54.0,Female,0,,,POOR,30
MMTI-2025-15826,Quezon,Motorcycle,Head-on,3,Cloudy,20.0,Female,0,381782.24,Heavy,Poorly-Lit,80
MMTI-2025-01622,Pasig,Car,Head-on,3.0,Clear,17.0,Male,0,125170.82,Moderate,dark,60 km/h
MMTI-2025-22321,Muntinlupa,,Rear-end,6,Rain,54.0,Female,4,86832.69,Heavy,POOR,30 kph
MMTI-2025-03325,Taguig,Car,Head-on,Risk Level 2,Cloudy,45.0,Male,0,272662.77,MODERATE,Poorly-Lit,60
MMTI-2025-04311,Pasig,Motorcycle,Rear-end,3,Clear,25.0,Unknown,0,148313.81,Heavy,Poorly-Lit,30
MMTI-2025-18804,Pasay,Car,Side-swipe,3,Clear,40.0,Male,0,47290.65,MODERATE,Poorly-Lit,60
MMTI-2025-06796,Quezon,Bus,Rear-end,3,Clear,,Male,0,427365.8,Moderate,Unlit,40
MMTI-2025-12126,Paranaque,Car,Rear-end,2,Clear,35.0,Male,0,,Moderate,Poorly-Lit,40
MMTI-2025-05850,Quezon,Car,Side-swipe,6,Cloudy,40.0,Male,4,463165.66,Moderate,Poorly-Lit,80
MMTI-2025-23404,Makati,Motorcycle,Rear-end,3.0,Cloudy,18.0,Male,0,240424.87,Light,Well-Lit,100
MMTI-2025-17577,,Jeepney,Head-on,3,Clear,42.0,Male,0,,Heavy,Well-Lit,60
MMTI-2025-08645,Quezon,Car,Hit and Run,3,Rainy,29.0,Male,0,1134286.23,Heavy,Lit,60
MMTI-2025-22627,Paranaque,,Head-on,,Clear,50.0,Male,0,12922.58,Heavy,Well-Lit,60
MMTI-2025-10078,Manila,Car,Hit and Run,3,Cloudy,43.0,Male,0,"PHP 174,572.27",Heavy,Well-Lit,60 km/h
MMTI-2025-05947,Pasig,,Hit and Run,3,Clear,44.0,Male,0,178.1k,,Well-Lit,40
MMTI-2025-23216,Paranaque,Truck,Head-on,3.0,Clear,24.0,Male,0,103362.15,Heavy,Poorly-Lit,100 kph
MMTI-2025-12147,Quezon,SUV/Van,Rear-end,3,Clear,39.0,Female,0,,Moderate,Well-Lit,30
MMTI-2025-17209,Makati,,Side-swipe,Risk Level 3,Rain,34.0,Female,0,58466.02,Heavy,Well-Lit,40
MMTI-2025-09251,Makati,Truck,Hit and Run,3.0,,52.0,Female,0,1456783.15,Heavy,No Lights,60 km/h
MMTI-2025-12524,Valenzuela,Car,Side-swipe,3,Clear,24.0,Male,0,37849.41,Heavy,Unlit,60
MMTI-2025-05201,Valenzuela,SUV/Van,Head-on,3,Clear,,Male,0,268952.46,Heavy,Well-Lit,30 km/h
MMTI-2025-12970,Quezon,Bus,Rear-end,6.0,Clear,48.0,Male,1,,Heavy,Well-Lit,60 km/h
MMTI-2025-12394, pateros,,Side-swipe,Risk Level 2,Clear,37.0,Female,0,71419.45,Heavy,Unlit,60
MMTI-2025-16324,Manila,Car,Hit and Run,3,Cloudy,36.0,Female,0,196748.22,Moderate,Well-Lit,40
MMTI-2025-16216,Quezon,Motorcycle,Side-swipe,3,Clear,40.0,Female,0,,Heavy,Well-Lit,60
MMTI-2025-12448,Pasay,Car,Side-swipe,3.0,Clear,42.0,Male,0,45705.85,Light,Poorly-Lit,60 km/h
MMTI-2025-07428, marikina,Car,Side-swipe,3.0,Rain,,Male,0,45.2k,Light,Unlit,40 km/h
MMTI-2025-02446,Las Pinas,Motorcycle,Hit and Run,2,Clear,17.0,Male,4,88831.38,LIGHT,Well-Lit,80
MMTI-2025-12970,Quezon,Bus,Rear-end,6.0,Clear,48.0,Male,1,,Heavy,Well-Lit,60 km/h
MMTI-2025-12431,Marikina,Motorcycle,Rear-end,3,Clear,49.0,Male,0,61118.85,Heavy,Poorly-Lit,40 km/h
MMTI-2025-10992,Paranaque,Motorcycle,Head-on,Risk Level 2,Clear,45.0,Male,0,99332.85,Heavy,Well-Lit,30
MMTI-2025-08177,Pasay,Car,Rear-end,Risk Level 2,Clear,39.0,Male,0,50269.9,Heavy,Poorly-Lit,30 km/h
MMTI-2025-01852, manila,Jeepney,Hit and Run,3,,48.0,Female,0,47136.46,Heavy,Poorly-Lit,40
MMTI-2025-03648,Paranaque,Motorcycle,Side-swipe,3.0,Clear,40.0,Male,0,101976.31,Heavy,dark,60