Incident_ID,City,Vehicle_Type,Accident_Type,Severity,Weather_Condition,Driver_Age,Driver_Gender,Injury_Count,Damage_Cost_PHP,Traffic_Volume,Road_Lighting,Speed_Limit
MMTI-2025-10463,Manila,Truck,Rear-end,3,Cloudy,46.0,Male,0,186656.34,Heavy,Well-Lit,30 km/h
MMTI-2025-13182,Mandaluyong,Car,Hit and Run,2,Clear,42.0,Male,3,68342.27,Moderate,Poorly-Lit,60
MMTI-2025-14152,Quezon,Car,Head-on,2,Cloudy,17.0,Female,2,"PHP 416,447.61",Moderate,Well-Lit,60
MMTI-2025-12181,,SUV/Van,Side-swipe,Risk Level 3,Rain,30.0,Female,0,168850.81,Moderate,Well-Lit,60
MMTI-2025-06597,Quezon,Truck,Hit and Run,6,Rainy,31.0,Male,1,780774.2,Heavy,Unlit,30
MMTI-2025-17144,LAS PINAS ,,Rear-end,Risk Level 3,Clear,39.0,Female,0,162932.62,Heavy,dark,80 kph
MMTI-2025-08445,Las Pinas,Jeepney,Head-on,,Clear,40.0,Male,0,29106.54,Light,Well-Lit,60
MMTI-2025-11110,Manila,,Side-swipe,3.0,Rain,34.0,Female,0,279271.28,Heavy,Well-Lit,80 kph
MMTI-2025-13762,Marikina,Motorcycle,Head-on,6,Clear,24.0,Female,4,65.2k,Heavy,Well-Lit,80
MMTI-2025-01268,Manila,,Side-swipe,3.0,Cloudy,26.0,Unknown,0,161311.93,Moderate,Well-Lit,60
MMTI-2025-20851,Quezon,Motorcycle,Head-on,3.0,Rainy,33.0,Female,0,1148175.33,Heavy,Unlit,60
MMTI-2025-01504, caloocan,SUV/Van,Rear-end,2,,42.0,Male,0,"PHP 71,942.83",Moderate,Unlit,60 kph
MMTI-2025-11994,Manila,Truck,Hit and Run,6,Rain,29.0,Male,1,,Moderate,Well-Lit,80
MMTI-2025-23455,Taguig,Car,Rear-end,3,Cloudy,38.0,Male,0,349973.15,Light,POOR,30
MMTI-2025-16102,Quezon,Car,Side-swipe,6.0,Cloudy,66.0,male,2,352298.27,Heavy,Well-Lit,80 km/h
MMTI-2025-01439,MANILA ,Car,Side-swipe,,Rain,36.0,Male,3,,Heavy,Well-Lit,100
MMTI-2025-08353,Quezon,Car,Hit and Run,3.0,Cloudy,39.0,Male,0,555110.24,Moderate,Poorly-Lit,60 km/h
MMTI-2025-22344,Taguig,Car,Hit and Run,3,,999.0,Male,0,"PHP 215,354.97",HEAVY,Well-Lit,60 km/h
MMTI-2025-06330,Quezon,Truck,Rear-end,3,Cloudy,25.0,Male,0,495940.12,Heavy,Poorly-Lit,40 kph
MMTI-2025-15751,Quezon,Car,Hit and Run,Risk Level 3,Rainy,38.0,Female,0,842211.7,Heavy,Unlit,40
MMTI-2025-14588,Manila,Motorcycle,Side-swipe,3.0,Cloudy,64.0,Male,0,174027.58,Heavy,Well-Lit,100
MMTI-2025-11560,Muntinlupa,Jeepney,Rear-end,2,,38.0,Male,0,"PHP 18,056.40",Light,Poorly-Lit,60
MMTI-2025-09910,Caloocan,Car,Rear-end,3,Clear,51.0,Male,0,43838.01,Heavy,Well-Lit,60
MMTI-2025-07314,Manila,Jeepney,Head-on,,Clear,36.0,Male,3,10697.01,Heavy,POOR,60
MMTI-2025-02058,Valenzuela,Motorcycle,Rear-end,3.0,,36.0,Female,0,12631.14,Moderate,No Lights,60
MMTI-2025-14095,Paranaque,SUV/Van,Head-on,Risk Level 3,Clear,46.0,Unknown,0,107237.72,Moderate,Well-Lit,60
MMTI-2025-01508,Manila,Car,Rear-end,4.0,Cloudy,53.0,Male,1,204964.14,Heavy,Poorly-Lit,30
MMTI-2025-06720,,Motorcycle,Hit and Run,Risk Level 3,Clear,17.0,Male,0,49182.39,Heavy,Lit,40
MMTI-2025-19621,Quezon,Car,Rear-end,3.0,Rainy,41.0,Male,0,965522.36,Heavy,Poorly-Lit,60
MMTI-2025-00253,,,Hit and Run,,Storm,35.0,Male,0,20.3k,Heavy,Well-Lit,30
MMTI-2025-00925,Quezon,SUV/Van,Rear-end,3,Rainy,43.0,Male,0,882989.45,Heavy,Lit,60 km/h
MMTI-2025-19333,San Juan,Car,Rear-end,2,Clear,47.0,Male,0,38840.18,Moderate,Well-Lit,60
MMTI-2025-05273,Quezon,Car,Head-on,Risk Level 3,Cloudy,37.0,Female,0,400776.09,Heavy,Well-Lit,60 km/h
MMTI-2025-16556,,,Hit and Run,3.0,Cloudy,49.0,Male,0,125400.62,Light,Well-Lit,100
MMTI-2025-16143,Mandaluyong,Car,Rear-end,3,Clear,46.0,Female,0,"PHP 78,554.81",Moderate,Well-Lit,40
MMTI-2025-09375,Muntinlupa,Motorcycle,Side-swipe,,Clear,57.0,Female,0,,Heavy,Well-Lit,60 km/h
MMTI-2025-17092,Pasig,Car,Side-swipe,1,Clear,42.0,Male,0,141967.8,Light,Poorly-Lit,60
MMTI-2025-03343,Taguig,Bus,Rear-end,3,Clear,,Male,0,1130770.94,Heavy,Poorly-Lit,80
MMTI-2025-15273,,Motorcycle,Head-on,Risk Level 6,Clear,50.0,Male,3,"PHP 61,030.26",Heavy,Poorly-Lit,60
MMTI-2025-02768,,SUV/Van,Side-swipe,2.0,Cloudy,36.0,female ,0,76566.59,,Poorly-Lit,60 km/h
MMTI-2025-13792,Taguig,Car,Hit and Run,3.0,Cloudy,32.0,Male,0,318810.54,Heavy,Poorly-Lit,60
MMTI-2025-20380,Quezon,Car,Hit and Run,3.0,Stormy,50.0,Male,0,1783788.82,Heavy,Unlit,30
MMTI-2025-01625,Paranaque,Motorcycle,Hit and Run,3.0,Clear,51.0,Female,0,116926.21,Heavy,Poorly-Lit,40 kph
MMTI-2025-14251,Taguig,Car,Rear-end,Risk Level 2,Cloudy,28.0,Male,0,317972.41,HEAVY,Lit,80
MMTI-2025-17513,Quezon,Car,Rear-end,3.0,Cloudy,25.0,M,0,415.6k,Heavy,Well-Lit,60
MMTI-2025-00065,QUEZON ,Jeepney,Side-swipe,3.0,Clear,,female ,0,20286.46,Heavy,Lit,80
MMTI-2025-16089,Quezon,Car,Hit and Run,3,Rainy,31.0,Male,0,1021.8k,Heavy,Well-Lit,30
MMTI-2025-23412,Taguig,Motorcycle,Head-on,,,44.0,Male,0,13058.06,Heavy,Poorly-Lit,40
MMTI-2025-13797,Taguig,Jeepney,Hit and Run,3.0,,45.0,Female,0,112573.73,Heavy,Poorly-Lit,60
MMTI-2025-12707,Quezon,Car,Hit and Run,Risk Level 3,Cloudy,44.0,Male,0,"PHP 415,172.18",Heavy,well lit,40
MMTI-2025-14832,Makati,Jeepney,Hit and Run,,Rain,50.0,Male,0,7105.83,Light,Well-Lit,80
MMTI-2025-20488,,Motorcycle,Side-swipe,Risk Level 3,Clear,0.0,Male,0,"PHP 67,461.62",Heavy,Well-Lit,60 km/h
MMTI-2025-09101,Quezon,Motorcycle,Hit and Run,Risk Level 3,Cloudy,24.0,Male,0,517815.04,Heavy,well lit,60
MMTI-2025-09167, mandaluyong,SUV/Van,Hit and Run,3,Rain,42.0,Female,0,114850.31,,No Lights,80
MMTI-2025-10151,Quezon,Car,Rear-end,6,Stormy,34.0,Male,2,"PHP 4,755,522.16",Moderate,Well-Lit,60 km/h
MMTI-2025-03986,MANILA ,SUV/Van,Hit and Run,3,Clear,,Male,0,103942.44,Moderate,Unlit,60
MMTI-2025-15892,Taguig,Motorcycle,Head-on,Risk Level 6,Cloudy,49.0,Male,1,324086.61,Heavy,Well-Lit,40 km/h
MMTI-2025-19939,Quezon,Motorcycle,Head-on,3,Cloudy,17.0,Male,0,444.3k,Heavy,Well-Lit,100
MMTI-2025-22114,Manila,Car,Hit and Run,3,Clear,,Male,0,83359.57,Heavy,Well-Lit,60
MMTI-2025-13742,Marikina,SUV/Van,Side-swipe,,Rain,0.0,Male,0,66247.18,Moderate,Well-Lit,60
MMTI-2025-19372,Quezon,Car,Rear-end,4,Rainy,46.0,female ,3,"PHP 1,116,803.12",Heavy,Well-Lit,60
MMTI-2025-20750,Makati,Motorcycle,Side-swipe,Risk Level 3,,35.0,Male,0,9863.64,Heavy,Well-Lit,80 km/h
MMTI-2025-04151,Quezon,Motorcycle,Side-swipe,3,Cloudy,36.0,Male,0,"PHP 485,782.74",Heavy,Well-Lit,60
MMTI-2025-17271,Taguig,Motorcycle,Side-swipe,Risk Level 6,Cloudy,40.0,Female,2,279729.3,Light,No Lights,60
MMTI-2025-11066,Muntinlupa,Truck,Hit and Run,3,Clear,34.0,Male,0,54609.28,MODERATE,POOR,60
MMTI-2025-08318,Mandaluyong,Motorcycle,Side-swipe,3,Clear,47.0,Female,0,79610.57,Light,POOR,60
MMTI-2025-11241,Paranaque,Car,Side-swipe,Risk Level 3,Clear,21.0,male,0,97701.29,Moderate,Well-Lit,60
MMTI-2025-10179,Quezon,,Hit and Run,3,Clear,35.0,Male,0,120502.54,Heavy,Poorly-Lit,60 km/h
MMTI-2025-20998,Makati,,Side-swipe,4.0,Rain,38.0,Female,1,"PHP 219,519.36",Light,Well-Lit,60
MMTI-2025-08077,Quezon,Jeepney,Head-on,6.0,Rainy,32.0,Male,4,1051365.61,Heavy,Well-Lit,60
MMTI-2025-22791,Makati,Bus,Rear-end,,Clear,17.0,Male,0,445153.35,Heavy,Well-Lit,30
MMTI-2025-06493,Makati,Truck,Side-swipe,,Clear,23.0,Male,1,702109.38,MODERATE,POOR,60
MMTI-2025-17144,LAS PINAS ,,Rear-end,Risk Level 3,Clear,39.0,Female,0,162932.62,Heavy,dark,80 kph
MMTI-2025-01871,Quezon,Truck,Side-swipe,3,Rainy,27.0,Male,0,1134956.6,Heavy,Poorly-Lit,60
MMTI-2025-19989,QUEZON ,,Side-swipe,2,Clear,31.0,Female,0,30043.35,Heavy,Well-Lit,40
MMTI-2025-02733,Marikina,,Rear-end,2,Storm,-10.0,Male,0,68294.22,Light,Well-Lit,40
MMTI-2025-11301,Marikina,Truck,Rear-end,Risk Level 3,Clear,33.0,Female,0,"PHP 65,349.75",MODERATE,Poorly-Lit,60
MMTI-2025-22524,Pasay,Car,Side-swipe,Risk Level 3,Clear,44.0,Male,0,46872.18,HEAVY,No Lights,80
MMTI-2025-08430,Las Pinas,Car,Rear-end,2,Clear,37.0,Male,0,94321.72,Moderate,Poorly-Lit,80
MMTI-2025-14578, manila,SUV/Van,Hit and Run,3,,54.0,Male,0,134103.52,Heavy,Well-Lit,30 kph
MMTI-2025-11076,Pasig,Car,Hit and Run,3,Clear,50.0,Male,0,154398.16,Heavy,Poorly-Lit,100
MMTI-2025-20255,Quezon,Car,Head-on,3.0,Rainy,38.0,Male,0,1615915.98,Heavy,Unlit,60 km/h
MMTI-2025-13099,Las Pinas,Car,Hit and Run,6.0,Clear,69.0,Male,2,85979.0,Heavy,Poorly-Lit,40
MMTI-2025-03481,Paranaque,Bus,Side-swipe,3.0,Storm,56.0,Male,0,241571.1,,Poorly-Lit,100
MMTI-2025-19803,Quezon,Car,Head-on,3.0,Cloudy,55.0,Male,0,554054.53,Heavy,Well-Lit,80 kph
MMTI-2025-13244,Quezon,SUV/Van,Side-swipe,Risk Level 6,Stormy,19.0,Male,4,"PHP 2,495,742.65",Heavy,Well-Lit,80
MMTI-2025-17264,Caloocan,Truck,Rear-end,Risk Level 3,Rain,43.0,Male,0,,Heavy,Poorly-Lit,80 kph
MMTI-2025-10948,Quezon,Car,Rear-end,3,Cloudy,44.0,Male,0,593414.65,Heavy,Well-Lit,80
MMTI-2025-13042,Quezon,SUV/Van,Hit and Run,3,Cloudy,34.0,Male,0,418988.44,Heavy,Lit,60
MMTI-2025-10178,Quezon,SUV/Van,Head-on,3.0,Cloudy,45.0,Male,0,357971.77,Moderate,Well-Lit,60
MMTI-2025-13490,Taguig,SUV/Van,Side-swipe,Risk Level 3,Cloudy,20.0,Male,0,341416.14,Heavy,POOR,60
MMTI-2025-18724,Valenzuela,Car,Hit and Run,2,Clear,33.0,Male,0,,Light,Unlit,60
MMTI-2025-03625,,Truck,Head-on,3,Clear,-10.0,Male,0,741108.63,Heavy,Well-Lit,40 kph
MMTI-2025-22661,Quezon,SUV/Van,Hit and Run,3.0,Rain,25.0,Female,0,"PHP 276,772.35",,Poorly-Lit,100 km/h
MMTI-2025-13171,Malabon,Motorcycle,Side-swipe,,Clear,47.0,F,0,10446.85,Moderate,Well-Lit,60
MMTI-2025-16987,,SUV/Van,Side-swipe,3,Rain,24.0,Male,0,409293.72,Heavy,Well-Lit,60
MMTI-2025-05615,Quezon,,Hit and Run,Risk Level 3,Storm,,Female,0,178495.86,Heavy,Poorly-Lit,100 kph
MMTI-2025-08079,Taguig,Motorcycle,Head-on,3.0,Cloudy,33.0,male,0,289440.2,Heavy,Poorly-Lit,80
MMTI-2025-19182,Quezon,Car,Head-on,3,Rainy,40.0,Male,0,973110.19,Heavy,Poorly-Lit,40
MMTI-2025-19793,Quezon,Truck,Rear-end,2,Clear,38.0,Male,0,313550.49,,Well-Lit,60
MMTI-2025-20837,Makati,,Hit and Run,3,Rain,,M,0,55115.43,HEAVY,well lit,40 km/h
MMTI-2025-01092,Quezon,Motorcycle,Side-swipe,3.0,Rainy,28.0,Male,0,965094.21,Moderate,Well-Lit,60 kph
MMTI-2025-21562,Makati,SUV/Van,Rear-end,,,35.0,Male,0,77032.14,Heavy,Well-Lit,60
MMTI-2025-12457,QUEZON ,SUV/Van,Head-on,6.0,,26.0,male,4,241416.19,Heavy,dark,60
MMTI-2025-18683,Manila,Truck,Rear-end,,Cloudy,27.0,Female,0,423419.53,Moderate,Poorly-Lit,60
MMTI-2025-09532,Manila,Motorcycle,Hit and Run,6,Cloudy,52.0,Male,3,181948.86,Heavy,dark,40
MMTI-2025-23335,Malabon,Car,Head-on,3,Clear,63.0,Male,0,153815.55,,Well-Lit,60
MMTI-2025-22093,Taguig,Motorcycle,Hit and Run,3,Storm,30.0,M,0,,Heavy,Unlit,30 kph
MMTI-2025-16905,Makati,Jeepney,Side-swipe,3,Clear,35.0,Male,0,,Heavy,Well-Lit,80 km/h
MMTI-2025-22663,Manila,Motorcycle,Side-swipe,,Rain,35.0,Male,0,15656.12,Light,Well-Lit,40
MMTI-2025-03104,Muntinlupa,Car,Side-swipe,2.0,Clear,38.0,Male,4,55121.5,Moderate,Lit,40
MMTI-2025-16084,Quezon,Car,Head-on,Risk Level 3,Stormy,32.0,Female,0,2064381.77,Moderate,Poorly-Lit,60
MMTI-2025-14191,LAS PINAS ,Bus,Head-on,3,Clear,17.0,Female,0,185322.6,,Poorly-Lit,60
MMTI-2025-22454,Quezon,SUV/Van,Hit and Run,Risk Level 3,Rainy,25.0,Male,0,744907.08,Moderate,Well-Lit,100 km/h
MMTI-2025-14772,Paranaque,Car,Head-on,3.0,Clear,51.0,Female,0,121862.45,Heavy,Well-Lit,60
MMTI-2025-07367,Quezon,,Head-on,3.0,Rain,33.0,Male,0,83632.58,Heavy,Unlit,60 kph
MMTI-2025-09177,,Jeepney,Side-swipe,Risk Level 1,Clear,39.0,Female,0,42121.78,Moderate,Well-Lit,40
MMTI-2025-12562,Taguig,Truck,Rear-end,,Rain,,Male,0,91377.5,Heavy,Well-Lit,100 kph
MMTI-2025-14297,Quezon,Motorcycle,Rear-end,1,Cloudy,39.0,Male,0,462915.15,Light,Well-Lit,30 km/h
MMTI-2025-03456,Manila,Car,Hit and Run,3.0,Cloudy,34.0,Male,0,184561.22,Heavy,Well-Lit,80
MMTI-2025-09702,,Truck,Head-on,Risk Level 6,Clear,17.0,Male,2,2686535.41,Heavy,Poorly-Lit,40
MMTI-2025-09148,Paranaque,Car,Hit and Run,3,Clear,37.0,Male,0,101219.73,Heavy,Well-Lit,60
MMTI-2025-02644,Manila,Car,Side-swipe,3,,33.0,Male,0,72272.93,Moderate,Well-Lit,30 km/h
MMTI-2025-20493,Pasig,Jeepney,Head-on,3.0,Clear,54.0,Male,0,139856.93,,Poorly-Lit,60
MMTI-2025-21143,Taguig,,Hit and Run,4.0,Cloudy,41.0,Male,2,59847.99,Heavy,Well-Lit,80
MMTI-2025-13879,Quezon,Motorcycle,Hit and Run,3,Rainy,28.0,female ,0,886502.19,Heavy,Well-Lit,30 kph
MMTI-2025-02576,Muntinlupa,Motorcycle,Head-on,3,Clear,25.0,female ,0,52582.54,Moderate,Unlit,60 km/h
MMTI-2025-21739,Quezon,Motorcycle,Rear-end,3,Rainy,56.0,Male,0,1197206.56,LIGHT,Unlit,60 kph
MMTI-2025-12562,Taguig,Truck,Rear-end,,Rain,,Male,0,91377.5,Heavy,Well-Lit,100 kph
MMTI-2025-11861,PASIG ,Bus,Head-on,4,Clear,29.0,Male,4,694479.55,,Well-Lit,60
MMTI-2025-06897,Pasig,Motorcycle,Side-swipe,2,Clear,40.0,Male,0,153535.66,Heavy,Well-Lit,80
MMTI-2025-16690,Manila,Jeepney,Side-swipe,Risk Level 3,Rain,33.0,Female,0,120156.37,,Well-Lit,60
MMTI-2025-04818,Pasig,Car,Rear-end,Risk Level 2,Clear,17.0,Male,0,151126.06,Moderate,Poorly-Lit,60
MMTI-2025-20277,Quezon,,Side-swipe,3,Clear,41.0,Male,0,111775.55,Moderate,Well-Lit,60
MMTI-2025-00799,Manila,Truck,Head-on,1,Clear,49.0,Male,0,,Moderate,Unlit,60
MMTI-2025-02539,Paranaque,Car,Head-on,2,Clear,32.0,Female,0,71346.33,,Poorly-Lit,60
MMTI-2025-06257,Quezon,,Rear-end,3.0,Clear,39.0,Male,0,109965.32,Light,Well-Lit,60
MMTI-2025-12829, quezon,Truck,Rear-end,3,Storm,,Male,0,477167.07,Heavy,Well-Lit,40 km/h
MMTI-2025-13362,Quezon,Jeepney,Rear-end,3,Cloudy,19.0,Male,0,536476.67,Light,No Lights,60 kph
MMTI-2025-17627,Taguig,Motorcycle,Hit and Run,2.0,Cloudy,17.0,Male,0,"PHP 291,368.56",Moderate,Poorly-Lit,40
MMTI-2025-15834,Manila,Truck,Head-on,Risk Level 3,Clear,17.0,Female,0,,Moderate,Poorly-Lit,60
MMTI-2025-15180,Pasig,Motorcycle,Side-swipe,6,Clear,34.0,Male,3,162705.35,Moderate,Well-Lit,80
MMTI-2025-12220,MAKATI ,,Rear-end,3,Clear,37.0,female ,0,179.1k,Heavy,Poorly-Lit,60
MMTI-2025-05651,Manila,Car,Hit and Run,3.0,Cloudy,62.0,Female,0,"PHP 167,327.16",Heavy,Well-Lit,60
MMTI-2025-11518,Quezon,Motorcycle,Side-swipe,Risk Level 4,,26.0,Male,2,6451.16,Heavy,Well-Lit,40
MMTI-2025-13806,Quezon,SUV/Van,Hit and Run,6,Rainy,57.0,Male,2,1200153.52,Heavy,Well-Lit,40
MMTI-2025-18384,Makati,Jeepney,Rear-end,3,,47.0,Male,0,,,Well-Lit,100
MMTI-2025-07014,San Juan,Car,Head-on,2.0,Clear,56.0,Male,0,40554.88,Heavy,Poorly-Lit,60
MMTI-2025-14393,Marikina,Car,Side-swipe,4.0,Clear,40.0,Male,3,60157.57,Heavy,Poorly-Lit,60
MMTI-2025-18444,Quezon,Motorcycle,Head-on,Risk Level 3,Stormy,51.0,Male,0,2040432.89,Heavy,Well-Lit,40 km/h
MMTI-2025-10797,Caloocan,Truck,Hit and Run,1,Clear,49.0,Male,0,554716.73,,Poorly-Lit,40
MMTI-2025-21667,Caloocan,Car,Rear-end,6.0,Clear,43.0,Male,4,42159.86,Heavy,well lit,60
MMTI-2025-00394,Quezon,,Head-on,3,Clear,31.0,Male,0,157245.78,Moderate,Well-Lit,60 km/h
MMTI-2025-02946,,Motorcycle,Side-swipe,3.0,Cloudy,21.0,Male,0,41922.8,Heavy,Well-Lit,80
MMTI-2025-00849,Las Pinas,SUV/Van,Hit and Run,2.0,Clear,35.0,Male,0,91865.95,Heavy,well lit,60
MMTI-2025-18765,Quezon,,Hit and Run,Risk Level 3,Rain,26.0,Female,0,59.3k,Heavy,Unlit,60
MMTI-2025-10518,Pasig,Car,Rear-end,Risk Level 3,Clear,35.0,Male,0,155961.98,Heavy,Poorly-Lit,60
MMTI-2025-05845,Quezon,SUV/Van,Side-swipe,3,Rainy,29.0,Male,0,833309.4,Moderate,Well-Lit,60
MMTI-2025-08911,Makati,Truck,Side-swipe,Risk Level 6,Cloudy,25.0,Male,3,247.3k,Moderate,Poorly-Lit,60 kph
MMTI-2025-08025,Quezon,Car,Side-swipe,2,Cloudy,38.0,Male,0,396290.02,Moderate,Unlit,80
MMTI-2025-03768,Muntinlupa,Car,Rear-end,3,Clear,31.0,Male,0,55333.16,Moderate,Well-Lit,60
MMTI-2025-05341,Quezon,Jeepney,Rear-end,6,Rainy,51.0,Female,2,1013528.2,Moderate,Poorly-Lit,40
MMTI-2025-10861,Quezon,Bus,Rear-end,3,Clear,62.0,Male,0,304086.07,,Well-Lit,40 km/h
MMTI-2025-03227,Las Pinas,SUV/Van,Rear-end,3,Clear,17.0,Female,0,91659.01,Moderate,Well-Lit,60
MMTI-2025-00009,Paranaque,Car,Head-on,Risk Level 3,Clear,0.0,Female,0,100737.1,Heavy,Poorly-Lit,30
MMTI-2025-10137,Manila,Car,Rear-end,3.0,Cloudy,62.0,Unknown,0,201607.77,Heavy,Unlit,60
MMTI-2025-07407,Marikina,SUV/Van,Side-swipe,1,Clear,46.0,F,0,82324.76,,Unlit,60
MMTI-2025-22534,Manila,Car,Head-on,3.0,Cloudy,38.0,Male,0,165388.62,Heavy,Poorly-Lit,60 km/h
MMTI-2025-06570,Pasay,Car,Hit and Run,3.0,Clear,21.0,Male,0,49067.41,Moderate,Well-Lit,40
MMTI-2025-15394,Makati,Car,Head-on,6,Cloudy,48.0,Female,3,253574.95,Heavy,Well-Lit,100 km/h
MMTI-2025-07836,Pasig,Car,Side-swipe,3.0,Clear,50.0,Female,0,"PHP 154,031.27",MODERATE,dark,80
MMTI-2025-05210,Quezon,Car,Side-swipe,3,Cloudy,40.0,Male,0,396394.41,Moderate,Lit,80 km/h
MMTI-2025-22617,Muntinlupa,Car,Side-swipe,1,Clear,54.0,Male,0,"PHP 52,578.46",Moderate,Well-Lit,60
MMTI-2025-12962, makati,,Hit and Run,Risk Level 3,Storm,42.0,M,0,178047.68,Heavy,Well-Lit,60
MMTI-2025-01918,Quezon,,Hit and Run,3,,38.0,Male,0,108367.02,Heavy,Poorly-Lit,60
MMTI-2025-18227,Paranaque,Truck,Head-on,Risk Level 3,Clear,41.0,Female,0,121175.69,Heavy,Well-Lit,60
MMTI-2025-11692,Manila,Car,Side-swipe,Risk Level 1,Clear,,Male,0,66789.73,Moderate,Well-Lit,80
MMTI-2025-07978,Manila,Car,Head-on,,Clear,17.0,Female,0,78276.11,Heavy,well lit,60
MMTI-2025-17489,Quezon,Motorcycle,Side-swipe,3,Cloudy,39.0,Female,0,"PHP 459,333.74",Heavy,No Lights,30
MMTI-2025-09744,Marikina,Jeepney,Hit and Run,,Clear,34.0,Female,0,45119.7,Moderate,Well-Lit,60
MMTI-2025-15617,Taguig,Motorcycle,Hit and Run,Risk Level 3,Clear,39.0,female ,0,,HEAVY,Poorly-Lit,60
MMTI-2025-23282,Quezon,Car,Side-swipe,9,Rainy,24.0,Male,1,1280596.29,Moderate,Well-Lit,40
MMTI-2025-07638,Makati,Motorcycle,Hit and Run,3,Cloudy,32.0,Male,0,"PHP 219,210.44",Heavy,Well-Lit,40
MMTI-2025-06169,Quezon,Car,Hit and Run,3,Rainy,17.0,Male,0,"PHP 1,433,625.93",Moderate,Well-Lit,40
MMTI-2025-08768, marikina ,Jeepney,Side-swipe,2,,26.0,Male,0,14658.42,Light,Well-Lit,60
MMTI-2025-21750,Paranaque,Car,Head-on,3,Clear,999.0,Male,0,"PHP 112,689.74",Heavy,Poorly-Lit,60 km/h
MMTI-2025-13500,Quezon,Car,Head-on,3,Rainy,36.0,Female,0,858995.21,Heavy,Unlit,60
MMTI-2025-16144,Quezon,SUV/Van,Hit and Run,6.0,Stormy,44.0,Male,2,3417803.54,Heavy,Well-Lit,60
MMTI-2025-07894,Quezon,Truck,Rear-end,3.0,Rainy,29.0,Female,0,1000761.57,Heavy,Well-Lit,60
MMTI-2025-15816,Makati,Car,Hit and Run,Risk Level 3,Cloudy,38.0,Male,0,248946.85,Heavy,POOR,30 km/h
MMTI-2025-03541,Makati,Motorcycle,Rear-end,Risk Level 3,Cloudy,44.0,Male,0,267020.21,Heavy,Well-Lit,60 km/h
MMTI-2025-06050,Quezon,Motorcycle,Head-on,3.0,Rainy,17.0,Male,0,1070535.11,Heavy,Unlit,60
MMTI-2025-09793,,SUV/Van,Side-swipe,3,Clear,25.0,Female,0,166924.54,Heavy,Well-Lit,60
MMTI-2025-00953,SAN JUAN ,Motorcycle,Side-swipe,3,Storm,33.0,F,0,,Heavy,Well-Lit,60 km/h
MMTI-2025-09776,Pasig,Car,Hit and Run,3.0,Clear,28.0,Male,0,131361.25,Heavy,Well-Lit,60
MMTI-2025-12375,Manila,SUV/Van,Hit and Run,Risk Level 3,,40.0,Male,0,531316.76,Heavy,No Lights,30
MMTI-2025-22382,Taguig,Car,Head-on,3,Cloudy,33.0,Male,0,272716.15,Heavy,Well-Lit,40
MMTI-2025-06346, taguig,Truck,Head-on,3,,29.0,M,0,1451977.85,Heavy,Well-Lit,60
MMTI-2025-19531,Manila,Truck,Hit and Run,2,,,Female,0,292291.36,Heavy,Well-Lit,80
MMTI-2025-19324,Quezon,Car,Rear-end,3,Rainy,49.0,Male,0,1221989.67,Heavy,Lit,60 kph
MMTI-2025-00291,Quezon,Motorcycle,Head-on,2,Stormy,49.0,Male,0,99999999,Heavy,Well-Lit,60
MMTI-2025-16024,Manila,Bus,Head-on,Risk Level 2,,32.0,Male,0,178784.2,,Well-Lit,60
MMTI-2025-06718,Mandaluyong,Motorcycle,Side-swipe,6,Rain,,Male,3,-25000,Heavy,Well-Lit,60
MMTI-2025-18172,Quezon,SUV/Van,Head-on,3,Rainy,32.0,Male,0,691297.17,Heavy,Poorly-Lit,60
MMTI-2025-21612,Quezon,Jeepney,Head-on,,Clear,53.0,Male,0,29829.77,Heavy,Well-Lit,60
MMTI-2025-02998,Las Pinas,SUV/Van,Rear-end,3,Clear,32.0,Male,0,83470.54,Heavy,Unlit,60
MMTI-2025-22665,Malabon,Motorcycle,Rear-end,3,,29.0,Female,0,17205.29,HEAVY,Unlit,80 km/h
MMTI-2025-21385,Quezon,Motorcycle,Rear-end,3,Rainy,39.0,Male,0,648032.64,Heavy,Well-Lit,60
MMTI-2025-23309,Makati,,Hit and Run,3.0,Clear,34.0,Female,0,,Moderate,Well-Lit,40
MMTI-2025-09968,Mandaluyong,Car,Head-on,Risk Level 3,Clear,44.0,Male,0,70461.97,Heavy,Unlit,40
MMTI-2025-21731,Quezon,Motorcycle,Rear-end,3,Rainy,56.0,Male,0,1178414.17,Heavy,Well-Lit,100
MMTI-2025-01654,Mandaluyong,Jeepney,Hit and Run,3,Clear,43.0,Female,0,,Heavy,Well-Lit,60
MMTI-2025-02981,Paranaque,Truck,Head-on,3,Clear,37.0,Female,0,105314.92,Heavy,Well-Lit,40 km/h
MMTI-2025-21004,Quezon,Motorcycle,Rear-end,3,Rainy,23.0,Female,0,801517.93,Heavy,Poorly-Lit,80
MMTI-2025-08368,,,Rear-end,3.0,Clear,40.0,Male,0,,Moderate,Poorly-Lit,80
MMTI-2025-03727,Pasig,Car,Hit and Run,2,Clear,34.0,Male,0,125366.03,MODERATE,Well-Lit,100
MMTI-2025-03285,Quezon,Jeepney,Rear-end,3,Rainy,40.0,Male,0,"PHP 1,046,740.43",Moderate,Well-Lit,30
MMTI-2025-02969,Makati,Truck,Hit and Run,3.0,Clear,34.0,Male,0,1398648.18,,Poorly-Lit,40 km/h