Incident_ID,City,Vehicle_Type,Accident_Type,Severity,Weather_Condition,Driver_Age,Driver_Gender,Injury_Count,Damage_Cost_PHP,Traffic_Volume,Road_Lighting,Speed_Limit
MMTI-2025-07775,Pasig,Car,Side-swipe,3,Clear,35.0,Female,0,148317.6,Heavy,well lit,80
MMTI-2025-09789,Marikina,Motorcycle,Head-on,3,,33.0,Male,0,28711.47,Heavy,well lit,60
MMTI-2025-06166,Pasig,Car,Hit and Run,3,Clear,34.0,Male,0,156419.19,HEAVY,Well-Lit,60 kph
MMTI-2025-05456,Quezon,SUV/Van,Side-swipe,6,Rainy,24.0,Male,3,674305.49,Heavy,Poorly-Lit,60
MMTI-2025-00465,Paranaque,,Side-swipe,1,Cloudy,26.0,Male,0,"PHP 44,710.07",Moderate,Well-Lit,30 kph
MMTI-2025-06390,Quezon,SUV/Van,Head-on,3,Cloudy,18.0,Male,0,589085.01,HEAVY,Well-Lit,30
MMTI-2025-22241,Quezon,Jeepney,Hit and Run,3,,37.0,Male,0,99999999,Light,Well-Lit,40
MMTI-2025-12992,Paranaque,Car,Side-swipe,1,Clear,30.0,Male,0,102471.47,Moderate,Well-Lit,60
MMTI-2025-20350,Paranaque,Bus,Side-swipe,6,Rain,37.0,female ,1,2208369.67,,Poorly-Lit,30
MMTI-2025-04429,Makati,Motorcycle,Head-on,Risk Level 3,Cloudy,18.0,Male,0,219444.86,Moderate,Poorly-Lit,40
MMTI-2025-19083,Quezon,Car,Rear-end,Risk Level 3,Stormy,34.0,Male,0,1792237.49,Heavy,Well-Lit,40
MMTI-2025-16401,Marikina,Car,Rear-end,Risk Level 3,Clear,999.0,Female,0,64171.63,Heavy,Well-Lit,80
MMTI-2025-20541,Las Pinas,SUV/Van,Side-swipe,3,Clear,20.0,Male,0,89674.4,Heavy,Well-Lit,60
MMTI-2025-16731,Makati,Car,Head-on,3,Cloudy,55.0,Male,0,212979.1,Heavy,Unlit,80
MMTI-2025-08451,Caloocan,Car,Hit and Run,Risk Level 3,Clear,30.0,Female,0,44283.13,Heavy,Well-Lit,60
MMTI-2025-21445,Manila,Car,Head-on,2,Cloudy,37.0,Male,0,205874.84,Moderate,Well-Lit,40 km/h
MMTI-2025-11177,Quezon,SUV/Van,Rear-end,3,Rainy,39.0,Male,0,666908.99,Heavy,Lit,60 km/h
MMTI-2025-14796,Marikina,SUV/Van,Side-swipe,3,,49.0,Male,0,261047.66,Heavy,POOR,40 km/h
MMTI-2025-04049,Quezon,SUV/Van,Head-on,3,Rainy,46.0,Female,0,717286.25,Heavy,Poorly-Lit,30
MMTI-2025-21802,Mandaluyong,SUV/Van,Head-on,3.0,Clear,52.0,Male,0,69473.53,Moderate,Well-Lit,60
MMTI-2025-04861,Quezon,Car,Rear-end,Risk Level 3,Rainy,60.0,Male,0,1389373.74,Heavy,Unlit,80
MMTI-2025-07802,Manila,Motorcycle,Head-on,2,Clear,0.0,Male,2,15.9k,,POOR,60
MMTI-2025-08424,Makati,Car,Hit and Run,3,Cloudy,36.0,Male,0,220145.1,Heavy,Poorly-Lit,60 kph
MMTI-2025-16994,,SUV/Van,Rear-end,3,Storm,0.0,Male,0,271107.69,Heavy,Well-Lit,30
MMTI-2025-05854,Paranaque,Car,Rear-end,3,Clear,51.0,Male,0,,Moderate,Lit,60
MMTI-2025-20901,Taguig,SUV/Van,Hit and Run,,Rain,50.0,Male,0,115355.94,Heavy,Well-Lit,80
MMTI-2025-16929,Quezon,Truck,Head-on,Risk Level 3,Rainy,30.0,Male,0,1733908.67,Heavy,Well-Lit,60
MMTI-2025-13878,Makati,Truck,Rear-end,3.0,Cloudy,52.0,Male,0,,Heavy,POOR,60
MMTI-2025-02361,Quezon,Car,Head-on,3,Cloudy,52.0,Female,0,453019.66,Moderate,Unlit,40
MMTI-2025-01606,Muntinlupa,Car,Rear-end,1,Clear,23.0,Female,0,"PHP 55,763.09",Moderate,Poorly-Lit,80
MMTI-2025-20460,Pasig,SUV/Van,Head-on,3.0,Clear,36.0,Male,0,"PHP 133,778.70",Heavy,Well-Lit,60
MMTI-2025-09300, navotas,SUV/Van,Side-swipe,3,Clear,23.0,Male,0,226.1k,,Unlit,100
MMTI-2025-12804,,Motorcycle,Head-on,Risk Level 3,Rain,29.0,Male,0,29181.01,Heavy,Well-Lit,40
MMTI-2025-03839,Marikina,,Hit and Run,2.0,Clear,27.0,Female,0,67882.44,Moderate,Unlit,60
MMTI-2025-10976,Quezon,Truck,Hit and Run,3,Cloudy,39.0,Female,0,460212.28,Heavy,Lit,60 kph
MMTI-2025-18711,Las Pinas,Car,Head-on,3.0,Clear,40.0,Male,0,96932.25,Heavy,POOR,40 kph
MMTI-2025-18755,Paranaque,Motorcycle,Hit and Run,3,Clear,29.0,Female,0,97771.9,Heavy,No Lights,60
MMTI-2025-04400,PASAY ,Bus,Hit and Run,3,,25.0,Male,0,"PHP 922,707.75",Heavy,Well-Lit,60 km/h
MMTI-2025-00237,Paranaque,Car,Hit and Run,3,Clear,56.0,Female,0,98901.68,Heavy,Unlit,40
MMTI-2025-01208,Pasig,Car,Head-on,4,Clear,50.0,Male,4,154054.72,Moderate,Poorly-Lit,80 km/h
MMTI-2025-03683,Quezon,Jeepney,Rear-end,3,Stormy,41.0,Male,0,77777777,Heavy,Well-Lit,40 km/h
MMTI-2025-03142,Quezon,Car,Head-on,3.0,Rainy,48.0,Male,0,731880.14,HEAVY,Well-Lit,60 km/h
MMTI-2025-14450,Quezon,Car,Side-swipe,Risk Level 3,Rainy,35.0,Female,0,644896.85,Light,Well-Lit,60
MMTI-2025-16822,Marikina,Truck,Rear-end,3,Clear,36.0,Male,0,64444.51,Moderate,Unlit,60 km/h
MMTI-2025-10563,Marikina,Car,Head-on,3,Clear,41.0,Female,0,58041.61,Heavy,Well-Lit,60 km/h
MMTI-2025-19871,,Jeepney,Hit and Run,3,Rain,40.0,Male,0,49369.15,Light,Well-Lit,60
MMTI-2025-13280,PARANAQUE ,Bus,Side-swipe,Risk Level 2,Clear,57.0,Female,0,,Moderate,POOR,40 kph
MMTI-2025-20504,Quezon,Car,Head-on,6,Rainy,35.0,male,3,1388436.6,Light,Poorly-Lit,60
MMTI-2025-05983,,Car,Rear-end,3,Clear,21.0,Male,0,159641.62,Light,Well-Lit,60 km/h
MMTI-2025-19620,PASAY ,SUV/Van,Hit and Run,Risk Level 3,,33.0,Female,0,256489.55,Heavy,dark,40
MMTI-2025-12740,Quezon,Car,Rear-end,3.0,Rainy,39.0,Male,0,1206271.34,Light,Well-Lit,60
MMTI-2025-11745,Quezon,Motorcycle,Side-swipe,3,Rainy,32.0,Male,0,1243340.68,Heavy,Well-Lit,60
MMTI-2025-02993,Pasig,Motorcycle,Rear-end,3,Clear,47.0,Male,0,123715.94,Heavy,Poorly-Lit,100
MMTI-2025-20348,Caloocan,Car,Side-swipe,3,Clear,47.0,Male,0,44464.69,Moderate,Poorly-Lit,40
MMTI-2025-22399,,Motorcycle,Head-on,3.0,Rain,41.0,Male,0,13866.27,Heavy,Well-Lit,80
MMTI-2025-05467, quezon,SUV/Van,Rear-end,Risk Level 3,Clear,42.0,Female,0,420825.58,,Well-Lit,60
MMTI-2025-17441,Quezon,Truck,Side-swipe,,Clear,25.0,Male,0,308739.9,Heavy,Well-Lit,100
MMTI-2025-12910,Quezon,Truck,Hit and Run,2.0,Clear,,Male,0,203.3k,Heavy,dark,100
MMTI-2025-07099,,Motorcycle,Head-on,Risk Level 3,Rain,39.0,Male,0,41166.86,Heavy,Poorly-Lit,60 kph
MMTI-2025-16256, manila,Car,Hit and Run,Risk Level 3,Clear,46.0,Male,0,,Light,Unlit,60
MMTI-2025-19266,Manila,Car,Hit and Run,3,Cloudy,49.0,Female,0,192444.19,Heavy,Poorly-Lit,80
MMTI-2025-19294,Pasig,Motorcycle,Side-swipe,3,Clear,32.0,F,0,123900.19,HEAVY,Poorly-Lit,60
MMTI-2025-16285, manila,Motorcycle,Rear-end,3.0,Clear,22.0,Male,0,"PHP 10,394.82",,Unlit,60
MMTI-2025-10659,Quezon,Jeepney,Hit and Run,3.0,Rainy,33.0,Male,0,1160523.23,Moderate,Well-Lit,60
MMTI-2025-13160,Marikina,Jeepney,Side-swipe,3.0,Clear,46.0,Male,0,"PHP 64,346.49",Heavy,Well-Lit,40
MMTI-2025-12203,Paranaque,Car,Side-swipe,Risk Level 4,Clear,17.0,Male,4,120305.22,Light,Poorly-Lit,60
MMTI-2025-03110,Quezon,Car,Hit and Run,3.0,Rainy,34.0,Male,0,1645760.33,Light,POOR,100
MMTI-2025-09161,Manila,Car,Side-swipe,6.0,Rain,,Male,3,"PHP 411,540.21",Moderate,Well-Lit,60 kph
MMTI-2025-03326,Taguig,Motorcycle,Head-on,Risk Level 3,Cloudy,32.0,Male,0,271753.88,Moderate,POOR,60 km/h
MMTI-2025-08559,,Jeepney,Side-swipe,Risk Level 2,Clear,38.0,Male,0,7357.39,Heavy,Well-Lit,80
MMTI-2025-15900,Quezon,Motorcycle,Head-on,6,Rainy,45.0,Female,3,910368.08,Heavy,dark,40
MMTI-2025-04650,Quezon,Truck,Head-on,2,Rainy,19.0,Male,0,685614.03,Moderate,Well-Lit,80
MMTI-2025-08460,Manila,,Head-on,3,Clear,34.0,Male,0,192177.49,MODERATE,Well-Lit,100
MMTI-2025-07762,,Motorcycle,Side-swipe,3,Rain,30.0,Male,0,13657.19,HEAVY,Well-Lit,40 km/h
MMTI-2025-22282,Quezon,Car,Head-on,Risk Level 3,Stormy,31.0,Female,0,1855657.5,Heavy,Well-Lit,60 kph
MMTI-2025-11018,,SUV/Van,Side-swipe,3,,28.0,Male,0,395668.42,Moderate,Well-Lit,30
MMTI-2025-12869,Manila,Car,Hit and Run,2.0,Cloudy,32.0,Female,0,184293.19,Moderate,Well-Lit,40
MMTI-2025-20659,Taguig,Bus,Rear-end,,Storm,29.0,Male,0,113334.54,Heavy,Well-Lit,40
MMTI-2025-06199,QUEZON ,Motorcycle,Rear-end,2,,30.0,Male,0,14970.74,Heavy,No Lights,60 km/h
MMTI-2025-07998,Quezon,Truck,Rear-end,3,Rainy,46.0,Male,0,1162423.04,Heavy,Well-Lit,60
MMTI-2025-22005,Makati,Car,Side-swipe,3.0,Cloudy,42.0,Female,0,234558.05,Light,Well-Lit,30
MMTI-2025-21960,Quezon,Jeepney,Rear-end,3,Clear,48.0,Male,0,,Heavy,Poorly-Lit,60
MMTI-2025-20422,Pasay,SUV/Van,Hit and Run,3.0,Clear,25.0,Female,0,,Moderate,Poorly-Lit,60
MMTI-2025-14203,Caloocan,Motorcycle,Head-on,Risk Level 3,Clear,53.0,Unknown,0,,Heavy,Lit,100
MMTI-2025-11470,Manila,Car,Head-on,1,Cloudy,31.0,Male,0,205077.83,Moderate,Well-Lit,60
MMTI-2025-13317,Taguig,Car,Side-swipe,3.0,Cloudy,50.0,Male,0,326464.56,Heavy,Well-Lit,40
MMTI-2025-13170,Paranaque,,Hit and Run,3.0,Clear,30.0,Female,0,128758.09,Heavy,Poorly-Lit,40
MMTI-2025-18976,Paranaque,Truck,Side-swipe,6,Clear,58.0,Female,3,115145.69,Heavy,Lit,30
MMTI-2025-22183,Quezon,Motorcycle,Side-swipe,Risk Level 3,Rainy,55.0,Female,0,665642.87,Heavy,Poorly-Lit,30 km/h
MMTI-2025-15198,Paranaque,Car,Rear-end,3,Clear,37.0,Male,0,111.4k,Moderate,Well-Lit,80
MMTI-2025-00459,Pasig,Motorcycle,Head-on,3,Clear,28.0,Male,0,129159.18,Heavy,Lit,60
MMTI-2025-05610,Manila,SUV/Van,Head-on,3,Clear,,Female,0,270021.04,Heavy,Unlit,60
MMTI-2025-18554,Manila,Car,Hit and Run,2,Cloudy,42.0,Male,0,182222.37,Moderate,Well-Lit,80 kph
MMTI-2025-03755,Quezon,Bus,Head-on,2,,54.0,Male,0,364709.57,LIGHT,Well-Lit,60
MMTI-2025-12574,Pasig,Car,Rear-end,2.0,Clear,35.0,Male,0,142645.96,Moderate,Well-Lit,40
MMTI-2025-18349,Quezon,Car,Rear-end,3,Cloudy,36.0,Male,0,617973.62,Heavy,Poorly-Lit,30
MMTI-2025-03883,Taguig,Car,Head-on,3,Cloudy,43.0,Male,0,284180.71,Moderate,Well-Lit,60
MMTI-2025-17185,Muntinlupa,,Side-swipe,3,Clear,46.0,Male,0,172414.01,Moderate,Well-Lit,80
MMTI-2025-03826,Caloocan,,Side-swipe,6.0,Clear,35.0,F,3,487416.57,Heavy,Well-Lit,60 km/h
MMTI-2025-15646,Quezon,Truck,Hit and Run,Risk Level 3,Cloudy,21.0,Male,0,430590.49,Heavy,Well-Lit,30 kph
MMTI-2025-04147,Quezon,SUV/Van,Rear-end,3,Cloudy,40.0,Male,0,386084.4,Moderate,Well-Lit,40
MMTI-2025-00464,Pasig,Bus,Rear-end,3,Cloudy,43.0,Male,0,619878.93,,Well-Lit,30
MMTI-2025-04596,Paranaque,Car,Hit and Run,Risk Level 3,Clear,42.0,Male,0,121163.36,Moderate,well lit,30
MMTI-2025-15186,Las Pinas,Car,Rear-end,3,Clear,17.0,Male,0,93134.13,Heavy,Well-Lit,100
MMTI-2025-06577,Paranaque,Bus,Side-swipe,3,Clear,,Female,0,961569.28,Heavy,Poorly-Lit,60
MMTI-2025-10275,Quezon,Car,Head-on,3.0,Cloudy,45.0,Male,0,"PHP 385,293.34",Heavy,Well-Lit,80
MMTI-2025-12978,Pasay,Jeepney,Rear-end,,Cloudy,23.0,Male,2,32835.67,Moderate,Well-Lit,40
MMTI-2025-13252,Quezon,Car,Rear-end,3,Cloudy,41.0,F,0,609735.05,Moderate,Well-Lit,60
MMTI-2025-15378,Caloocan,Motorcycle,Side-swipe,Risk Level 3,,47.0,female ,0,24606.96,Heavy,Well-Lit,40
MMTI-2025-07856,Manila,Car,Head-on,3,Cloudy,24.0,Male,0,200101.4,Heavy,Lit,30
MMTI-2025-11950,Quezon,Car,Hit and Run,3,Cloudy,52.0,Female,0,375398.94,Heavy,Poorly-Lit,60
MMTI-2025-18245,QUEZON ,,Hit and Run,3.0,Rain,45.0,Female,0,,Moderate,Poorly-Lit,100
MMTI-2025-11625,Marikina,Bus,Rear-end,,Clear,49.0,Male,0,159983.65,HEAVY,Unlit,30 km/h
MMTI-2025-15888,,Car,Rear-end,3.0,Clear,25.0,Male,0,"PHP 177,712.15",Light,Poorly-Lit,60
MMTI-2025-00065,QUEZON ,Jeepney,Side-swipe,3.0,Clear,,female ,0,20286.46,Heavy,Lit,80
MMTI-2025-15610,Quezon,SUV/Van,Hit and Run,6.0,Rainy,52.0,Female,2,1564389.17,MODERATE,Poorly-Lit,60
MMTI-2025-19288,Quezon,Jeepney,Hit and Run,Risk Level 3,,32.0,Female,0,98888.03,Heavy,Well-Lit,40 km/h
MMTI-2025-04690,Manila,Truck,Head-on,,Clear,21.0,Male,2,352632.89,Moderate,Lit,40
MMTI-2025-18099,Pasig,Jeepney,Hit and Run,3,Storm,35.0,Male,0,,Heavy,Poorly-Lit,60
MMTI-2025-12821,Quezon,Car,Rear-end,3.0,Rainy,18.0,male,0,1117.1k,Moderate,Well-Lit,60 kph
MMTI-2025-23149,Manila,Motorcycle,Head-on,3.0,Clear,41.0,Male,0,38214.14,,Unlit,60
MMTI-2025-14025,Malabon,Car,Rear-end,3,,55.0,M,0,,Heavy,Well-Lit,60
MMTI-2025-01940,,Car,Rear-end,6,Cloudy,40.0,Male,3,151856.06,Moderate,Lit,60
MMTI-2025-11966,Marikina,SUV/Van,Side-swipe,Risk Level 3,Clear,48.0,Male,0,67507.4,Heavy,Well-Lit,30
MMTI-2025-05057,Quezon,Motorcycle,Rear-end,3,Rainy,36.0,Unknown,0,1179399.37,Moderate,Unlit,30
MMTI-2025-14002,Quezon,Truck,Side-swipe,3.0,Cloudy,29.0,Male,0,364551.24,Heavy,Well-Lit,60
MMTI-2025-08495,Quezon,Car,Hit and Run,3,Rainy,31.0,Male,0,"PHP 1,151,921.71",Heavy,Unlit,60 km/h
MMTI-2025-08973,Quezon,SUV/Van,Head-on,3,Rainy,45.0,Female,0,782424.63,Moderate,Poorly-Lit,60
MMTI-2025-11621,Marikina,Car,Head-on,3,Clear,41.0,Male,0,67105.28,Heavy,Unlit,60
MMTI-2025-21443,Paranaque,Car,Rear-end,3.0,Clear,40.0,Male,0,99408.87,Light,dark,60
MMTI-2025-06082,Makati,Motorcycle,Hit and Run,3,Cloudy,53.0,Male,0,232062.61,Moderate,Well-Lit,60
MMTI-2025-17031,Taguig,Car,Side-swipe,3,Cloudy,26.0,Male,0,344306.93,Moderate,Lit,60 km/h
MMTI-2025-12475,Marikina,Motorcycle,Rear-end,3,Clear,17.0,Unknown,0,66819.64,Heavy,Unlit,80
MMTI-2025-09686,Quezon,Jeepney,Head-on,3,Cloudy,33.0,Male,0,50731.94,,Poorly-Lit,80
MMTI-2025-09511,Pasig,Jeepney,Side-swipe,3.0,Clear,50.0,Male,0,129419.54,Heavy,Well-Lit,100
MMTI-2025-20480,Paranaque,Bus,Side-swipe,,Cloudy,44.0,Male,2,271468.45,Heavy,Well-Lit,100
MMTI-2025-04056,Quezon,Car,Hit and Run,Risk Level 6,Rainy,43.0,Male,4,897059.69,Moderate,Well-Lit,30
MMTI-2025-07656,Quezon,Jeepney,Hit and Run,Risk Level 3,Rainy,33.0,Male,0,"PHP 1,069,572.53",Light,Well-Lit,60
MMTI-2025-07678,QUEZON ,Jeepney,Side-swipe,3,Rain,,Male,0,93464.88,Heavy,Unlit,60
MMTI-2025-00487,Quezon,Car,Hit and Run,9,Cloudy,35.0,Male,2,365938.51,Heavy,Poorly-Lit,40
MMTI-2025-21985,Taguig,SUV/Van,Hit and Run,3,Cloudy,50.0,Female,0,132587.79,,Lit,60 km/h
MMTI-2025-22671,Quezon,Motorcycle,Hit and Run,Risk Level 3,Rainy,58.0,Male,0,1581084.11,Heavy,Well-Lit,60
MMTI-2025-21049,Quezon,Car,Rear-end,3,Rainy,33.0,Male,0,1509462.14,Moderate,Unlit,100
MMTI-2025-17830,Muntinlupa,Truck,Head-on,2,Clear,28.0,Male,0,"PHP 54,097.11",HEAVY,Well-Lit,60
MMTI-2025-08690,,Truck,Rear-end,3,Cloudy,34.0,Male,0,1052778.88,Heavy,Well-Lit,60
MMTI-2025-12698,Paranaque,Car,Head-on,3,Clear,43.0,Male,0,99194.66,Heavy,Well-Lit,40
MMTI-2025-07982,TAGUIG ,Car,Hit and Run,2.0,Clear,0.0,Female,0,22149.33,,Unlit,40 km/h
MMTI-2025-07071,Muntinlupa,Truck,Hit and Run,3,Clear,49.0,Male,0,"PHP 54,130.65",Moderate,Poorly-Lit,80
MMTI-2025-19436,Quezon,Car,Head-on,3,Rainy,43.0,Female,0,629737.68,Moderate,Unlit,60
MMTI-2025-04258,Manila,Jeepney,Hit and Run,3,Storm,,Male,0,,Heavy,Poorly-Lit,40
MMTI-2025-12805,Quezon,,Head-on,,Clear,26.0,Male,0,32.7k,Moderate,Well-Lit,80 km/h
MMTI-2025-21544,Pasig,Car,Hit and Run,3,Clear,21.0,Male,0,"PHP 126,701.60",Heavy,Well-Lit,40
MMTI-2025-07054,Quezon,,Side-swipe,2,Clear,47.0,Female,0,77405.3,Heavy,Poorly-Lit,60 km/h
MMTI-2025-09176,Pasig,Jeepney,Head-on,3,Clear,20.0,Female,0,133989.42,Heavy,Well-Lit,60
MMTI-2025-11432,Makati,SUV/Van,Hit and Run,3,Storm,,Female,0,92321.57,Heavy,Well-Lit,60
MMTI-2025-09292,Makati,SUV/Van,Rear-end,6.0,Clear,36.0,Female,4,,Heavy,Well-Lit,60
MMTI-2025-19396,Marikina,Motorcycle,Side-swipe,Risk Level 3,Clear,19.0,Male,0,65031.5,Heavy,Well-Lit,60
MMTI-2025-17479,Quezon,Car,Hit and Run,3,Cloudy,37.0,Male,0,577001.03,Heavy,dark,100
MMTI-2025-07979,Quezon,Motorcycle,Side-swipe,3.0,Cloudy,23.0,Female,0,569933.2,MODERATE,Well-Lit,60
MMTI-2025-19879,Quezon,SUV/Van,Head-on,3,Cloudy,43.0,Male,0,271765.9,,Poorly-Lit,60
MMTI-2025-03664,Paranaque,Car,Head-on,3.0,Clear,19.0,Male,0,113676.55,Heavy,Well-Lit,80 kph
MMTI-2025-11717,Manila,,Head-on,3.0,Clear,25.0,Male,0,173309.83,Heavy,Well-Lit,40
MMTI-2025-04685,Taguig,SUV/Van,Side-swipe,3,Cloudy,38.0,Male,0,313785.62,Heavy,Well-Lit,60 kph
MMTI-2025-11146,Makati,SUV/Van,Hit and Run,2.0,Cloudy,40.0,Male,0,224829.85,Heavy,Unlit,30
MMTI-2025-14462,Pasig,,Head-on,3,Clear,46.0,Female,0,"PHP 60,181.04",MODERATE,Poorly-Lit,100 km/h
MMTI-2025-06458,Taguig,Motorcycle,Side-swipe,6,Cloudy,29.0,Female,2,345431.26,Heavy,No Lights,30
MMTI-2025-18718,Manila,Bus,Side-swipe,3,Clear,30.0,Male,0,,Heavy,Well-Lit,60 km/h
MMTI-2025-09581,Quezon,Car,Hit and Run,3.0,Rainy,39.0,Male,0,814338.52,Heavy,Well-Lit,40
MMTI-2025-02557,Quezon,SUV/Van,Side-swipe,2,Clear,38.0,Male,0,98845.92,,Well-Lit,60
MMTI-2025-22289,Las Pinas,Motorcycle,Head-on,6,Clear,34.0,Female,3,92011.96,Heavy,Well-Lit,60
MMTI-2025-13320,Mandaluyong,Motorcycle,Head-on,3.0,Clear,55.0,Male,0,76618.16,Heavy,Well-Lit,60
MMTI-2025-18081,Manila,,Rear-end,3.0,Clear,36.0,Male,0,149780.02,Moderate,Poorly-Lit,60
MMTI-2025-09666,Muntinlupa,Car,Rear-end,3,Clear,17.0,Male,0,56575.21,Heavy,Unlit,30
MMTI-2025-10615,Quezon,Jeepney,Head-on,1.0,Clear,,Female,0,,Moderate,Well-Lit,60
MMTI-2025-00634,Mandaluyong,,Head-on,3,Cloudy,,female ,0,120564.97,Moderate,Well-Lit,60
MMTI-2025-08766,,Bus,Side-swipe,Risk Level 2,Clear,23.0,Female,0,146890.4,Heavy,Well-Lit,60
MMTI-2025-22849,Muntinlupa,Jeepney,Hit and Run,3,Clear,37.0,Female,0,55408.71,MODERATE,Poorly-Lit,80
MMTI-2025-20522,Pasig,Truck,Side-swipe,3,Clear,35.0,Male,0,136691.32,Moderate,Well-Lit,40 km/h
MMTI-2025-20153,,Car,Side-swipe,3.0,Rain,42.0,Female,0,39531.14,Heavy,Poorly-Lit,60
MMTI-2025-08918,Caloocan,Truck,Side-swipe,2,Clear,42.0,F,0,,Heavy,Poorly-Lit,60
MMTI-2025-05579,Manila,Jeepney,Head-on,4,Cloudy,39.0,Male,3,194634.92,Light,Poorly-Lit,60
MMTI-2025-11724,Pasig,Motorcycle,Head-on,3,,48.0,Male,0,24540.69,Light,Poorly-Lit,60 km/h
MMTI-2025-10181,Taguig,SUV/Van,Head-on,3.0,Cloudy,36.0,Male,0,323853.19,Heavy,Unlit,80
MMTI-2025-14937,Quezon,Motorcycle,Rear-end,Risk Level 3,Cloudy,44.0,Unknown,0,409620.8,Moderate,Well-Lit,60
MMTI-2025-12650,Paranaque,Car,Hit and Run,3,Clear,58.0,Female,0,"PHP 156,753.28",,Poorly-Lit,60 km/h
MMTI-2025-00940,QUEZON ,Jeepney,Hit and Run,,Clear,22.0,Male,0,23750.48,Heavy,Well-Lit,40
MMTI-2025-22119,Mandaluyong,Car,Side-swipe,Risk Level 3,Clear,33.0,Male,4,"PHP 72,617.98",Light,Well-Lit,30
MMTI-2025-07644,Manila,Jeepney,Hit and Run,,Cloudy,38.0,Male,0,42017.52,Moderate,Poorly-Lit,40
MMTI-2025-09727,Las Pinas,Car,Side-swipe,3,Clear,19.0,Male,0,94130.29,Heavy,Lit,60 kph
MMTI-2025-09329,Quezon,,Rear-end,Risk Level 3,Rain,40.0,Male,0,152250.61,Heavy,Well-Lit,80 km/h
MMTI-2025-05749,Navotas,Motorcycle,Rear-end,3.0,Clear,26.0,Male,0,36574.73,Heavy,POOR,60 km/h
MMTI-2025-22763,Quezon,SUV/Van,Head-on,Risk Level 3,Rainy,35.0,Female,0,980398.71,Heavy,Well-Lit,80
MMTI-2025-18552,Pasay,Truck,Hit and Run,3.0,Clear,150.0,Male,0,45314.77,Light,Poorly-Lit,60
MMTI-2025-13886,TAGUIG ,Jeepney,Head-on,2.0,Clear,48.0,Female,0,,Light,Well-Lit,60
MMTI-2025-20128,Quezon,Car,Hit and Run,2,Cloudy,34.0,Female,0,552514.99,Heavy,Poorly-Lit,40
MMTI-2025-03343,Taguig,Bus,Rear-end,3,Clear,,Male,0,1130770.94,Heavy,Poorly-Lit,80
MMTI-2025-00854,San Juan,Jeepney,Hit and Run,3,Cloudy,,Male,0,81076.72,Moderate,Well-Lit,60
MMTI-2025-06326,Paranaque,SUV/Van,Head-on,3,Clear,28.0,Male,0,106354.9,Moderate,Unlit,60
MMTI-2025-08966,Quezon,SUV/Van,Side-swipe,3.0,Cloudy,58.0,Male,0,"PHP 394,846.47",MODERATE,Unlit,80 km/h
MMTI-2025-00642,Makati,Car,Head-on,3,Cloudy,37.0,Male,0,260892.86,Light,Poorly-Lit,60
MMTI-2025-05594,Valenzuela,,Head-on,3,Clear,35.0,Male,0,230041.3,Heavy,Well-Lit,60
MMTI-2025-14324,Marikina,Bus,Head-on,2.0,Cloudy,46.0,Male,0,68317.27,,Poorly-Lit,80
MMTI-2025-12456,VALENZUELA ,Bus,Side-swipe,3,Clear,,Male,0,99999999,Heavy,Well-Lit,40 km/h
MMTI-2025-14119,Pasig,SUV/Van,Rear-end,3,Clear,,Male,0,"PHP 270,064.20",Heavy,Poorly-Lit,40
MMTI-2025-08152,Quezon,Car,Side-swipe,3,Stormy,19.0,Male,0,77777777,HEAVY,No Lights,60
MMTI-2025-08923,,Jeepney,Rear-end,Risk Level 6,Clear,28.0,Male,3,258081.32,HEAVY,Well-Lit,60
MMTI-2025-14734,Quezon,Motorcycle,Side-swipe,3.0,Cloudy,41.0,Male,0,389331.61,Heavy,Well-Lit,60
MMTI-2025-11168,Pasay,Car,Hit and Run,6.0,Clear,34.0,Male,2,45535.57,Heavy,Poorly-Lit,60
MMTI-2025-18773,Quezon,Car,Rear-end,3.0,Stormy,53.0,Male,0,2055852.37,Heavy,Unlit,60
MMTI-2025-10769,Mandaluyong,Motorcycle,Side-swipe,6.0,Clear,37.0,Male,4,80403.25,Heavy,Well-Lit,60
MMTI-2025-22892,Manila,Truck,Side-swipe,,Clear,38.0,Male,0,443327.72,Moderate,POOR,60 kph
MMTI-2025-06447,Quezon,Car,Head-on,3.0,Cloudy,36.0,Female,0,369569.23,Heavy,Well-Lit,100
MMTI-2025-20581,Makati,Car,Side-swipe,2,Cloudy,49.0,Male,0,259468.24,MODERATE,Well-Lit,60 km/h
MMTI-2025-15937,Mandaluyong,Jeepney,Side-swipe,2,Clear,27.0,Male,0,15250.4,,No Lights,60
MMTI-2025-00892,MANILA ,,Head-on,Risk Level 3,Rain,36.0,Female,0,194504.33,Moderate,Poorly-Lit,80
MMTI-2025-09013,Valenzuela,Bus,Head-on,3,Cloudy,26.0,M,0,,Heavy,Poorly-Lit,60
MMTI-2025-19533,,SUV/Van,Rear-end,Risk Level 3,Rain,54.0,Female,0,,,POOR,30
MMTI-2025-18583,Quezon,Truck,Rear-end,Risk Level 1,Clear,26.0,Male,0,,Moderate,Poorly-Lit,60
MMTI-2025-15332,,Motorcycle,Side-swipe,6.0,Rain,36.0,Male,2,142302.37,Heavy,Poorly-Lit,30
MMTI-2025-23007,Makati,Car,Head-on,,Cloudy,25.0,Male,0,47789.54,Heavy,Well-Lit,60