Incident_ID,City,Vehicle_Type,Accident_Type,Severity,Weather_Condition,Driver_Age,Driver_Gender,Injury_Count,Damage_Cost_PHP,Traffic_Volume,Road_Lighting,Speed_Limit
MMTI-2025-20645,Paranaque,Car,Hit and Run,Risk Level 3,Clear,26.0,Male,0,107965.29,Heavy,Well-Lit,30
MMTI-2025-07296,Makati,Jeepney,Hit and Run,2,Cloudy,24.0,Female,0,248932.73,Heavy,Well-Lit,80 km/h
MMTI-2025-04714,Las Pinas,Car,Side-swipe,2.0,Clear,17.0,Female,0,83753.12,Heavy,Unlit,30
MMTI-2025-10191,Paranaque,Car,Hit and Run,3,Clear,34.0,Male,0,98.3k,Moderate,Unlit,60
MMTI-2025-12696,Las Pinas,Car,Head-on,1,Clear,44.0,Male,0,86762.79,Moderate,Poorly-Lit,40 kph
MMTI-2025-10155,Mandaluyong,Car,Rear-end,2,Clear,41.0,female ,0,78426.69,Moderate,Well-Lit,60 km/h
MMTI-2025-06292,,Car,Head-on,3,Clear,44.0,Female,0,,Heavy,Well-Lit,60
MMTI-2025-20418,Manila,Jeepney,Head-on,Risk Level 3,Clear,41.0,Male,0,,,well lit,100
MMTI-2025-05070,Taguig,Bus,Side-swipe,3.0,Clear,36.0,Male,0,216502.86,,Lit,40
MMTI-2025-12381,Marikina,SUV/Van,Side-swipe,6.0,Clear,37.0,Female,1,"PHP 60,887.74",Heavy,Unlit,40
MMTI-2025-21393,Manila,,Side-swipe,Risk Level 3,Cloudy,46.0,male,0,,Heavy,Well-Lit,40
MMTI-2025-17080, malabon,Car,Head-on,3.0,Clear,29.0,Female,0,64636.64,,Well-Lit,60 kph
MMTI-2025-16365,Pasig,SUV/Van,Hit and Run,3,Storm,,Female,0,,Heavy,Well-Lit,60
MMTI-2025-15530, manila,Jeepney,Hit and Run,3,,20.0,Female,0,22843.09,Moderate,Well-Lit,80
MMTI-2025-11416,Marikina,Car,Rear-end,2,Clear,27.0,Male,0,64822.09,Heavy,Unlit,80
MMTI-2025-05723,Manila,Motorcycle,Side-swipe,,,38.0,Female,0,8652.84,Heavy,Well-Lit,60
MMTI-2025-12809,Manila,SUV/Van,Head-on,3.0,Cloudy,54.0,Male,0,"PHP 182,879.51",Heavy,Well-Lit,80
MMTI-2025-20766,Quezon,Car,Head-on,6.0,Rainy,39.0,Male,1,1625105.59,Heavy,Poorly-Lit,40
MMTI-2025-17423,Pasay,Car,Hit and Run,3,Clear,35.0,Male,0,"PHP 49,178.56",Light,Well-Lit,60
MMTI-2025-23565,Taguig,Car,Hit and Run,1.0,Cloudy,58.0,Male,0,275431.2,Moderate,Well-Lit,40
MMTI-2025-20015,Las Pinas,SUV/Van,Hit and Run,3,,27.0,Male,0,204972.5,Heavy,Well-Lit,60 km/h
MMTI-2025-21702,San Juan,SUV/Van,Rear-end,3,Clear,27.0,Female,0,38541.46,Heavy,Unlit,60
MMTI-2025-17991,Taguig,Car,Side-swipe,Risk Level 3,Cloudy,47.0,Male,0,346483.77,Heavy,Well-Lit,100
MMTI-2025-07049,Makati,Car,Hit and Run,3.0,Cloudy,46.0,Female,0,218681.53,Heavy,Poorly-Lit,60
MMTI-2025-15524,Manila,Car,Side-swipe,3.0,Cloudy,49.0,Male,0,180200.28,Moderate,Poorly-Lit,60
MMTI-2025-10970,Muntinlupa,SUV/Van,Hit and Run,3,Clear,41.0,Female,0,56946.45,Heavy,Unlit,60
MMTI-2025-02601,Quezon,Car,Head-on,3,Rainy,44.0,Male,0,"PHP 754,102.43",Moderate,Well-Lit,60
MMTI-2025-08028,Valenzuela,Jeepney,Hit and Run,3.0,Rain,,Female,0,92147.66,Heavy,Poorly-Lit,60 km/h
MMTI-2025-20793,Quezon,Motorcycle,Side-swipe,3,Rainy,49.0,Male,0,1000892.02,Heavy,Poorly-Lit,80
MMTI-2025-06850,Makati,SUV/Van,Side-swipe,,Clear,18.0,Male,0,123180.5,Heavy,Well-Lit,80
MMTI-2025-15117,Manila,SUV/Van,Head-on,,Cloudy,47.0,Female,0,87331.01,Light,Poorly-Lit,80 km/h
MMTI-2025-22628, pasig,Bus,Hit and Run,,Rain,44.0,Female,0,206160.12,Heavy,Poorly-Lit,60
MMTI-2025-07591,Marikina,Car,Side-swipe,Risk Level 3,Clear,41.0,Female,0,60360.38,MODERATE,Well-Lit,60
MMTI-2025-13111,Pasig,Motorcycle,Side-swipe,3.0,Clear,35.0,Male,0,137.2k,Heavy,Well-Lit,40 km/h
MMTI-2025-12519,San Juan,Motorcycle,Head-on,3.0,,35.0,Male,0,14831.66,Heavy,Well-Lit,100 km/h
MMTI-2025-21028,Quezon,Jeepney,Side-swipe,3,Cloudy,20.0,Male,0,460310.63,Heavy,Well-Lit,40
MMTI-2025-19756,Makati,Bus,Rear-end,3,,70.0,Male,0,443796.5,Heavy,Poorly-Lit,40
MMTI-2025-01876,Pasay,Car,Rear-end,2.0,Clear,51.0,Male,0,47721.18,Light,No Lights,60 kph
MMTI-2025-01919,Manila,Bus,Hit and Run,6,,21.0,Male,4,627447.89,Moderate,Poorly-Lit,60 km/h
MMTI-2025-11969,Paranaque,Car,Rear-end,Risk Level 3,Clear,28.0,Male,0,117002.21,Heavy,Well-Lit,40
MMTI-2025-07271,,Motorcycle,Hit and Run,3,Clear,17.0,Male,0,26424.11,Moderate,Well-Lit,60
MMTI-2025-17421,Quezon,Car,Rear-end,3,Cloudy,34.0,Male,0,361903.44,Heavy,Well-Lit,60 kph
MMTI-2025-20680,Paranaque,SUV/Van,Rear-end,3,Clear,39.0,Male,0,102767.2,HEAVY,Poorly-Lit,100
MMTI-2025-08340,Quezon,Motorcycle,Hit and Run,Risk Level 3,Stormy,45.0,Female,0,1833824.55,HEAVY,Well-Lit,40
MMTI-2025-20854,Quezon,Car,Rear-end,3,Stormy,50.0,Male,0,99999999,HEAVY,Poorly-Lit,60
MMTI-2025-11080,Taguig,Truck,Side-swipe,6,,58.0,M,3,722048.23,Moderate,Well-Lit,60
MMTI-2025-02681,Makati,Motorcycle,Side-swipe,Risk Level 3,Cloudy,45.0,Male,0,242959.85,Heavy,POOR,60
MMTI-2025-09517,Quezon,Car,Rear-end,Risk Level 6,,30.0,Female,1,216073.51,Heavy,Poorly-Lit,60
MMTI-2025-09710,Paranaque,Jeepney,Head-on,1,Clear,24.0,Female,0,98686.63,Light,Lit,100
MMTI-2025-07481,Taguig,Car,Side-swipe,2.0,Cloudy,40.0,Male,0,286499.12,Light,Lit,80
MMTI-2025-07509,Quezon,Car,Hit and Run,3,Rainy,38.0,Male,0,687345.56,Heavy,Poorly-Lit,80
MMTI-2025-03822,Manila,Car,Hit and Run,Risk Level 3,Cloudy,48.0,Male,0,173242.5,Heavy,Poorly-Lit,60
MMTI-2025-04688,Quezon,Truck,Hit and Run,1.0,Cloudy,23.0,Female,0,489416.92,Moderate,Well-Lit,60
MMTI-2025-05809,Quezon,Car,Hit and Run,6,Stormy,25.0,Male,4,3184013.4,HEAVY,Well-Lit,30
MMTI-2025-11067,Paranaque,Car,Head-on,3,Clear,50.0,Male,0,100488.76,Heavy,Well-Lit,60
MMTI-2025-15108,Paranaque,Jeepney,Head-on,3.0,Clear,30.0,Female,0,106643.06,Moderate,Well-Lit,60
MMTI-2025-11327,Pasay,Car,Side-swipe,2,Clear,46.0,Male,0,47423.39,Heavy,Well-Lit,60
MMTI-2025-16040,Quezon,Car,Side-swipe,3,Rainy,44.0,Male,0,1314641.49,Moderate,Well-Lit,30
MMTI-2025-08473,Las Pinas,Car,Head-on,3,,28.0,Male,0,257064.02,MODERATE,Lit,60 km/h
MMTI-2025-03222,Quezon,Car,Hit and Run,3,Rainy,41.0,Female,0,824909.61,Heavy,Well-Lit,60 kph
MMTI-2025-09841,,,Hit and Run,3,Clear,36.0,Male,0,43860.85,Light,Poorly-Lit,60
MMTI-2025-22084,Taguig,SUV/Van,Hit and Run,3,Clear,,Male,0,"PHP 67,114.93",Moderate,Well-Lit,40
MMTI-2025-01169,Quezon,SUV/Van,Head-on,3,Rainy,38.0,Male,0,936668.22,MODERATE,Well-Lit,60
MMTI-2025-02725,Quezon,Car,Head-on,3,Rainy,29.0,Male,0,1700663.96,Heavy,No Lights,60 km/h
MMTI-2025-05318,Manila,Car,Rear-end,3,,31.0,Male,0,74292.23,Light,Well-Lit,60
MMTI-2025-16073,Quezon,Car,Head-on,Risk Level 2,Cloudy,41.0,Male,0,365819.75,Heavy,Well-Lit,60
MMTI-2025-08411,Quezon,Jeepney,Rear-end,3,Cloudy,17.0,Male,0,537027.72,Heavy,Poorly-Lit,60
MMTI-2025-01531,Quezon,Motorcycle,Hit and Run,3.0,Cloudy,56.0,Female,0,505568.67,Heavy,Well-Lit,60
MMTI-2025-14341,Muntinlupa,SUV/Van,Head-on,3,Clear,57.0,Female,0,54042.73,MODERATE,Well-Lit,30 km/h
MMTI-2025-10775,Makati,,Hit and Run,6,Clear,49.0,Male,2,132717.06,Light,well lit,60 km/h
MMTI-2025-16442,Quezon,Truck,Head-on,3,Rainy,35.0,Male,0,1336.0k,Moderate,Well-Lit,30
MMTI-2025-06599,MAKATI ,,Side-swipe,1.0,,31.0,Male,0,65256.37,Moderate,Lit,80
MMTI-2025-13378,Quezon,Car,Side-swipe,3.0,Clear,17.0,Female,0,38564.16,,Poorly-Lit,60
MMTI-2025-12879,Mandaluyong,SUV/Van,Hit and Run,3,Clear,52.0,Male,3,"PHP 69,292.23",Light,Well-Lit,60
MMTI-2025-19236,San Juan,Car,Head-on,3.0,Clear,41.0,female ,0,38873.25,Heavy,Well-Lit,40
MMTI-2025-02782,Quezon,Car,Side-swipe,6,Stormy,26.0,Male,2,1787471.4,Moderate,Well-Lit,60 km/h
MMTI-2025-05466,Pasig,Car,Hit and Run,Risk Level 3,Clear,65.0,female ,0,140083.35,Moderate,Well-Lit,80 km/h
MMTI-2025-10561,Quezon,SUV/Van,Hit and Run,6,Rainy,32.0,Male,2,854372.77,HEAVY,Poorly-Lit,80
MMTI-2025-05911,Mandaluyong,Truck,Hit and Run,3,Clear,46.0,Male,0,70.2k,Heavy,Poorly-Lit,60
MMTI-2025-23272,Mandaluyong,Motorcycle,Side-swipe,1.0,Clear,51.0,Male,0,"PHP 71,909.51",MODERATE,Well-Lit,40
MMTI-2025-20484,Makati,Car,Side-swipe,Risk Level 3,Cloudy,34.0,female ,0,224000.58,Moderate,Poorly-Lit,60 kph
MMTI-2025-03934,Paranaque,Motorcycle,Head-on,6,Clear,37.0,Male,4,123141.15,Heavy,well lit,100
MMTI-2025-16384,Las Pinas,Car,Side-swipe,Risk Level 1,Clear,18.0,Male,0,96947.87,Moderate,Poorly-Lit,60
MMTI-2025-17823,Makati,SUV/Van,Side-swipe,1,Clear,20.0,Male,0,,Moderate,Well-Lit,80
MMTI-2025-07640,Manila,,Rear-end,3.0,Rain,25.0,Male,0,215851.16,Heavy,Well-Lit,40 km/h
MMTI-2025-02089,Las Pinas,Car,Rear-end,3,Clear,30.0,Male,0,93142.26,Moderate,No Lights,40
MMTI-2025-16076,Quezon,Motorcycle,Hit and Run,3,Rainy,32.0,Male,0,903497.19,Moderate,POOR,30
MMTI-2025-06932,,Bus,Side-swipe,3,Clear,31.0,Male,0,978285.89,Heavy,Lit,60
MMTI-2025-01058,Quezon,,Side-swipe,3.0,Clear,46.0,Male,0,91.5k,Light,POOR,40
MMTI-2025-15797,Pasay,,Rear-end,,Clear,17.0,Male,0,50091.6,Moderate,Well-Lit,60
MMTI-2025-14200,Taguig,Car,Rear-end,2.0,Cloudy,39.0,Female,0,296249.62,Heavy,Poorly-Lit,80
MMTI-2025-01927,PASIG ,Truck,Hit and Run,3.0,Clear,39.0,Female,0,840930.49,,Poorly-Lit,60
MMTI-2025-13110,Taguig,Truck,Head-on,6,Cloudy,45.0,Male,4,"PHP 309,654.22",Light,Poorly-Lit,60
MMTI-2025-02343,Manila,Car,Rear-end,3,Cloudy,49.0,Male,0,166413.67,Heavy,Well-Lit,80
MMTI-2025-00128,Manila,Car,Side-swipe,3,Cloudy,0.0,Male,0,"PHP 175,909.82",Moderate,Well-Lit,60
MMTI-2025-01743,Quezon,Car,Side-swipe,3,Stormy,20.0,Female,0,99999999,Moderate,Well-Lit,60 kph
MMTI-2025-09971,Manila,Car,Side-swipe,3,Cloudy,29.0,Male,0,166449.34,Heavy,Well-Lit,60
MMTI-2025-00106,Taguig,Car,Rear-end,3,Cloudy,18.0,Male,0,286377.18,Moderate,Well-Lit,40 kph
MMTI-2025-20073,Quezon,Car,Side-swipe,9.0,Rainy,46.0,Male,3,1298972.48,Moderate,Poorly-Lit,40
MMTI-2025-00823,Mandaluyong,Car,Hit and Run,3,Clear,34.0,Male,0,72597.62,Heavy,Well-Lit,60
MMTI-2025-23265,Pasig,,Side-swipe,,Clear,17.0,Female,0,71.2k,Light,Well-Lit,60
MMTI-2025-18313,MUNTINLUPA ,Jeepney,Hit and Run,3,Clear,29.0,M,0,34944.29,,Well-Lit,40 km/h
MMTI-2025-13413,Las Pinas,Car,Head-on,3,Clear,46.0,Male,0,"PHP 90,743.73",Heavy,Well-Lit,30 kph
MMTI-2025-18683,Manila,Truck,Rear-end,,Cloudy,27.0,Female,0,423419.53,Moderate,Poorly-Lit,60
MMTI-2025-23428,Quezon,Car,Head-on,3,Rainy,43.0,M,0,981718.68,Moderate,Well-Lit,60
MMTI-2025-05750,Mandaluyong,Truck,Hit and Run,3,Clear,17.0,Male,0,70230.01,Heavy,Well-Lit,40
MMTI-2025-01295,Valenzuela,Car,Side-swipe,,,42.0,F,0,41045.46,Heavy,Poorly-Lit,60
MMTI-2025-01637,Mandaluyong,Truck,Rear-end,3,Clear,39.0,Male,0,678855.46,,well lit,30 km/h
MMTI-2025-06565,Las Pinas,Car,Head-on,3,Clear,34.0,Male,0,87922.06,Moderate,Poorly-Lit,60
MMTI-2025-14210,,SUV/Van,Rear-end,3,Clear,21.0,Male,0,65951.06,Heavy,POOR,60
MMTI-2025-00613,Quezon,Car,Side-swipe,3,Rainy,37.0,Male,0,1019005.92,Heavy,Well-Lit,60
MMTI-2025-20041,Las Pinas,Car,Hit and Run,Risk Level 6,Clear,44.0,Male,3,"PHP 86,163.58",Heavy,Well-Lit,60
MMTI-2025-11216,,Motorcycle,Rear-end,3,Rain,46.0,M,0,"PHP 40,086.84",,Well-Lit,60
MMTI-2025-20685,Manila,Truck,Side-swipe,3.0,Clear,-10.0,Male,0,987628.83,,POOR,60 km/h
MMTI-2025-16920,Quezon,Car,Side-swipe,3.0,Cloudy,150.0,female ,0,520764.85,Moderate,Poorly-Lit,30 kph
MMTI-2025-06751,Paranaque,Truck,Head-on,1.0,,47.0,Male,0,91790.39,Moderate,Unlit,60
MMTI-2025-22380,Makati,Car,Head-on,3.0,Cloudy,46.0,Unknown,0,267630.22,Heavy,Well-Lit,80 km/h
MMTI-2025-11637,Caloocan,Car,Side-swipe,2.0,Rain,32.0,Male,0,,Light,dark,60
MMTI-2025-08326,Quezon,Car,Rear-end,3,Rainy,33.0,Female,0,"PHP 713,737.90",LIGHT,Well-Lit,60
MMTI-2025-02691,PARANAQUE ,Motorcycle,Side-swipe,3.0,Clear,,Male,0,9433.06,Moderate,Well-Lit,40
MMTI-2025-00060,Marikina,Car,Hit and Run,,Clear,24.0,Female,4,91785.31,Light,Poorly-Lit,60 km/h
MMTI-2025-18764,Navotas,SUV/Van,Hit and Run,Risk Level 3,Clear,17.0,Male,0,36379.56,Moderate,Unlit,40
MMTI-2025-05025,Manila,,Head-on,3.0,Clear,53.0,Male,0,297214.98,Heavy,Well-Lit,60 kph
MMTI-2025-08848,Makati,Car,Rear-end,3,Cloudy,41.0,Male,0,215233.33,Light,Poorly-Lit,80
MMTI-2025-20449,Paranaque,Car,Rear-end,3,Clear,32.0,Male,0,98.8k,Heavy,Well-Lit,60
MMTI-2025-13923,,Jeepney,Hit and Run,2,Rain,42.0,Male,0,30697.62,,dark,60 km/h
MMTI-2025-03824,Pasay,Car,Head-on,2,Clear,27.0,Male,0,46504.37,Heavy,Well-Lit,60
MMTI-2025-16239,Manila,Car,Rear-end,Risk Level 3,Cloudy,36.0,Male,0,205962.14,Heavy,Well-Lit,100
MMTI-2025-10023,Paranaque,SUV/Van,Rear-end,3,Clear,32.0,Female,0,"PHP 116,164.60",Moderate,Well-Lit,60 kph
MMTI-2025-20519,Quezon,Jeepney,Side-swipe,3.0,Rainy,42.0,Male,0,"PHP 1,447,285.53",MODERATE,well lit,60
MMTI-2025-12005,Marikina,SUV/Van,Hit and Run,3,Clear,51.0,Male,0,,Moderate,Well-Lit,80 km/h
MMTI-2025-23155,Muntinlupa,Car,Side-swipe,Risk Level 3,Clear,17.0,Female,0,57104.78,Moderate,Well-Lit,60 km/h
MMTI-2025-03705,Paranaque,Truck,Hit and Run,Risk Level 3,Clear,50.0,Male,0,123123.75,Heavy,Well-Lit,80
MMTI-2025-20335,San Juan,Truck,Rear-end,Risk Level 6,Clear,25.0,Female,2,,Heavy,Well-Lit,30 km/h
MMTI-2025-14115, caloocan,Bus,Side-swipe,2,Clear,46.0,Female,0,121785.4,,Well-Lit,40 km/h
MMTI-2025-09742,Muntinlupa,Motorcycle,Hit and Run,Risk Level 3,Clear,25.0,Male,0,52531.07,Heavy,Lit,30 km/h
MMTI-2025-19777,Makati,,Head-on,3.0,Clear,42.0,Male,0,106709.22,Heavy,Poorly-Lit,60
MMTI-2025-15061,Pasig,Truck,Rear-end,3,Clear,38.0,Female,0,157992.35,Heavy,Well-Lit,60 km/h
MMTI-2025-03278,Makati,Car,Head-on,,Clear,54.0,Male,0,"PHP 57,099.60",Heavy,Well-Lit,80
MMTI-2025-21762,SAN JUAN ,,Hit and Run,3.0,Clear,41.0,Male,0,232419.71,Moderate,Poorly-Lit,30
MMTI-2025-04302,Paranaque,Jeepney,Hit and Run,Risk Level 3,Clear,43.0,Male,0,100512.7,Moderate,Well-Lit,60
MMTI-2025-10448,Pasig,Motorcycle,Rear-end,3.0,Clear,47.0,Male,0,135049.85,Heavy,Well-Lit,30
MMTI-2025-17486,San Juan,Car,Side-swipe,3.0,Clear,35.0,Male,0,"PHP 39,526.51",MODERATE,Well-Lit,30 km/h
MMTI-2025-06931,QUEZON ,Truck,Head-on,3,,37.0,Female,0,,Heavy,Well-Lit,60 km/h
MMTI-2025-05662,Paranaque,SUV/Van,Rear-end,Risk Level 3,Clear,47.0,Female,0,107871.45,Light,Well-Lit,80
MMTI-2025-17437,Marikina,Car,Hit and Run,1.0,Clear,44.0,Male,0,64267.35,Moderate,Poorly-Lit,80
MMTI-2025-00166,Quezon,Car,Side-swipe,3,Rainy,56.0,Male,0,1313704.63,Moderate,Well-Lit,30
MMTI-2025-23220,Caloocan,Car,Rear-end,Risk Level 3,Clear,47.0,Female,0,44353.72,HEAVY,Poorly-Lit,60
MMTI-2025-18741,Quezon,Car,Rear-end,2,Cloudy,33.0,Female,0,430806.2,Heavy,Well-Lit,60 kph
MMTI-2025-18830,Makati,Car,Head-on,Risk Level 6,Cloudy,17.0,Male,4,"PHP 252,858.71",Heavy,POOR,60 kph
MMTI-2025-03501,Caloocan,,Side-swipe,Risk Level 3,Clear,28.0,Male,0,192871.03,Heavy,Poorly-Lit,60
MMTI-2025-10857,Paranaque,Motorcycle,Side-swipe,3,Clear,21.0,Male,0,108827.84,MODERATE,Unlit,30
MMTI-2025-02804,Valenzuela,Car,Hit and Run,,Clear,33.0,Male,0,53127.01,Heavy,Unlit,60
MMTI-2025-16875,,,Side-swipe,6.0,Clear,45.0,Unknown,1,328588.0,Heavy,Well-Lit,60 km/h
MMTI-2025-09333,Las Pinas,Car,Rear-end,Risk Level 2,Clear,40.0,Male,0,87720.96,Heavy,Well-Lit,100
MMTI-2025-13057,Mandaluyong,Car,Rear-end,3,Clear,37.0,Male,0,74271.67,Moderate,Well-Lit,60
MMTI-2025-19668,Makati,Car,Rear-end,6,Cloudy,31.0,Female,3,220933.93,Moderate,Well-Lit,80
MMTI-2025-21399,Quezon,SUV/Van,Head-on,Risk Level 6,Rainy,50.0,Male,4,833232.65,MODERATE,Well-Lit,80 km/h
MMTI-2025-07504,Makati,Car,Head-on,3.0,Cloudy,44.0,Male,0,222360.79,Moderate,Well-Lit,60
MMTI-2025-05691,Quezon,Car,Side-swipe,9,Rainy,30.0,Female,2,715892.32,Heavy,Well-Lit,60 km/h
MMTI-2025-00527,Paranaque,Motorcycle,Hit and Run,3,Clear,34.0,Female,0,110721.43,Heavy,dark,60 kph
MMTI-2025-18846,Quezon,Car,Side-swipe,Risk Level 6,Rainy,57.0,Female,3,649301.2,Heavy,Poorly-Lit,40 kph
MMTI-2025-14168,Las Pinas,Motorcycle,Head-on,4,Clear,29.0,Male,2,,Heavy,Well-Lit,40
MMTI-2025-03189,Marikina,Car,Hit and Run,Risk Level 3,Clear,24.0,Male,0,64941.07,Light,Well-Lit,30
MMTI-2025-20926,Manila,SUV/Van,Rear-end,3,Storm,,Female,0,411979.55,Moderate,Lit,60 kph
MMTI-2025-13700,Quezon,Car,Rear-end,4,,41.0,Male,4,"PHP 220,459.24",Moderate,Poorly-Lit,40 kph
MMTI-2025-18713,Quezon,SUV/Van,Side-swipe,Risk Level 3,Stormy,33.0,Male,0,77777777,Heavy,Poorly-Lit,80 km/h
MMTI-2025-16649,Las Pinas,Jeepney,Side-swipe,3,Clear,49.0,Male,0,90993.72,Moderate,Poorly-Lit,60
MMTI-2025-18384,Makati,Jeepney,Rear-end,3,,47.0,Male,0,,,Well-Lit,100
MMTI-2025-21396,,Motorcycle,Side-swipe,3.0,Clear,46.0,Male,0,20502.96,HEAVY,Well-Lit,60 km/h
MMTI-2025-12750,Muntinlupa,Car,Head-on,3,Clear,50.0,M,0,51200.77,HEAVY,well lit,30
MMTI-2025-17767,Makati,Jeepney,Head-on,Risk Level 6,Clear,47.0,Male,3,104001.94,,Poorly-Lit,40
MMTI-2025-08379,Pasig,,Side-swipe,3,Rain,48.0,Female,0,250681.36,Heavy,well lit,80
MMTI-2025-16036,Quezon,Car,Head-on,2,,43.0,Male,0,30519.56,Moderate,well lit,80
MMTI-2025-15178,Manila,,Hit and Run,3.0,Clear,17.0,Female,0,194647.45,Moderate,Poorly-Lit,30 km/h
MMTI-2025-01132,Marikina,Bus,Head-on,3,Cloudy,23.0,Male,0,,Moderate,Poorly-Lit,60
MMTI-2025-14226,Quezon,,Hit and Run,3.0,Storm,44.0,female ,0,0,Heavy,dark,60
MMTI-2025-11495,Pasig,Motorcycle,Hit and Run,3.0,Clear,40.0,Male,0,"PHP 126,739.26",Heavy,No Lights,60 kph
MMTI-2025-13895,Mandaluyong,Car,Hit and Run,2.0,Clear,34.0,Female,0,31.3k,,Well-Lit,40
MMTI-2025-13355,,Truck,Hit and Run,Risk Level 6,Clear,39.0,Female,2,2963047.83,Heavy,Well-Lit,60
MMTI-2025-16802,Taguig,Car,Head-on,Risk Level 3,Cloudy,35.0,Female,0,269267.82,Heavy,Poorly-Lit,60 km/h
MMTI-2025-01091,Quezon,Car,Rear-end,3,Rainy,33.0,male,0,1392264.65,Heavy,Well-Lit,40
MMTI-2025-04350,,Truck,Head-on,Risk Level 3,Cloudy,35.0,Male,0,0,Moderate,Well-Lit,60
MMTI-2025-06408,Pasig,Motorcycle,Head-on,1.0,Clear,50.0,Female,0,139175.65,Moderate,No Lights,40 km/h
MMTI-2025-20794,Quezon,Truck,Side-swipe,Risk Level 1,Cloudy,34.0,Female,0,493561.98,Light,Well-Lit,60
MMTI-2025-03950,Taguig,Car,Side-swipe,3,Cloudy,52.0,Female,0,285351.31,Moderate,Well-Lit,100
MMTI-2025-10099,Manila,,Head-on,2,Cloudy,37.0,Male,0,,,Well-Lit,60 km/h
MMTI-2025-06703,Pasig,Car,Head-on,3,Clear,18.0,Male,0,128891.72,Moderate,No Lights,30 km/h
MMTI-2025-13070,Taguig,Car,Hit and Run,4,Cloudy,35.0,Male,2,300421.77,MODERATE,Well-Lit,60 km/h
MMTI-2025-05970,CALOOCAN ,Motorcycle,Head-on,Risk Level 1,Clear,,Male,0,7155.34,Moderate,Well-Lit,60
MMTI-2025-08791,Quezon,Car,Rear-end,6,Rainy,40.0,Female,2,1214590.15,Moderate,Unlit,60
MMTI-2025-11850,Taguig,Motorcycle,Hit and Run,2,Cloudy,51.0,Male,0,273205.15,Moderate,Well-Lit,60
MMTI-2025-22386,Paranaque,Car,Head-on,3.0,Clear,30.0,Male,0,"PHP 115,454.70",Heavy,Well-Lit,60
MMTI-2025-05469,Paranaque,SUV/Van,Side-swipe,,Clear,32.0,Female,0,50702.49,Moderate,Poorly-Lit,60 km/h
MMTI-2025-22263,Quezon,Motorcycle,Hit and Run,3,Cloudy,43.0,Male,0,"PHP 362,102.40",Moderate,Well-Lit,80 km/h
MMTI-2025-14212,Makati,Car,Head-on,3,Cloudy,46.0,Male,0,229717.22,HEAVY,Well-Lit,60
MMTI-2025-05332,Quezon,SUV/Van,Rear-end,3,Rainy,59.0,Male,0,873520.64,Heavy,Well-Lit,80
MMTI-2025-15868,Pasig,,Rear-end,Risk Level 3,Cloudy,32.0,Male,0,190126.82,Heavy,Well-Lit,30
MMTI-2025-09932,Quezon,Jeepney,Rear-end,,Clear,43.0,Female,0,6574.82,Heavy,Well-Lit,60
MMTI-2025-02955,Caloocan,Motorcycle,Rear-end,1.0,Clear,36.0,Male,0,44486.73,Moderate,well lit,60
MMTI-2025-02616,Mandaluyong,SUV/Van,Rear-end,3,Clear,33.0,Male,0,80924.2,Heavy,Well-Lit,60
MMTI-2025-14760,Quezon,Car,Hit and Run,3.0,Stormy,56.0,Male,0,1984627.27,Heavy,Well-Lit,60
MMTI-2025-03906,Quezon,Motorcycle,Hit and Run,6.0,Rainy,25.0,Male,3,866260.24,Moderate,Well-Lit,80 km/h
MMTI-2025-10096,Pasig,Car,Rear-end,Risk Level 1,Clear,17.0,male,0,146781.92,MODERATE,Well-Lit,40 km/h
MMTI-2025-12006,Quezon,Motorcycle,Side-swipe,3,,47.0,Male,0,57251.41,Heavy,Well-Lit,60
MMTI-2025-19394,Quezon,Car,Rear-end,3,Rainy,48.0,Male,0,794840.37,HEAVY,Well-Lit,60
MMTI-2025-16750,Pasig,,Head-on,Risk Level 3,Clear,28.0,Male,0,193588.19,Heavy,Well-Lit,40
MMTI-2025-01550,Pateros,Car,Head-on,1,Clear,42.0,Male,0,36209.99,MODERATE,Poorly-Lit,100
MMTI-2025-09784,MUNTINLUPA ,Truck,Side-swipe,3.0,,19.0,Male,0,1434416.48,Moderate,Well-Lit,60 km/h
MMTI-2025-03340,Quezon,,Hit and Run,Risk Level 3,Storm,51.0,Male,0,99999999,Heavy,Well-Lit,60
MMTI-2025-19999,Pasay,Motorcycle,Side-swipe,2,Clear,50.0,Male,0,47015.87,Heavy,Well-Lit,30
MMTI-2025-16210,Quezon,Jeepney,Hit and Run,6,Stormy,43.0,Female,1,3213804.67,Moderate,Well-Lit,60
MMTI-2025-11567,Quezon,Motorcycle,Hit and Run,3.0,Cloudy,36.0,Male,0,"PHP 453,602.19",Heavy,Poorly-Lit,60
MMTI-2025-12210,Taguig,Truck,Rear-end,6.0,,38.0,Male,3,1802333.04,Heavy,Poorly-Lit,60
MMTI-2025-19929,TAGUIG ,SUV/Van,Rear-end,6,Cloudy,50.0,female ,2,491918.62,,dark,40
MMTI-2025-15189,Quezon,Motorcycle,Rear-end,2.0,Cloudy,39.0,Male,0,402881.6,Heavy,Poorly-Lit,60