Incident_ID,City,Vehicle_Type,Accident_Type,Severity,Weather_Condition,Driver_Age,Driver_Gender,Injury_Count,Damage_Cost_PHP,Traffic_Volume,Road_Lighting,Speed_Limit
MMTI-2025-03068,Quezon,Motorcycle,Side-swipe,3,Cloudy,45.0,Unknown,0,"PHP 395,689.06",Heavy,Poorly-Lit,30
MMTI-2025-05716,,Jeepney,Head-on,,Clear,35.0,Male,0,32854.88,Heavy,Lit,60
MMTI-2025-14743,Quezon,Car,Side-swipe,3,Rainy,33.0,Male,0,1163308.49,Heavy,Unlit,40
MMTI-2025-02365,Quezon,Motorcycle,Rear-end,3,Stormy,30.0,Female,0,"PHP 2,158,318.45",Heavy,Poorly-Lit,60
MMTI-2025-23021,Manila,Motorcycle,Hit and Run,3,Cloudy,19.0,Male,0,40600.32,,Poorly-Lit,60 kph
MMTI-2025-08237,Paranaque,Car,Head-on,Risk Level 2,Clear,31.0,Male,0,108020.41,MODERATE,Poorly-Lit,30
MMTI-2025-10259,Manila,SUV/Van,Hit and Run,,Storm,34.0,Male,0,,Moderate,Well-Lit,60 km/h
MMTI-2025-00922,Quezon,Car,Hit and Run,Risk Level 3,Cloudy,45.0,Male,0,445874.77,Heavy,Well-Lit,60
MMTI-2025-00946, quezon,,Head-on,2,Clear,38.0,Male,0,65435.3,Moderate,Poorly-Lit,100
MMTI-2025-09214,Caloocan,Car,Rear-end,9,,47.0,female ,1,"PHP 487,233.41",,Poorly-Lit,80
MMTI-2025-04777,Taguig,Car,Rear-end,3,Cloudy,39.0,female ,0,341779.42,Heavy,Well-Lit,40
MMTI-2025-14941,Manila,Car,Hit and Run,3,Clear,,Female,0,136797.56,Heavy,Well-Lit,40
MMTI-2025-13890,Quezon,SUV/Van,Head-on,Risk Level 3,,33.0,Female,0,266485.49,Heavy,Well-Lit,80
MMTI-2025-14648,,Bus,Hit and Run,Risk Level 2,Clear,45.0,F,0,283997.89,Heavy,dark,100
MMTI-2025-10621,Manila,Truck,Side-swipe,3,Rain,43.0,Male,0,1159650.26,,Well-Lit,60 km/h
MMTI-2025-17982,Navotas,Motorcycle,Rear-end,Risk Level 3,,22.0,Male,0,39068.64,Heavy,Poorly-Lit,60
MMTI-2025-23108,Makati,Car,Hit and Run,Risk Level 3,Clear,30.0,Male,0,,Moderate,Well-Lit,80
MMTI-2025-23169,Mandaluyong,Motorcycle,Side-swipe,3.0,Clear,38.0,Male,0,76012.98,Heavy,Well-Lit,30
MMTI-2025-06020,Valenzuela,Bus,Rear-end,3,Rain,,Male,0,0,Heavy,well lit,60 km/h
MMTI-2025-09041,Marikina,Car,Rear-end,3,Rain,,Male,0,"PHP 215,673.42",Heavy,Well-Lit,40
MMTI-2025-09207,Marikina,Motorcycle,Side-swipe,3.0,Clear,32.0,Male,0,65947.81,Moderate,No Lights,100
MMTI-2025-16636,Muntinlupa,Motorcycle,Side-swipe,Risk Level 3,,45.0,Male,0,"PHP 35,502.66",Heavy,Well-Lit,40
MMTI-2025-13146,Quezon,Motorcycle,Side-swipe,3,Rainy,47.0,Male,0,878729.93,Heavy,Well-Lit,30 kph
MMTI-2025-13904,Taguig,Car,Head-on,3.0,Rain,58.0,Male,0,169333.26,,Well-Lit,80
MMTI-2025-14215,Quezon,Car,Side-swipe,3,Rainy,37.0,Male,0,979788.31,HEAVY,Unlit,80
MMTI-2025-09865,Caloocan,Motorcycle,Hit and Run,3,Clear,34.0,Male,0,44234.1,MODERATE,Unlit,100
MMTI-2025-13263,Quezon,SUV/Van,Side-swipe,Risk Level 3,Stormy,27.0,Female,0,1903204.99,Moderate,Poorly-Lit,60
MMTI-2025-15477,QUEZON ,,Hit and Run,3.0,Rain,31.0,Male,0,80172.55,,Well-Lit,60
MMTI-2025-14201,Quezon,Car,Head-on,Risk Level 3,Cloudy,29.0,Unknown,0,572.6k,Light,Well-Lit,40 km/h
MMTI-2025-15657,,Jeepney,Rear-end,3,Clear,,Female,0,34020.53,Heavy,Well-Lit,60
MMTI-2025-11175,Quezon,Motorcycle,Rear-end,3.0,Cloudy,48.0,Female,0,407177.74,Heavy,Well-Lit,30
MMTI-2025-07774,Quezon,Motorcycle,Head-on,6.0,Rainy,44.0,Male,1,1006538.48,Heavy,Lit,60
MMTI-2025-01813,Valenzuela,Jeepney,Head-on,,Clear,35.0,Male,2,21918.58,Heavy,No Lights,40 km/h
MMTI-2025-18354,Manila,,Rear-end,4,Clear,31.0,Male,2,87560.25,Moderate,Well-Lit,80
MMTI-2025-22397,Manila,Motorcycle,Head-on,3,Cloudy,22.0,Male,0,185438.03,Heavy,Poorly-Lit,60
MMTI-2025-17379,,,Hit and Run,3,Cloudy,24.0,Male,0,205599.59,Moderate,Well-Lit,100
MMTI-2025-09923, muntinlupa,Car,Hit and Run,6.0,Rain,42.0,Female,1,167796.23,,Unlit,60
MMTI-2025-13948,Taguig,Motorcycle,Rear-end,3.0,Cloudy,23.0,Male,0,283944.7,Heavy,dark,40 km/h
MMTI-2025-02192,Quezon,Motorcycle,Side-swipe,3.0,Rainy,48.0,Male,0,810235.97,Heavy,Poorly-Lit,60
MMTI-2025-18814,Paranaque,Car,Hit and Run,3.0,Clear,44.0,Female,0,122357.03,Moderate,Well-Lit,80 km/h
MMTI-2025-21791,,Truck,Hit and Run,3,Clear,27.0,Female,0,499257.1,Heavy,Well-Lit,60
MMTI-2025-09866,Taguig,Bus,Rear-end,2,Clear,36.0,Female,0,,Heavy,Well-Lit,60 km/h
MMTI-2025-16870,Muntinlupa,Motorcycle,Head-on,3.0,Clear,46.0,Female,0,52780.04,Heavy,Well-Lit,60
MMTI-2025-15583,Makati,Truck,Hit and Run,3.0,Cloudy,48.0,Female,0,253475.43,Heavy,Unlit,60
MMTI-2025-09845, quezon,,Side-swipe,3,,25.0,Female,0,105426.8,Heavy,Well-Lit,60
MMTI-2025-08608,Quezon,Car,Side-swipe,3.0,Rainy,66.0,Female,0,882667.47,Heavy,Well-Lit,30
MMTI-2025-01726,Quezon,Truck,Rear-end,,Clear,41.0,M,0,220233.1,Heavy,Poorly-Lit,60
MMTI-2025-19219,Muntinlupa,Truck,Side-swipe,1,Clear,46.0,Male,0,51418.78,Moderate,Poorly-Lit,60
MMTI-2025-13238,,Motorcycle,Hit and Run,3,Cloudy,27.0,Male,0,13080.51,Moderate,Well-Lit,40
MMTI-2025-09752,Manila,Motorcycle,Hit and Run,6.0,Cloudy,29.0,F,2,171572.7,Heavy,Poorly-Lit,60 kph
MMTI-2025-09284,Quezon,Car,Side-swipe,Risk Level 3,Rainy,49.0,Male,0,629064.24,Heavy,Well-Lit,60
MMTI-2025-23278,Manila,Truck,Head-on,3.0,,50.0,Male,0,733704.1,Heavy,Poorly-Lit,60
MMTI-2025-23365,Quezon,Car,Side-swipe,3.0,Rainy,32.0,Male,0,1321209.58,Moderate,Unlit,40
MMTI-2025-05759,Quezon,Car,Head-on,3,Clear,28.0,Male,0,85782.06,,Well-Lit,60
MMTI-2025-14980,Manila,Truck,Hit and Run,3,,31.0,Male,0,225519.1,Heavy,Well-Lit,60 kph
MMTI-2025-14877,Quezon,Car,Head-on,,Cloudy,37.0,Male,0,68368.03,Heavy,Well-Lit,60
MMTI-2025-23520,Pasig,Car,Side-swipe,3.0,Clear,44.0,F,0,146158.6,HEAVY,Well-Lit,80
MMTI-2025-18352,Malabon,Motorcycle,Side-swipe,Risk Level 2,Clear,22.0,Male,0,,Moderate,Well-Lit,60
MMTI-2025-04707,Manila,Car,Head-on,3,Cloudy,27.0,Male,0,169602.72,Heavy,Well-Lit,30
MMTI-2025-04602,Manila,Motorcycle,Head-on,3,Cloudy,49.0,Male,0,184053.02,Heavy,POOR,60 km/h
MMTI-2025-22892,Manila,Truck,Side-swipe,,Clear,38.0,Male,0,443327.72,Moderate,POOR,60 kph
MMTI-2025-01725,,Car,Rear-end,3,Cloudy,41.0,female ,0,237022.62,Moderate,Well-Lit,60
MMTI-2025-01214,San Juan,Motorcycle,Head-on,3.0,Clear,34.0,Male,0,38514.45,Heavy,Well-Lit,40
MMTI-2025-16872,Quezon,Motorcycle,Head-on,6,Stormy,31.0,Male,2,77777777,Heavy,Well-Lit,60
MMTI-2025-05890,Mandaluyong,SUV/Van,Hit and Run,Risk Level 6,Clear,150.0,Male,1,77812.47,Heavy,Well-Lit,80
MMTI-2025-10060,Manila,,Rear-end,3,Clear,40.0,Male,0,77777777,Heavy,dark,60
MMTI-2025-11731,,,Head-on,,Clear,51.0,Female,4,33913.4,Heavy,well lit,40
MMTI-2025-16122,Makati,Car,Rear-end,3,,55.0,Male,0,142713.0,Heavy,Well-Lit,30
MMTI-2025-04709,Quezon,Motorcycle,Hit and Run,3.0,Rainy,20.0,Male,0,964795.2,Heavy,Unlit,40
MMTI-2025-22730,Quezon,Car,Head-on,3.0,Rainy,23.0,Male,0,"PHP 1,497,688.94",Moderate,Well-Lit,40
MMTI-2025-12614,Valenzuela,Truck,Rear-end,,Rain,46.0,Male,0,328269.04,Heavy,Well-Lit,100
MMTI-2025-18803,Las Pinas,Truck,Side-swipe,2,,53.0,Male,0,"PHP 548,574.16",Moderate,Well-Lit,60
MMTI-2025-09414,Quezon,Truck,Hit and Run,3.0,Cloudy,29.0,Male,0,357015.01,Light,Well-Lit,60
MMTI-2025-04571,Manila,Car,Hit and Run,3.0,Cloudy,64.0,Male,0,208132.29,Heavy,well lit,60 km/h
MMTI-2025-12594,Quezon,Motorcycle,Rear-end,6,Cloudy,35.0,Male,1,364219.65,Heavy,Well-Lit,60
MMTI-2025-13541,Manila,SUV/Van,Hit and Run,Risk Level 6,Clear,38.0,Male,4,,Moderate,Well-Lit,60
MMTI-2025-16599,Muntinlupa,SUV/Van,Hit and Run,Risk Level 3,Clear,41.0,Unknown,0,56846.79,Heavy,dark,60
MMTI-2025-18041,Makati,Motorcycle,Rear-end,Risk Level 3,Cloudy,30.0,Male,0,222604.37,Light,Poorly-Lit,80 km/h
MMTI-2025-08355,Makati,Car,Side-swipe,3,Cloudy,53.0,Male,0,231957.71,Heavy,Well-Lit,30
MMTI-2025-16339,,Jeepney,Head-on,6,Clear,,Male,1,160522.81,Moderate,Well-Lit,100
MMTI-2025-17283,Quezon,Car,Rear-end,Risk Level 3,Cloudy,28.0,female ,0,371773.12,Moderate,Poorly-Lit,60
MMTI-2025-09449,Marikina,Motorcycle,Hit and Run,,Clear,22.0,Unknown,0,"PHP 3,169.51",Heavy,Well-Lit,40
MMTI-2025-00290,Makati,Motorcycle,Side-swipe,6,Cloudy,31.0,Male,4,251206.81,Heavy,No Lights,60 km/h
MMTI-2025-21013, caloocan,Car,Hit and Run,3,Clear,,female ,0,40659.4,Heavy,Poorly-Lit,40
MMTI-2025-07110,Taguig,Bus,Side-swipe,Risk Level 3,Clear,38.0,Male,0,,Heavy,Poorly-Lit,80
MMTI-2025-05282,Makati,Motorcycle,Head-on,3,Cloudy,37.0,female ,0,237811.28,Moderate,Well-Lit,60 km/h
MMTI-2025-05985,Pasig,Car,Hit and Run,3,Clear,39.0,Male,0,133701.15,Heavy,Well-Lit,60 km/h
MMTI-2025-05993,QUEZON ,,Side-swipe,,Rain,35.0,Male,0,92046.19,MODERATE,Well-Lit,60 kph
MMTI-2025-18658, makati,Motorcycle,Rear-end,,Clear,33.0,M,0,"PHP 15,377.98",Heavy,Well-Lit,60 km/h
MMTI-2025-10599,Manila,Car,Rear-end,1.0,Cloudy,35.0,Female,0,172573.83,Light,Well-Lit,60
MMTI-2025-21808,Quezon,SUV/Van,Hit and Run,3,Rainy,41.0,Male,0,964981.11,Heavy,Well-Lit,60
MMTI-2025-06056,Quezon,Motorcycle,Rear-end,1.0,Clear,42.0,Female,0,13269.08,,Unlit,30 kph
MMTI-2025-04537,Pateros,Jeepney,Rear-end,3.0,,39.0,Male,0,-500,Moderate,Well-Lit,80
MMTI-2025-23027,Pasig,Truck,Hit and Run,3.0,Clear,30.0,Female,0,124454.65,Moderate,Well-Lit,60
MMTI-2025-01594,Pasay,SUV/Van,Side-swipe,Risk Level 3,Clear,,Unknown,0,312765.59,Light,Well-Lit,40 km/h
MMTI-2025-22759,Manila,Car,Rear-end,3.0,Cloudy,23.0,Male,0,206175.79,Moderate,Well-Lit,30
MMTI-2025-07117, las pinas,Truck,Rear-end,2,,47.0,Unknown,0,106335.3,Light,Poorly-Lit,40
MMTI-2025-13190,Manila,Truck,Hit and Run,,Clear,21.0,Male,0,417493.51,Heavy,Well-Lit,60
MMTI-2025-10573,Quezon,,Hit and Run,3,Rain,30.0,Female,0,80631.17,Heavy,Well-Lit,60
MMTI-2025-07128,Makati,Car,Side-swipe,3,Cloudy,50.0,Female,0,248064.04,Heavy,Well-Lit,80
MMTI-2025-18311,Makati,SUV/Van,Side-swipe,Risk Level 3,Clear,40.0,Male,0,,,Unlit,60 kph
MMTI-2025-22813,Taguig,Car,Hit and Run,4.0,Cloudy,37.0,Male,1,282744.11,Heavy,Well-Lit,40
MMTI-2025-10314,Pasig,Jeepney,Head-on,Risk Level 2,Clear,33.0,Male,0,132.6k,Moderate,Unlit,60
MMTI-2025-14216,Quezon,Jeepney,Rear-end,6,Cloudy,33.0,Male,1,382302.37,Light,Well-Lit,80
MMTI-2025-23093,Quezon,Car,Hit and Run,3,Rainy,48.0,Female,0,906942.49,Heavy,Well-Lit,80
MMTI-2025-02932,Manila,SUV/Van,Hit and Run,6,Cloudy,29.0,M,1,"PHP 211,320.55",Heavy,Unlit,60
MMTI-2025-08279,Las Pinas,Car,Rear-end,4,Clear,39.0,Male,3,96185.46,Heavy,Poorly-Lit,60 kph
MMTI-2025-10986,Quezon,Car,Head-on,3,Rainy,44.0,male,0,1166542.67,Moderate,Well-Lit,60
MMTI-2025-21033,Mandaluyong,Car,Rear-end,6,Clear,42.0,Female,1,80407.27,Moderate,Well-Lit,80 km/h
MMTI-2025-21298,Pasay,Truck,Rear-end,,Clear,33.0,Unknown,0,419017.63,HEAVY,dark,60
MMTI-2025-06196,Pasay,Motorcycle,Hit and Run,3,Clear,35.0,Female,0,46085.97,Heavy,Well-Lit,60 km/h
MMTI-2025-03797,Makati,Car,Side-swipe,3,Cloudy,55.0,Male,0,231396.97,Heavy,Unlit,80
MMTI-2025-06381,Mandaluyong,Car,Head-on,3.0,Clear,53.0,Female,0,68919.13,Moderate,Well-Lit,60
MMTI-2025-22720,Taguig,Car,Head-on,3.0,Cloudy,47.0,Male,0,310.6k,Heavy,Poorly-Lit,60
MMTI-2025-17020,Muntinlupa,Car,Rear-end,3,Clear,32.0,Female,0,56109.65,Heavy,Unlit,60
MMTI-2025-06732,Manila,Truck,Hit and Run,,Storm,46.0,Male,4,481056.1,HEAVY,Well-Lit,80
MMTI-2025-15321,Manila,SUV/Van,Side-swipe,Risk Level 1,Clear,47.0,Male,0,88996.54,,Lit,40
MMTI-2025-20730,Manila,Motorcycle,Side-swipe,,Clear,37.0,Male,0,5951.53,,Well-Lit,60
MMTI-2025-07879,Pasig,Motorcycle,Rear-end,3,Clear,48.0,Female,0,134942.64,Moderate,Poorly-Lit,60 kph
MMTI-2025-21984,Quezon,Car,Side-swipe,3.0,Rainy,43.0,Male,0,817670.17,Heavy,Well-Lit,60
MMTI-2025-16973,Quezon,Motorcycle,Rear-end,3,Stormy,0.0,F,0,1783769.63,Heavy,Poorly-Lit,30
MMTI-2025-18732,Quezon,,Side-swipe,,Clear,46.0,Male,0,67128.26,Heavy,Well-Lit,60
MMTI-2025-05110,PATEROS ,Car,Side-swipe,4,Cloudy,31.0,male,1,217371.49,,Well-Lit,80
MMTI-2025-16507,Quezon,Car,Rear-end,6,Cloudy,22.0,Female,1,584104.89,Moderate,POOR,60 kph
MMTI-2025-14599,Mandaluyong,Car,Head-on,3,Clear,17.0,Female,0,69303.12,Heavy,Poorly-Lit,40 km/h
MMTI-2025-03764,Marikina,Car,Side-swipe,2.0,Clear,30.0,male,0,60127.37,MODERATE,Poorly-Lit,60 km/h
MMTI-2025-23080,Quezon,Car,Head-on,3.0,Stormy,30.0,male,0,77777777,Heavy,Unlit,60
MMTI-2025-16067,Quezon,Car,Side-swipe,3,Rainy,39.0,Male,0,856547.34,Moderate,Well-Lit,40
MMTI-2025-11428,Quezon,Car,Head-on,2,Cloudy,17.0,Female,0,467783.41,MODERATE,Well-Lit,80
MMTI-2025-11140,Quezon,Car,Side-swipe,Risk Level 3,Cloudy,30.0,Male,0,373873.46,Heavy,Well-Lit,80
MMTI-2025-18043,Quezon,Motorcycle,Rear-end,3,Rainy,19.0,Male,0,1034714.73,Heavy,Well-Lit,100 km/h
MMTI-2025-01097,Paranaque,,Head-on,3,Clear,17.0,Male,0,178029.41,HEAVY,dark,60
MMTI-2025-00123,Makati,Car,Rear-end,3,Cloudy,42.0,Female,0,234019.97,Heavy,Well-Lit,60
MMTI-2025-00434,Quezon,Truck,Side-swipe,3,Cloudy,17.0,F,0,527024.32,Heavy,Poorly-Lit,30 km/h
MMTI-2025-19965,MANILA ,,Hit and Run,4,Cloudy,47.0,Male,4,120357.12,Heavy,Well-Lit,60 km/h
MMTI-2025-07567,Quezon,Car,Rear-end,3,Cloudy,17.0,Male,0,610731.96,Light,Well-Lit,40
MMTI-2025-00963,Quezon,Truck,Rear-end,3,Stormy,55.0,Male,0,2001.7k,Heavy,Poorly-Lit,60
MMTI-2025-15612,Manila,Motorcycle,Side-swipe,3,Cloudy,35.0,Male,0,167163.35,Moderate,dark,40 kph
MMTI-2025-17958,Quezon,Car,Head-on,6,Cloudy,35.0,Male,3,474831.5,Heavy,Poorly-Lit,40 km/h
MMTI-2025-22747,Makati,Motorcycle,Rear-end,2,Cloudy,30.0,Male,0,-500,,Poorly-Lit,60
MMTI-2025-03162,,Jeepney,Hit and Run,Risk Level 3,Clear,48.0,Male,2,106667.79,Heavy,Unlit,60
MMTI-2025-13917,Taguig,Truck,Rear-end,,Clear,41.0,Female,0,239819.87,Heavy,Lit,30
MMTI-2025-14090,Muntinlupa,Bus,Side-swipe,3,Clear,,Male,0,463725.13,Heavy,Well-Lit,40
MMTI-2025-08241,Makati,Motorcycle,Hit and Run,,Clear,45.0,Male,0,7994.71,Heavy,Well-Lit,80
MMTI-2025-17002,QUEZON ,,Rear-end,Risk Level 2,Clear,39.0,Unknown,0,99884.5,,Poorly-Lit,40
MMTI-2025-20415,Paranaque,Motorcycle,Hit and Run,3,Clear,46.0,Female,0,111862.19,Heavy,Well-Lit,100
MMTI-2025-19285,Malabon,Truck,Head-on,Risk Level 3,Clear,19.0,Male,0,,Heavy,Lit,60
MMTI-2025-09585,,,Side-swipe,Risk Level 3,Cloudy,42.0,Male,0,33755.48,Heavy,Poorly-Lit,60
MMTI-2025-17577,,Jeepney,Head-on,3,Clear,42.0,Male,0,,Heavy,Well-Lit,60
MMTI-2025-13809, manila,Motorcycle,Hit and Run,,Clear,31.0,Unknown,0,,Heavy,Poorly-Lit,30
MMTI-2025-01598,Quezon,Motorcycle,Hit and Run,3,Rainy,17.0,Male,0,1506122.12,Heavy,Well-Lit,30
MMTI-2025-13416,Paranaque,Truck,Side-swipe,2,Clear,35.0,Male,1,101539.5,Light,Well-Lit,80
MMTI-2025-22831, quezon,,Side-swipe,,Clear,24.0,Male,0,63009.92,Heavy,Unlit,60
MMTI-2025-06062,Makati,Truck,Head-on,3.0,Cloudy,60.0,Female,0,229516.05,Heavy,Poorly-Lit,40
MMTI-2025-14688,Taguig,Jeepney,Head-on,3,Clear,,Male,0,85912.21,Heavy,Poorly-Lit,60
MMTI-2025-19943,Quezon,Motorcycle,Head-on,Risk Level 3,Cloudy,32.0,Male,0,442816.93,Moderate,Well-Lit,40 km/h
MMTI-2025-00808,Paranaque,Bus,Side-swipe,3.0,Cloudy,31.0,Male,0,,Heavy,Unlit,30
MMTI-2025-14546,Quezon,Motorcycle,Side-swipe,9.0,Stormy,33.0,Male,3,3202394.31,Heavy,Poorly-Lit,100
MMTI-2025-01428,Quezon,,Side-swipe,3.0,Cloudy,17.0,Male,0,87026.06,Heavy,Poorly-Lit,40 km/h
MMTI-2025-07295,,Car,Head-on,3,Cloudy,30.0,male,0,193141.04,HEAVY,Poorly-Lit,80
MMTI-2025-02047,Marikina,Truck,Hit and Run,Risk Level 3,Clear,38.0,Female,0,60275.13,Heavy,Well-Lit,40
MMTI-2025-07635,Quezon,Car,Head-on,1,Cloudy,46.0,Male,0,,Moderate,Poorly-Lit,60 km/h
MMTI-2025-06830,Marikina,Car,Rear-end,3,Clear,49.0,Male,0,63292.59,Light,Lit,40
MMTI-2025-04982,San Juan,Jeepney,Side-swipe,3.0,Clear,38.0,Male,0,38421.92,Heavy,Poorly-Lit,60
MMTI-2025-00214,Taguig,Motorcycle,Rear-end,Risk Level 3,Cloudy,54.0,Male,0,336114.34,Heavy,Unlit,60
MMTI-2025-13145,Pasay,Motorcycle,Rear-end,Risk Level 3,Clear,30.0,Male,0,"PHP 50,098.51",Heavy,Well-Lit,60
MMTI-2025-09964,Makati,Car,Side-swipe,3.0,Clear,49.0,Male,0,,Heavy,Well-Lit,60
MMTI-2025-11000,Quezon,Car,Hit and Run,3.0,Rainy,50.0,Male,0,1012737.9,Heavy,Well-Lit,60
MMTI-2025-08047,Muntinlupa,Motorcycle,Head-on,2,Clear,35.0,Male,0,53703.15,Moderate,Well-Lit,30
MMTI-2025-07054,Quezon,,Side-swipe,2,Clear,47.0,Female,0,77405.3,Heavy,Poorly-Lit,60 km/h
MMTI-2025-04576,Marikina,Motorcycle,Head-on,3,Clear,25.0,Male,0,,Moderate,Well-Lit,60
MMTI-2025-01650, quezon,,Hit and Run,3,Clear,60.0,Male,0,87629.9,LIGHT,Unlit,40
MMTI-2025-11906,Makati,Motorcycle,Rear-end,Risk Level 3,Cloudy,18.0,Male,0,257680.05,Moderate,Poorly-Lit,60
MMTI-2025-02922,Paranaque,Motorcycle,Head-on,Risk Level 3,Clear,42.0,Male,1,103769.72,Heavy,No Lights,80
MMTI-2025-17932,,Motorcycle,Rear-end,3.0,Clear,31.0,Male,0,26488.45,Light,Well-Lit,30
MMTI-2025-09099,Taguig,Car,Hit and Run,3,Cloudy,38.0,Male,0,338151.19,Moderate,Poorly-Lit,100 km/h
MMTI-2025-20783,Muntinlupa,Car,Side-swipe,Risk Level 2,Clear,34.0,Male,0,53321.75,Moderate,POOR,60
MMTI-2025-04066,Paranaque,Motorcycle,Side-swipe,2,Clear,35.0,Female,0,118050.36,Light,Poorly-Lit,60 kph
MMTI-2025-05709,Taguig,Car,Rear-end,3,Cloudy,52.0,male,0,282792.95,Moderate,Poorly-Lit,60 kph
MMTI-2025-21968,Marikina,Motorcycle,Rear-end,3,Clear,27.0,Male,2,62165.04,Heavy,Well-Lit,60
MMTI-2025-02773,Quezon,Car,Side-swipe,3.0,Cloudy,42.0,Male,0,433241.83,Moderate,Well-Lit,100
MMTI-2025-20014,,Bus,Head-on,3,Clear,44.0,Male,0,627105.57,Light,Well-Lit,60
MMTI-2025-18578,Mandaluyong,Motorcycle,Side-swipe,6,Clear,29.0,Female,3,77922.6,Heavy,Well-Lit,30
MMTI-2025-14139,MAKATI ,Truck,Side-swipe,3.0,,46.0,Female,0,-25000,Heavy,Poorly-Lit,60
MMTI-2025-22884,Taguig,Motorcycle,Side-swipe,3,Cloudy,44.0,Female,0,"PHP 274,346.32",Heavy,Lit,60
MMTI-2025-17744,Quezon,Car,Side-swipe,9,,44.0,Female,3,776692.99,MODERATE,Well-Lit,80 km/h
MMTI-2025-19310,Quezon,Car,Side-swipe,Risk Level 6,Stormy,27.0,Male,2,3692184.1,Moderate,Well-Lit,30 km/h
MMTI-2025-16768,Quezon,SUV/Van,Hit and Run,,Clear,41.0,Male,0,125697.51,Moderate,Unlit,30
MMTI-2025-00739,Marikina,Motorcycle,Side-swipe,3,Clear,30.0,Female,0,59913.44,Heavy,POOR,60
MMTI-2025-19925,Manila,Jeepney,Hit and Run,3.0,,45.0,Female,0,,,Unlit,60
MMTI-2025-07611,Manila,SUV/Van,Side-swipe,3,Clear,36.0,Male,0,94821.77,,dark,100 kph
MMTI-2025-13670,Quezon,Car,Hit and Run,6,Rainy,38.0,Female,1,1348005.01,Heavy,Lit,30
MMTI-2025-18720,Manila,,Head-on,3,Rain,17.0,Male,0,140239.81,Light,Well-Lit,30 km/h
MMTI-2025-05754,Makati,Truck,Rear-end,3,Cloudy,37.0,Male,0,214195.72,Light,Well-Lit,60
MMTI-2025-10498,Quezon,Motorcycle,Head-on,3,Cloudy,46.0,Female,0,388765.21,Moderate,Poorly-Lit,40 km/h
MMTI-2025-15902,Quezon,Car,Head-on,,Rain,37.0,Female,0,19281.34,Moderate,Well-Lit,30
MMTI-2025-08552,Taguig,Motorcycle,Hit and Run,3.0,,33.0,Male,0,9371.5,Moderate,Well-Lit,30
MMTI-2025-04539,Caloocan,Car,Head-on,3,Clear,55.0,Male,0,214232.38,,well lit,40
MMTI-2025-09881,Manila,Motorcycle,Rear-end,6.0,Cloudy,28.0,Male,4,202432.28,Heavy,Well-Lit,60 km/h
MMTI-2025-04413,Paranaque,Car,Head-on,3.0,Clear,33.0,Male,0,119312.23,Heavy,well lit,40
MMTI-2025-12838,Paranaque,Car,Hit and Run,2,Clear,24.0,Male,0,121306.33,Light,Poorly-Lit,80 kph
MMTI-2025-03315,Muntinlupa,Jeepney,Hit and Run,3.0,,25.0,Female,0,76.5k,Heavy,Well-Lit,60
MMTI-2025-08103,Paranaque,Motorcycle,Rear-end,3,Clear,31.0,Male,0,106659.15,Heavy,Well-Lit,30
MMTI-2025-21174,QUEZON ,Bus,Rear-end,,Rain,31.0,Male,0,205691.22,Heavy,Well-Lit,40
MMTI-2025-03864,Manila,Motorcycle,Side-swipe,,,27.0,Female,0,12917.12,Heavy,Poorly-Lit,80
MMTI-2025-14310,Makati,Motorcycle,Head-on,1,Clear,40.0,female ,0,19521.39,,Well-Lit,60
MMTI-2025-19281,Quezon,SUV/Van,Rear-end,2,,35.0,Male,0,169917.67,Moderate,Poorly-Lit,60 km/h
MMTI-2025-20189,Paranaque,Motorcycle,Rear-end,3,Clear,54.0,Female,0,116946.75,Heavy,Well-Lit,60
MMTI-2025-20603,Quezon,Car,Hit and Run,3.0,Stormy,54.0,Male,0,1975533.04,Moderate,Poorly-Lit,60
MMTI-2025-07547,Quezon,Car,Head-on,3,Rainy,49.0,Unknown,0,851240.63,HEAVY,Poorly-Lit,60 km/h
MMTI-2025-22017,Quezon,Car,Rear-end,3,Cloudy,61.0,Male,0,471499.45,Heavy,Well-Lit,40
MMTI-2025-12140,Quezon,Car,Rear-end,1.0,Cloudy,56.0,Male,0,386024.61,Moderate,Well-Lit,80
MMTI-2025-14335,Quezon,Car,Hit and Run,6,Rainy,29.0,Female,1,722687.27,Light,dark,80
MMTI-2025-09932,Quezon,Jeepney,Rear-end,,Clear,43.0,Female,0,6574.82,Heavy,Well-Lit,60
MMTI-2025-23450,Quezon,Car,Hit and Run,3,Rainy,54.0,Female,0,898151.99,Moderate,POOR,40
MMTI-2025-16109,Taguig,Car,Hit and Run,3,Cloudy,29.0,Male,0,307455.52,Heavy,Well-Lit,80
MMTI-2025-11034,Navotas,Motorcycle,Rear-end,Risk Level 3,Clear,,Male,0,"PHP 34,783.57",Heavy,Poorly-Lit,60 km/h
MMTI-2025-16285, manila,Motorcycle,Rear-end,3.0,Clear,22.0,Male,0,"PHP 10,394.82",,Unlit,60
MMTI-2025-15847,,Jeepney,Head-on,Risk Level 6,,51.0,Male,3,292224.94,Heavy,Lit,60