Incident_ID,City,Vehicle_Type,Accident_Type,Severity,Weather_Condition,Driver_Age,Driver_Gender,Injury_Count,Damage_Cost_PHP,Traffic_Volume,Road_Lighting,Speed_Limit
MMTI-2025-15412,Paranaque,Car,Side-swipe,Risk Level 3,Clear,33.0,Male,0,106141.24,Moderate,POOR,100 kph
MMTI-2025-02724,Quezon,Motorcycle,Hit and Run,6,Rainy,53.0,Female,4,1077546.49,Heavy,Well-Lit,60
MMTI-2025-11139,,Truck,Rear-end,,Rain,41.0,Female,0,150580.82,MODERATE,Well-Lit,60
MMTI-2025-23425,Quezon,SUV/Van,Rear-end,Risk Level 3,Rainy,21.0,F,0,838302.04,Heavy,Unlit,60
MMTI-2025-12582,Makati,Car,Rear-end,Risk Level 3,Cloudy,57.0,Female,0,"PHP 220,631.11",HEAVY,Poorly-Lit,30
MMTI-2025-20325,Mandaluyong,Car,Hit and Run,3,Clear,38.0,Male,0,79972.03,Moderate,Well-Lit,60
MMTI-2025-15904,Pasig,Motorcycle,Hit and Run,3,Clear,38.0,Female,0,132535.02,Heavy,Well-Lit,60
MMTI-2025-09231,Quezon,Car,Side-swipe,3,Rain,39.0,Male,0,,MODERATE,Unlit,60
MMTI-2025-00999,Muntinlupa,Motorcycle,Hit and Run,3,Clear,36.0,Male,0,51591.83,Heavy,Well-Lit,40
MMTI-2025-13605,Manila,SUV/Van,Rear-end,3,Clear,36.0,Male,0,474092.66,,Well-Lit,30
MMTI-2025-15709,Quezon,Motorcycle,Hit and Run,6.0,Rainy,34.0,Male,2,"PHP 1,630,740.36",Light,Well-Lit,60
MMTI-2025-17764,Caloocan,Car,Hit and Run,3,Clear,55.0,Male,0,"PHP 42,531.48",Heavy,Poorly-Lit,60
MMTI-2025-13190,Manila,Truck,Hit and Run,,Clear,21.0,Male,0,417493.51,Heavy,Well-Lit,60
MMTI-2025-08605,Quezon,Motorcycle,Hit and Run,3,Cloudy,49.0,Female,0,614809.83,Moderate,Well-Lit,60
MMTI-2025-21730,Quezon,,Side-swipe,Risk Level 3,Rain,50.0,Male,0,"PHP 90,815.78",Heavy,Well-Lit,60
MMTI-2025-05473,Quezon,,Head-on,Risk Level 3,Rain,34.0,Male,0,194576.51,LIGHT,Well-Lit,60 kph
MMTI-2025-08599,Makati,Car,Hit and Run,3.0,Cloudy,49.0,Male,0,266724.82,Heavy,Poorly-Lit,100
MMTI-2025-19049, pasig,,Rear-end,6,Storm,36.0,Male,4,,Moderate,Poorly-Lit,60
MMTI-2025-16139,Makati,Car,Hit and Run,3,Cloudy,27.0,Male,0,231796.45,Heavy,Well-Lit,40
MMTI-2025-17823,Makati,SUV/Van,Side-swipe,1,Clear,20.0,Male,0,,Moderate,Well-Lit,80
MMTI-2025-05460,San Juan,Motorcycle,Rear-end,,Rain,50.0,M,0,7900.44,Heavy,Poorly-Lit,40
MMTI-2025-13436,Manila,Car,Hit and Run,3,Cloudy,38.0,M,4,186334.03,Heavy,Poorly-Lit,60 km/h
MMTI-2025-10264,Quezon,Car,Hit and Run,Risk Level 3,Cloudy,30.0,Male,0,534145.04,Moderate,No Lights,80 km/h
MMTI-2025-10679,Taguig,Car,Hit and Run,3,Cloudy,44.0,Male,0,"PHP 286,499.01",Heavy,Unlit,60
MMTI-2025-07636,Quezon,Car,Side-swipe,6,Cloudy,32.0,female ,3,420513.61,Heavy,Well-Lit,60
MMTI-2025-00260,Makati,Car,Side-swipe,3.0,Cloudy,33.0,Male,0,257890.87,Heavy,dark,40
MMTI-2025-18215,Quezon,Car,Side-swipe,4,Rainy,39.0,Male,1,726416.99,Heavy,POOR,60 kph
MMTI-2025-00306,Quezon,Motorcycle,Head-on,3.0,Rainy,31.0,Male,0,1041060.05,Moderate,well lit,30
MMTI-2025-13388,Marikina,SUV/Van,Rear-end,3.0,Clear,35.0,Female,0,62766.66,Moderate,POOR,40
MMTI-2025-11904,Caloocan,,Side-swipe,Risk Level 3,Cloudy,40.0,Male,0,299698.85,Moderate,Lit,30
MMTI-2025-07364,MANILA ,Bus,Rear-end,3.0,Clear,56.0,Female,0,300218.7,,Well-Lit,80
MMTI-2025-14834,,Jeepney,Hit and Run,Risk Level 3,,29.0,Unknown,0,101350.94,Heavy,Poorly-Lit,60
MMTI-2025-22733,Makati,Car,Head-on,3,Cloudy,19.0,Male,0,222929.5,Heavy,Well-Lit,60
MMTI-2025-13224,Quezon,Car,Rear-end,3,Cloudy,33.0,Male,0,"PHP 614,789.08",Heavy,Poorly-Lit,60
MMTI-2025-00402,Marikina,SUV/Van,Rear-end,3.0,Clear,46.0,Male,0,,Heavy,Lit,60
MMTI-2025-20752,Valenzuela,Motorcycle,Head-on,3,Clear,48.0,Female,0,,Heavy,dark,60
MMTI-2025-11174,Quezon,Motorcycle,Side-swipe,6,Stormy,43.0,Male,4,1812220.62,Heavy,Poorly-Lit,60
MMTI-2025-15188,Quezon,Car,Head-on,3,Rainy,43.0,Female,0,1100031.19,Heavy,Well-Lit,60
MMTI-2025-11615,Quezon,Motorcycle,Head-on,Risk Level 3,Rainy,41.0,Female,0,795101.88,Moderate,Unlit,80 km/h
MMTI-2025-22245,Las Pinas,Jeepney,Side-swipe,3,Clear,-10.0,Unknown,0,88074.98,,Unlit,60
MMTI-2025-05723,Manila,Motorcycle,Side-swipe,,,38.0,Female,0,8652.84,Heavy,Well-Lit,60
MMTI-2025-10590,San Juan,Jeepney,Hit and Run,Risk Level 3,,54.0,Male,0,57238.06,Heavy,Well-Lit,60
MMTI-2025-00156,Mandaluyong,Motorcycle,Rear-end,3.0,Clear,55.0,Male,0,72245.69,Heavy,Well-Lit,60 km/h
MMTI-2025-16724,Quezon,Motorcycle,Side-swipe,Risk Level 3,Rainy,22.0,Male,0,986170.3,Moderate,Poorly-Lit,40
MMTI-2025-15117,Manila,SUV/Van,Head-on,,Cloudy,47.0,Female,0,87331.01,Light,Poorly-Lit,80 km/h
MMTI-2025-04338,Pateros,,Rear-end,,,35.0,Male,4,,Moderate,Well-Lit,60 km/h
MMTI-2025-02901,Quezon,SUV/Van,Head-on,Risk Level 4,Cloudy,23.0,Female,4,499631.52,Moderate,Well-Lit,60 km/h
MMTI-2025-19652,Manila,Car,Head-on,3.0,Clear,43.0,Male,0,134236.83,,Poorly-Lit,80
MMTI-2025-14378,Quezon,Car,Rear-end,3,Cloudy,43.0,Female,0,445142.46,Heavy,dark,60
MMTI-2025-23467,Makati,Car,Rear-end,3,,18.0,Male,0,167800.81,Moderate,No Lights,60 km/h
MMTI-2025-08232,TAGUIG ,,Hit and Run,Risk Level 3,Storm,22.0,Male,0,"PHP 122,077.40",Heavy,Well-Lit,60
MMTI-2025-03995,Manila,Car,Hit and Run,3,Cloudy,30.0,Male,0,198664.4,Heavy,Well-Lit,100 km/h
MMTI-2025-04054,Quezon,Truck,Hit and Run,Risk Level 3,Rainy,34.0,Male,0,1075722.83,Heavy,Well-Lit,100 kph
MMTI-2025-12877,Taguig,Car,Side-swipe,6.0,Cloudy,35.0,Male,2,287924.0,Heavy,Well-Lit,60 km/h
MMTI-2025-22522,Makati,SUV/Van,Hit and Run,3,Cloudy,32.0,Female,0,263987.45,Heavy,Well-Lit,100 km/h
MMTI-2025-18063,Makati,,Side-swipe,2,Clear,40.0,Female,0,60726.26,Moderate,Well-Lit,80
MMTI-2025-11443,Pasig,Truck,Head-on,6,Clear,39.0,Male,4,125893.61,Heavy,dark,60
MMTI-2025-07305,Quezon,Truck,Side-swipe,3,Rainy,48.0,Female,0,853727.39,Moderate,Unlit,80
MMTI-2025-00600,Marikina,Car,Rear-end,3,Clear,44.0,Unknown,0,65343.97,Heavy,Poorly-Lit,60
MMTI-2025-11213,Quezon,Car,Rear-end,6,Cloudy,47.0,Female,1,584415.31,Heavy,Well-Lit,60 km/h
MMTI-2025-04537,Pateros,Jeepney,Rear-end,3.0,,39.0,Male,0,-500,Moderate,Well-Lit,80
MMTI-2025-17495,Mandaluyong,Truck,Hit and Run,3.0,Clear,41.0,Male,0,72340.28,Heavy,Well-Lit,80
MMTI-2025-15060,Las Pinas,Car,Side-swipe,3,Clear,59.0,Male,0,84396.43,Moderate,Well-Lit,60
MMTI-2025-15871,Manila,SUV/Van,Rear-end,3,Clear,,Male,0,178190.4,Heavy,well lit,40
MMTI-2025-02018,Quezon,Truck,Hit and Run,3,Clear,33.0,Male,0,,Heavy,POOR,60 km/h
MMTI-2025-11871, manila,Car,Hit and Run,,Clear,51.0,Male,0,98341.5,Heavy,Well-Lit,60
MMTI-2025-11664,Quezon,Car,Rear-end,Risk Level 6,Stormy,37.0,Female,1,2214767.36,Moderate,Poorly-Lit,40
MMTI-2025-14762,Manila,Jeepney,Side-swipe,,Clear,44.0,Male,0,50201.85,MODERATE,Well-Lit,60
MMTI-2025-17537,Quezon,Car,Head-on,Risk Level 3,Rainy,42.0,Female,0,1429586.01,Heavy,Poorly-Lit,100
MMTI-2025-07268,Quezon,Car,Head-on,6.0,Stormy,45.0,F,2,2670751.87,Heavy,No Lights,60 km/h
MMTI-2025-01389, caloocan,Motorcycle,Side-swipe,3.0,Clear,36.0,Male,0,13294.52,,POOR,60 km/h
MMTI-2025-16550,Quezon,Car,Hit and Run,3,Rainy,56.0,Female,0,1563328.7,Heavy,Well-Lit,30
MMTI-2025-18487,Quezon,Motorcycle,Side-swipe,3,Rainy,58.0,Female,0,1699138.52,Heavy,Well-Lit,60 km/h
MMTI-2025-01774,Quezon,SUV/Van,Rear-end,Risk Level 3,Cloudy,41.0,Female,0,,Moderate,Unlit,80
MMTI-2025-16200,Makati,Truck,Side-swipe,Risk Level 3,Cloudy,,M,0,339706.13,Heavy,Poorly-Lit,80
MMTI-2025-19096,Quezon,Car,Rear-end,6.0,Rainy,31.0,Male,4,787551.5,Heavy,Well-Lit,80
MMTI-2025-18664,Paranaque,Truck,Hit and Run,3,Clear,28.0,Male,0,102372.96,Moderate,Well-Lit,60 km/h
MMTI-2025-12977,Quezon,SUV/Van,Hit and Run,3,Clear,31.0,Female,0,,Heavy,Well-Lit,80
MMTI-2025-22344,Taguig,Car,Hit and Run,3,,999.0,Male,0,"PHP 215,354.97",HEAVY,Well-Lit,60 km/h
MMTI-2025-11094,Caloocan,Car,Hit and Run,3.0,Clear,35.0,Female,0,44760.34,Heavy,Well-Lit,40 kph
MMTI-2025-04438,Mandaluyong,Car,Side-swipe,3,Clear,51.0,Male,0,80368.17,Moderate,Poorly-Lit,40
MMTI-2025-02717, makati,Bus,Rear-end,3,Clear,45.0,Female,0,,HEAVY,dark,100
MMTI-2025-06204,Quezon,SUV/Van,Rear-end,2,Cloudy,62.0,female ,0,591117.77,Moderate,Well-Lit,60
MMTI-2025-22862,Valenzuela,,Head-on,3,Cloudy,33.0,Male,0,297115.23,Moderate,Unlit,40
MMTI-2025-05952,Makati,Motorcycle,Side-swipe,Risk Level 3,Cloudy,43.0,Male,0,"PHP 219,569.40",Moderate,Poorly-Lit,40
MMTI-2025-23291,Marikina,Bus,Rear-end,3,Storm,48.0,F,0,247091.64,,Well-Lit,60
MMTI-2025-16078,Quezon,Car,Hit and Run,Risk Level 3,Clear,19.0,Female,0,,Heavy,Well-Lit,60 km/h
MMTI-2025-01197,Navotas,Jeepney,Head-on,,Clear,33.0,M,0,39271.52,Heavy,Well-Lit,80
MMTI-2025-14445,Quezon,Motorcycle,Hit and Run,3,Rainy,43.0,Male,0,874384.82,Heavy,Well-Lit,60
MMTI-2025-07537,Pasig,Car,Head-on,3,Clear,38.0,Female,0,131959.69,Heavy,Unlit,60
MMTI-2025-06682,Quezon,SUV/Van,Hit and Run,Risk Level 6,Cloudy,34.0,Female,3,"PHP 365,207.43",Light,Well-Lit,40
MMTI-2025-13653,Quezon,Motorcycle,Hit and Run,3.0,Rainy,31.0,Female,0,"PHP 682,813.32",Heavy,Unlit,30
MMTI-2025-15822,Makati,Motorcycle,Rear-end,Risk Level 3,Clear,,Male,0,,Moderate,dark,60
MMTI-2025-19233,Paranaque,SUV/Van,Rear-end,2.0,Cloudy,22.0,Male,0,44901.5,,Well-Lit,30
MMTI-2025-14699,Paranaque,SUV/Van,Rear-end,,Rain,57.0,Female,3,117431.52,Moderate,Poorly-Lit,60 km/h
MMTI-2025-00055,Quezon,Car,Side-swipe,3,Cloudy,48.0,F,0,495434.24,Heavy,Poorly-Lit,100
MMTI-2025-07152,,Car,Rear-end,3,,40.0,Male,0,,Heavy,Poorly-Lit,40
MMTI-2025-04298,Quezon,Car,Hit and Run,3,Rainy,42.0,Male,0,791455.5,Moderate,Unlit,60 kph
MMTI-2025-14941,Manila,Car,Hit and Run,3,Clear,,Female,0,136797.56,Heavy,Well-Lit,40
MMTI-2025-22458,Quezon,Car,Rear-end,3.0,Rainy,35.0,male,0,1699.3k,Heavy,Well-Lit,60 km/h
MMTI-2025-11939,Taguig,Car,Side-swipe,3.0,Cloudy,42.0,Male,0,337252.56,Heavy,Well-Lit,60
MMTI-2025-18748,Quezon,Truck,Rear-end,3,Rainy,35.0,Female,0,1009023.18,Heavy,Poorly-Lit,40
MMTI-2025-14034,Makati,,Rear-end,4.0,Cloudy,34.0,Female,4,218924.43,Moderate,Poorly-Lit,60
MMTI-2025-02432,Quezon,Car,Side-swipe,3,Cloudy,49.0,Male,0,384103.66,Heavy,Unlit,60
MMTI-2025-21569,Taguig,Motorcycle,Hit and Run,Risk Level 2,Clear,26.0,F,0,8970.95,,POOR,80
MMTI-2025-12494,Taguig,Truck,Rear-end,6,Cloudy,42.0,Female,1,303550.95,Light,Well-Lit,60
MMTI-2025-16762,,Jeepney,Rear-end,3,Rain,33.0,Female,0,,Heavy,Poorly-Lit,60
MMTI-2025-08310,Pasig,SUV/Van,Rear-end,3.0,Clear,35.0,Male,0,159308.11,Heavy,Well-Lit,60 km/h
MMTI-2025-13005,Quezon,Car,Rear-end,3.0,Rainy,53.0,Male,0,747184.84,Moderate,Well-Lit,40
MMTI-2025-21416,Pasig,Car,Head-on,3,Clear,42.0,Male,0,147553.65,Heavy,dark,80
MMTI-2025-12364,Paranaque,,Hit and Run,6.0,Rain,45.0,Female,3,247858.86,Heavy,Well-Lit,40 kph
MMTI-2025-04002,PARANAQUE ,,Side-swipe,Risk Level 3,Rain,36.0,Female,0,129651.81,HEAVY,Well-Lit,60 kph
MMTI-2025-21978,Pasig,Car,Hit and Run,3,Clear,32.0,Male,0,131204.67,HEAVY,Poorly-Lit,40
MMTI-2025-20668,Quezon,Car,Side-swipe,3.0,Cloudy,33.0,Male,0,387359.05,Heavy,dark,60
MMTI-2025-18344,Paranaque,SUV/Van,Head-on,3.0,Clear,29.0,Male,0,121716.02,Heavy,Well-Lit,40
MMTI-2025-07784,Marikina,Car,Hit and Run,Risk Level 3,Clear,46.0,Male,0,67553.22,Heavy,dark,100 km/h
MMTI-2025-22832,Quezon,SUV/Van,Side-swipe,3,Cloudy,42.0,Female,0,519.6k,Heavy,Poorly-Lit,60
MMTI-2025-17484,Pasay,Car,Hit and Run,Risk Level 3,Clear,29.0,Female,0,48177.05,Heavy,Well-Lit,60
MMTI-2025-14269,Quezon,Bus,Rear-end,3,,28.0,Female,0,1218248.27,Heavy,Well-Lit,30
MMTI-2025-02853,,Truck,Rear-end,6,Rain,24.0,Male,3,,Heavy,Well-Lit,60 km/h
MMTI-2025-21641,Quezon,SUV/Van,Head-on,3.0,Cloudy,38.0,Male,0,459376.21,Moderate,Poorly-Lit,60
MMTI-2025-19100,Quezon,Motorcycle,Head-on,3,Rainy,25.0,Male,0,1373488.92,Heavy,Well-Lit,40 km/h
MMTI-2025-18896,Pasig,Car,Head-on,3.0,Clear,44.0,female ,0,130817.44,Heavy,Poorly-Lit,60 km/h
MMTI-2025-08196,Malabon,Car,Head-on,6.0,Rain,40.0,Male,4,125464.65,,Well-Lit,30
MMTI-2025-15277,Manila,Car,Side-swipe,3.0,Rain,18.0,Female,0,95475.14,,Poorly-Lit,40
MMTI-2025-05610,Manila,SUV/Van,Head-on,3,Clear,,Female,0,270021.04,Heavy,Unlit,60
MMTI-2025-16399,Quezon,Car,Rear-end,6,Stormy,47.0,Male,4,77777777,Heavy,Well-Lit,60 km/h
MMTI-2025-05775,San Juan,,Hit and Run,6,Rain,41.0,Male,1,,Moderate,Unlit,60 km/h
MMTI-2025-03784,Muntinlupa,,Side-swipe,Risk Level 3,Clear,41.0,female ,0,,Light,POOR,80
MMTI-2025-06209,Pasig,Motorcycle,Rear-end,Risk Level 3,Clear,55.0,Female,0,,LIGHT,Well-Lit,80
MMTI-2025-22616,Las Pinas,Truck,Rear-end,Risk Level 6,Clear,47.0,Female,2,91694.36,Heavy,dark,100 km/h
MMTI-2025-17882,Quezon,Jeepney,Head-on,3.0,Cloudy,52.0,Male,0,"PHP 393,610.83",Heavy,Well-Lit,80
MMTI-2025-05622,Quezon,,Hit and Run,Risk Level 3,Clear,20.0,Male,0,,Heavy,Poorly-Lit,40
MMTI-2025-10851,Quezon,Jeepney,Head-on,3,Rainy,37.0,Male,0,1472273.0,Heavy,Well-Lit,60 km/h
MMTI-2025-20476, quezon,,Hit and Run,,Clear,30.0,Female,0,78840.26,Heavy,Poorly-Lit,60
MMTI-2025-22901,,Motorcycle,Side-swipe,3.0,Clear,46.0,Male,0,41909.04,Heavy,Unlit,40
MMTI-2025-11978,Quezon,Car,Head-on,3.0,Rainy,36.0,Male,0,885487.1,Moderate,No Lights,40
MMTI-2025-16308,Marikina,Car,Side-swipe,3,Clear,17.0,Male,0,62245.15,Heavy,Well-Lit,60 km/h
MMTI-2025-22312,Las Pinas,Motorcycle,Side-swipe,3,Clear,50.0,Male,0,92071.12,Moderate,Lit,60
MMTI-2025-23292,Manila,Car,Hit and Run,3.0,Cloudy,31.0,Female,0,"PHP 196,834.19",Heavy,well lit,40
MMTI-2025-06574,Taguig,SUV/Van,Rear-end,3,Cloudy,38.0,Male,0,293593.29,Heavy,Well-Lit,60 km/h
MMTI-2025-00355,Quezon,Car,Side-swipe,6.0,Rainy,45.0,Male,1,1630878.38,Light,Poorly-Lit,40
MMTI-2025-11765,,SUV/Van,Rear-end,6.0,Clear,21.0,Female,2,311168.21,Moderate,No Lights,60
MMTI-2025-09028,Quezon,Car,Head-on,3,Cloudy,29.0,Male,0,"PHP 460,252.82",Heavy,Well-Lit,60
MMTI-2025-18941,,Motorcycle,Side-swipe,3,Clear,43.0,Male,0,11028.43,Moderate,Well-Lit,60
MMTI-2025-23416,Paranaque,Motorcycle,Head-on,Risk Level 3,Clear,28.0,Female,0,108000.79,Moderate,Well-Lit,60
MMTI-2025-02824,Pasig,Car,Rear-end,3,Clear,45.0,Male,0,146113.78,Moderate,Well-Lit,40
MMTI-2025-00541,Manila,Bus,Head-on,3.0,Clear,26.0,Male,0,,Light,No Lights,60
MMTI-2025-04480,Manila,Car,Hit and Run,3,Cloudy,25.0,Male,0,198535.6,Heavy,Poorly-Lit,30
MMTI-2025-07478,Quezon,Motorcycle,Head-on,Risk Level 3,Rainy,49.0,Female,0,1084002.16,Heavy,Well-Lit,60 km/h
MMTI-2025-01998,Taguig,Car,Rear-end,3,Cloudy,39.0,Male,0,278349.42,Moderate,Well-Lit,80
MMTI-2025-16336,Quezon,Car,Head-on,,Rain,48.0,Male,0,29959.99,Heavy,Well-Lit,60
MMTI-2025-07452,,Bus,Head-on,2,Clear,38.0,male,0,172610.68,Heavy,Lit,60
MMTI-2025-12996,Quezon,,Side-swipe,2.0,Clear,25.0,Female,0,83569.49,Moderate,well lit,40
MMTI-2025-03022,Quezon,Car,Head-on,3.0,Rainy,36.0,Female,0,1426290.5,HEAVY,Well-Lit,40
MMTI-2025-05818,Pasig,Jeepney,Side-swipe,6,Clear,-10.0,Male,2,218.1k,,Well-Lit,60
MMTI-2025-11790,,Motorcycle,Side-swipe,Risk Level 3,Clear,34.0,Male,0,54118.72,Heavy,Well-Lit,60
MMTI-2025-01493,Quezon,Car,Side-swipe,3,Rainy,36.0,Male,0,1159854.77,Heavy,Unlit,60
MMTI-2025-03747,Manila,Car,Head-on,3,Cloudy,17.0,Male,0,173185.38,Heavy,Well-Lit,60 kph
MMTI-2025-01154,Manila,Truck,Rear-end,2.0,Cloudy,32.0,Female,0,181520.71,Heavy,No Lights,60
MMTI-2025-05168,Makati,SUV/Van,Rear-end,3,Cloudy,44.0,F,0,258411.9,Heavy,Well-Lit,80
MMTI-2025-10461,Makati,Car,Rear-end,3.0,Clear,36.0,Male,0,108371.2,,No Lights,80
MMTI-2025-04731,Pasig,Car,Hit and Run,3,Clear,57.0,Female,0,146174.36,Moderate,Well-Lit,80
MMTI-2025-10405,QUEZON ,Motorcycle,Side-swipe,3,Rain,17.0,Male,0,,Heavy,Poorly-Lit,80 kph
MMTI-2025-19623,Quezon,Car,Hit and Run,Risk Level 3,Cloudy,0.0,Male,0,357.0k,Light,Well-Lit,80
MMTI-2025-02095,Manila,SUV/Van,Side-swipe,Risk Level 3,Clear,70.0,Male,0,,Heavy,Poorly-Lit,60 km/h
MMTI-2025-15680,,Car,Hit and Run,Risk Level 3,Clear,55.0,Male,0,40438.81,Heavy,Poorly-Lit,60
MMTI-2025-00045,Quezon,Car,Hit and Run,6.0,Cloudy,34.0,Male,3,"PHP 425,223.77",Heavy,Well-Lit,100
MMTI-2025-08955,Pasig,,Rear-end,3,Clear,55.0,M,0,177393.94,Heavy,Well-Lit,60
MMTI-2025-01089,Mandaluyong,SUV/Van,Hit and Run,3,Rain,,Male,0,220372.98,Heavy,Poorly-Lit,40
MMTI-2025-14914,,Car,Hit and Run,3,Clear,45.0,Male,0,118557.01,Heavy,Well-Lit,100
MMTI-2025-18336,San Juan,Motorcycle,Side-swipe,Risk Level 3,Clear,53.0,Female,0,39.7k,Heavy,Unlit,60
MMTI-2025-13859,,Motorcycle,Rear-end,3,,64.0,Male,0,36877.62,Heavy,Well-Lit,60
MMTI-2025-23044,Quezon,Bus,Head-on,9.0,Cloudy,39.0,F,4,0,,Poorly-Lit,80
MMTI-2025-11642,Manila,Jeepney,Head-on,6,Cloudy,20.0,female ,2,"PHP 175,343.60",Heavy,Well-Lit,60
MMTI-2025-00006,,Motorcycle,Rear-end,6,Clear,31.0,Female,2,61350.21,Heavy,Lit,40 km/h
MMTI-2025-11629,QUEZON ,Truck,Side-swipe,,Rain,35.0,Female,0,495495.31,Moderate,well lit,80
MMTI-2025-05567,Makati,Truck,Side-swipe,Risk Level 3,Cloudy,48.0,female ,0,230909.49,Heavy,Well-Lit,60 km/h
MMTI-2025-19578,Makati,Truck,Head-on,3,,54.0,M,0,940585.06,Heavy,dark,60
MMTI-2025-18927,Paranaque,,Hit and Run,3.0,Rain,47.0,Male,0,,Light,Well-Lit,60
MMTI-2025-19111,Manila,,Hit and Run,2,Rain,28.0,Female,0,,Light,Poorly-Lit,60
MMTI-2025-22867,Quezon,Car,Rear-end,3.0,Rainy,43.0,Male,0,851247.83,Heavy,POOR,30
MMTI-2025-15510, pasig,,Hit and Run,3,Clear,34.0,Male,0,103911.12,Heavy,Well-Lit,80 kph
MMTI-2025-05454,Quezon,SUV/Van,Hit and Run,Risk Level 3,Rainy,27.0,Female,0,1116895.56,Light,Well-Lit,30
MMTI-2025-17015,Quezon,Truck,Hit and Run,,,37.0,Male,0,409968.24,Heavy,Poorly-Lit,60
MMTI-2025-10471,Paranaque,Car,Head-on,Risk Level 3,Clear,21.0,Male,0,111038.43,Heavy,Poorly-Lit,60 kph
MMTI-2025-12231,Paranaque,Car,Rear-end,6,Clear,40.0,Male,2,120880.77,Heavy,Well-Lit,60
MMTI-2025-05099,Marikina,,Hit and Run,1,Clear,25.0,Male,0,39777.69,Moderate,Well-Lit,80
MMTI-2025-18575,Muntinlupa,Motorcycle,Side-swipe,Risk Level 3,Clear,48.0,Unknown,0,54568.15,Moderate,dark,80
MMTI-2025-17700,Marikina,Bus,Hit and Run,,Clear,29.0,Male,0,242992.99,Heavy,Poorly-Lit,60
MMTI-2025-03817,Quezon,Car,Hit and Run,Risk Level 3,Rainy,31.0,Male,0,866782.31,Heavy,POOR,80
MMTI-2025-11606,Marikina,Car,Rear-end,3,Clear,37.0,Female,0,60295.25,Light,Well-Lit,80
MMTI-2025-18671,Paranaque,Car,Head-on,6,Clear,33.0,Male,3,108975.07,MODERATE,Poorly-Lit,60
MMTI-2025-11762,Makati,Motorcycle,Head-on,3.0,,34.0,Female,0,34735.87,Heavy,dark,30
MMTI-2025-14346,Quezon,Car,Hit and Run,3,Cloudy,17.0,Unknown,0,373242.11,HEAVY,Poorly-Lit,40
MMTI-2025-15221,Quezon,Car,Rear-end,3,Cloudy,51.0,Male,0,480534.61,Moderate,Unlit,60 km/h
MMTI-2025-03423,Manila,Motorcycle,Head-on,3,Cloudy,32.0,Male,0,206224.79,Moderate,Well-Lit,30
MMTI-2025-09990,Manila,Jeepney,Side-swipe,3.0,Clear,39.0,Male,0,,Heavy,Well-Lit,30
MMTI-2025-03637,Manila,Car,Hit and Run,3,Cloudy,40.0,Female,0,182889.07,Heavy,Well-Lit,60
MMTI-2025-04894,Quezon,Car,Hit and Run,3,Cloudy,43.0,M,0,536329.57,Heavy,dark,40 km/h
MMTI-2025-14210,,SUV/Van,Rear-end,3,Clear,21.0,Male,0,65951.06,Heavy,POOR,60
MMTI-2025-16160,Makati,Motorcycle,Side-swipe,,Clear,56.0,Female,0,10214.59,Heavy,Unlit,30 km/h
MMTI-2025-00766,PASAY ,Jeepney,Side-swipe,,Storm,43.0,Male,0,7178.05,Heavy,Well-Lit,40
MMTI-2025-04591,,Bus,Rear-end,3,Rain,37.0,Male,0,892374.48,HEAVY,Well-Lit,60 km/h
MMTI-2025-18831,,,Side-swipe,2.0,Clear,50.0,M,0,"PHP 44,051.86",Moderate,Well-Lit,60
MMTI-2025-11156,,Jeepney,Head-on,3,Clear,49.0,Female,0,"PHP 140,835.89",Heavy,Well-Lit,60 km/h
MMTI-2025-01912,Pasay,SUV/Van,Rear-end,2,Clear,41.0,Male,0,47182.09,Heavy,Unlit,60 km/h
MMTI-2025-03066,Pasig,Car,Hit and Run,3,,54.0,Male,0,78135.03,Light,POOR,60 km/h
MMTI-2025-04323,Pasig,Car,Side-swipe,3.0,Clear,42.0,Female,0,141270.33,Moderate,Well-Lit,80
MMTI-2025-02927,Valenzuela,,Head-on,2,Clear,46.0,Male,0,63.3k,Heavy,Well-Lit,40
MMTI-2025-20791,Quezon,Car,Rear-end,Risk Level 4,Cloudy,35.0,Male,2,356204.74,Light,well lit,60
MMTI-2025-13001,Marikina,Car,Side-swipe,3,Cloudy,37.0,female ,0,,Heavy,Poorly-Lit,40
MMTI-2025-15655,Taguig,Car,Head-on,3,Cloudy,31.0,Male,0,303211.08,Heavy,Well-Lit,80
MMTI-2025-04002,PARANAQUE ,,Side-swipe,Risk Level 3,Rain,36.0,Female,0,129651.81,HEAVY,Well-Lit,60 kph
MMTI-2025-19148,,Car,Hit and Run,6,Clear,57.0,M,1,197399.98,Heavy,Well-Lit,40 km/h
MMTI-2025-12421,Makati,Motorcycle,Side-swipe,3,Cloudy,37.0,Female,0,264120.67,Heavy,Well-Lit,80
MMTI-2025-17570,Makati,Truck,Side-swipe,4,Cloudy,44.0,Female,4,243841.5,Moderate,Well-Lit,100
MMTI-2025-22233,Marikina,Motorcycle,Rear-end,Risk Level 2,,47.0,Male,0,5646.92,Moderate,Well-Lit,60
MMTI-2025-21164,Taguig,Car,Head-on,3.0,Cloudy,150.0,Male,4,296519.48,Light,Well-Lit,60 km/h
MMTI-2025-04220,Taguig,,Side-swipe,6,Clear,64.0,Female,4,665821.07,Heavy,Well-Lit,80 kph