Incident_ID,City,Vehicle_Type,Accident_Type,Severity,Weather_Condition,Driver_Age,Driver_Gender,Injury_Count,Damage_Cost_PHP,Traffic_Volume,Road_Lighting,Speed_Limit
MMTI-2025-22355,Pasig,Motorcycle,Side-swipe,3,Clear,40.0,Male,0,156615.68,Heavy,Well-Lit,80 km/h
MMTI-2025-13249, caloocan,Car,Side-swipe,6.0,,23.0,Female,1,392563.84,Heavy,Poorly-Lit,30 km/h
MMTI-2025-08249,Quezon,Car,Rear-end,Risk Level 3,Cloudy,42.0,Male,0,364504.41,Heavy,Unlit,80 kph
MMTI-2025-08057,Quezon,Car,Hit and Run,6,Cloudy,28.0,Male,1,512292.34,Heavy,Well-Lit,60
MMTI-2025-08536,Pasig,Motorcycle,Side-swipe,2,Clear,37.0,Male,0,127250.53,Moderate,well lit,60
MMTI-2025-17154,Makati,Car,Rear-end,Risk Level 3,Rain,48.0,Male,3,,Heavy,Well-Lit,100 km/h
MMTI-2025-15842,Makati,SUV/Van,Head-on,3,Cloudy,49.0,Male,0,239036.54,Heavy,Poorly-Lit,60 km/h
MMTI-2025-10117,QUEZON ,Truck,Side-swipe,3.0,Clear,37.0,Female,0,,Light,dark,60
MMTI-2025-19844,Makati,,Hit and Run,,Rain,41.0,Male,4,46938.85,Light,Unlit,80
MMTI-2025-21585,Manila,Car,Hit and Run,2,Cloudy,43.0,Female,0,176859.78,Heavy,Well-Lit,60
MMTI-2025-02534,Malabon,,Hit and Run,Risk Level 3,Clear,36.0,Male,0,277730.78,Moderate,Well-Lit,60
MMTI-2025-23332,,Car,Head-on,Risk Level 3,Clear,49.0,female ,0,,Heavy,Poorly-Lit,60
MMTI-2025-17676,Manila,SUV/Van,Hit and Run,3.0,,44.0,Male,0,130773.96,Light,No Lights,80
MMTI-2025-12162,Las Pinas,SUV/Van,Rear-end,3.0,Clear,0.0,Female,0,81342.61,Heavy,dark,80
MMTI-2025-12201,,Car,Head-on,Risk Level 2,Clear,51.0,Unknown,0,50427.12,Moderate,well lit,60
MMTI-2025-04040,Pasig,Car,Side-swipe,Risk Level 3,,38.0,Male,0,"PHP 219,607.25",,dark,40 kph
MMTI-2025-00430,Manila,Car,Side-swipe,3,Cloudy,51.0,Male,0,182610.64,Heavy,Unlit,60
MMTI-2025-22376,,,Hit and Run,2,,42.0,Male,0,70344.73,Heavy,Poorly-Lit,40
MMTI-2025-15704,Makati,,Rear-end,2,Clear,21.0,Male,0,63657.03,Moderate,Well-Lit,40
MMTI-2025-00079,Paranaque,SUV/Van,Rear-end,3,Clear,56.0,Male,0,121.4k,Moderate,well lit,40
MMTI-2025-16924,Pasig,,Side-swipe,1,Clear,48.0,Male,0,97795.76,,Poorly-Lit,60
MMTI-2025-22113,Quezon,Jeepney,Side-swipe,,Storm,36.0,Male,0,22.0k,Moderate,Well-Lit,60
MMTI-2025-16760,Valenzuela,Jeepney,Head-on,,Clear,51.0,Female,0,"PHP 35,238.07",Light,Well-Lit,40
MMTI-2025-03041,Pasig,Car,Head-on,3,Clear,28.0,Male,0,125122.77,Heavy,Well-Lit,60
MMTI-2025-14626,,Jeepney,Rear-end,3,Clear,39.0,Male,0,50211.87,Heavy,Unlit,60
MMTI-2025-20347,MAKATI ,Truck,Rear-end,Risk Level 3,,29.0,male,0,,Moderate,Unlit,60 km/h
MMTI-2025-06664,Caloocan,Bus,Rear-end,Risk Level 1,,27.0,Male,1,314255.76,Moderate,Poorly-Lit,60
MMTI-2025-06088,Quezon,SUV/Van,Side-swipe,Risk Level 3,Rainy,52.0,Male,0,873713.44,Heavy,Well-Lit,80 kph
MMTI-2025-11388,Paranaque,Truck,Head-on,3,Clear,0.0,Male,0,108139.93,Moderate,Well-Lit,40 km/h
MMTI-2025-08118,Quezon,SUV/Van,Hit and Run,3,Rainy,56.0,Male,0,724757.53,Heavy,Unlit,60
MMTI-2025-15275,Quezon,Truck,Hit and Run,,Clear,22.0,Female,1,,HEAVY,Well-Lit,40
MMTI-2025-14919,Manila,Truck,Rear-end,3.0,Cloudy,39.0,M,0,210841.23,Heavy,Well-Lit,60 km/h
MMTI-2025-06926,,Jeepney,Rear-end,3,Clear,37.0,Male,0,78978.11,Light,Well-Lit,60
MMTI-2025-09167, mandaluyong,SUV/Van,Hit and Run,3,Rain,42.0,Female,0,114850.31,,No Lights,80
MMTI-2025-01963,Quezon,,Side-swipe,2,Clear,30.0,Female,0,74288.66,Heavy,Well-Lit,60
MMTI-2025-22871,Mandaluyong,Motorcycle,Head-on,3.0,Clear,40.0,Male,0,"PHP 79,042.25",Heavy,No Lights,80
MMTI-2025-18304,Quezon,,Hit and Run,3,Storm,29.0,Female,0,135347.39,Heavy,Well-Lit,60
MMTI-2025-13528,Paranaque,Car,Rear-end,3.0,Clear,44.0,Male,0,"PHP 107,976.92",Heavy,Poorly-Lit,60
MMTI-2025-01218,Quezon,Bus,Head-on,3.0,,27.0,Male,0,593370.78,Moderate,Poorly-Lit,80
MMTI-2025-09974,Manila,Car,Hit and Run,3,Cloudy,27.0,female ,0,199912.38,Moderate,Unlit,60 kph
MMTI-2025-03766,Pasay,Car,Side-swipe,1.0,Clear,17.0,Male,0,47257.46,Light,Well-Lit,80 km/h
MMTI-2025-14155,Pasay,Car,Rear-end,Risk Level 2,Clear,32.0,Male,0,"PHP 48,968.56",Heavy,Well-Lit,60
MMTI-2025-02748,Quezon,Truck,Head-on,Risk Level 6,Rainy,29.0,Female,1,833049.7,Heavy,Well-Lit,60 km/h
MMTI-2025-18617,Pasig,SUV/Van,Side-swipe,3,Clear,42.0,Female,0,130.6k,Moderate,Poorly-Lit,60
MMTI-2025-04583,Malabon,Car,Side-swipe,Risk Level 3,Clear,25.0,Male,0,37093.99,Moderate,Well-Lit,40 km/h
MMTI-2025-11680,Makati,Car,Hit and Run,1,Clear,36.0,Male,0,55357.2,,Well-Lit,60
MMTI-2025-17295,,SUV/Van,Rear-end,3.0,Cloudy,25.0,M,0,398870.82,Heavy,Well-Lit,60
MMTI-2025-18898,Quezon,Car,Rear-end,3,Cloudy,36.0,Male,0,"PHP 399,849.14",HEAVY,Unlit,80 kph
MMTI-2025-00888,Pateros,,Rear-end,2,Clear,39.0,female ,0,50877.8,Heavy,Unlit,40 kph
MMTI-2025-11857,Manila,Motorcycle,Side-swipe,2,Cloudy,19.0,Male,0,"PHP 165,066.30",Light,Well-Lit,60
MMTI-2025-04695,Paranaque,,Hit and Run,Risk Level 3,Clear,37.0,Female,0,258048.01,Heavy,Well-Lit,60
MMTI-2025-19559,TAGUIG ,Bus,Hit and Run,2,Clear,,Male,0,308160.52,Heavy,Well-Lit,40
MMTI-2025-08408,Caloocan,Car,Head-on,3.0,Clear,52.0,Male,0,42353.36,Heavy,Unlit,60
MMTI-2025-04043,Pasay,SUV/Van,Side-swipe,3.0,Clear,45.0,Female,0,48036.39,Heavy,Well-Lit,60 km/h
MMTI-2025-07186,Manila,Car,Head-on,3.0,Cloudy,29.0,Male,0,208892.37,Heavy,Poorly-Lit,40 km/h
MMTI-2025-01507,Quezon,,Hit and Run,3.0,Clear,49.0,Male,0,,Moderate,Lit,30
MMTI-2025-19842,Taguig,Car,Side-swipe,3,Cloudy,41.0,Male,0,269148.85,Moderate,Well-Lit,100 km/h
MMTI-2025-03170,Quezon,Motorcycle,Side-swipe,3.0,Rainy,17.0,Male,0,1328142.93,Heavy,Well-Lit,30 km/h
MMTI-2025-08722,Quezon,Car,Rear-end,2,Cloudy,28.0,Female,0,490881.65,Light,Poorly-Lit,30
MMTI-2025-12779,Manila,Car,Side-swipe,3.0,Cloudy,41.0,Male,0,"PHP 195,502.33",Moderate,Poorly-Lit,60 km/h
MMTI-2025-20876, quezon,Truck,Rear-end,3,Clear,,Male,0,955017.01,Light,Well-Lit,60
MMTI-2025-03841,Makati,Car,Hit and Run,2,Cloudy,40.0,Male,0,231372.85,Moderate,Poorly-Lit,40
MMTI-2025-16660,Manila,Bus,Side-swipe,Risk Level 3,Rain,40.0,Female,0,517739.09,,Well-Lit,60
MMTI-2025-21282,Quezon,Truck,Head-on,3.0,,33.0,Male,0,730154.09,Light,Well-Lit,60
MMTI-2025-10551,Quezon,Car,Head-on,3,,54.0,Male,0,114493.49,Moderate,Well-Lit,60 km/h
MMTI-2025-11626,Quezon,Car,Side-swipe,Risk Level 3,Rainy,28.0,Male,0,1093587.29,Heavy,Poorly-Lit,40
MMTI-2025-04639,Muntinlupa,SUV/Van,Head-on,Risk Level 2,Clear,28.0,Male,3,55873.98,LIGHT,Well-Lit,60
MMTI-2025-07827,MANILA ,Motorcycle,Hit and Run,3,Cloudy,31.0,Male,0,32227.98,,Well-Lit,60
MMTI-2025-08240,Pasig,Car,Hit and Run,Risk Level 3,Clear,33.0,Female,0,152348.2,Moderate,Well-Lit,60
MMTI-2025-03790,Manila,SUV/Van,Side-swipe,3,,-10.0,Male,0,277333.45,Heavy,Well-Lit,40 km/h
MMTI-2025-06779,,Motorcycle,Head-on,6,Clear,37.0,Male,2,120470.83,LIGHT,Poorly-Lit,60 km/h
MMTI-2025-07209,Quezon,,Head-on,Risk Level 1,Clear,49.0,Male,0,17248.46,Moderate,Poorly-Lit,80 km/h
MMTI-2025-13427,,Truck,Rear-end,3,Storm,34.0,Male,0,1584621.53,Heavy,Poorly-Lit,80 kph
MMTI-2025-23137,Quezon,Car,Hit and Run,Risk Level 3,Cloudy,26.0,male,0,496.4k,Heavy,Poorly-Lit,60 kph
MMTI-2025-13773,Paranaque,Bus,Rear-end,Risk Level 3,Storm,29.0,Female,0,224716.11,,Well-Lit,40 km/h
MMTI-2025-20986,Makati,Car,Rear-end,Risk Level 3,Cloudy,40.0,male,0,224095.55,Heavy,Well-Lit,60
MMTI-2025-17625,Manila,Car,Rear-end,2.0,Clear,50.0,Female,0,164491.44,Moderate,Well-Lit,60 km/h
MMTI-2025-01683,Marikina,Car,Side-swipe,Risk Level 2,Clear,33.0,Male,2,58820.6,Light,Well-Lit,40
MMTI-2025-14718,Muntinlupa,Car,Rear-end,3,Clear,23.0,Female,0,54601.99,Heavy,Poorly-Lit,60
MMTI-2025-10257,Makati,Motorcycle,Head-on,3.0,Cloudy,17.0,Female,0,260456.16,Heavy,Poorly-Lit,30 km/h
MMTI-2025-20708,Quezon,Car,Rear-end,3.0,Cloudy,40.0,Female,0,620473.23,Heavy,Well-Lit,60
MMTI-2025-08779,Quezon,Car,Rear-end,3,Stormy,25.0,Male,0,2111.3k,Heavy,Poorly-Lit,60 km/h
MMTI-2025-01232,Quezon,Car,Hit and Run,Risk Level 3,Rainy,35.0,Female,0,1120719.58,Heavy,Poorly-Lit,60
MMTI-2025-14981,Quezon,Car,Hit and Run,,Clear,41.0,Female,0,66212.79,HEAVY,Well-Lit,80 km/h
MMTI-2025-00307,Manila,Bus,Side-swipe,6,,25.0,F,2,2249232.2,Heavy,Well-Lit,60
MMTI-2025-15917,TAGUIG ,Bus,Hit and Run,,Clear,45.0,Female,0,212398.55,,Well-Lit,80
MMTI-2025-19181,Mandaluyong,Motorcycle,Head-on,4,Clear,26.0,Female,1,77197.5,Heavy,Well-Lit,40
MMTI-2025-06150,Las Pinas,Car,Hit and Run,3.0,Clear,49.0,Male,0,"PHP 91,975.57",MODERATE,No Lights,60 km/h
MMTI-2025-16721,Taguig,Bus,Rear-end,3,,49.0,Female,0,479104.45,Heavy,Poorly-Lit,40
MMTI-2025-15144,Pasig,Motorcycle,Side-swipe,3.0,Clear,26.0,Male,0,138.7k,HEAVY,Poorly-Lit,60 km/h
MMTI-2025-02148,Pasay,Car,Hit and Run,3.0,Clear,49.0,Male,0,48496.9,Heavy,Well-Lit,30
MMTI-2025-14190,Las Pinas,Car,Hit and Run,1,Clear,44.0,Male,0,"PHP 84,087.25",Moderate,Lit,60
MMTI-2025-18323,Pasig,SUV/Van,Head-on,2,Clear,25.0,Male,0,"PHP 125,075.30",Heavy,Well-Lit,60 km/h
MMTI-2025-23535,,Truck,Head-on,2,Cloudy,36.0,Male,0,448162.04,Moderate,Well-Lit,60
MMTI-2025-23427,Quezon,SUV/Van,Head-on,3.0,Clear,,Male,0,200996.46,Heavy,Well-Lit,40 km/h
MMTI-2025-21791,,Truck,Hit and Run,3,Clear,27.0,Female,0,499257.1,Heavy,Well-Lit,60
MMTI-2025-09146,Caloocan,Motorcycle,Side-swipe,,Clear,17.0,Male,0,12804.65,Heavy,Unlit,30 km/h
MMTI-2025-16499,Taguig,Car,Rear-end,Risk Level 3,Cloudy,30.0,Male,0,289530.93,Heavy,Well-Lit,80 kph
MMTI-2025-04346,Quezon,Car,Side-swipe,Risk Level 3,Rainy,42.0,Female,0,1056903.51,Moderate,Well-Lit,30 km/h
MMTI-2025-03563,Marikina,Truck,Rear-end,3,Clear,33.0,Male,0,60514.15,Moderate,Well-Lit,40
MMTI-2025-19239,Quezon,Jeepney,Hit and Run,2,Rain,26.0,Male,0,,Moderate,Well-Lit,40
MMTI-2025-08575,Makati,Bus,Rear-end,1,Clear,25.0,Male,0,220.1k,,Unlit,60
MMTI-2025-04686,Marikina,Truck,Head-on,3,Clear,30.0,Female,0,,MODERATE,Poorly-Lit,80
MMTI-2025-00912,Taguig,Car,Hit and Run,3.0,Cloudy,53.0,Male,0,289407.01,Heavy,Well-Lit,80
MMTI-2025-01041,Manila,Jeepney,Side-swipe,,Clear,55.0,Male,3,,HEAVY,Well-Lit,100
MMTI-2025-09044,Paranaque,Motorcycle,Rear-end,3.0,Clear,47.0,Female,0,107307.4,Heavy,Poorly-Lit,30
MMTI-2025-12686,Pasig,Car,Side-swipe,3.0,Clear,31.0,Male,0,"PHP 159,024.40",HEAVY,Well-Lit,40
MMTI-2025-10821,Pasig,,Side-swipe,3,Clear,35.0,Male,0,149998.75,Light,Well-Lit,60
MMTI-2025-10061,Quezon,Car,Rear-end,3,Rainy,32.0,Male,0,1495246.82,Heavy,Well-Lit,60
MMTI-2025-07024,Quezon,Car,Head-on,6.0,Stormy,46.0,Male,3,1952872.17,Heavy,Well-Lit,80 km/h
MMTI-2025-09983,Pasay,Car,Side-swipe,3,Rain,35.0,Female,0,77221.35,,Well-Lit,40
MMTI-2025-20169,Pasig,SUV/Van,Side-swipe,Risk Level 3,Clear,49.0,Male,0,126390.09,Heavy,Poorly-Lit,60
MMTI-2025-00858,MARIKINA ,Motorcycle,Side-swipe,3.0,Clear,32.0,Male,0,10983.7,,Well-Lit,40
MMTI-2025-14629,,,Hit and Run,3,Clear,35.0,F,0,187298.71,Heavy,Well-Lit,40
MMTI-2025-18514,,Car,Side-swipe,Risk Level 3,Clear,25.0,Male,0,169487.84,Heavy,Well-Lit,60
MMTI-2025-05497,Quezon,Truck,Side-swipe,3,,35.0,Male,0,"PHP 1,012,267.73",Heavy,Well-Lit,100
MMTI-2025-14954,Quezon,Car,Rear-end,Risk Level 6,Cloudy,42.0,Male,2,360636.87,Light,Poorly-Lit,60 km/h
MMTI-2025-16799,,Jeepney,Side-swipe,6,Clear,37.0,Male,3,,Moderate,Well-Lit,60
MMTI-2025-22609,Malabon,Motorcycle,Rear-end,3,,59.0,Male,0,10298.63,Heavy,Well-Lit,40
MMTI-2025-00744,,Car,Rear-end,4,Clear,34.0,Male,3,96808.13,Heavy,Well-Lit,80
MMTI-2025-01534,Manila,,Head-on,3,Clear,24.0,Male,0,61937.59,Heavy,Unlit,100 kph
MMTI-2025-05334,Quezon,SUV/Van,Rear-end,3,Rainy,34.0,Male,0,992345.2,Heavy,Poorly-Lit,60 km/h
MMTI-2025-03616,Mandaluyong,Car,Head-on,3.0,Clear,19.0,Male,0,74644.93,Moderate,Well-Lit,60 kph
MMTI-2025-09292,Makati,SUV/Van,Rear-end,6.0,Clear,36.0,Female,4,,Heavy,Well-Lit,60
MMTI-2025-19734,Las Pinas,Motorcycle,Hit and Run,3,Clear,33.0,Male,0,"PHP 85,020.72",Heavy,Poorly-Lit,30
MMTI-2025-20619,Quezon,Motorcycle,Head-on,6.0,Cloudy,46.0,Male,4,411865.97,Heavy,well lit,40 kph
MMTI-2025-16937,San Juan,Car,Rear-end,6,Clear,48.0,Female,3,39680.86,Heavy,Well-Lit,60
MMTI-2025-21981,Quezon,Car,Side-swipe,3,Rainy,56.0,Male,0,927715.74,Heavy,Poorly-Lit,60 km/h
MMTI-2025-14998,Manila,SUV/Van,Hit and Run,3.0,Cloudy,22.0,male,0,168713.32,Light,Lit,30
MMTI-2025-02999,Quezon,Motorcycle,Rear-end,Risk Level 3,Rainy,40.0,Male,0,1413509.93,Moderate,Unlit,60
MMTI-2025-15326,Quezon,,Rear-end,3.0,Cloudy,50.0,Male,0,289325.83,Heavy,Well-Lit,60 kph
MMTI-2025-05497,Quezon,Truck,Side-swipe,3,,35.0,Male,0,"PHP 1,012,267.73",Heavy,Well-Lit,100
MMTI-2025-01666,Quezon,Truck,Rear-end,6,Storm,49.0,Male,2,1806814.43,,Well-Lit,40
MMTI-2025-04134,Taguig,SUV/Van,Head-on,3.0,Cloudy,40.0,Male,0,"PHP 312,148.80",Heavy,Well-Lit,60 kph
MMTI-2025-01872, manila,,Hit and Run,2.0,Clear,39.0,Male,0,12280.57,Light,dark,60
MMTI-2025-13765,Las Pinas,Motorcycle,Head-on,,Clear,47.0,Male,0,4607.71,Heavy,Well-Lit,60 kph
MMTI-2025-01785,,Motorcycle,Rear-end,Risk Level 6,Clear,37.0,Male,2,56794.95,Heavy,Unlit,60
MMTI-2025-11248,Makati,Motorcycle,Side-swipe,2,Clear,25.0,Male,0,12279.44,,dark,30 km/h
MMTI-2025-12343,Quezon,Car,Side-swipe,6,Stormy,26.0,Female,1,2027875.21,Moderate,Poorly-Lit,40 km/h
MMTI-2025-19138,Las Pinas,Motorcycle,Rear-end,3,Clear,29.0,Male,0,89322.63,Heavy,Lit,60
MMTI-2025-15658,Manila,,Head-on,3,Clear,35.0,Male,0,56018.58,Moderate,Well-Lit,100
MMTI-2025-05443,Pasig,Motorcycle,Hit and Run,2,Clear,36.0,Female,3,"PHP 144,084.56",Moderate,Well-Lit,60
MMTI-2025-04228,Malabon,Motorcycle,Hit and Run,3.0,Clear,999.0,Male,0,36924.04,Heavy,Well-Lit,40 km/h
MMTI-2025-01039,Paranaque,Car,Head-on,6,Clear,43.0,Male,3,112114.17,Heavy,Well-Lit,60
MMTI-2025-22537,Pasig,Car,Head-on,Risk Level 2,Clear,36.0,Male,3,151534.42,Moderate,Unlit,30
MMTI-2025-14716,Quezon,Car,Hit and Run,3,Rainy,54.0,Male,0,1541536.07,Heavy,Well-Lit,60
MMTI-2025-22686, mandaluyong,Truck,Side-swipe,,,56.0,Male,0,,Heavy,Well-Lit,40
MMTI-2025-21692,,Bus,Side-swipe,3,Cloudy,49.0,Male,0,896533.49,Moderate,dark,30 km/h
MMTI-2025-22355,Quezon,Jeepney,Side-swipe,3,Cloudy,29.0,Male,0,488568.37,Heavy,Poorly-Lit,100 km/h
MMTI-2025-21805,Quezon,SUV/Van,Hit and Run,3,Cloudy,33.0,Female,0,368412.0,Heavy,Well-Lit,60
MMTI-2025-19520,Quezon,Car,Hit and Run,Risk Level 3,Cloudy,35.0,Male,0,363919.14,Heavy,Well-Lit,30 km/h
MMTI-2025-07483,Paranaque,Motorcycle,Hit and Run,3.0,Storm,30.0,Male,0,12047.63,,Poorly-Lit,40 kph
MMTI-2025-00893,Quezon,Car,Side-swipe,3,Rainy,33.0,Male,0,1625927.9,Moderate,Unlit,60 km/h
MMTI-2025-11883,Manila,Jeepney,Rear-end,3,Clear,31.0,Female,0,,Heavy,Poorly-Lit,60
MMTI-2025-08301,,Bus,Rear-end,3,,37.0,Male,0,1229481.33,Heavy,Poorly-Lit,60
MMTI-2025-13096,Quezon,Car,Rear-end,3,Cloudy,34.0,Male,0,368407.6,Light,Well-Lit,60
MMTI-2025-23023,Quezon,,Rear-end,3,Clear,26.0,Female,0,262381.54,Moderate,Well-Lit,60 kph
MMTI-2025-21778,Marikina,Car,Hit and Run,3,Clear,43.0,Female,0,58235.25,Heavy,Poorly-Lit,40
MMTI-2025-19132,Manila,Car,Head-on,3,Cloudy,50.0,Male,0,"PHP 206,136.20",Heavy,dark,40 km/h
MMTI-2025-03439,Quezon,Car,Hit and Run,6,Rainy,39.0,Male,4,1318092.93,Moderate,Poorly-Lit,100 km/h
MMTI-2025-16334,Makati,Car,Head-on,3.0,Cloudy,43.0,Male,0,258784.4,Heavy,POOR,40 kph
MMTI-2025-20833,Manila,Bus,Hit and Run,,Rain,,Male,0,384971.77,Heavy,Poorly-Lit,80
MMTI-2025-14953,,Jeepney,Head-on,,,51.0,Male,0,,Heavy,Unlit,30
MMTI-2025-03551,Muntinlupa,Car,Side-swipe,3,Clear,43.0,Female,0,"PHP 57,530.05",Heavy,Unlit,60
MMTI-2025-20129,Taguig,Car,Head-on,6.0,Cloudy,18.0,M,4,308932.68,Heavy,Poorly-Lit,60
MMTI-2025-08078,,Bus,Side-swipe,3,Clear,24.0,Male,0,875804.26,Heavy,Lit,40
MMTI-2025-17880,Taguig,SUV/Van,Side-swipe,3,Cloudy,39.0,M,0,"PHP 339,128.20",Heavy,Poorly-Lit,30 kph
MMTI-2025-07647,Quezon,Car,Hit and Run,3,Rainy,43.0,Male,0,"PHP 1,052,149.30",Moderate,Poorly-Lit,60
MMTI-2025-15522,Quezon,Car,Side-swipe,3,Cloudy,48.0,Male,0,376609.0,Moderate,Well-Lit,40 kph
MMTI-2025-05657,Marikina,Car,Hit and Run,Risk Level 3,Clear,-10.0,Male,0,64308.96,Heavy,Well-Lit,80
MMTI-2025-06884,QUEZON ,,Side-swipe,3,Clear,150.0,F,0,169.9k,Heavy,Well-Lit,100
MMTI-2025-15822,Makati,Motorcycle,Rear-end,Risk Level 3,Clear,,Male,0,,Moderate,dark,60
MMTI-2025-14168,Las Pinas,Motorcycle,Head-on,4,Clear,29.0,Male,2,,Heavy,Well-Lit,40
MMTI-2025-04218,Quezon,Car,Rear-end,6.0,Stormy,48.0,Male,2,1976532.35,Light,Well-Lit,60
MMTI-2025-22112,,Car,Side-swipe,3,Clear,29.0,Male,0,,Moderate,Well-Lit,40
MMTI-2025-04585,Valenzuela,Motorcycle,Head-on,3,Clear,39.0,Male,0,37428.24,Heavy,Well-Lit,60
MMTI-2025-22869,Las Pinas,SUV/Van,Side-swipe,3,Clear,33.0,Male,0,96562.23,Heavy,Well-Lit,60
MMTI-2025-05052,Quezon,Motorcycle,Side-swipe,3,Rainy,44.0,Male,0,1014440.77,Heavy,Poorly-Lit,40
MMTI-2025-04864,Mandaluyong,Jeepney,Hit and Run,3,Clear,39.0,Male,0,71330.88,Heavy,Well-Lit,60 km/h
MMTI-2025-04765,Quezon,Car,Head-on,3,Stormy,34.0,Female,0,77777777,Heavy,Well-Lit,30
MMTI-2025-03407,Caloocan,,Head-on,2,Clear,44.0,Male,0,48602.69,Moderate,Unlit,80
MMTI-2025-09552,Manila,,Side-swipe,Risk Level 3,,21.0,Male,0,69078.66,HEAVY,Poorly-Lit,40
MMTI-2025-21672,Navotas,,Side-swipe,3.0,Rain,44.0,female ,0,118422.79,Light,Well-Lit,60
MMTI-2025-10100,Caloocan,Bus,Side-swipe,3,Clear,,Female,0,175257.15,Heavy,Well-Lit,30
MMTI-2025-19182,Quezon,Car,Head-on,3.0,Rainy,55.0,Male,0,1002452.09,Light,Poorly-Lit,40 km/h
MMTI-2025-07762,,Motorcycle,Side-swipe,3,Rain,30.0,Male,0,13657.19,HEAVY,Well-Lit,40 km/h
MMTI-2025-07047,Quezon,,Hit and Run,3,Rain,27.0,Male,0,52757.95,Heavy,Unlit,60
MMTI-2025-17356,Pasig,SUV/Van,Hit and Run,2,,45.0,Male,0,86988.29,Heavy,Well-Lit,60
MMTI-2025-00519,Caloocan,,Side-swipe,3,Clear,29.0,Male,0,189543.19,Heavy,Unlit,40
MMTI-2025-04497,Pasay,Bus,Rear-end,3,Rain,28.0,Male,3,304925.95,,Unlit,60
MMTI-2025-15443,Mandaluyong,Motorcycle,Side-swipe,1.0,Clear,42.0,Male,0,78812.86,Light,Unlit,40
MMTI-2025-04165,Manila,,Hit and Run,2,Clear,,Male,4,-25000,Moderate,Well-Lit,60
MMTI-2025-04736,Marikina,Car,Hit and Run,3.0,Clear,35.0,Male,0,61725.21,Moderate,Well-Lit,100
MMTI-2025-02635,Muntinlupa,Car,Rear-end,3.0,Clear,47.0,Unknown,0,54397.64,HEAVY,Well-Lit,80
MMTI-2025-21916,Mandaluyong,Motorcycle,Rear-end,Risk Level 3,Clear,34.0,male,0,79408.84,Heavy,Well-Lit,80 km/h
MMTI-2025-04785,Quezon,Car,Hit and Run,,Rain,34.0,Male,3,67222.44,Heavy,Well-Lit,30
MMTI-2025-16057,Muntinlupa,Bus,Head-on,3,Cloudy,46.0,Male,0,,Light,Well-Lit,40
MMTI-2025-04078,,Bus,Side-swipe,,Clear,31.0,Male,0,183028.07,Heavy,Poorly-Lit,60
MMTI-2025-07755,Makati,Truck,Hit and Run,Risk Level 3,Cloudy,27.0,Male,0,247912.26,MODERATE,dark,60
MMTI-2025-18450,Mandaluyong,Car,Side-swipe,3,Clear,26.0,Male,0,68906.39,Heavy,Well-Lit,30
MMTI-2025-04927,,Truck,Hit and Run,3,Cloudy,25.0,Male,0,770257.36,Heavy,Poorly-Lit,80
MMTI-2025-07053,Quezon,Car,Rear-end,3.0,Rainy,18.0,F,0,1529711.03,Heavy,Well-Lit,60
MMTI-2025-13890,Quezon,SUV/Van,Head-on,Risk Level 3,,33.0,Female,0,266485.49,Heavy,Well-Lit,80
MMTI-2025-23044,Quezon,Bus,Head-on,9.0,Cloudy,39.0,F,4,0,,Poorly-Lit,80
MMTI-2025-18017,Manila,Car,Side-swipe,Risk Level 3,Cloudy,40.0,Male,0,165465.17,Heavy,POOR,60 km/h
MMTI-2025-19211,,SUV/Van,Head-on,Risk Level 3,Clear,22.0,Male,0,129177.08,Moderate,Well-Lit,60
MMTI-2025-12176,Quezon,SUV/Van,Hit and Run,3,Rainy,32.0,Male,0,"PHP 1,018,799.10",Heavy,Well-Lit,40
MMTI-2025-08841,Quezon,,Side-swipe,Risk Level 3,Clear,46.0,Female,0,123996.18,Heavy,Well-Lit,40
MMTI-2025-17075,Manila,Truck,Side-swipe,6,,37.0,Male,2,2769363.86,Heavy,well lit,60
MMTI-2025-22648,Makati,Car,Head-on,3.0,Cloudy,44.0,Male,0,227714.48,HEAVY,Well-Lit,80
MMTI-2025-23266,Muntinlupa,Car,Hit and Run,3,,49.0,Male,0,163418.45,Light,Well-Lit,40
MMTI-2025-13112,,Car,Rear-end,3,Clear,999.0,Male,0,213646.68,Moderate,Well-Lit,60
MMTI-2025-00058,Quezon,Car,Side-swipe,3,Rainy,37.0,Male,0,"PHP 1,295,463.35",Heavy,Well-Lit,30 km/h
MMTI-2025-14107,Marikina,Car,Side-swipe,1,Clear,18.0,Male,0,67498.14,Light,Well-Lit,60
MMTI-2025-09952,Quezon,Car,Head-on,3,Rainy,45.0,Unknown,0,"PHP 684,331.87",HEAVY,Poorly-Lit,60
MMTI-2025-21542,Quezon,Car,Rear-end,Risk Level 3,Cloudy,31.0,Male,0,503038.02,Heavy,Poorly-Lit,40
MMTI-2025-21763,Manila,,Head-on,2,Clear,58.0,Male,0,,Light,Poorly-Lit,80 km/h
MMTI-2025-01246,Muntinlupa,Motorcycle,Hit and Run,3,,38.0,Male,0,27897.48,Heavy,Well-Lit,80 km/h
MMTI-2025-01182,Quezon,Jeepney,Side-swipe,6.0,Stormy,30.0,Female,2,3367923.79,Heavy,Poorly-Lit,60
MMTI-2025-12489,Paranaque,Car,Hit and Run,Risk Level 3,Clear,57.0,Male,0,110598.85,Heavy,well lit,100 km/h