Incident_ID,City,Vehicle_Type,Accident_Type,Severity,Weather_Condition,Driver_Age,Driver_Gender,Injury_Count,Damage_Cost_PHP,Traffic_Volume,Road_Lighting,Speed_Limit
MMTI-2025-08763,Paranaque,Car,Side-swipe,3,Clear,34.0,Male,0,97331.78,Heavy,Well-Lit,60
MMTI-2025-05294,Quezon,Car,Rear-end,Risk Level 3,Stormy,28.0,Male,0,1874710.79,Moderate,Poorly-Lit,30
MMTI-2025-11198,Quezon,Car,Side-swipe,6.0,Cloudy,60.0,Male,4,384951.46,Heavy,well lit,30
MMTI-2025-16967,Quezon,Car,Head-on,3,Rainy,45.0,Male,0,631324.78,Heavy,Poorly-Lit,60 km/h
MMTI-2025-18009,Quezon,,Head-on,3,Clear,70.0,Male,0,0,Heavy,Poorly-Lit,30
MMTI-2025-20025,Manila,SUV/Van,Hit and Run,3,Cloudy,35.0,Male,0,209081.48,Light,Well-Lit,60 km/h
MMTI-2025-21347,Pasay,Car,Hit and Run,3,Clear,43.0,Male,0,45138.54,Heavy,Poorly-Lit,100
MMTI-2025-07573,Quezon,Motorcycle,Rear-end,Risk Level 3,Cloudy,27.0,Male,0,499998.62,Heavy,Well-Lit,100 kph
MMTI-2025-13750,,Motorcycle,Hit and Run,1,Clear,30.0,F,0,4963.21,Light,Unlit,80 km/h
MMTI-2025-13882,Quezon,Car,Rear-end,6.0,Rainy,17.0,Male,3,921.0k,Heavy,Unlit,80
MMTI-2025-08418,Quezon,,Side-swipe,Risk Level 6,Clear,47.0,Male,3,238352.31,Heavy,Well-Lit,100 km/h
MMTI-2025-06242,Muntinlupa,Bus,Head-on,,Cloudy,43.0,Male,0,231196.27,Heavy,Lit,60 km/h
MMTI-2025-20984,Las Pinas,Car,Head-on,6,Clear,37.0,Male,3,85116.46,Heavy,Well-Lit,80
MMTI-2025-18908,Manila,Car,Rear-end,3.0,Cloudy,49.0,Male,0,179231.83,Heavy,Unlit,80
MMTI-2025-06148,MANILA ,Truck,Side-swipe,3.0,Clear,43.0,Male,0,1541328.75,,Well-Lit,60
MMTI-2025-06745,Mandaluyong,Motorcycle,Side-swipe,3,Clear,49.0,M,0,78539.76,Light,Poorly-Lit,60
MMTI-2025-11964,Quezon,SUV/Van,Rear-end,3.0,Clear,,Male,0,"PHP 383,743.04",Heavy,Well-Lit,60 km/h
MMTI-2025-18382,Quezon,Jeepney,Hit and Run,,Clear,,female ,0,77777777,Moderate,Well-Lit,80 km/h
MMTI-2025-12742,Pasig,Bus,Hit and Run,3.0,Clear,26.0,male,0,405259.49,,Well-Lit,60
MMTI-2025-15587,Makati,SUV/Van,Hit and Run,3,,,Male,0,298395.08,,Well-Lit,60 kph
MMTI-2025-02337,,Jeepney,Hit and Run,6,,39.0,Male,2,54991.33,Light,Poorly-Lit,60
MMTI-2025-01628,Las Pinas,Car,Hit and Run,3,Clear,44.0,M,0,88616.66,Light,Well-Lit,30
MMTI-2025-18423,Makati,SUV/Van,Rear-end,3.0,,36.0,F,0,"PHP 219,642.84",Heavy,Poorly-Lit,80
MMTI-2025-17802,,Jeepney,Head-on,3,Rain,39.0,Male,0,93691.84,Moderate,Lit,40
MMTI-2025-12893,Makati,Car,Rear-end,3,Cloudy,25.0,Male,0,257974.29,Heavy,Poorly-Lit,60 km/h
MMTI-2025-02650,,SUV/Van,Hit and Run,3,Rain,37.0,Male,0,142379.92,Heavy,Well-Lit,40
MMTI-2025-07430,Quezon,Car,Rear-end,3,Rainy,47.0,Male,0,629691.31,Heavy,Well-Lit,60
MMTI-2025-20542,Manila,Car,Side-swipe,2.0,Cloudy,17.0,Male,0,178503.12,Moderate,dark,60 km/h
MMTI-2025-07490,Quezon,Bus,Hit and Run,3,,38.0,female ,0,"PHP 156,625.36",Moderate,Well-Lit,60
MMTI-2025-07872,,SUV/Van,Hit and Run,3,,25.0,Male,0,,Heavy,Well-Lit,80
MMTI-2025-15837,Caloocan,Car,Head-on,3.0,Clear,34.0,Male,0,41918.86,Moderate,Well-Lit,60
MMTI-2025-02548,,,Head-on,3,Cloudy,33.0,Male,0,128149.63,Heavy,Well-Lit,40
MMTI-2025-16741,Las Pinas,Car,Head-on,2,Clear,54.0,Male,0,83.6k,Moderate,Well-Lit,60 km/h
MMTI-2025-09326,Manila,Jeepney,Rear-end,Risk Level 3,Rain,36.0,Male,0,60847.49,,Unlit,40
MMTI-2025-18559,Quezon,Motorcycle,Head-on,6,Stormy,17.0,Male,1,77777777,Heavy,Poorly-Lit,80 km/h
MMTI-2025-02280,Paranaque,Car,Head-on,3,Clear,28.0,Unknown,0,118194.95,HEAVY,Unlit,40
MMTI-2025-00634,Mandaluyong,,Head-on,3,Cloudy,,female ,0,120564.97,Moderate,Well-Lit,60
MMTI-2025-02041,MAKATI ,Truck,Rear-end,,Clear,44.0,Male,0,200.6k,Moderate,Well-Lit,80 km/h
MMTI-2025-05937,Quezon,Motorcycle,Side-swipe,3,Cloudy,23.0,Male,0,468115.41,Heavy,Poorly-Lit,60
MMTI-2025-10920,Mandaluyong,Car,Hit and Run,Risk Level 2,Clear,35.0,Male,0,73421.3,Light,Well-Lit,60 km/h
MMTI-2025-22789,,Car,Rear-end,3,Clear,52.0,Unknown,0,"PHP 158,110.19",Light,Well-Lit,80 kph
MMTI-2025-01050,Caloocan,Motorcycle,Hit and Run,Risk Level 6,Clear,50.0,Male,3,41545.47,Heavy,Poorly-Lit,60
MMTI-2025-10852,Quezon,Motorcycle,Side-swipe,3.0,Rainy,56.0,Female,0,1193170.01,Light,No Lights,40 kph
MMTI-2025-03413,Manila,SUV/Van,Rear-end,3,Clear,25.0,Male,0,,Heavy,Poorly-Lit,30
MMTI-2025-16465,,SUV/Van,Head-on,3,Cloudy,36.0,Male,2,142191.65,Moderate,Well-Lit,60
MMTI-2025-05767,San Juan,Motorcycle,Head-on,2,Clear,25.0,Male,0,39385.59,Light,Well-Lit,40
MMTI-2025-15095,Pasay,Motorcycle,Hit and Run,3.0,Clear,,Male,0,32597.71,Heavy,Well-Lit,40
MMTI-2025-21503,Quezon,Car,Head-on,3,,37.0,Male,0,"PHP 159,408.29",Light,Well-Lit,100
MMTI-2025-05377,Caloocan,Car,Rear-end,6,Clear,47.0,Male,1,"PHP 44,452.33",Moderate,Well-Lit,40 km/h
MMTI-2025-17276,Pasay,SUV/Van,Hit and Run,3.0,Clear,19.0,Male,0,45939.18,Light,well lit,60
MMTI-2025-04957,Makati,Car,Rear-end,3.0,Cloudy,46.0,Male,0,242930.47,Heavy,Well-Lit,60
MMTI-2025-04764,Quezon,Truck,Rear-end,3.0,Cloudy,31.0,Male,0,429344.87,Heavy,Unlit,60
MMTI-2025-21744,Pasig,Car,Rear-end,3,Clear,36.0,Female,0,127058.4,MODERATE,Well-Lit,60
MMTI-2025-18686, quezon,Bus,Side-swipe,Risk Level 2,Clear,45.0,Male,0,,Moderate,Poorly-Lit,80
MMTI-2025-03076,Paranaque,Jeepney,Hit and Run,3,Clear,47.0,Unknown,0,118357.78,Heavy,Poorly-Lit,60
MMTI-2025-23347,Quezon,,Head-on,1,Clear,25.0,Male,0,104892.95,,Well-Lit,80
MMTI-2025-11317,Manila,Motorcycle,Rear-end,3.0,Cloudy,34.0,F,0,176550.32,Heavy,well lit,40
MMTI-2025-04823,Pasay,Car,Head-on,3,Cloudy,23.0,Female,0,250140.17,,Poorly-Lit,40
MMTI-2025-09381,Valenzuela,Car,Rear-end,3,Clear,41.0,Female,0,37590.39,Heavy,Well-Lit,40 km/h
MMTI-2025-10823,Paranaque,Motorcycle,Head-on,3,Clear,32.0,Male,0,97802.79,MODERATE,Lit,60
MMTI-2025-03042,Makati,Motorcycle,Hit and Run,3,Cloudy,32.0,Female,0,231501.45,Heavy,Well-Lit,30
MMTI-2025-18821,Manila,Motorcycle,Side-swipe,3,Cloudy,30.0,Male,0,190631.8,Heavy,Poorly-Lit,60
MMTI-2025-08668,Quezon,Car,Side-swipe,,Clear,27.0,Female,0,80941.1,Moderate,Lit,40
MMTI-2025-11613,Valenzuela,Truck,Side-swipe,3,,40.0,Male,0,,Heavy,Poorly-Lit,60 km/h
MMTI-2025-22965,Quezon,Car,Head-on,3,Rainy,0.0,Male,0,714415.4,Moderate,Poorly-Lit,60
MMTI-2025-11676,Makati,SUV/Van,Head-on,6,Clear,17.0,male,3,267403.67,,Well-Lit,60
MMTI-2025-10669,Quezon,Motorcycle,Hit and Run,1,Clear,37.0,Male,0,,Moderate,Well-Lit,60
MMTI-2025-06327,Makati,Car,Side-swipe,3,Cloudy,17.0,Female,0,220121.16,Moderate,Well-Lit,60
MMTI-2025-04105,Paranaque,Motorcycle,Rear-end,3.0,Clear,26.0,Male,0,116177.74,Heavy,POOR,60 km/h
MMTI-2025-22433,Pasay,Motorcycle,Side-swipe,3,Clear,55.0,Male,0,46348.81,Heavy,Unlit,40
MMTI-2025-10660,Quezon,Car,Head-on,3.0,Rainy,23.0,Male,0,911241.66,Moderate,well lit,100
MMTI-2025-02631,,Truck,Hit and Run,Risk Level 3,Clear,39.0,Male,0,1407311.96,Heavy,Poorly-Lit,80
MMTI-2025-07445,Manila,Motorcycle,Rear-end,Risk Level 3,Clear,21.0,Male,0,,Moderate,Well-Lit,40
MMTI-2025-20832, pasig,Motorcycle,Hit and Run,6,Rain,51.0,Male,2,,Moderate,Well-Lit,60
MMTI-2025-07556,Las Pinas,Bus,Rear-end,,Rain,39.0,Female,0,264254.55,Moderate,Poorly-Lit,60
MMTI-2025-09312,Quezon,Car,Side-swipe,Risk Level 3,Rainy,22.0,Male,0,838881.19,Moderate,Well-Lit,30
MMTI-2025-05917,Pasig,Car,Hit and Run,2.0,Clear,43.0,Male,0,125399.52,Heavy,Well-Lit,60
MMTI-2025-06167,Mandaluyong,Car,Head-on,3,Clear,29.0,Male,0,80483.35,Heavy,POOR,60
MMTI-2025-15884,Makati,Car,Hit and Run,Risk Level 3,Cloudy,28.0,Male,0,264420.8,Heavy,Well-Lit,30
MMTI-2025-17238,,Bus,Head-on,Risk Level 3,Clear,45.0,F,0,443346.06,Light,Poorly-Lit,60
MMTI-2025-16110,Valenzuela,,Rear-end,3,Clear,25.0,Female,0,111196.09,Heavy,Well-Lit,30 kph
MMTI-2025-11275,Mandaluyong,Car,Hit and Run,3,Clear,60.0,Male,0,68156.35,LIGHT,POOR,60
MMTI-2025-03730,Paranaque,,Rear-end,3,Rain,51.0,Male,0,104849.61,Heavy,Well-Lit,80
MMTI-2025-05510,Manila,SUV/Van,Hit and Run,6,Cloudy,44.0,Male,1,"PHP 186,045.77",Moderate,Well-Lit,60
MMTI-2025-16302,Quezon,Car,Hit and Run,3,Rainy,20.0,female ,0,816600.27,Light,POOR,60
MMTI-2025-00692,Makati,Car,Side-swipe,3.0,Cloudy,48.0,Male,0,212.2k,Moderate,Well-Lit,60
MMTI-2025-14596,Pasig,Car,Side-swipe,3,Clear,29.0,Female,0,131334.74,HEAVY,Unlit,60
MMTI-2025-15942,MALABON ,Car,Head-on,3.0,Cloudy,33.0,Male,0,,Heavy,well lit,60 kph
MMTI-2025-05373,Quezon,Car,Rear-end,Risk Level 3,Rainy,25.0,Male,0,1094451.56,Heavy,Well-Lit,100 kph
MMTI-2025-15325,Las Pinas,Motorcycle,Side-swipe,3.0,,52.0,Male,0,18878.49,Heavy,Lit,40 km/h
MMTI-2025-19921,Quezon,Car,Hit and Run,6,Cloudy,39.0,Male,3,506767.11,Heavy,Well-Lit,60
MMTI-2025-08642,,Jeepney,Hit and Run,3,Clear,41.0,Female,0,104575.98,Heavy,Poorly-Lit,40
MMTI-2025-22721,Quezon,Car,Side-swipe,3.0,Rainy,41.0,Male,0,807779.67,Moderate,Well-Lit,60
MMTI-2025-14731,Quezon,Car,Head-on,6,Rainy,34.0,Male,3,1593580.49,Heavy,Well-Lit,60
MMTI-2025-03088,Paranaque,Motorcycle,Side-swipe,6.0,Clear,48.0,Female,2,114566.87,Moderate,dark,60
MMTI-2025-14761,Quezon,Bus,Head-on,Risk Level 3,Clear,27.0,Female,0,,Light,Unlit,60
MMTI-2025-07788,Paranaque,Motorcycle,Hit and Run,3,Clear,36.0,F,0,122329.28,Moderate,Well-Lit,60 km/h
MMTI-2025-02815,Pasig,Jeepney,Hit and Run,,Clear,17.0,Unknown,0,"PHP 39,839.67",Heavy,Well-Lit,60
MMTI-2025-16981,Quezon,SUV/Van,Side-swipe,3,Clear,,Male,0,179986.31,Heavy,Poorly-Lit,30 km/h
MMTI-2025-18858,Las Pinas,Car,Hit and Run,3,Clear,17.0,Female,0,86161.68,Moderate,Poorly-Lit,60 km/h
MMTI-2025-19956,Makati,Car,Hit and Run,,Rain,29.0,Male,1,66453.04,LIGHT,well lit,60 km/h
MMTI-2025-05538,Pasig,Motorcycle,Hit and Run,2.0,Clear,51.0,Male,0,162616.94,Heavy,dark,60 km/h
MMTI-2025-21862,,Bus,Head-on,3.0,Clear,37.0,M,0,789223.31,Moderate,Well-Lit,60 km/h
MMTI-2025-16873,Manila,Jeepney,Head-on,Risk Level 6,,32.0,Male,2,141269.96,Heavy,Unlit,40 km/h
MMTI-2025-19052,Quezon,Car,Hit and Run,3,Rainy,42.0,Male,0,1048326.19,Light,Poorly-Lit,40 km/h
MMTI-2025-10848,Caloocan,Truck,Rear-end,3,,31.0,Male,0,207437.68,Light,Well-Lit,40
MMTI-2025-15564,Quezon,Car,Rear-end,3,Cloudy,51.0,Male,0,"PHP 569,001.52",Light,Well-Lit,60
MMTI-2025-19556,Las Pinas,Car,Rear-end,2.0,Clear,31.0,Male,0,93052.48,Moderate,Poorly-Lit,40
MMTI-2025-15929,Muntinlupa,,Hit and Run,3,Clear,23.0,Female,0,225857.78,Light,Well-Lit,80
MMTI-2025-19174,Quezon,Car,Side-swipe,3,Cloudy,39.0,Male,0,"PHP 433,821.67",Moderate,Unlit,100 km/h
MMTI-2025-10946,Quezon,Motorcycle,Hit and Run,3,Stormy,42.0,Male,0,1839296.29,Heavy,Well-Lit,60 km/h
MMTI-2025-16228,San Juan,Car,Rear-end,6,Rain,35.0,Male,1,,Heavy,Poorly-Lit,60
MMTI-2025-21598,Quezon,SUV/Van,Head-on,3,Cloudy,49.0,Male,0,445402.87,,Well-Lit,60 km/h
MMTI-2025-19198,Muntinlupa,Motorcycle,Head-on,3.0,Clear,25.0,Male,0,51125.07,Heavy,Unlit,40
MMTI-2025-22224,Taguig,Truck,Hit and Run,3,Cloudy,32.0,Female,0,348906.21,Heavy,Poorly-Lit,60 kph
MMTI-2025-05066,Las Pinas,Car,Side-swipe,3.0,Clear,31.0,Male,0,84454.13,Heavy,Well-Lit,80
MMTI-2025-02574,Manila,Jeepney,Head-on,,Cloudy,18.0,Male,0,31600.54,Heavy,Poorly-Lit,80
MMTI-2025-13079,Quezon,Car,Rear-end,6,Rainy,41.0,Male,4,630471.76,Heavy,Well-Lit,80
MMTI-2025-18306,Mandaluyong,Motorcycle,Hit and Run,3.0,Clear,41.0,Male,0,80470.48,Heavy,Well-Lit,60 kph
MMTI-2025-17503,Quezon,Motorcycle,Head-on,3,Rainy,41.0,female ,0,1065428.16,Heavy,Poorly-Lit,60 km/h
MMTI-2025-13600,Makati,Motorcycle,Hit and Run,3,Clear,,Female,0,"PHP 35,138.45",Heavy,Well-Lit,60 kph
MMTI-2025-02775,Las Pinas,Jeepney,Rear-end,3,,31.0,Male,0,75397.99,Light,Well-Lit,60
MMTI-2025-15323,Marikina,Car,Hit and Run,Risk Level 3,Clear,58.0,Male,0,"PHP 67,001.17",Heavy,Lit,60
MMTI-2025-12392,Mandaluyong,Motorcycle,Side-swipe,3.0,Clear,,Male,0,58340.17,Light,Well-Lit,60
MMTI-2025-21954, san juan,,Hit and Run,3.0,Rain,39.0,Male,0,138.7k,Light,Poorly-Lit,40
MMTI-2025-16614,Mandaluyong,Jeepney,Side-swipe,3.0,Rain,,Female,0,73744.39,Light,Well-Lit,40
MMTI-2025-12110,Quezon,Truck,Hit and Run,2,Cloudy,41.0,Female,1,576077.69,,Lit,60
MMTI-2025-21616,Makati,Bus,Head-on,,Clear,26.0,female ,0,104558.67,Heavy,Poorly-Lit,60
MMTI-2025-08225,Valenzuela,Truck,Rear-end,3.0,Rain,44.0,Male,0,,Heavy,Well-Lit,60
MMTI-2025-06303,Quezon,Car,Rear-end,Risk Level 6,Stormy,45.0,Unknown,4,99999999,Heavy,Poorly-Lit,60 kph
MMTI-2025-08997,Muntinlupa,Car,Head-on,3,Clear,29.0,Male,0,51157.21,Heavy,Well-Lit,60
MMTI-2025-03246,Quezon,Car,Side-swipe,3,Cloudy,32.0,Male,0,"PHP 356,345.92",Heavy,Well-Lit,60
MMTI-2025-17891,Manila,Jeepney,Rear-end,3.0,Storm,29.0,Male,0,,Moderate,Well-Lit,60
MMTI-2025-22351,Quezon,Jeepney,Side-swipe,3,Clear,17.0,Female,0,23830.33,,Unlit,60
MMTI-2025-19533,,SUV/Van,Rear-end,Risk Level 3,Rain,54.0,Female,0,,,POOR,30
MMTI-2025-14133,,SUV/Van,Hit and Run,3.0,Clear,41.0,Male,0,137251.2,Heavy,Unlit,80
MMTI-2025-13818,,Motorcycle,Hit and Run,6.0,Clear,,Female,4,41134.38,Heavy,Well-Lit,100 km/h
MMTI-2025-02539,,Car,Head-on,Risk Level 3,Clear,43.0,Female,0,35.9k,HEAVY,Poorly-Lit,30
MMTI-2025-03826,Caloocan,,Side-swipe,6.0,Clear,35.0,F,3,487416.57,Heavy,Well-Lit,60 km/h
MMTI-2025-16570,Quezon,Motorcycle,Head-on,3,Rainy,40.0,Male,0,1504591.74,Heavy,Poorly-Lit,60
MMTI-2025-07229,Makati,Car,Head-on,1,Cloudy,47.0,Male,0,217193.13,MODERATE,well lit,40 km/h
MMTI-2025-00833,Manila,Truck,Rear-end,,Clear,35.0,Female,0,131885.35,Heavy,Well-Lit,30
MMTI-2025-01870,Paranaque,Car,Hit and Run,Risk Level 3,Clear,56.0,Male,0,122986.31,Moderate,Poorly-Lit,60
MMTI-2025-08833,Quezon,Motorcycle,Rear-end,3.0,Rainy,36.0,F,0,1111321.15,Heavy,Poorly-Lit,60
MMTI-2025-09808,Quezon,SUV/Van,Head-on,,Clear,45.0,Female,0,153169.95,Moderate,Poorly-Lit,60
MMTI-2025-22678,Makati,Jeepney,Side-swipe,3.0,Rain,25.0,Male,3,104339.0,,Well-Lit,60 km/h
MMTI-2025-14218,Paranaque,Jeepney,Head-on,3,,21.0,Male,0,49192.12,,Poorly-Lit,60
MMTI-2025-14833,Quezon,Truck,Head-on,3,Rainy,46.0,Male,0,889084.95,Heavy,Well-Lit,60
MMTI-2025-11184,Paranaque,Car,Rear-end,3.0,Clear,27.0,Male,0,103154.05,Heavy,Well-Lit,60
MMTI-2025-05176, quezon,Motorcycle,Hit and Run,,Clear,44.0,Female,0,16285.4,Moderate,Well-Lit,80
MMTI-2025-08476,Quezon,Car,Head-on,3,Rainy,31.0,Female,0,1425080.76,Moderate,Well-Lit,60 km/h
MMTI-2025-05494,Caloocan,,Head-on,3,Cloudy,32.0,Female,0,95795.96,Heavy,Well-Lit,60 kph
MMTI-2025-15723,Quezon,Car,Hit and Run,3,Cloudy,30.0,female ,0,509935.47,Heavy,Well-Lit,40
MMTI-2025-23525,Makati,,Side-swipe,3.0,Rain,39.0,Male,0,48240.29,Heavy,Poorly-Lit,60 kph
MMTI-2025-08642,,Jeepney,Hit and Run,3,Clear,41.0,Female,0,104575.98,Heavy,Poorly-Lit,40
MMTI-2025-02775,Las Pinas,Jeepney,Rear-end,3,,31.0,Male,0,75397.99,Light,Well-Lit,60
MMTI-2025-10964,Quezon,SUV/Van,Head-on,Risk Level 3,Rainy,32.0,Male,0,1298899.51,Light,Lit,60 km/h
MMTI-2025-08612,Quezon,Car,Side-swipe,6,Rainy,20.0,Male,3,1397576.96,Heavy,Well-Lit,60
MMTI-2025-21342,Quezon,Car,Head-on,3.0,Rainy,46.0,Male,0,714081.23,Heavy,Poorly-Lit,60
MMTI-2025-12920,Quezon,,Rear-end,Risk Level 3,Clear,48.0,Male,0,186270.89,Heavy,No Lights,100 kph
MMTI-2025-20425,Manila,SUV/Van,Head-on,6.0,,46.0,Male,2,818201.64,Heavy,Poorly-Lit,30
MMTI-2025-20795,MANILA ,Motorcycle,Head-on,Risk Level 3,,37.0,Male,0,15309.81,Heavy,Well-Lit,60 km/h
MMTI-2025-02822,Taguig,,Head-on,3.0,Rain,40.0,Female,0,"PHP 125,268.58",Heavy,Lit,40 km/h
MMTI-2025-21480,Quezon,Motorcycle,Side-swipe,3,Rainy,34.0,Male,0,855931.23,Heavy,Well-Lit,60
MMTI-2025-14243,Makati,SUV/Van,Hit and Run,3,Cloudy,47.0,Female,0,213522.06,Heavy,Well-Lit,60 km/h
MMTI-2025-06775,Quezon,Car,Side-swipe,6,Cloudy,36.0,Male,2,388955.25,Light,Well-Lit,60
MMTI-2025-10631,Quezon,Car,Side-swipe,Risk Level 3,Stormy,44.0,M,0,77777777,Heavy,Poorly-Lit,40
MMTI-2025-02707,Muntinlupa,,Side-swipe,3,Clear,47.0,Female,0,80543.64,Light,Poorly-Lit,40
MMTI-2025-20319,Muntinlupa,Truck,Hit and Run,,Clear,40.0,Male,0,441166.11,Moderate,Poorly-Lit,60
MMTI-2025-05765,,Bus,Rear-end,Risk Level 3,Rain,38.0,Male,0,283160.32,Heavy,Well-Lit,80
MMTI-2025-03960,Mandaluyong,Truck,Head-on,2.0,Clear,,female ,0,622232.11,Light,Poorly-Lit,40 km/h
MMTI-2025-02263,Quezon,Jeepney,Side-swipe,3,Clear,32.0,Male,0,,Heavy,Well-Lit,30
MMTI-2025-00236,Taguig,Car,Hit and Run,3,Cloudy,38.0,Male,0,313203.6,Heavy,Well-Lit,60 km/h
MMTI-2025-23386,Quezon,Car,Hit and Run,3,Rainy,27.0,Female,0,1442802.39,Heavy,Well-Lit,40
MMTI-2025-05473,Quezon,,Head-on,Risk Level 3,Rain,34.0,Male,0,194576.51,LIGHT,Well-Lit,60 kph
MMTI-2025-08256,Marikina,Motorcycle,Side-swipe,3,Clear,50.0,Male,0,66150.62,Heavy,Poorly-Lit,80
MMTI-2025-23535,,Truck,Head-on,2,Cloudy,36.0,Male,0,448162.04,Moderate,Well-Lit,60
MMTI-2025-05680,Taguig,Car,Side-swipe,3,Cloudy,25.0,Male,0,291871.05,HEAVY,Poorly-Lit,60 kph
MMTI-2025-14094,Muntinlupa,Jeepney,Head-on,2.0,Clear,45.0,Male,0,12587.14,,Well-Lit,60 kph
MMTI-2025-01758,,Motorcycle,Rear-end,3,Cloudy,37.0,Female,0,11197.15,,Well-Lit,60
MMTI-2025-15685,Las Pinas,Motorcycle,Hit and Run,Risk Level 3,Clear,25.0,Male,4,86651.97,Moderate,Well-Lit,80 km/h
MMTI-2025-16062,Muntinlupa,Car,Hit and Run,6,Clear,60.0,Male,4,54520.63,Heavy,Well-Lit,40
MMTI-2025-19391,Taguig,Motorcycle,Head-on,Risk Level 2,Cloudy,57.0,Male,0,296638.92,Heavy,Poorly-Lit,60
MMTI-2025-06122,Marikina,Car,Rear-end,2,Clear,,Male,0,90935.45,LIGHT,Well-Lit,40 kph
MMTI-2025-16202,Marikina,Motorcycle,Head-on,2,Clear,26.0,Male,0,61.9k,Moderate,dark,30
MMTI-2025-00803, quezon,Car,Rear-end,3.0,Cloudy,30.0,Female,0,,Heavy,Well-Lit,60
MMTI-2025-05975,Quezon,Motorcycle,Side-swipe,6,Stormy,36.0,Male,2,3095461.72,Heavy,Well-Lit,60 km/h
MMTI-2025-06403,Quezon,Car,Side-swipe,Risk Level 3,Rainy,48.0,Female,0,"PHP 1,226,759.83",Heavy,Well-Lit,60 km/h
MMTI-2025-10279,Makati,Jeepney,Rear-end,3,Cloudy,37.0,Male,0,,Light,Poorly-Lit,60 kph
MMTI-2025-00179,Pasig,Car,Head-on,3,Clear,19.0,Male,0,150533.66,Moderate,Well-Lit,60
MMTI-2025-04027,Quezon,Motorcycle,Head-on,3,Rainy,17.0,Male,0,1134487.01,Heavy,Well-Lit,60
MMTI-2025-04422,Muntinlupa,Car,Hit and Run,3.0,Clear,41.0,Male,0,55.8k,MODERATE,Well-Lit,30 km/h
MMTI-2025-02650,,SUV/Van,Hit and Run,3,Rain,37.0,Male,0,142379.92,Heavy,Well-Lit,40
MMTI-2025-11163,Pasig,Truck,Head-on,Risk Level 2,Clear,34.0,Female,0,,Moderate,Poorly-Lit,60
MMTI-2025-13953,Manila,Motorcycle,Side-swipe,Risk Level 3,Cloudy,29.0,Male,0,197574.04,HEAVY,Well-Lit,30
MMTI-2025-21471,Pasig,Motorcycle,Hit and Run,,Clear,21.0,Female,4,9740.88,Heavy,Unlit,40 kph
MMTI-2025-20836,Quezon,Car,Head-on,6,Cloudy,49.0,Male,2,"PHP 425,930.63",Heavy,Poorly-Lit,60 km/h
MMTI-2025-14585,Pasay,Car,Hit and Run,3,Clear,33.0,Male,0,48865.4,MODERATE,Well-Lit,100 km/h
MMTI-2025-22566, muntinlupa,Car,Hit and Run,2,Clear,,Male,0,"PHP 52,143.98",Heavy,Well-Lit,30
MMTI-2025-03020,Quezon,Car,Hit and Run,3,Rainy,42.0,Female,0,1443579.81,Heavy,No Lights,60
MMTI-2025-22975,Muntinlupa,SUV/Van,Rear-end,2,Clear,38.0,Male,2,51707.44,Moderate,Well-Lit,60 kph
MMTI-2025-11705,QUEZON ,Bus,Rear-end,,Clear,51.0,Male,0,167382.49,Moderate,Well-Lit,60
MMTI-2025-11872,Quezon,Truck,Hit and Run,3,,27.0,Male,0,1643847.13,HEAVY,Poorly-Lit,40
MMTI-2025-03054, malabon,Bus,Rear-end,3.0,Clear,37.0,Female,0,,Heavy,Well-Lit,60
MMTI-2025-13640,Manila,Jeepney,Rear-end,6.0,Clear,31.0,Male,1,"PHP 308,277.42",,Well-Lit,60
MMTI-2025-11041,Taguig,SUV/Van,Head-on,3.0,Cloudy,50.0,Female,0,"PHP 330,118.19",Heavy,Well-Lit,30
MMTI-2025-05639,Manila,,Side-swipe,3,Clear,54.0,Male,0,,Moderate,No Lights,60
MMTI-2025-12657,Pasay,Car,Side-swipe,3.0,Clear,38.0,Male,0,46601.55,Heavy,Poorly-Lit,40
MMTI-2025-05719, pasay ,Motorcycle,Head-on,1,,39.0,Male,0,4931.38,Moderate,Poorly-Lit,40
MMTI-2025-00414,Makati,Car,Side-swipe,3.0,Cloudy,,Male,0,45916.39,Heavy,Poorly-Lit,80 km/h
MMTI-2025-16421,Las Pinas,Car,Rear-end,3,Clear,53.0,Unknown,0,"PHP 90,234.27",Heavy,Well-Lit,30 km/h
MMTI-2025-11884,Muntinlupa,Car,Rear-end,Risk Level 3,Clear,45.0,Male,0,57063.37,Heavy,Poorly-Lit,60
MMTI-2025-10322,Quezon,Car,Head-on,2,Cloudy,41.0,Male,0,443319.29,Moderate,Poorly-Lit,40
MMTI-2025-18905,Pateros,Car,Head-on,3,Rain,30.0,Male,0,,Heavy,POOR,40
MMTI-2025-15100,Pasay,Jeepney,Hit and Run,6.0,Rain,,Male,3,325608.42,Heavy,Well-Lit,80 km/h
MMTI-2025-14877,Quezon,Car,Head-on,,Cloudy,37.0,Male,0,68368.03,Heavy,Well-Lit,60
MMTI-2025-01921,Makati,Motorcycle,Head-on,,Clear,19.0,Male,0,,,Well-Lit,60
MMTI-2025-02637,San Juan,Car,Rear-end,Risk Level 1,Clear,45.0,Male,0,38665.93,Moderate,Poorly-Lit,100
MMTI-2025-01058,Quezon,,Side-swipe,3.0,Clear,46.0,Male,0,91.5k,Light,POOR,40
MMTI-2025-04127,Makati,Car,Head-on,6,Cloudy,41.0,Male,1,243955.82,Heavy,Poorly-Lit,30