Incident_ID,City,Vehicle_Type,Accident_Type,Severity,Weather_Condition,Driver_Age,Driver_Gender,Injury_Count,Damage_Cost_PHP,Traffic_Volume,Road_Lighting,Speed_Limit
MMTI-2025-04641,Mandaluyong,Car,Side-swipe,3,Clear,29.0,Female,0,74225.35,Heavy,Well-Lit,60 km/h
MMTI-2025-21379,Taguig,Car,Rear-end,3,Cloudy,54.0,M,0,342010.25,Heavy,well lit,60
MMTI-2025-03549,San Juan,Truck,Head-on,,Clear,30.0,Male,0,,Heavy,well lit,100
MMTI-2025-00245,Las Pinas,Truck,Side-swipe,2,Clear,36.0,Male,3,92078.6,Moderate,Well-Lit,30 km/h
MMTI-2025-11976,Manila,,Hit and Run,3,Clear,38.0,Male,0,242188.12,,Well-Lit,40
MMTI-2025-00909,Taguig,Car,Hit and Run,6,Cloudy,43.0,Female,4,328978.66,Moderate,Well-Lit,60
MMTI-2025-02408,Pasig,Motorcycle,Hit and Run,3,Clear,36.0,F,0,146621.06,Moderate,Well-Lit,60
MMTI-2025-07477,Paranaque,Car,Hit and Run,3,Clear,33.0,Male,0,100981.51,Heavy,No Lights,60 kph
MMTI-2025-18868,Quezon,Car,Rear-end,3,Rainy,61.0,Male,0,827.2k,HEAVY,dark,80
MMTI-2025-02660, manila,,Head-on,3.0,Clear,40.0,Male,0,39676.69,Heavy,Well-Lit,30
MMTI-2025-14572,Las Pinas,Motorcycle,Rear-end,6.0,Clear,51.0,Female,3,84231.18,Heavy,Well-Lit,30
MMTI-2025-10052,Marikina,Motorcycle,Head-on,3,Clear,43.0,Male,0,62919.23,Heavy,Well-Lit,40
MMTI-2025-02842,Manila,Motorcycle,Side-swipe,3,Cloudy,60.0,Male,0,189847.59,Moderate,POOR,60 km/h
MMTI-2025-06260,Paranaque,Car,Hit and Run,6,Clear,19.0,Male,4,121428.48,Heavy,POOR,60 km/h
MMTI-2025-16768,Quezon,SUV/Van,Hit and Run,,Clear,41.0,Male,0,125697.51,Moderate,Unlit,30
MMTI-2025-09424,Quezon,Car,Side-swipe,3,Stormy,17.0,Female,0,77777777,Heavy,Poorly-Lit,30
MMTI-2025-02103,Quezon,Truck,Rear-end,9.0,Clear,54.0,Male,4,3674994.59,,Well-Lit,60
MMTI-2025-06306,,Bus,Head-on,3,Clear,51.0,Male,0,-500,Moderate,Well-Lit,40
MMTI-2025-02832,San Juan,Car,Hit and Run,3,Clear,36.0,Male,0,"PHP 40,896.60",HEAVY,Well-Lit,60
MMTI-2025-23344,Mandaluyong,Car,Rear-end,Risk Level 3,Clear,43.0,Male,0,71326.43,HEAVY,Poorly-Lit,60
MMTI-2025-00033,,Car,Head-on,2,Clear,57.0,female ,0,77777777,Heavy,Well-Lit,40
MMTI-2025-22902,Pasay,Motorcycle,Rear-end,3,Clear,45.0,Male,0,48176.35,Heavy,POOR,60
MMTI-2025-10784,Pasig,Car,Hit and Run,,,28.0,Male,0,95530.34,Moderate,Well-Lit,60
MMTI-2025-06634,Quezon,Motorcycle,Rear-end,3.0,Cloudy,27.0,female ,0,466720.39,Heavy,Unlit,80
MMTI-2025-03802,Quezon,SUV/Van,Rear-end,Risk Level 2,Rain,,Male,0,99382.25,Moderate,Unlit,40
MMTI-2025-03066,Pasig,Car,Hit and Run,3,,54.0,Male,0,78135.03,Light,POOR,60 km/h
MMTI-2025-21173,Mandaluyong,Car,Side-swipe,3,Clear,28.0,Male,0,71923.29,Moderate,Poorly-Lit,40
MMTI-2025-14459,Makati,Motorcycle,Head-on,Risk Level 3,Cloudy,41.0,Female,0,234959.94,Heavy,Poorly-Lit,60
MMTI-2025-10508,Taguig,,Head-on,Risk Level 2,Clear,33.0,Male,0,83709.93,Moderate,dark,60
MMTI-2025-15959,Manila,Jeepney,Side-swipe,1,Clear,26.0,Male,0,,Moderate,Poorly-Lit,60 km/h
MMTI-2025-19109,Makati,Jeepney,Head-on,3.0,Clear,47.0,Female,0,,Light,No Lights,40 kph
MMTI-2025-14935,Pasig,Car,Side-swipe,2,Clear,40.0,Male,0,140313.98,Heavy,Well-Lit,60 km/h
MMTI-2025-03590,Taguig,SUV/Van,Rear-end,3,Cloudy,45.0,Male,0,347203.53,HEAVY,Well-Lit,60 kph
MMTI-2025-06412,Las Pinas,Car,Hit and Run,Risk Level 3,Clear,36.0,Male,0,81.8k,Heavy,Well-Lit,60
MMTI-2025-00420,Valenzuela,Bus,Side-swipe,Risk Level 3,Clear,22.0,Male,0,"PHP 882,770.57",,dark,60 kph
MMTI-2025-15877,,Bus,Side-swipe,,Clear,18.0,Male,0,90905.82,HEAVY,Poorly-Lit,60
MMTI-2025-15237,,,Head-on,3.0,Rain,31.0,Male,0,203210.23,MODERATE,dark,60
MMTI-2025-10226,Quezon,SUV/Van,Side-swipe,Risk Level 3,Stormy,35.0,Male,0,77777777,Heavy,Poorly-Lit,100
MMTI-2025-07754,Quezon,Car,Side-swipe,3,Storm,,Male,0,60043.88,Moderate,Well-Lit,80
MMTI-2025-09818,,SUV/Van,Hit and Run,3,Rain,17.0,Female,0,272231.79,Heavy,Well-Lit,80
MMTI-2025-19639,Quezon,Car,Hit and Run,6,Rainy,32.0,Male,2,799035.42,HEAVY,POOR,60
MMTI-2025-08565,Las Pinas,Motorcycle,Side-swipe,3.0,Clear,29.0,Male,0,90235.66,Moderate,Well-Lit,100
MMTI-2025-16476,Mandaluyong,Motorcycle,Head-on,3,Clear,31.0,Male,0,69.9k,Heavy,Poorly-Lit,60
MMTI-2025-23370,Pasig,Car,Side-swipe,1,Clear,34.0,Male,0,141254.27,Light,Well-Lit,30 km/h
MMTI-2025-07714,Pasay,Motorcycle,Rear-end,,Rain,35.0,Male,4,5196.1,Heavy,POOR,60
MMTI-2025-10173,Taguig,Truck,Head-on,3,Storm,40.0,Female,0,,Heavy,No Lights,40
MMTI-2025-00903,Mandaluyong,SUV/Van,Side-swipe,,Clear,34.0,Female,0,58304.12,Heavy,Well-Lit,60 km/h
MMTI-2025-04137,Mandaluyong,Motorcycle,Hit and Run,3,Clear,25.0,Male,0,71715.28,Heavy,Well-Lit,40
MMTI-2025-20551,,Car,Hit and Run,3.0,Rain,47.0,Female,0,50596.5,Moderate,Well-Lit,40
MMTI-2025-15875,Makati,Car,Hit and Run,3,Cloudy,19.0,Male,0,"PHP 259,574.65",Light,Well-Lit,40
MMTI-2025-18113,Mandaluyong,Car,Side-swipe,3.0,Clear,29.0,M,0,77757.01,Heavy,Poorly-Lit,60
MMTI-2025-06883,Manila,,Hit and Run,3.0,Clear,17.0,Female,0,197302.23,,Well-Lit,60
MMTI-2025-07832,Taguig,Motorcycle,Rear-end,3,Cloudy,47.0,Male,0,290112.94,Moderate,dark,60
MMTI-2025-08895,Pasig,SUV/Van,Side-swipe,,Storm,56.0,F,0,27031.69,MODERATE,Poorly-Lit,80 km/h
MMTI-2025-11798,Quezon,Car,Rear-end,3,,50.0,Female,0,69281.71,Moderate,Well-Lit,60
MMTI-2025-16566,Makati,Car,Side-swipe,3.0,Cloudy,40.0,Female,0,240471.91,Heavy,Well-Lit,60
MMTI-2025-13107,San Juan,Motorcycle,Head-on,3,Clear,46.0,male,0,40057.92,Heavy,Poorly-Lit,40
MMTI-2025-15592,Valenzuela,Car,Hit and Run,,Rain,53.0,Male,4,20730.09,MODERATE,Well-Lit,40
MMTI-2025-05818,Pasig,Jeepney,Side-swipe,6,Clear,-10.0,Male,2,218.1k,,Well-Lit,60
MMTI-2025-09800,Makati,Car,Hit and Run,Risk Level 3,Cloudy,51.0,Male,0,224306.63,HEAVY,Well-Lit,60
MMTI-2025-20807,Manila,Jeepney,Hit and Run,3.0,Rain,44.0,Male,0,128786.87,,Poorly-Lit,100
MMTI-2025-07575,Pasig,Motorcycle,Side-swipe,3,Clear,43.0,female ,3,124452.88,Heavy,well lit,80
MMTI-2025-06931,QUEZON ,Truck,Head-on,3,,37.0,Female,0,,Heavy,Well-Lit,60 km/h
MMTI-2025-03008,Quezon,Car,Head-on,2.0,Cloudy,35.0,Male,2,373055.09,Moderate,Poorly-Lit,60 km/h
MMTI-2025-10475,Quezon,Motorcycle,Hit and Run,3.0,Cloudy,18.0,Male,0,447023.11,Moderate,Well-Lit,60 km/h
MMTI-2025-09273,Manila,Jeepney,Rear-end,3,Rain,,Female,0,93577.35,Moderate,well lit,40 kph
MMTI-2025-15778,Pasig,Car,Hit and Run,3,Clear,40.0,Male,0,156943.09,Heavy,Well-Lit,30
MMTI-2025-22515,Quezon,Car,Rear-end,Risk Level 6,Stormy,53.0,Female,2,3103235.77,Moderate,Poorly-Lit,40
MMTI-2025-13065,Paranaque,Motorcycle,Hit and Run,6.0,Clear,30.0,Male,4,106928.59,Heavy,Lit,60
MMTI-2025-23550,,Car,Side-swipe,Risk Level 3,Rain,44.0,Male,0,58484.63,Light,Well-Lit,40
MMTI-2025-08113,Mandaluyong,SUV/Van,Head-on,3.0,Clear,27.0,Male,0,79515.3,HEAVY,Poorly-Lit,60 km/h
MMTI-2025-14344,Pasay,Truck,Head-on,3,Rain,23.0,Male,0,1099153.68,,Lit,60
MMTI-2025-19031,San Juan,Car,Hit and Run,3.0,Clear,34.0,Male,0,38222.73,Light,Well-Lit,40
MMTI-2025-02664,Taguig,Car,Head-on,2,Cloudy,31.0,Male,0,276246.18,Moderate,Poorly-Lit,60
MMTI-2025-04261,Taguig,Car,Hit and Run,Risk Level 3,Cloudy,44.0,Male,0,296141.22,Heavy,Well-Lit,100
MMTI-2025-18497,Caloocan,Jeepney,Hit and Run,,Clear,0.0,Male,0,14353.3,Heavy,Poorly-Lit,80 kph
MMTI-2025-02424,Taguig,SUV/Van,Rear-end,3,Cloudy,37.0,Male,0,306320.28,Heavy,Well-Lit,100
MMTI-2025-23509,Paranaque,Motorcycle,Rear-end,3,Clear,34.0,Male,0,107579.3,Heavy,Poorly-Lit,30
MMTI-2025-06717,Pateros,SUV/Van,Side-swipe,3,Rain,61.0,Male,0,,MODERATE,Poorly-Lit,80
MMTI-2025-01636,Quezon,Motorcycle,Rear-end,6,Stormy,32.0,Female,3,3018.6k,Heavy,Lit,80 km/h
MMTI-2025-10339,Las Pinas,Car,Rear-end,Risk Level 4,Clear,32.0,F,1,93197.95,Light,Poorly-Lit,40 kph
MMTI-2025-02819,Paranaque,Car,Hit and Run,3,Clear,35.0,Female,0,119892.75,Heavy,Well-Lit,60
MMTI-2025-21405,Las Pinas,Car,Rear-end,3,Clear,32.0,Male,0,88.4k,Heavy,No Lights,60
MMTI-2025-16582,Quezon,Jeepney,Head-on,3.0,Rainy,45.0,Male,0,670575.03,Light,Well-Lit,60 km/h
MMTI-2025-13226,,SUV/Van,Head-on,3,Clear,47.0,Male,0,174268.9,HEAVY,No Lights,80
MMTI-2025-07121,Quezon,Motorcycle,Hit and Run,3,Cloudy,40.0,Female,0,615971.23,HEAVY,Poorly-Lit,100
MMTI-2025-18845,Quezon,Motorcycle,Rear-end,Risk Level 6,Stormy,25.0,Female,3,"PHP 1,821,240.08",Heavy,Unlit,80
MMTI-2025-03414,Makati,Motorcycle,Side-swipe,,Cloudy,29.0,Female,0,"PHP 2,954.22",MODERATE,Well-Lit,60
MMTI-2025-22872,Manila,Car,Rear-end,3.0,Cloudy,56.0,Male,0,180985.75,Heavy,Well-Lit,40 km/h
MMTI-2025-02873,Quezon,Motorcycle,Hit and Run,6,Rainy,51.0,Male,2,1669939.96,Heavy,Unlit,60
MMTI-2025-11920,Mandaluyong,Jeepney,Side-swipe,,Clear,32.0,Male,0,31087.61,LIGHT,Well-Lit,60
MMTI-2025-09531,Taguig,Car,Head-on,3,Cloudy,34.0,Male,0,283963.41,Heavy,Well-Lit,40
MMTI-2025-15673,Makati,Car,Side-swipe,6.0,Cloudy,33.0,Male,3,"PHP 260,299.54",Heavy,Well-Lit,60
MMTI-2025-09417,,Truck,Rear-end,2,Clear,34.0,Male,0,356310.03,Heavy,Well-Lit,40 km/h
MMTI-2025-18118,Pasig,Motorcycle,Hit and Run,Risk Level 6,,37.0,Unknown,3,98571.64,,Well-Lit,40
MMTI-2025-22683,Mandaluyong,Car,Head-on,3,Clear,30.0,male,0,69342.74,Moderate,Lit,100 km/h
MMTI-2025-02634,Manila,,Head-on,Risk Level 3,Rain,60.0,Male,0,210129.37,HEAVY,Well-Lit,60
MMTI-2025-19893,San Juan,Car,Rear-end,3,Clear,34.0,Male,0,40029.18,Moderate,Unlit,60
MMTI-2025-14192,Las Pinas,Car,Head-on,3.0,Clear,26.0,Male,0,"PHP 85,741.30",Heavy,Poorly-Lit,30
MMTI-2025-17884,,Bus,Head-on,2,Cloudy,41.0,Male,0,413919.5,Heavy,No Lights,60
MMTI-2025-06237, quezon,Jeepney,Side-swipe,3.0,Clear,55.0,Female,0,31014.02,,Well-Lit,40
MMTI-2025-18283,Navotas,Motorcycle,Rear-end,3.0,Clear,47.0,Male,0,34947.12,,Well-Lit,80
MMTI-2025-18808,Malabon,Jeepney,Head-on,3,Clear,51.0,male,0,,Heavy,Well-Lit,60
MMTI-2025-14020,Manila,Car,Side-swipe,Risk Level 3,Cloudy,28.0,Male,0,185035.51,Moderate,No Lights,40
MMTI-2025-21081,Quezon,Motorcycle,Rear-end,Risk Level 3,Rainy,52.0,Male,0,896177.2,Light,well lit,100 kph
MMTI-2025-06535,Quezon,Car,Rear-end,3,Cloudy,35.0,Male,0,584645.05,Heavy,Poorly-Lit,100 km/h
MMTI-2025-20469,,Jeepney,Side-swipe,3,Cloudy,999.0,Female,0,79250.47,,Poorly-Lit,60
MMTI-2025-06419,Makati,Truck,Side-swipe,3.0,Cloudy,33.0,Male,0,215663.73,Heavy,Well-Lit,60 km/h
MMTI-2025-03488,Marikina,Car,Rear-end,3,Clear,34.0,Male,0,59463.5,Heavy,Lit,60
MMTI-2025-05630,Las Pinas,SUV/Van,Head-on,Risk Level 6,Clear,31.0,Male,3,94301.28,Heavy,Poorly-Lit,80
MMTI-2025-20779,Manila,Car,Side-swipe,3,Cloudy,37.0,Male,0,166597.43,Light,well lit,40 kph
MMTI-2025-02900,Makati,Car,Hit and Run,2,Cloudy,36.0,Male,0,262403.02,Heavy,Well-Lit,60 kph
MMTI-2025-18927,Paranaque,,Hit and Run,3.0,Rain,47.0,Male,0,,Light,Well-Lit,60
MMTI-2025-09699,Quezon,Motorcycle,Head-on,Risk Level 3,Rainy,43.0,Male,0,1248886.02,Heavy,Well-Lit,60
MMTI-2025-05498,Caloocan,Truck,Side-swipe,2.0,Clear,39.0,Male,0,419881.85,,well lit,40
MMTI-2025-16836,Paranaque,Truck,Hit and Run,3.0,,40.0,Male,0,1116233.77,Heavy,Well-Lit,60
MMTI-2025-11657,MARIKINA ,,Rear-end,3,Clear,45.0,Male,0,100013.49,Heavy,Well-Lit,60 kph
MMTI-2025-13369,Quezon,Car,Side-swipe,,Clear,56.0,Male,2,58739.71,Heavy,Well-Lit,60
MMTI-2025-17967,Las Pinas,Truck,Side-swipe,3,Clear,29.0,Male,0,87530.77,Heavy,Well-Lit,30
MMTI-2025-12597,Marikina,SUV/Van,Rear-end,2,Clear,27.0,Male,0,65663.22,Heavy,Well-Lit,40
MMTI-2025-01357,Mandaluyong,Motorcycle,Rear-end,2,Clear,40.0,Male,3,72746.72,Moderate,Poorly-Lit,60
MMTI-2025-02798,Makati,Car,Rear-end,3,Cloudy,35.0,Male,0,267.0k,Heavy,Well-Lit,80
MMTI-2025-17167,Mandaluyong,Car,Hit and Run,,Clear,30.0,Male,0,18988.66,Moderate,Well-Lit,40
MMTI-2025-05851,MAKATI ,Car,Hit and Run,,Rain,65.0,Female,0,"PHP 61,879.84",Heavy,Well-Lit,60
MMTI-2025-11025,Manila,Motorcycle,Hit and Run,3,Cloudy,48.0,Male,0,209947.41,Moderate,Well-Lit,60
MMTI-2025-11738,Taguig,Car,Rear-end,Risk Level 1,Cloudy,21.0,Male,0,291127.54,Moderate,Well-Lit,40 km/h
MMTI-2025-06123,Las Pinas,Truck,Head-on,1,Clear,65.0,Male,0,88145.39,MODERATE,No Lights,60 km/h
MMTI-2025-12201,,Car,Head-on,Risk Level 2,Clear,51.0,Unknown,0,50427.12,Moderate,well lit,60
MMTI-2025-09584,Quezon,Car,Side-swipe,3,Stormy,36.0,Male,0,99999999,Heavy,Poorly-Lit,40
MMTI-2025-16757,Pasig,Car,Head-on,Risk Level 3,Clear,37.0,Male,0,137575.49,Moderate,Well-Lit,60
MMTI-2025-09557,Mandaluyong,Car,Side-swipe,3.0,Clear,35.0,Male,0,73478.78,Moderate,Well-Lit,60 km/h
MMTI-2025-04196,Quezon,Motorcycle,Hit and Run,3,Stormy,45.0,Male,0,99999999,HEAVY,Well-Lit,60
MMTI-2025-11854,Pasig,Car,Side-swipe,6.0,Clear,25.0,Male,1,150485.06,Heavy,Well-Lit,80
MMTI-2025-19382,Las Pinas,Motorcycle,Side-swipe,4,Clear,61.0,Male,3,94330.05,Moderate,Well-Lit,30
MMTI-2025-00418, quezon,SUV/Van,Rear-end,3.0,,47.0,Male,0,272790.62,Moderate,Well-Lit,60
MMTI-2025-10031,Quezon,Car,Head-on,3,Cloudy,50.0,Male,0,429149.57,Moderate,Well-Lit,80 km/h
MMTI-2025-12362,Manila,Car,Head-on,3.0,,34.0,Male,0,229015.97,Moderate,Lit,80
MMTI-2025-05058,Muntinlupa,Motorcycle,Hit and Run,3.0,Clear,38.0,Male,0,51678.1,Heavy,Well-Lit,30 kph
MMTI-2025-17536,Manila,,Side-swipe,6,Clear,,Female,2,670319.06,Moderate,Poorly-Lit,60
MMTI-2025-03821,Mandaluyong,Motorcycle,Rear-end,6,Clear,37.0,Male,3,80180.04,Moderate,Poorly-Lit,60
MMTI-2025-05721,Marikina,Car,Side-swipe,6,Clear,49.0,Male,4,64669.56,Moderate,Unlit,60
MMTI-2025-11165,Mandaluyong,SUV/Van,Hit and Run,3.0,Clear,17.0,Female,0,80.7k,MODERATE,Well-Lit,80 kph
MMTI-2025-12878,Manila,Motorcycle,Rear-end,2.0,Cloudy,32.0,Female,3,187460.59,Moderate,Well-Lit,60 kph
MMTI-2025-16556,,,Hit and Run,3.0,Cloudy,49.0,Male,0,125400.62,Light,Well-Lit,100
MMTI-2025-21791,,Truck,Hit and Run,3,Clear,27.0,Female,0,499257.1,Heavy,Well-Lit,60
MMTI-2025-19662,Pasig,Car,Hit and Run,3,Clear,59.0,Male,0,135167.05,Heavy,Well-Lit,60 km/h
MMTI-2025-15715,MARIKINA ,Truck,Rear-end,Risk Level 2,Clear,28.0,Male,0,,Heavy,Poorly-Lit,40
MMTI-2025-06452,Quezon,Truck,Rear-end,3,Clear,38.0,Female,0,-25000,,Well-Lit,40 km/h
MMTI-2025-08034,,Motorcycle,Head-on,Risk Level 3,Storm,35.0,Male,0,38911.22,Moderate,dark,80
MMTI-2025-13372,,SUV/Van,Head-on,Risk Level 3,Rain,34.0,Male,0,485051.03,Heavy,Lit,40
MMTI-2025-21476,Taguig,Car,Side-swipe,3,Cloudy,46.0,Unknown,0,319109.14,Heavy,Poorly-Lit,60
MMTI-2025-06572,Marikina,Truck,Hit and Run,2,Clear,28.0,Male,0,57925.58,Heavy,Well-Lit,40 km/h
MMTI-2025-17535,,Motorcycle,Rear-end,Risk Level 3,Clear,41.0,Unknown,0,53005.1,Heavy,Well-Lit,60 kph
MMTI-2025-15470,Taguig,,Head-on,3,Clear,40.0,male,0,"PHP 182,004.81",Heavy,Well-Lit,80
MMTI-2025-03890,Manila,Car,Rear-end,Risk Level 3,Cloudy,34.0,Male,0,168.7k,Heavy,Well-Lit,60
MMTI-2025-17477,Marikina,SUV/Van,Hit and Run,,Clear,32.0,Female,1,118165.77,Heavy,Well-Lit,80
MMTI-2025-13725,Paranaque,Car,Rear-end,3,Clear,28.0,Male,0,114841.57,Heavy,POOR,30 kph
MMTI-2025-21012,Pasig,Car,Hit and Run,Risk Level 3,Clear,150.0,Male,0,"PHP 162,226.24",Heavy,Well-Lit,60 km/h
MMTI-2025-05188,,Truck,Hit and Run,3,Cloudy,28.0,Male,0,460807.09,Moderate,Well-Lit,40
MMTI-2025-11712,Mandaluyong,SUV/Van,Side-swipe,3.0,Clear,29.0,Male,0,70.4k,Heavy,Poorly-Lit,60
MMTI-2025-21998,Quezon,Car,Hit and Run,Risk Level 2,Cloudy,37.0,Male,0,501237.2,Moderate,Well-Lit,60
MMTI-2025-01927,PASIG ,Truck,Hit and Run,3.0,Clear,39.0,Female,0,840930.49,,Poorly-Lit,60
MMTI-2025-19292,San Juan,SUV/Van,Hit and Run,Risk Level 2,Clear,47.0,Female,0,39665.68,MODERATE,Well-Lit,60
MMTI-2025-13017,San Juan,SUV/Van,Hit and Run,2.0,Clear,41.0,Male,0,39516.27,Heavy,Poorly-Lit,100
MMTI-2025-12529,Manila,SUV/Van,Hit and Run,,Clear,44.0,Male,0,,Moderate,Well-Lit,30 km/h
MMTI-2025-11607,Valenzuela,Car,Side-swipe,3,Clear,42.0,Male,0,37615.67,HEAVY,Unlit,30 km/h
MMTI-2025-23348,Quezon,Truck,Rear-end,3,Rainy,42.0,M,0,804218.51,Moderate,Well-Lit,60
MMTI-2025-21788,Makati,SUV/Van,Side-swipe,Risk Level 3,Rain,54.0,Male,0,,MODERATE,Well-Lit,30 km/h
MMTI-2025-15790,Paranaque,Motorcycle,Head-on,Risk Level 3,Clear,36.0,Male,0,97999.34,Heavy,Poorly-Lit,100 km/h
MMTI-2025-03605,,Jeepney,Side-swipe,2,Clear,40.0,Male,0,39411.4,Moderate,Well-Lit,60
MMTI-2025-08015,Valenzuela,Car,Rear-end,Risk Level 3,Clear,18.0,Male,0,37668.39,Moderate,Well-Lit,40 km/h
MMTI-2025-05356,Quezon,SUV/Van,Rear-end,1,Cloudy,44.0,Male,0,404004.1,Light,Poorly-Lit,60 km/h
MMTI-2025-04511,Quezon,Truck,Head-on,3.0,Clear,39.0,Male,0,363642.75,,No Lights,60
MMTI-2025-03429,Pasig,Car,Side-swipe,3.0,Clear,56.0,Male,0,138.2k,Moderate,Well-Lit,60
MMTI-2025-22241,Quezon,Jeepney,Hit and Run,3,,37.0,Male,0,99999999,Light,Well-Lit,40
MMTI-2025-08892,Marikina,Car,Rear-end,3,Clear,42.0,Male,0,66097.07,Heavy,Poorly-Lit,60
MMTI-2025-04357,Makati,Motorcycle,Hit and Run,2.0,Cloudy,30.0,Male,0,267478.96,Moderate,Well-Lit,40
MMTI-2025-20361,Pasig,Car,Rear-end,3,Clear,28.0,Male,0,"PHP 124,590.14",Heavy,Poorly-Lit,60
MMTI-2025-14632,Pasig,Car,Rear-end,3,Clear,52.0,Male,0,152628.61,Heavy,No Lights,60
MMTI-2025-15401,Paranaque,Car,Head-on,6,Clear,46.0,Male,3,"PHP 99,695.90",Heavy,Well-Lit,60 km/h
MMTI-2025-00927,Makati,Truck,Side-swipe,1.0,Cloudy,38.0,Male,0,161228.81,,Poorly-Lit,60
MMTI-2025-02753,Makati,Car,Hit and Run,3,Cloudy,26.0,Female,0,228074.16,Heavy,Poorly-Lit,40
MMTI-2025-10059,Makati,,Rear-end,2,Clear,31.0,Male,0,72072.71,Moderate,dark,30
MMTI-2025-05648,Quezon,Motorcycle,Head-on,3.0,,31.0,Male,0,58964.74,Moderate,Poorly-Lit,40
MMTI-2025-14771,Paranaque,Car,Head-on,Risk Level 3,Clear,55.0,Female,0,"PHP 99,649.11",Heavy,Well-Lit,30 kph
MMTI-2025-13333,Las Pinas,Car,Rear-end,Risk Level 3,Clear,48.0,Male,0,86512.72,Heavy,Well-Lit,80
MMTI-2025-09935,Muntinlupa,Jeepney,Head-on,3,Cloudy,45.0,Male,0,80810.78,,Well-Lit,60 km/h
MMTI-2025-10829,Mandaluyong,Motorcycle,Head-on,3.0,Clear,36.0,Male,0,74707.08,Heavy,Lit,40
MMTI-2025-17717,Manila,Car,Head-on,2,Cloudy,23.0,Male,4,178399.69,Moderate,Well-Lit,40
MMTI-2025-22484,Taguig,Car,Head-on,3.0,Cloudy,41.0,F,0,129184.42,,Well-Lit,60
MMTI-2025-04523,Quezon,Car,Rear-end,Risk Level 3,Stormy,47.0,Male,0,"PHP 1,892,233.82",HEAVY,POOR,100 km/h
MMTI-2025-02702,Manila,Bus,Hit and Run,3,Rain,,Female,0,1268238.84,,Well-Lit,60 kph
MMTI-2025-05011,Mandaluyong,Car,Head-on,Risk Level 2,Clear,35.0,Male,0,79534.54,LIGHT,Poorly-Lit,60
MMTI-2025-08971,Quezon,Jeepney,Side-swipe,2.0,Clear,38.0,F,0,38524.39,,Well-Lit,60
MMTI-2025-13406,Manila,Motorcycle,Head-on,3.0,Cloudy,33.0,F,0,211433.55,Heavy,Poorly-Lit,60
MMTI-2025-03574,Taguig,Car,Side-swipe,Risk Level 2,Cloudy,53.0,M,0,315541.22,Moderate,Well-Lit,40
MMTI-2025-18390,Quezon,Motorcycle,Rear-end,3,Clear,150.0,Male,0,37456.07,,Well-Lit,100
MMTI-2025-13445,SAN JUAN ,Motorcycle,Head-on,Risk Level 3,,55.0,Male,0,10279.14,Heavy,Well-Lit,60
MMTI-2025-22246,Taguig,SUV/Van,Rear-end,6.0,Cloudy,38.0,Female,3,291562.15,Heavy,No Lights,80
MMTI-2025-02107,Quezon,Motorcycle,Hit and Run,3,Stormy,27.0,Male,0,99999999,Heavy,Well-Lit,60
MMTI-2025-13170,Paranaque,,Hit and Run,3.0,Clear,30.0,Female,0,128758.09,Heavy,Poorly-Lit,40
MMTI-2025-18595,Manila,,Hit and Run,2,,21.0,Male,0,58322.89,Light,No Lights,40 km/h
MMTI-2025-09301,Quezon,SUV/Van,Head-on,3.0,Rainy,40.0,Male,0,701829.2,Light,Well-Lit,60
MMTI-2025-17893,Quezon,Car,Side-swipe,3.0,Cloudy,17.0,Male,0,377864.09,Moderate,Poorly-Lit,60 km/h
MMTI-2025-05358,,Bus,Side-swipe,Risk Level 3,Clear,53.0,Female,0,389804.57,Moderate,Poorly-Lit,80
MMTI-2025-20500,Pasig,SUV/Van,Rear-end,6,Clear,19.0,female ,3,"PHP 136,138.55",Heavy,Well-Lit,80
MMTI-2025-21804,Quezon,Jeepney,Side-swipe,4,,36.0,Female,3,76883.29,Heavy,Well-Lit,40
MMTI-2025-06356,Manila,Car,Head-on,,Clear,30.0,female ,0,29705.24,Moderate,Poorly-Lit,60 km/h
MMTI-2025-04918,Taguig,SUV/Van,Side-swipe,Risk Level 3,Cloudy,49.0,Male,0,291041.4,Heavy,Poorly-Lit,60
MMTI-2025-21601,Caloocan,Car,Head-on,Risk Level 3,Clear,37.0,Male,0,"PHP 43,653.39",Heavy,Lit,40
MMTI-2025-04524,Pasay,Car,Rear-end,Risk Level 1,Clear,27.0,Female,0,46572.9,Moderate,Well-Lit,60
MMTI-2025-20319,Muntinlupa,Truck,Hit and Run,,Clear,40.0,Male,0,441166.11,Moderate,Poorly-Lit,60
MMTI-2025-06020,Valenzuela,Bus,Rear-end,3,Rain,,Male,0,0,Heavy,well lit,60 km/h
MMTI-2025-05467, quezon,SUV/Van,Rear-end,Risk Level 3,Clear,42.0,Female,0,420825.58,,Well-Lit,60
MMTI-2025-04712,Valenzuela,Motorcycle,Hit and Run,,Clear,27.0,Male,0,,Heavy,Well-Lit,100 kph
MMTI-2025-20247, muntinlupa,,Hit and Run,2,Clear,30.0,Male,0,"PHP 42,630.29",Heavy,Well-Lit,80 kph
MMTI-2025-15341,Quezon,Truck,Side-swipe,3,Cloudy,42.0,Female,0,427318.81,Moderate,Well-Lit,30 kph