Incident_ID,City,Vehicle_Type,Accident_Type,Severity,Weather_Condition,Driver_Age,Driver_Gender,Injury_Count,Damage_Cost_PHP,Traffic_Volume,Road_Lighting,Speed_Limit
MMTI-2025-19493,Quezon,Car,Head-on,2,Rainy,37.0,Female,0,696738.75,Light,Well-Lit,60
MMTI-2025-16189,Pasig,Jeepney,Head-on,,Clear,55.0,Female,2,15344.49,Heavy,Well-Lit,60
MMTI-2025-04375,San Juan,Motorcycle,Head-on,3.0,Clear,33.0,Unknown,0,40980.87,Moderate,Poorly-Lit,60
MMTI-2025-11032,Pasig,Car,Head-on,3,Clear,40.0,Male,0,160322.32,Heavy,Well-Lit,40
MMTI-2025-23207,Quezon,Truck,Side-swipe,2,Rain,39.0,Male,0,384254.16,,Well-Lit,40
MMTI-2025-06151,Quezon,Car,Hit and Run,6.0,Cloudy,39.0,Male,1,466783.15,Heavy,Well-Lit,60
MMTI-2025-22782,,Motorcycle,Hit and Run,6,Clear,44.0,M,1,79266.52,HEAVY,Well-Lit,60
MMTI-2025-12104,Paranaque,Car,Head-on,6,Clear,40.0,Male,2,100787.6,Heavy,dark,60
MMTI-2025-12159,Marikina,Motorcycle,Rear-end,3,Clear,34.0,male,0,"PHP 59,947.42",Moderate,Well-Lit,60
MMTI-2025-10315,San Juan,Motorcycle,Hit and Run,3.0,Clear,36.0,Male,0,9.6k,,Well-Lit,40
MMTI-2025-01712,Las Pinas,Car,Rear-end,Risk Level 3,Clear,21.0,Male,0,85563.7,Light,Unlit,60
MMTI-2025-07715,Pasig,,Hit and Run,3,Clear,43.0,Female,0,107345.33,Moderate,Well-Lit,100
MMTI-2025-19912,Quezon,,Side-swipe,Risk Level 3,Clear,38.0,Male,0,219934.5,Light,Poorly-Lit,60
MMTI-2025-17549,Manila,Truck,Rear-end,3.0,,39.0,Male,0,596239.28,Moderate,Unlit,60 km/h
MMTI-2025-05516,San Juan,Car,Side-swipe,Risk Level 4,Clear,37.0,Female,3,"PHP 39,547.92",Heavy,Well-Lit,60
MMTI-2025-23396,Quezon,Car,Rear-end,3,Cloudy,17.0,Male,0,578548.95,Heavy,Poorly-Lit,60
MMTI-2025-10046,Manila,SUV/Van,Head-on,2,Cloudy,58.0,Female,0,202311.62,Heavy,Well-Lit,60
MMTI-2025-12111,,Jeepney,Hit and Run,Risk Level 3,Clear,29.0,Male,0,47563.31,Moderate,Well-Lit,80
MMTI-2025-13358,Manila,Bus,Side-swipe,,,42.0,Female,1,190532.15,Heavy,Poorly-Lit,60
MMTI-2025-06764,Marikina,Motorcycle,Side-swipe,Risk Level 3,Clear,29.0,Male,0,"PHP 61,740.48",Heavy,Poorly-Lit,60
MMTI-2025-20197,Caloocan,Car,Rear-end,3,Clear,26.0,Male,0,42098.95,Heavy,Well-Lit,80
MMTI-2025-17478,Quezon,Motorcycle,Rear-end,3.0,Rainy,49.0,Male,0,1165033.29,Moderate,Well-Lit,60 kph
MMTI-2025-09484,Pasig,SUV/Van,Hit and Run,Risk Level 3,Cloudy,34.0,Male,0,,LIGHT,No Lights,60 kph
MMTI-2025-02949,Manila,Car,Hit and Run,6,Cloudy,17.0,Male,4,177570.43,Moderate,well lit,60 km/h
MMTI-2025-04954,MANILA ,Truck,Head-on,3.0,Clear,,Female,0,1087676.08,Heavy,Poorly-Lit,80
MMTI-2025-16365,Pasig,SUV/Van,Hit and Run,3,Storm,,Female,0,,Heavy,Well-Lit,60
MMTI-2025-21775,Makati,,Head-on,9.0,Rain,49.0,male,3,208917.62,Heavy,Poorly-Lit,60
MMTI-2025-00771,Quezon,Car,Hit and Run,Risk Level 3,Cloudy,60.0,Male,0,437603.36,Heavy,Well-Lit,40 km/h
MMTI-2025-06587,Mandaluyong,Car,Rear-end,3,Clear,49.0,Male,0,79196.47,Moderate,Well-Lit,60 km/h
MMTI-2025-10394, manila,Car,Hit and Run,2,Clear,0.0,Male,0,19810.19,,Poorly-Lit,60
MMTI-2025-06683,Quezon,Car,Rear-end,6,Rainy,38.0,Male,4,1740924.6,Moderate,Well-Lit,40
MMTI-2025-07899,Taguig,Motorcycle,Side-swipe,Risk Level 3,Cloudy,27.0,Female,0,340.8k,Heavy,Well-Lit,60
MMTI-2025-07421,Quezon,Motorcycle,Side-swipe,3.0,Stormy,20.0,male,0,99999999,Heavy,Poorly-Lit,60
MMTI-2025-09682,,SUV/Van,Head-on,3,Rain,44.0,female ,0,374652.59,,Unlit,60 km/h
MMTI-2025-15192,Las Pinas,Jeepney,Side-swipe,3,Clear,,Male,0,104504.52,Heavy,Well-Lit,60
MMTI-2025-20835,Mandaluyong,SUV/Van,Hit and Run,3.0,Clear,21.0,Male,0,69156.3,Moderate,Well-Lit,60 kph
MMTI-2025-03675,Quezon,Car,Side-swipe,3,Stormy,44.0,Male,0,1962526.78,Heavy,Unlit,30 kph
MMTI-2025-12133,Quezon,Truck,Side-swipe,,Clear,25.0,Male,0,221616.85,Heavy,Lit,60 kph
MMTI-2025-12262,Quezon,Car,Hit and Run,Risk Level 3,Rainy,46.0,Male,0,687768.43,Heavy,Well-Lit,30
MMTI-2025-21854,Quezon,Car,Hit and Run,Risk Level 3,Rainy,54.0,Male,0,970955.32,Heavy,Well-Lit,60
MMTI-2025-08881,Quezon,Car,Hit and Run,3,Rainy,21.0,Male,0,682833.0,Heavy,Poorly-Lit,100 kph
MMTI-2025-17963,Las Pinas,SUV/Van,Rear-end,3,Clear,29.0,Male,1,,Heavy,Well-Lit,60
MMTI-2025-06041,Makati,Motorcycle,Side-swipe,3,Cloudy,31.0,Male,0,263753.05,MODERATE,Poorly-Lit,40 km/h
MMTI-2025-11416,Pasig,Bus,Rear-end,,Clear,47.0,Male,0,251265.16,Heavy,well lit,60
MMTI-2025-18090,Manila,Motorcycle,Head-on,3.0,Cloudy,17.0,Male,0,204697.72,Light,Well-Lit,60
MMTI-2025-14705,Makati,Motorcycle,Head-on,3.0,Cloudy,20.0,Female,0,245178.58,Heavy,Poorly-Lit,60
MMTI-2025-02339,Manila,Car,Rear-end,3,Cloudy,47.0,Male,0,166823.24,Heavy,Poorly-Lit,60
MMTI-2025-21430,Pasig,Motorcycle,Rear-end,1,Clear,49.0,Male,0,161882.32,Light,No Lights,60 km/h
MMTI-2025-19890,Caloocan,Car,Rear-end,2,Clear,30.0,Female,0,41895.22,Light,Well-Lit,60
MMTI-2025-05396,Makati,Car,Hit and Run,3,Cloudy,48.0,Male,0,214.4k,Heavy,Poorly-Lit,30
MMTI-2025-14291,Quezon,Car,Rear-end,3,Rainy,35.0,Female,0,1382708.88,Heavy,Well-Lit,30
MMTI-2025-20304,Pasay,Car,Side-swipe,2.0,Clear,44.0,F,0,49435.99,Light,Unlit,40
MMTI-2025-22601,,SUV/Van,Side-swipe,2,Clear,-10.0,Male,0,157128.45,Light,Poorly-Lit,30
MMTI-2025-14027,Quezon,Motorcycle,Rear-end,,Rain,33.0,Male,0,13568.67,Heavy,Poorly-Lit,60 kph
MMTI-2025-07806,Paranaque,Truck,Rear-end,Risk Level 3,Clear,26.0,M,0,102063.35,Heavy,Poorly-Lit,80
MMTI-2025-23493,Quezon,Car,Head-on,3,Stormy,27.0,Male,0,77777777,Heavy,Poorly-Lit,30
MMTI-2025-22980,Manila,Car,Hit and Run,Risk Level 3,Cloudy,17.0,Female,0,211582.3,Heavy,Well-Lit,80
MMTI-2025-08155,Paranaque,Car,Hit and Run,2.0,Clear,33.0,Male,0,"PHP 108,011.97",Heavy,Well-Lit,40
MMTI-2025-10990,Quezon,Car,Side-swipe,2.0,Cloudy,37.0,Male,0,439878.58,Light,Poorly-Lit,80 km/h
MMTI-2025-09035,Manila,Car,Hit and Run,2,Cloudy,38.0,Female,0,182467.11,Heavy,Well-Lit,30
MMTI-2025-15976,Pasig,Car,Rear-end,3.0,Clear,32.0,Female,0,140892.66,Light,Well-Lit,80
MMTI-2025-00682,,Motorcycle,Side-swipe,3,Rain,46.0,Female,0,59913.98,Moderate,Well-Lit,60
MMTI-2025-06926,,Jeepney,Rear-end,3,Clear,37.0,Male,0,78978.11,Light,Well-Lit,60
MMTI-2025-09639,Makati,Car,Rear-end,3,,29.0,Male,0,272.2k,MODERATE,Well-Lit,80
MMTI-2025-02285,Quezon,Motorcycle,Hit and Run,3,Cloudy,46.0,Male,0,503721.68,Heavy,Well-Lit,60
MMTI-2025-11493,San Juan,Car,Head-on,Risk Level 2,Clear,23.0,Male,0,39202.15,Heavy,Well-Lit,80
MMTI-2025-01388,Taguig,SUV/Van,Hit and Run,6,Cloudy,38.0,Female,2,283364.08,Light,Unlit,40
MMTI-2025-21550,Taguig,Bus,Side-swipe,3.0,Clear,,male,0,,Heavy,Unlit,60
MMTI-2025-07936,Manila,Jeepney,Side-swipe,,Clear,41.0,Male,0,37942.74,Heavy,Poorly-Lit,60
MMTI-2025-22650,Quezon,Truck,Rear-end,3,Rainy,17.0,Male,0,1065453.62,Heavy,Well-Lit,60 km/h
MMTI-2025-03733,Quezon,Jeepney,Hit and Run,,Clear,,M,0,43295.54,Heavy,Poorly-Lit,40
MMTI-2025-05352,Quezon,Car,Head-on,3,Cloudy,28.0,Male,0,431825.39,Heavy,Poorly-Lit,30 km/h
MMTI-2025-15924,Manila,Truck,Head-on,3,Cloudy,46.0,Male,0,177989.82,Heavy,POOR,60
MMTI-2025-20937,Mandaluyong,Motorcycle,Side-swipe,3,Clear,32.0,Male,0,72446.94,Heavy,POOR,60
MMTI-2025-21110,Quezon,Car,Hit and Run,3,Cloudy,42.0,male,0,536280.16,Moderate,Well-Lit,60 kph
MMTI-2025-15656,,Motorcycle,Side-swipe,3,Clear,27.0,Male,0,14589.46,Heavy,Well-Lit,60
MMTI-2025-22674,Quezon,Truck,Rear-end,3,Rain,35.0,Male,0,276013.35,,Well-Lit,60 kph
MMTI-2025-16985,Quezon,Truck,Rear-end,3,Cloudy,24.0,Male,0,554047.09,Heavy,Well-Lit,40 km/h
MMTI-2025-09049,Mandaluyong,,Side-swipe,2.0,Clear,41.0,Male,0,30653.16,Heavy,POOR,60
MMTI-2025-15165,Quezon,Motorcycle,Head-on,3,Rainy,26.0,Male,0,1167.7k,Light,dark,80
MMTI-2025-18520,Manila,Motorcycle,Rear-end,3,Cloudy,20.0,M,0,189177.47,Heavy,Unlit,100
MMTI-2025-21427,Paranaque,Truck,Side-swipe,3,Clear,47.0,Male,0,1130161.3,,Lit,60
MMTI-2025-12587,Pasay,Car,Rear-end,Risk Level 3,Clear,17.0,Female,0,45605.68,Heavy,Well-Lit,60 km/h
MMTI-2025-12786,Makati,Car,Side-swipe,3,Cloudy,29.0,Female,0,252708.02,Heavy,Well-Lit,40
MMTI-2025-04960,Manila,SUV/Van,Rear-end,3.0,,37.0,Male,0,231049.85,Heavy,Unlit,60
MMTI-2025-05753,Muntinlupa,Truck,Side-swipe,Risk Level 3,Clear,24.0,Female,0,,Heavy,Well-Lit,100
MMTI-2025-07468,Las Pinas,Jeepney,Side-swipe,3.0,Clear,56.0,Female,0,95462.49,Moderate,Well-Lit,40
MMTI-2025-13240,Makati,Car,Head-on,2,Cloudy,49.0,Male,0,248999.29,Heavy,Well-Lit,30
MMTI-2025-16810,Manila,Jeepney,Head-on,3.0,,26.0,Female,0,55178.93,Heavy,dark,60
MMTI-2025-04580,Quezon,Motorcycle,Hit and Run,3,,33.0,Female,0,"PHP 11,090.63",Moderate,Poorly-Lit,60
MMTI-2025-03096,Malabon,Motorcycle,Hit and Run,3,Rain,17.0,male,0,,Heavy,Well-Lit,40
MMTI-2025-05270,Quezon,,Side-swipe,3,Clear,33.0,Female,0,275504.68,Moderate,Well-Lit,100
MMTI-2025-02313,,Car,Rear-end,Risk Level 3,Rain,30.0,Male,0,177877.67,Heavy,Well-Lit,100
MMTI-2025-12930,Valenzuela,Motorcycle,Head-on,3.0,Clear,40.0,Male,0,37905.73,Moderate,POOR,30
MMTI-2025-22707,Mandaluyong,Truck,Side-swipe,3,Clear,53.0,M,0,74516.4,Moderate,Well-Lit,60
MMTI-2025-21613,Quezon,Motorcycle,Side-swipe,3.0,Rainy,43.0,Male,0,1057828.12,Moderate,Well-Lit,30
MMTI-2025-11861,PASIG ,Bus,Head-on,4,Clear,29.0,Male,4,694479.55,,Well-Lit,60
MMTI-2025-05598,MANILA ,Motorcycle,Side-swipe,3.0,Clear,,M,0,"PHP 33,116.94",Moderate,No Lights,60 kph
MMTI-2025-10971,Quezon,Car,Rear-end,3,Cloudy,49.0,Unknown,0,509.0k,MODERATE,Well-Lit,60
MMTI-2025-00782,Paranaque,Truck,Rear-end,,Clear,40.0,Male,0,402391.32,Moderate,dark,60
MMTI-2025-20481,,Jeepney,Side-swipe,,,25.0,Male,0,29378.43,Light,Poorly-Lit,40
MMTI-2025-15064,Pasay,,Rear-end,3,Clear,33.0,Male,0,212466.6,Heavy,Well-Lit,80 km/h
MMTI-2025-06992,Paranaque,Car,Hit and Run,6,Clear,35.0,Male,3,106686.7,Heavy,Well-Lit,40
MMTI-2025-12917,Marikina,Motorcycle,Rear-end,3.0,Clear,17.0,Male,0,"PHP 65,127.64",HEAVY,Poorly-Lit,60
MMTI-2025-01202,Taguig,Car,Side-swipe,3,Cloudy,37.0,male,0,281.5k,Heavy,Well-Lit,40
MMTI-2025-08368,,,Rear-end,3.0,Clear,40.0,Male,0,,Moderate,Poorly-Lit,80
MMTI-2025-01015,Paranaque,,Rear-end,3,Clear,56.0,Female,0,67348.76,Heavy,well lit,60
MMTI-2025-20363,Las Pinas,Truck,Rear-end,2,,46.0,M,0,94152.45,Heavy,Well-Lit,60 km/h
MMTI-2025-01044,Quezon,Car,Side-swipe,Risk Level 3,,46.0,Male,0,165812.67,,Poorly-Lit,40
MMTI-2025-01797,Las Pinas,Car,Hit and Run,3,Clear,41.0,male,0,86843.79,Heavy,Well-Lit,40 km/h
MMTI-2025-09027,Taguig,Car,Rear-end,4,Cloudy,27.0,Male,4,348668.39,Heavy,Well-Lit,60
MMTI-2025-14455,Quezon,Truck,Rear-end,2,Rain,39.0,Female,0,"PHP 580,693.30",,POOR,40
MMTI-2025-11584,Quezon,Car,Hit and Run,3.0,Cloudy,19.0,Male,0,506734.7,Light,Well-Lit,30
MMTI-2025-13588,,Jeepney,Head-on,3,Clear,64.0,Male,0,144229.79,Heavy,Unlit,40
MMTI-2025-01282,Makati,Car,Rear-end,6.0,Cloudy,42.0,Male,3,246988.0,Heavy,Well-Lit,80
MMTI-2025-12507,Quezon,Car,Head-on,2,Clear,24.0,Female,0,36997.99,,Poorly-Lit,40
MMTI-2025-06611,Quezon,Car,Hit and Run,Risk Level 3,Stormy,65.0,Female,0,1857164.76,Heavy,Poorly-Lit,60
MMTI-2025-07750, caloocan,Bus,Rear-end,3,Storm,47.0,Male,0,1066651.31,,Well-Lit,80
MMTI-2025-09633,Manila,SUV/Van,Side-swipe,,Clear,42.0,Male,4,111382.36,Light,Unlit,60
MMTI-2025-12376,Pateros,Bus,Side-swipe,,Storm,40.0,Unknown,0,,Light,Lit,60
MMTI-2025-04030,Caloocan,Car,Hit and Run,1.0,Clear,27.0,Male,0,44266.23,Light,Well-Lit,40
MMTI-2025-20643,Manila,Truck,Hit and Run,3,,38.0,Male,0,,Heavy,Poorly-Lit,100 km/h
MMTI-2025-16652,Manila,Car,Rear-end,3,Cloudy,-10.0,Male,0,170622.63,Light,Poorly-Lit,40
MMTI-2025-03667,,Jeepney,Side-swipe,2,Clear,29.0,F,0,35994.65,Heavy,Poorly-Lit,60 km/h
MMTI-2025-17738,Quezon,Car,Hit and Run,3,Stormy,55.0,Male,0,1831259.67,Heavy,No Lights,30
MMTI-2025-06511,Pasig,Bus,Head-on,,Clear,53.0,Male,0,81256.3,LIGHT,Poorly-Lit,60
MMTI-2025-18944,,Car,Hit and Run,3,Cloudy,35.0,Male,0,163147.28,Light,well lit,40
MMTI-2025-11071,,Truck,Head-on,3,Clear,40.0,Male,0,1765104.19,Light,Poorly-Lit,30 kph
MMTI-2025-14039,Makati,Motorcycle,Rear-end,3,Clear,38.0,Male,0,25822.35,,well lit,40 km/h
MMTI-2025-00086,Quezon,Car,Head-on,Risk Level 3,Rainy,26.0,Female,0,705939.67,Moderate,Well-Lit,40
MMTI-2025-11888,Quezon,Motorcycle,Side-swipe,3.0,Rainy,999.0,male,0,629865.87,Heavy,Well-Lit,60 km/h
MMTI-2025-06865,Paranaque,Motorcycle,Side-swipe,3,Clear,17.0,Male,0,117833.23,HEAVY,Well-Lit,60
MMTI-2025-11220,Quezon,SUV/Van,Head-on,3,Rainy,33.0,Male,0,744937.55,Heavy,dark,30
MMTI-2025-20601,Quezon,Truck,Head-on,6,Rain,43.0,Female,1,3439010.51,,Poorly-Lit,40
MMTI-2025-17960,Quezon,Car,Side-swipe,3,Rainy,30.0,Male,0,788393.16,Heavy,Poorly-Lit,40
MMTI-2025-10906,Quezon,Jeepney,Hit and Run,3.0,Cloudy,27.0,Male,0,360147.72,Moderate,Poorly-Lit,60
MMTI-2025-04065,MAKATI ,Bus,Hit and Run,3,,36.0,Female,0,"PHP 806,435.66",Moderate,Well-Lit,60 km/h
MMTI-2025-09719,Quezon,Car,Head-on,Risk Level 6,Rainy,31.0,Male,1,871753.25,Moderate,Well-Lit,40
MMTI-2025-03450,Quezon,Car,Side-swipe,3.0,Rainy,33.0,Female,0,1635010.91,Moderate,Well-Lit,80 km/h
MMTI-2025-02833,Quezon,Motorcycle,Hit and Run,,Clear,32.0,Male,0,5922.2,Moderate,Unlit,60
MMTI-2025-19498,Marikina,Motorcycle,Head-on,3,Clear,40.0,Male,0,58134.77,Moderate,Well-Lit,40
MMTI-2025-10859,QUEZON ,Car,Head-on,,Clear,0.0,Male,2,91209.47,Heavy,Poorly-Lit,80
MMTI-2025-06684,Makati,Car,Side-swipe,3.0,Cloudy,47.0,Male,0,231353.2,Moderate,well lit,40
MMTI-2025-17828,Pasig,Car,Head-on,3,Clear,31.0,Male,0,129185.96,Heavy,Poorly-Lit,60 km/h
MMTI-2025-08110,Makati,SUV/Van,Head-on,3,Cloudy,35.0,Female,0,225987.06,Heavy,Poorly-Lit,100
MMTI-2025-14135,Quezon,Motorcycle,Side-swipe,3,Rainy,44.0,Female,0,1193943.03,Light,Well-Lit,60
MMTI-2025-18835,Manila,Truck,Hit and Run,1,Clear,,Male,0,297263.51,,Well-Lit,60
MMTI-2025-08993,Pasig,Car,Side-swipe,6.0,,49.0,Male,4,379694.59,Heavy,Well-Lit,60
MMTI-2025-18078,Pasig,Motorcycle,Hit and Run,3,Clear,39.0,Female,0,124250.51,Heavy,Well-Lit,100
MMTI-2025-22296,Makati,Truck,Side-swipe,Risk Level 3,Cloudy,44.0,Male,0,260422.52,Light,Unlit,60
MMTI-2025-21255,Quezon,Car,Side-swipe,3,Rainy,-10.0,Male,0,690478.32,LIGHT,Well-Lit,30
MMTI-2025-06309,Manila,Truck,Hit and Run,,Clear,55.0,Female,0,604836.78,Heavy,Well-Lit,40 km/h
MMTI-2025-00268,Quezon,Car,Hit and Run,4,Cloudy,44.0,Male,4,544311.7,Moderate,Well-Lit,40
MMTI-2025-00939,Manila,SUV/Van,Head-on,,Rain,30.0,Female,0,121641.24,Heavy,Well-Lit,30 km/h
MMTI-2025-16269,Taguig,Car,Side-swipe,3,Cloudy,34.0,Male,0,324318.91,Moderate,Well-Lit,60
MMTI-2025-22118,Taguig,Motorcycle,Hit and Run,2,Cloudy,29.0,Male,0,300809.23,Moderate,Well-Lit,80
MMTI-2025-02430,Quezon,SUV/Van,Side-swipe,3.0,Rainy,50.0,Male,0,1221533.78,MODERATE,Unlit,60
MMTI-2025-00632,Muntinlupa,Motorcycle,Head-on,3.0,Clear,30.0,Male,0,52773.48,Heavy,Poorly-Lit,60
MMTI-2025-11878,Pasig,Motorcycle,Side-swipe,3.0,Clear,37.0,Male,0,137782.72,Heavy,Well-Lit,60
MMTI-2025-10433,Manila,SUV/Van,Rear-end,3.0,Cloudy,63.0,Male,0,207091.77,Heavy,Poorly-Lit,80 kph
MMTI-2025-07391,Las Pinas,Motorcycle,Rear-end,3,Clear,29.0,Male,0,82.0k,Heavy,Well-Lit,80
MMTI-2025-01934,Las Pinas,Car,Side-swipe,2.0,Clear,37.0,Male,0,94846.36,Moderate,Poorly-Lit,80 km/h
MMTI-2025-00865,Manila,Jeepney,Rear-end,,Storm,58.0,Male,0,11082.96,Heavy,Well-Lit,40
MMTI-2025-16527,Muntinlupa,Jeepney,Rear-end,3.0,Clear,47.0,Male,0,51680.47,Heavy,Unlit,30
MMTI-2025-10147, caloocan,Bus,Rear-end,6.0,,40.0,Male,1,2674255.16,Heavy,Poorly-Lit,40 kph
MMTI-2025-05883,Taguig,Car,Side-swipe,3,Cloudy,46.0,Male,0,"PHP 277,316.35",Heavy,Unlit,60 km/h
MMTI-2025-07606,Pasig,Car,Hit and Run,3,Clear,49.0,Male,0,134.9k,Heavy,Poorly-Lit,40
MMTI-2025-14713,Quezon,,Rear-end,3.0,Clear,,female ,0,164851.83,Light,Poorly-Lit,80
MMTI-2025-15172,Quezon,Car,Rear-end,Risk Level 3,Rainy,22.0,Male,0,1114308.12,Light,Poorly-Lit,60
MMTI-2025-15343,Pasig,Car,Head-on,3,Clear,53.0,Male,0,138727.11,Moderate,Well-Lit,40 km/h
MMTI-2025-17729,Manila,Car,Side-swipe,3.0,Cloudy,30.0,Male,0,208526.43,Heavy,Well-Lit,30
MMTI-2025-08163,Quezon,SUV/Van,Hit and Run,6.0,Rainy,40.0,Male,2,722101.07,Heavy,Poorly-Lit,60
MMTI-2025-22890,Quezon,Car,Head-on,Risk Level 3,Rainy,45.0,Female,0,644751.9,Moderate,Poorly-Lit,30 km/h
MMTI-2025-03315,Muntinlupa,Jeepney,Hit and Run,3.0,,25.0,Female,0,76.5k,Heavy,Well-Lit,60
MMTI-2025-14891,Quezon,Jeepney,Head-on,2.0,Cloudy,31.0,Male,0,436946.74,Moderate,Poorly-Lit,100 km/h
MMTI-2025-13678,Valenzuela,Truck,Rear-end,,Clear,43.0,Male,0,344797.23,Light,Poorly-Lit,80
MMTI-2025-18488,,Car,Rear-end,Risk Level 3,Clear,17.0,Female,0,223552.73,Heavy,Well-Lit,30
MMTI-2025-14621,Las Pinas,Car,Hit and Run,3,Clear,49.0,Male,0,83255.24,Moderate,Lit,80 km/h
MMTI-2025-04740,Navotas,Jeepney,Hit and Run,Risk Level 3,Clear,50.0,Female,0,,Light,Well-Lit,80
MMTI-2025-06110, manila,,Side-swipe,3,Storm,36.0,Male,0,178044.31,Heavy,Poorly-Lit,60
MMTI-2025-06506,Quezon,Car,Hit and Run,Risk Level 3,Rainy,35.0,Male,0,"PHP 1,002,236.08",Heavy,Well-Lit,60
MMTI-2025-17890,Quezon,Car,Hit and Run,3,Cloudy,40.0,Male,0,369466.04,Heavy,Well-Lit,60 km/h
MMTI-2025-03892,Mandaluyong,Car,Hit and Run,3.0,Clear,24.0,Male,0,71691.42,Heavy,Unlit,60
MMTI-2025-02806,Pasig,Bus,Head-on,Risk Level 3,Cloudy,21.0,Male,0,350191.11,,Well-Lit,30 km/h
MMTI-2025-17333,Quezon,Jeepney,Hit and Run,3,Cloudy,54.0,Male,0,59089.58,,Well-Lit,60 kph
MMTI-2025-08714,Quezon,Car,Head-on,Risk Level 3,Rainy,39.0,Male,0,1360.8k,HEAVY,Well-Lit,40
MMTI-2025-23532,Quezon,Car,Rear-end,3,Cloudy,28.0,Male,0,538592.57,Moderate,Unlit,60
MMTI-2025-04941, pasay,Car,Head-on,3,,43.0,Female,0,122022.75,HEAVY,Well-Lit,60
MMTI-2025-08038,Caloocan,Car,Side-swipe,6,Clear,37.0,Male,2,41765.62,Heavy,Well-Lit,60
MMTI-2025-13025,Quezon,Truck,Rear-end,3,Rainy,64.0,Male,0,834117.27,Heavy,Poorly-Lit,80
MMTI-2025-17299,Quezon,Motorcycle,Hit and Run,Risk Level 3,Rainy,34.0,Female,0,891421.62,Heavy,Well-Lit,40
MMTI-2025-07587,Marikina,Motorcycle,Hit and Run,Risk Level 3,Clear,31.0,Male,0,66662.26,Light,Well-Lit,60
MMTI-2025-05583,Quezon,Truck,Head-on,Risk Level 3,Rainy,28.0,male,0,1254108.59,Heavy,Well-Lit,60
MMTI-2025-07169,Makati,Bus,Hit and Run,3,Storm,56.0,Male,0,283655.36,,Poorly-Lit,60 km/h
MMTI-2025-20444,Mandaluyong,Car,Head-on,2,Clear,36.0,Male,0,71083.47,Heavy,Well-Lit,60
MMTI-2025-00931,Manila,Car,Head-on,Risk Level 3,Cloudy,-10.0,Male,4,166965.75,Heavy,Well-Lit,40
MMTI-2025-14799,Quezon,Motorcycle,Side-swipe,Risk Level 3,Rainy,49.0,Male,0,738711.99,Heavy,Well-Lit,60
MMTI-2025-01277,Quezon,Motorcycle,Rear-end,3,Rainy,41.0,Male,0,689849.06,Moderate,Well-Lit,60
MMTI-2025-09171,,Motorcycle,Rear-end,Risk Level 1,Clear,55.0,Male,0,14273.71,Moderate,Well-Lit,40
MMTI-2025-09751,Muntinlupa,Motorcycle,Rear-end,3,Clear,40.0,Female,0,57270.7,Moderate,Poorly-Lit,30 km/h
MMTI-2025-10849,Manila,Car,Rear-end,3,Clear,47.0,Male,0,"PHP 179,733.56",,Poorly-Lit,60 km/h
MMTI-2025-02642,Pasig,Truck,Head-on,Risk Level 3,Clear,44.0,Female,0,127177.95,Light,Well-Lit,40
MMTI-2025-09318,,SUV/Van,Hit and Run,3.0,Clear,38.0,Female,0,317732.14,Heavy,Well-Lit,40
MMTI-2025-00120,CALOOCAN ,SUV/Van,Rear-end,Risk Level 3,Clear,17.0,Male,0,,Moderate,Poorly-Lit,60
MMTI-2025-10684,Taguig,Truck,Rear-end,3,Cloudy,28.0,Female,0,349514.91,Heavy,Well-Lit,80
MMTI-2025-18301,Marikina,,Head-on,3,Clear,40.0,Female,0,169062.89,Heavy,Well-Lit,60
MMTI-2025-22800,Quezon,SUV/Van,Hit and Run,6.0,Stormy,41.0,Male,2,2814392.59,Heavy,Well-Lit,60
MMTI-2025-07456,Manila,,Side-swipe,3.0,Clear,49.0,Male,0,"PHP 78,082.96",Heavy,Well-Lit,40
MMTI-2025-05107,Quezon,Car,Rear-end,3,Rainy,55.0,Male,0,896.0k,Moderate,Well-Lit,100 kph
MMTI-2025-21426,Makati,Car,Rear-end,3,Cloudy,32.0,Male,0,252718.42,Light,Poorly-Lit,60 kph
MMTI-2025-09138,Navotas,Car,Hit and Run,3.0,Clear,55.0,Unknown,0,36290.05,Moderate,well lit,60
MMTI-2025-21892,Manila,Motorcycle,Hit and Run,3,Cloudy,40.0,Female,0,205003.89,Heavy,Poorly-Lit,60
MMTI-2025-07074,,Jeepney,Rear-end,1.0,Clear,28.0,Male,0,33298.7,Moderate,Unlit,60
MMTI-2025-16374,Las Pinas,Car,Side-swipe,3,Clear,49.0,Unknown,0,94402.18,Moderate,Well-Lit,60
MMTI-2025-08024,Taguig,Truck,Hit and Run,3,Cloudy,21.0,Male,0,278318.8,Heavy,Well-Lit,60
MMTI-2025-03289,Quezon,Car,Hit and Run,3,Cloudy,35.0,Male,0,"PHP 357,526.64",Heavy,Unlit,30
MMTI-2025-15175,Pasig,Car,Hit and Run,Risk Level 3,Clear,59.0,Male,0,127551.62,Heavy,Poorly-Lit,80 km/h
MMTI-2025-14738,Quezon,Car,Side-swipe,Risk Level 3,Rainy,32.0,Female,0,1169473.93,HEAVY,Well-Lit,40
MMTI-2025-13095,Pasig,Motorcycle,Side-swipe,3,Clear,28.0,Male,0,142848.72,Heavy,Poorly-Lit,40 kph