Incident_ID,City,Vehicle_Type,Accident_Type,Severity,Weather_Condition,Driver_Age,Driver_Gender,Injury_Count,Damage_Cost_PHP,Traffic_Volume,Road_Lighting,Speed_Limit
MMTI-2025-20324,San Juan,Motorcycle,Rear-end,3,Clear,17.0,Male,0,40983.02,Moderate,Well-Lit,60
MMTI-2025-16161,,Car,Hit and Run,6.0,Storm,46.0,Male,2,303738.23,Heavy,Poorly-Lit,40
MMTI-2025-04773,Caloocan,Motorcycle,Side-swipe,Risk Level 3,Clear,0.0,Male,0,,Moderate,Well-Lit,40
MMTI-2025-01564,Paranaque,Car,Side-swipe,Risk Level 3,Clear,22.0,Male,0,119158.56,Moderate,POOR,30
MMTI-2025-10126,Mandaluyong,Motorcycle,Hit and Run,3.0,Clear,42.0,Female,0,69734.87,Moderate,Poorly-Lit,40 kph
MMTI-2025-11641,Manila,Car,Rear-end,Risk Level 3,Cloudy,35.0,Male,0,197.9k,Heavy,Well-Lit,40
MMTI-2025-04564,Quezon,Car,Rear-end,6,Stormy,150.0,Male,2,3740086.58,Heavy,Well-Lit,60 km/h
MMTI-2025-05497, taguig,Truck,Side-swipe,Risk Level 3,,42.0,Male,0,942136.86,Moderate,Lit,60
MMTI-2025-08593,Manila,Car,Hit and Run,3,Cloudy,33.0,Male,0,196440.32,Heavy,Poorly-Lit,30
MMTI-2025-04299,Caloocan,Car,Hit and Run,3.0,Clear,30.0,Male,0,43290.94,Heavy,Well-Lit,30 km/h
MMTI-2025-15760,Quezon,Car,Side-swipe,3,Cloudy,34.0,Male,0,404896.68,Heavy,Well-Lit,60
MMTI-2025-10431,PASIG ,Car,Side-swipe,3,Rain,36.0,Female,0,,Moderate,Poorly-Lit,60
MMTI-2025-03943,Mandaluyong,Jeepney,Side-swipe,3,Clear,46.0,Female,0,74035.32,Heavy,POOR,60
MMTI-2025-10014,Quezon,Jeepney,Side-swipe,6.0,Stormy,43.0,Female,3,77777777,Heavy,Well-Lit,40
MMTI-2025-11674,Quezon,SUV/Van,Rear-end,2,Cloudy,54.0,Male,0,528419.46,Heavy,Well-Lit,40
MMTI-2025-18285,Makati,Motorcycle,Side-swipe,6.0,Cloudy,29.0,Male,1,226.2k,Heavy,Lit,60 kph
MMTI-2025-11880,Quezon,Motorcycle,Head-on,6.0,Stormy,18.0,Male,4,2341163.68,Heavy,Poorly-Lit,60
MMTI-2025-21023,Makati,Motorcycle,Hit and Run,2,Cloudy,45.0,Male,0,237.2k,HEAVY,Well-Lit,80
MMTI-2025-11875,Quezon,Motorcycle,Rear-end,3,Cloudy,58.0,Male,0,"PHP 369,601.87",Heavy,well lit,60
MMTI-2025-11698,Pasig,,Rear-end,3,Rain,29.0,Female,0,"PHP 196,444.30",Moderate,Well-Lit,60
MMTI-2025-01451,Mandaluyong,SUV/Van,Rear-end,6.0,Clear,51.0,Male,1,161826.41,,Well-Lit,80 kph
MMTI-2025-23465,Manila,SUV/Van,Rear-end,3,,38.0,Male,0,114602.96,LIGHT,Lit,40
MMTI-2025-12961,San Juan,Car,Hit and Run,1,Clear,35.0,Female,0,38816.83,Moderate,Well-Lit,80 km/h
MMTI-2025-00866,Taguig,,Head-on,3,Clear,45.0,Male,0,174592.52,Moderate,Well-Lit,100
MMTI-2025-08794,Valenzuela,Truck,Rear-end,,Clear,42.0,Female,2,476570.71,Light,Well-Lit,60
MMTI-2025-09835,Pasig,Truck,Side-swipe,3,Clear,46.0,Male,0,127128.03,Heavy,Poorly-Lit,80
MMTI-2025-00373,Quezon,Bus,Hit and Run,2.0,,57.0,Male,0,295763.45,Heavy,Well-Lit,80 km/h
MMTI-2025-09112,Quezon,Car,Hit and Run,3.0,Cloudy,44.0,female ,0,394697.94,Heavy,Well-Lit,40
MMTI-2025-21954, san juan,,Hit and Run,3.0,Rain,39.0,Male,0,138.7k,Light,Poorly-Lit,40
MMTI-2025-16573, makati,,Head-on,Risk Level 2,Clear,,Male,0,51953.3,Moderate,Poorly-Lit,30
MMTI-2025-03978,Quezon,Motorcycle,Side-swipe,3,Rainy,30.0,Male,0,1019310.23,Light,Well-Lit,60
MMTI-2025-15157,Manila,Car,Head-on,3.0,Cloudy,45.0,Female,0,181808.09,Heavy,dark,80
MMTI-2025-22901,,Motorcycle,Side-swipe,3.0,Clear,46.0,Male,0,41909.04,Heavy,Unlit,40
MMTI-2025-12214,,Car,Head-on,3.0,Clear,33.0,Male,0,135484.66,HEAVY,No Lights,60
MMTI-2025-22955,San Juan,Truck,Side-swipe,3.0,Rain,51.0,Female,0,,Heavy,Well-Lit,60
MMTI-2025-00560,Pasig,Truck,Rear-end,Risk Level 3,,-10.0,Female,0,1457395.3,Heavy,Well-Lit,80
MMTI-2025-06143,Quezon,Car,Rear-end,Risk Level 6,Stormy,37.0,Male,1,99999999,Heavy,Poorly-Lit,60 km/h
MMTI-2025-01666,Quezon,Truck,Rear-end,6,Storm,49.0,Male,2,1806814.43,,Well-Lit,40
MMTI-2025-11445,Paranaque,Car,Head-on,Risk Level 3,Clear,31.0,Male,0,99586.6,Heavy,Well-Lit,80
MMTI-2025-17306,Paranaque,Motorcycle,Side-swipe,3,Clear,,Male,0,19180.95,Heavy,Well-Lit,60
MMTI-2025-12307,Manila,Truck,Head-on,3,Clear,31.0,Male,0,,Heavy,Unlit,30 km/h
MMTI-2025-20147,QUEZON ,Car,Rear-end,3,Clear,46.0,Male,0,138753.55,,Well-Lit,60
MMTI-2025-08085, manila,,Head-on,4.0,Cloudy,44.0,Female,4,191734.43,,Well-Lit,30 kph
MMTI-2025-11052,Pasay,Car,Head-on,3.0,Clear,42.0,Female,0,"PHP 46,183.46",Heavy,dark,40
MMTI-2025-12865,Paranaque,Car,Side-swipe,Risk Level 6,Clear,42.0,Male,1,"PHP 110,055.63",MODERATE,Well-Lit,60
MMTI-2025-08388,Quezon,Car,Hit and Run,3.0,Rainy,39.0,Male,0,"PHP 706,257.01",Heavy,Well-Lit,40 km/h
MMTI-2025-08347,Marikina,Motorcycle,Rear-end,3,Clear,43.0,Male,0,"PHP 58,416.70",MODERATE,Well-Lit,60
MMTI-2025-09025,Mandaluyong,Motorcycle,Side-swipe,3,Clear,34.0,Male,0,75397.15,Heavy,Well-Lit,60
MMTI-2025-05304, makati,Motorcycle,Rear-end,3,Rain,36.0,Female,0,10782.15,,Poorly-Lit,60 kph
MMTI-2025-03251,Marikina,Car,Rear-end,Risk Level 3,,51.0,Male,0,133867.83,Light,Well-Lit,60
MMTI-2025-19776,Quezon,Car,Head-on,3,Cloudy,37.0,Male,0,566146.13,Heavy,Poorly-Lit,100 km/h
MMTI-2025-15841,Quezon,SUV/Van,Hit and Run,3,Rainy,41.0,Female,0,733984.26,Heavy,Unlit,80
MMTI-2025-21859,Taguig,Truck,Side-swipe,3,Clear,30.0,Male,0,937481.22,,Well-Lit,40
MMTI-2025-22417,,Truck,Hit and Run,3.0,Clear,33.0,Female,0,1009606.21,Heavy,Poorly-Lit,40
MMTI-2025-05808,Mandaluyong,Motorcycle,Side-swipe,3.0,Clear,36.0,Male,0,"PHP 74,235.07",Moderate,Well-Lit,40
MMTI-2025-09477,Quezon,Car,Head-on,Risk Level 3,Cloudy,49.0,Male,0,398289.47,Moderate,Unlit,80
MMTI-2025-10702,Makati,Car,Hit and Run,3,Cloudy,39.0,Male,0,240588.95,Heavy,Lit,60
MMTI-2025-11592,Pasay,Car,Rear-end,3,Clear,33.0,Male,0,49455.37,Heavy,Well-Lit,80
MMTI-2025-16249,Quezon,Car,Hit and Run,3,Rainy,46.0,Male,0,1027968.3,Light,Well-Lit,40
MMTI-2025-21918,,SUV/Van,Rear-end,Risk Level 1,Clear,42.0,Male,0,119951.27,Light,POOR,60
MMTI-2025-07040,Quezon,Car,Hit and Run,Risk Level 3,Cloudy,49.0,Unknown,0,496931.59,Light,Poorly-Lit,60 km/h
MMTI-2025-18358,Manila,Car,Side-swipe,3,,51.0,Male,0,75402.63,Moderate,Lit,100
MMTI-2025-08670,Muntinlupa,Jeepney,Side-swipe,3,Clear,48.0,Male,0,54700.0,Moderate,Well-Lit,60
MMTI-2025-05451,Marikina,Car,Side-swipe,3,Clear,34.0,M,0,58186.74,Heavy,Well-Lit,80 km/h
MMTI-2025-17749,Quezon,Motorcycle,Head-on,3,Rainy,27.0,Male,0,764659.17,Heavy,Well-Lit,60 kph
MMTI-2025-11819,Makati,SUV/Van,Hit and Run,,Clear,17.0,Female,0,134697.38,Heavy,Well-Lit,60 km/h
MMTI-2025-01445,Makati,Motorcycle,Head-on,3,Cloudy,52.0,Female,0,218171.58,Light,Well-Lit,30
MMTI-2025-13596,Quezon,Car,Rear-end,6.0,Stormy,33.0,Male,3,2356957.34,HEAVY,Well-Lit,60
MMTI-2025-07188,Manila,Jeepney,Head-on,2.0,Cloudy,41.0,male,0,165756.25,Heavy,Well-Lit,40
MMTI-2025-00780,Quezon,Motorcycle,Hit and Run,,Clear,,Male,3,21172.49,,well lit,40
MMTI-2025-19551,Makati,Motorcycle,Rear-end,2,Cloudy,27.0,Female,0,244439.92,Moderate,Well-Lit,40 kph
MMTI-2025-10647,Quezon,,Side-swipe,Risk Level 3,Rain,33.0,Male,0,91687.01,HEAVY,Poorly-Lit,40
MMTI-2025-07490,Quezon,Bus,Hit and Run,3,,38.0,female ,0,"PHP 156,625.36",Moderate,Well-Lit,60
MMTI-2025-16184, pasig,,Rear-end,3,Clear,53.0,Female,0,"PHP 100,997.73",Moderate,Well-Lit,30 km/h
MMTI-2025-14837,Taguig,Jeepney,Rear-end,Risk Level 4,Cloudy,30.0,Male,1,346167.38,Light,Well-Lit,60 kph
MMTI-2025-01134,,SUV/Van,Hit and Run,2.0,Clear,48.0,male,0,38063.66,Moderate,POOR,60 km/h
MMTI-2025-00830,Makati,Motorcycle,Head-on,3,Cloudy,29.0,Male,0,239131.9,Heavy,Well-Lit,80 km/h
MMTI-2025-18799,Navotas,,Head-on,3,Clear,62.0,Male,0,62666.37,Moderate,well lit,80
MMTI-2025-15336,Makati,Truck,Side-swipe,3,Cloudy,48.0,Male,0,248362.21,Heavy,Well-Lit,60
MMTI-2025-21668,,Motorcycle,Rear-end,,Rain,48.0,Male,0,9041.96,Heavy,dark,80
MMTI-2025-17988,,,Rear-end,Risk Level 6,Clear,36.0,Male,2,232972.18,Moderate,Well-Lit,60 km/h
MMTI-2025-01373,Taguig,Car,Side-swipe,3.0,Cloudy,34.0,Female,0,274461.13,Heavy,Well-Lit,60 kph
MMTI-2025-05537,Quezon,SUV/Van,Side-swipe,,Cloudy,32.0,Male,0,48042.91,Moderate,Well-Lit,80
MMTI-2025-07781,Pasig,Truck,Hit and Run,3,Clear,30.0,Male,0,157859.76,Heavy,Well-Lit,30 km/h
MMTI-2025-14142,Mandaluyong,Motorcycle,Head-on,2.0,Clear,29.0,Female,0,71903.5,MODERATE,Poorly-Lit,30
MMTI-2025-13483,Quezon,SUV/Van,Rear-end,,Clear,19.0,Male,0,122084.44,Light,Well-Lit,60 kph
MMTI-2025-16015,Makati,Truck,Side-swipe,3.0,Clear,52.0,Male,0,"PHP 1,239,812.01",,Well-Lit,60
MMTI-2025-01500,Quezon,Motorcycle,Hit and Run,3.0,Rainy,50.0,Male,1,1056847.6,Heavy,Well-Lit,60
MMTI-2025-21453,Muntinlupa,Car,Hit and Run,Risk Level 6,Clear,52.0,Male,1,51663.02,Heavy,Well-Lit,80
MMTI-2025-21820,Quezon,Car,Side-swipe,6,Stormy,33.0,Male,1,99999999,Heavy,Poorly-Lit,80
MMTI-2025-09377,Manila,Truck,Side-swipe,3,Cloudy,30.0,Male,0,171248.43,Heavy,Well-Lit,60 km/h
MMTI-2025-02675,Quezon,Car,Side-swipe,6,Cloudy,51.0,Male,1,449060.85,Heavy,Well-Lit,60
MMTI-2025-10198,Pasig,Car,Side-swipe,3,Clear,39.0,Male,0,123959.46,Heavy,Unlit,60 km/h
MMTI-2025-10028,Muntinlupa,SUV/Van,Head-on,3.0,Clear,50.0,Female,0,55233.29,Heavy,Well-Lit,80 kph
MMTI-2025-13720,Quezon,Car,Hit and Run,3.0,Rainy,37.0,Male,0,1138081.8,MODERATE,Well-Lit,60
MMTI-2025-13739,Taguig,Bus,Hit and Run,Risk Level 3,,,Male,0,1083640.45,Heavy,Poorly-Lit,40 km/h
MMTI-2025-16167,Manila,Motorcycle,Side-swipe,3,Cloudy,54.0,Female,0,197669.02,HEAVY,Well-Lit,60 km/h
MMTI-2025-22058,Makati,Car,Head-on,2,Cloudy,33.0,Male,0,"PHP 243,681.54",Light,Well-Lit,60
MMTI-2025-15040,Makati,,Side-swipe,3.0,Clear,32.0,Male,0,,Heavy,No Lights,60
MMTI-2025-19827,Makati,Car,Hit and Run,6,,46.0,Male,2,368953.11,Heavy,Well-Lit,40
MMTI-2025-21257,San Juan,Car,Head-on,2,Clear,19.0,Male,0,40342.7,Moderate,Well-Lit,60
MMTI-2025-09193,QUEZON ,Bus,Hit and Run,Risk Level 3,,0.0,Male,0,608.2k,Heavy,Well-Lit,60
MMTI-2025-15390,Quezon,Car,Rear-end,2,Cloudy,17.0,Male,0,530929.07,Heavy,Well-Lit,100
MMTI-2025-10051,Muntinlupa,Car,Hit and Run,2,Clear,54.0,Male,0,,Heavy,Well-Lit,60
MMTI-2025-19482,Quezon,Jeepney,Rear-end,2.0,Clear,35.0,Female,0,,Moderate,Well-Lit,60
MMTI-2025-22792,TAGUIG ,Car,Side-swipe,1,Clear,32.0,Female,0,,Moderate,Poorly-Lit,60
MMTI-2025-17551,Taguig,Car,Head-on,3,Cloudy,31.0,M,0,285470.51,Heavy,Well-Lit,40
MMTI-2025-03232, mandaluyong,Jeepney,Rear-end,3,Clear,,Male,0,108627.17,Heavy,Well-Lit,60
MMTI-2025-02461,Quezon,,Side-swipe,Risk Level 3,Storm,49.0,Male,0,,Heavy,Poorly-Lit,40
MMTI-2025-22715,Manila,Truck,Head-on,3,Clear,,M,0,-500,Heavy,Unlit,40
MMTI-2025-03776,Manila,Car,Rear-end,Risk Level 3,Cloudy,65.0,Female,0,206315.94,Heavy,dark,60 km/h
MMTI-2025-20545,Muntinlupa,Car,Rear-end,Risk Level 3,Clear,46.0,Female,0,51858.53,Light,Poorly-Lit,40
MMTI-2025-08054,Caloocan,Truck,Side-swipe,Risk Level 3,Clear,,Male,0,1419079.05,Moderate,Well-Lit,80
MMTI-2025-12406,Las Pinas,,Rear-end,3,Clear,32.0,Male,0,227362.62,Heavy,Poorly-Lit,80
MMTI-2025-02723,Las Pinas,Motorcycle,Side-swipe,4.0,Clear,41.0,Male,4,85051.44,Moderate,Poorly-Lit,60
MMTI-2025-12334, caloocan,Bus,Rear-end,3,,45.0,Female,0,723377.46,Light,Well-Lit,60
MMTI-2025-18333,Quezon,Car,Side-swipe,3,Rainy,41.0,Female,0,1069168.47,Light,Well-Lit,40 km/h
MMTI-2025-00806,Quezon,Jeepney,Rear-end,3,,58.0,Male,0,-25000,Heavy,Poorly-Lit,30
MMTI-2025-16653,Pasig,Car,Rear-end,3,Clear,41.0,Male,0,123504.92,Moderate,Poorly-Lit,40
MMTI-2025-13580,,SUV/Van,Hit and Run,3,Rain,37.0,F,0,259702.18,Heavy,Poorly-Lit,30
MMTI-2025-17393,Mandaluyong,Car,Head-on,Risk Level 3,Clear,46.0,Male,0,68428.59,Moderate,Well-Lit,80 kph
MMTI-2025-18310,Manila,Car,Head-on,3,Cloudy,37.0,Male,0,197293.19,Heavy,POOR,80
MMTI-2025-22107,Manila,Bus,Hit and Run,,Clear,37.0,male,4,234784.11,Light,Well-Lit,60
MMTI-2025-11911,Taguig,,Rear-end,6.0,Clear,22.0,Male,2,,Heavy,Well-Lit,60 kph
MMTI-2025-17405,Quezon,Truck,Side-swipe,3.0,Cloudy,57.0,Male,0,471855.72,Moderate,Poorly-Lit,60
MMTI-2025-07101,Marikina,Car,Side-swipe,3,Clear,19.0,Male,0,"PHP 59,057.77",Heavy,Well-Lit,60
MMTI-2025-16851,Quezon,Car,Rear-end,3,Cloudy,38.0,female ,0,531275.3,Heavy,well lit,80 km/h
MMTI-2025-16906,Quezon,SUV/Van,Head-on,3,Cloudy,42.0,Male,0,488955.93,Heavy,Well-Lit,60 km/h
MMTI-2025-22634,San Juan,Jeepney,Head-on,,Rain,,Male,0,31831.06,HEAVY,Well-Lit,60
MMTI-2025-00653,Marikina,Motorcycle,Head-on,Risk Level 3,Clear,49.0,Male,0,59424.88,Moderate,Lit,60
MMTI-2025-22640,Quezon,Motorcycle,Rear-end,3.0,Cloudy,24.0,Female,0,593338.45,Moderate,Poorly-Lit,60 km/h
MMTI-2025-09220,Makati,SUV/Van,Rear-end,2,Clear,48.0,Female,0,85852.38,,Well-Lit,100
MMTI-2025-00400,Quezon,Car,Rear-end,3,Rainy,43.0,Male,0,826654.71,HEAVY,Poorly-Lit,60
MMTI-2025-14256,Quezon,Motorcycle,Head-on,3,Cloudy,49.0,Female,0,385465.59,Moderate,Poorly-Lit,60
MMTI-2025-16125,MANILA ,SUV/Van,Hit and Run,2.0,Storm,17.0,Female,0,88965.15,,Poorly-Lit,60 km/h
MMTI-2025-21032,Pasig,Car,Head-on,3,Clear,28.0,Male,0,141434.09,HEAVY,Well-Lit,80
MMTI-2025-12542,Mandaluyong,SUV/Van,Rear-end,2,Clear,28.0,Female,0,73373.16,Moderate,Well-Lit,40
MMTI-2025-08346,Manila,Motorcycle,Rear-end,Risk Level 3,,29.0,Male,0,27.4k,,Unlit,40 kph
MMTI-2025-20384,Quezon,Car,Rear-end,3.0,Cloudy,48.0,Male,0,"PHP 377,703.65",Heavy,Poorly-Lit,100
MMTI-2025-17641,Valenzuela,Truck,Side-swipe,3.0,,35.0,Male,0,657803.29,Heavy,Well-Lit,40 km/h
MMTI-2025-02711,Makati,SUV/Van,Rear-end,3.0,Cloudy,30.0,Male,0,225597.85,Moderate,Well-Lit,80
MMTI-2025-07818,Taguig,Motorcycle,Rear-end,3,Cloudy,-10.0,Male,0,306452.59,Heavy,Well-Lit,40
MMTI-2025-22235,Pasig,Jeepney,Rear-end,3.0,,45.0,Male,0,33561.36,Heavy,Well-Lit,60
MMTI-2025-08278,Las Pinas,SUV/Van,Side-swipe,6,Clear,28.0,Male,3,95644.69,Moderate,POOR,30
MMTI-2025-05095,Mandaluyong,Car,Head-on,3,Clear,37.0,Male,0,"PHP 80,676.09",Light,Well-Lit,40 kph
MMTI-2025-18819,Muntinlupa,Truck,Head-on,3,Clear,47.0,Male,0,57523.06,Heavy,Well-Lit,30
MMTI-2025-04376,Marikina,Car,Hit and Run,3,Clear,37.0,Female,0,"PHP 61,914.07",Heavy,Well-Lit,60
MMTI-2025-19381,Marikina,SUV/Van,Head-on,3,Clear,30.0,Male,0,65845.87,Light,Poorly-Lit,40
MMTI-2025-11842,Makati,Car,Rear-end,Risk Level 3,Cloudy,45.0,Male,0,267615.23,Heavy,Poorly-Lit,60 km/h
MMTI-2025-01758,,Motorcycle,Rear-end,3,Cloudy,37.0,Female,0,11197.15,,Well-Lit,60
MMTI-2025-02547,Quezon,Motorcycle,Rear-end,Risk Level 3,Rainy,23.0,Female,0,1048653.2,Heavy,Well-Lit,60
MMTI-2025-11416,Pasig,Bus,Rear-end,,Clear,47.0,Male,0,251265.16,Heavy,well lit,60
MMTI-2025-16780,Manila,Motorcycle,Rear-end,3,Cloudy,40.0,Unknown,0,176353.11,Heavy,Poorly-Lit,40 kph
MMTI-2025-03056,Marikina,Motorcycle,Side-swipe,,Rain,44.0,Male,0,20015.19,Heavy,Well-Lit,80
MMTI-2025-02465,Las Pinas,Car,Side-swipe,3,Clear,33.0,Male,0,89991.35,Moderate,Well-Lit,80
MMTI-2025-05824,Quezon,,Head-on,3,Rain,36.0,Male,0,93469.64,Heavy,Unlit,60
MMTI-2025-09820,Quezon,SUV/Van,Hit and Run,3.0,Rainy,39.0,Male,4,1078962.41,Heavy,Well-Lit,80
MMTI-2025-04156,Paranaque,Car,Side-swipe,3.0,Clear,31.0,Male,0,"PHP 120,253.49",Moderate,Poorly-Lit,40
MMTI-2025-16466,Manila,SUV/Van,Hit and Run,3.0,Cloudy,36.0,Male,0,179681.09,Moderate,Well-Lit,60
MMTI-2025-22766,Pasig,Car,Rear-end,6,Clear,37.0,Male,3,130564.6,Moderate,Poorly-Lit,60
MMTI-2025-14230,Makati,Car,Side-swipe,9,Cloudy,42.0,Female,3,241361.57,Moderate,Well-Lit,40 km/h
MMTI-2025-20602,Pasig,Bus,Hit and Run,,Clear,26.0,Male,0,-25000,MODERATE,Well-Lit,100
MMTI-2025-20289,Manila,Bus,Head-on,Risk Level 2,Rain,28.0,Male,0,,Moderate,Well-Lit,60
MMTI-2025-06644,Taguig,Motorcycle,Head-on,3,Cloudy,50.0,Female,0,282370.92,Heavy,Poorly-Lit,60 kph
MMTI-2025-11862,Mandaluyong,Truck,Rear-end,Risk Level 6,Clear,44.0,Female,4,78035.99,Heavy,Poorly-Lit,80
MMTI-2025-12927,Quezon,,Side-swipe,3.0,Rain,45.0,Male,0,64371.62,Heavy,Well-Lit,80
MMTI-2025-07519,Manila,Bus,Head-on,Risk Level 4,Clear,24.0,female ,3,,Light,Well-Lit,60
MMTI-2025-03720,Quezon,Car,Head-on,3,,26.0,Male,0,124733.24,Heavy,Well-Lit,40
MMTI-2025-13433,Manila,Car,Head-on,3.0,Cloudy,45.0,Female,0,192794.54,Moderate,POOR,80 km/h
MMTI-2025-20918,Manila,,Head-on,1.0,Cloudy,38.0,Male,0,66611.02,Moderate,Well-Lit,60
MMTI-2025-17774,Makati,SUV/Van,Rear-end,3,,30.0,Female,0,248820.68,Heavy,Well-Lit,60
MMTI-2025-19250,Taguig,Truck,Hit and Run,Risk Level 6,,45.0,Male,4,2391591.63,Heavy,Well-Lit,40 km/h
MMTI-2025-08535,Quezon,Car,Head-on,3,Rainy,31.0,Male,0,1263392.92,Heavy,Well-Lit,60
MMTI-2025-11465,Makati,Car,Head-on,2,Cloudy,45.0,Female,0,214354.92,LIGHT,Well-Lit,60
MMTI-2025-08724,,SUV/Van,Rear-end,Risk Level 3,Rain,26.0,Female,0,"PHP 351,100.52",Heavy,Well-Lit,60
MMTI-2025-03373,Makati,Car,Head-on,3.0,Cloudy,65.0,Male,0,236728.0,Heavy,Poorly-Lit,80
MMTI-2025-18105,Taguig,Motorcycle,Side-swipe,,Rain,43.0,Male,0,10.5k,Heavy,Well-Lit,60
MMTI-2025-04085,Manila,SUV/Van,Head-on,3,Cloudy,39.0,Male,0,"PHP 198,336.71",Heavy,Unlit,100 km/h
MMTI-2025-15232,Quezon,Bus,Head-on,,Clear,42.0,Male,0,86276.72,Moderate,Well-Lit,60
MMTI-2025-09252,San Juan,Bus,Hit and Run,1,Clear,38.0,Unknown,0,190962.49,,dark,60
MMTI-2025-07292,Paranaque,Truck,Head-on,2,Clear,37.0,Male,0,120324.11,Moderate,Unlit,40 kph
MMTI-2025-22131,Paranaque,Bus,Head-on,3,Clear,32.0,Male,0,,Moderate,Poorly-Lit,40
MMTI-2025-20665,Quezon,Car,Rear-end,Risk Level 3,Cloudy,37.0,Male,0,365954.63,Heavy,well lit,60
MMTI-2025-16359,Quezon,SUV/Van,Side-swipe,Risk Level 3,Rainy,41.0,Unknown,0,883202.94,Moderate,Well-Lit,60
MMTI-2025-10284,Quezon,Motorcycle,Rear-end,,Clear,37.0,Male,0,15.7k,HEAVY,Well-Lit,60
MMTI-2025-01048,Makati,Car,Rear-end,Risk Level 6,Cloudy,40.0,Male,3,215200.47,MODERATE,Well-Lit,60
MMTI-2025-13143,Quezon,Car,Hit and Run,1,,52.0,Female,3,65634.09,Moderate,Poorly-Lit,60
MMTI-2025-00356,Caloocan,Motorcycle,Head-on,3,Clear,45.0,male,0,41863.7,Moderate,Well-Lit,60 kph
MMTI-2025-11993,Paranaque,Car,Side-swipe,6,Clear,42.0,Female,3,122627.3,Heavy,Well-Lit,60
MMTI-2025-21840,Pasig,Car,Head-on,3,Clear,35.0,Male,0,134381.32,Heavy,well lit,60 km/h
MMTI-2025-00924,Manila,Bus,Rear-end,3,Rain,54.0,Male,0,,Moderate,Well-Lit,60 km/h
MMTI-2025-13024,QUEZON ,Motorcycle,Side-swipe,2.0,Clear,30.0,Male,0,,Moderate,Well-Lit,60 km/h
MMTI-2025-17318,,Car,Side-swipe,,,39.0,Male,0,67120.92,Light,Poorly-Lit,80
MMTI-2025-15328,Pasig,Motorcycle,Head-on,3,Clear,38.0,Male,0,148664.23,Moderate,Poorly-Lit,30
MMTI-2025-07980,Quezon,Car,Head-on,3,Rainy,51.0,Male,0,1258394.19,Heavy,Well-Lit,60
MMTI-2025-07907,Makati,Car,Head-on,Risk Level 3,Cloudy,48.0,Male,0,"PHP 227,711.81",Heavy,Poorly-Lit,80
MMTI-2025-19924,Paranaque,Car,Side-swipe,1,Clear,46.0,Female,0,122019.68,Moderate,Poorly-Lit,80
MMTI-2025-08794,Valenzuela,Truck,Rear-end,,Clear,42.0,Female,2,476570.71,Light,Well-Lit,60
MMTI-2025-21076,Manila,,Side-swipe,3,Clear,40.0,Male,0,43010.15,MODERATE,Well-Lit,80
MMTI-2025-14762,Manila,Jeepney,Side-swipe,,Clear,44.0,Male,0,50201.85,MODERATE,Well-Lit,60
MMTI-2025-13367,Quezon,Car,Hit and Run,Risk Level 4,Rainy,30.0,Female,2,"PHP 743,988.92",Moderate,Well-Lit,60 kph
MMTI-2025-17987,Manila,Motorcycle,Rear-end,Risk Level 4,Clear,,Male,2,19.8k,Moderate,well lit,60
MMTI-2025-17019,Quezon,Car,Hit and Run,3.0,Rainy,37.0,Male,0,994086.82,Heavy,Well-Lit,60
MMTI-2025-21907,,Car,Hit and Run,3,Clear,27.0,Male,0,136523.5,Moderate,Well-Lit,40
MMTI-2025-02182,Caloocan,Truck,Head-on,3,Clear,35.0,Male,0,,Moderate,well lit,60
MMTI-2025-03387,Quezon,Motorcycle,Side-swipe,6.0,Stormy,36.0,Male,4,"PHP 3,586,386.27",Heavy,Well-Lit,40
MMTI-2025-13646,Makati,,Side-swipe,Risk Level 3,Clear,43.0,M,0,226902.3,Light,Poorly-Lit,40
MMTI-2025-21057,Manila,Car,Side-swipe,6.0,Cloudy,47.0,Male,3,182699.74,Heavy,Well-Lit,60
MMTI-2025-19451,Quezon,Jeepney,Rear-end,3.0,Rainy,43.0,Female,0,754.0k,Heavy,Well-Lit,100
MMTI-2025-14602, paranaque,Jeepney,Head-on,2,,17.0,Male,0,27548.62,Heavy,dark,30 kph
MMTI-2025-22090,Quezon,Motorcycle,Hit and Run,3,Rainy,17.0,Unknown,0,875.9k,Heavy,Poorly-Lit,60 km/h
MMTI-2025-04419,Quezon,Car,Rear-end,6,Rainy,38.0,Female,1,1668574.99,Moderate,Well-Lit,60
MMTI-2025-23332,Taguig,Car,Head-on,Risk Level 3,Cloudy,48.0,M,0,274388.77,Heavy,Poorly-Lit,100
MMTI-2025-15654,Quezon,SUV/Van,Hit and Run,Risk Level 3,Clear,,male,0,431252.42,HEAVY,Well-Lit,40
MMTI-2025-22279,Marikina,Motorcycle,Head-on,3,Clear,39.0,male,0,64695.2,Moderate,Well-Lit,100
MMTI-2025-18149,Paranaque,Car,Hit and Run,2.0,Clear,48.0,Male,0,105898.07,MODERATE,Poorly-Lit,80 kph
MMTI-2025-17973,Pasig,Car,Hit and Run,Risk Level 3,Clear,42.0,Female,0,"PHP 161,310.01",Heavy,Well-Lit,30 km/h