Incident_ID,City,Vehicle_Type,Accident_Type,Severity,Weather_Condition,Driver_Age,Driver_Gender,Injury_Count,Damage_Cost_PHP,Traffic_Volume,Road_Lighting,Speed_Limit
MMTI-2025-03640,,Car,Head-on,2,Clear,21.0,Male,0,82857.66,Heavy,Well-Lit,60 km/h
MMTI-2025-09311,Quezon,Jeepney,Hit and Run,3,Clear,48.0,Male,0,,Moderate,Well-Lit,30 kph
MMTI-2025-09316,Quezon,Jeepney,Rear-end,Risk Level 3,Rainy,48.0,Male,0,1022300.52,Heavy,well lit,60
MMTI-2025-13333,MANILA ,Jeepney,Rear-end,,Clear,37.0,Male,0,"PHP 34,842.07",Heavy,Poorly-Lit,40
MMTI-2025-02053,Las Pinas,Car,Head-on,2,Clear,45.0,Unknown,0,82069.29,Heavy,Poorly-Lit,60
MMTI-2025-02356,Quezon,Truck,Side-swipe,6,Stormy,36.0,Male,4,3116523.81,Heavy,Unlit,60 km/h
MMTI-2025-01236,Quezon,Motorcycle,Hit and Run,Risk Level 6,Rainy,40.0,F,4,1143084.08,Light,Well-Lit,40 km/h
MMTI-2025-10888,Quezon,Car,Head-on,Risk Level 3,Rainy,42.0,Female,0,1173720.63,Moderate,Poorly-Lit,30 kph
MMTI-2025-11617,,,Hit and Run,3,Clear,46.0,Male,0,72.3k,Heavy,Unlit,80
MMTI-2025-00381,Mandaluyong,Car,Side-swipe,3.0,,17.0,Female,0,121937.19,Moderate,Well-Lit,80 kph
MMTI-2025-15256,Quezon,Jeepney,Hit and Run,Risk Level 3,Rainy,24.0,Male,0,1210670.5,Heavy,Poorly-Lit,60 kph
MMTI-2025-23410,Quezon,Car,Rear-end,9,Rainy,17.0,Male,4,"PHP 1,656,291.70",LIGHT,Poorly-Lit,40
MMTI-2025-17914,Pasig,,Hit and Run,3,Clear,46.0,female ,0,52117.94,Heavy,Well-Lit,80
MMTI-2025-00736,Quezon,Car,Head-on,3,Rainy,36.0,Male,0,1293236.75,Moderate,Poorly-Lit,60
MMTI-2025-01827,Las Pinas,Car,Side-swipe,3,Clear,45.0,Male,0,86686.98,HEAVY,Poorly-Lit,40 km/h
MMTI-2025-14260,Makati,Jeepney,Rear-end,6,,42.0,Male,4,182839.38,Heavy,Well-Lit,60
MMTI-2025-20637,Quezon,Motorcycle,Head-on,3,Rainy,49.0,Male,0,"PHP 1,490,270.90",HEAVY,Well-Lit,40
MMTI-2025-17194,Malabon,Bus,Hit and Run,,Clear,40.0,Male,0,353563.74,Moderate,Well-Lit,80 kph
MMTI-2025-04693,Mandaluyong,Motorcycle,Hit and Run,3.0,Clear,31.0,Male,0,76159.29,Heavy,Unlit,80 kph
MMTI-2025-10647,Quezon,,Side-swipe,Risk Level 3,Rain,33.0,Male,0,91687.01,HEAVY,Poorly-Lit,40
MMTI-2025-19319,Manila,Motorcycle,Side-swipe,3,Cloudy,43.0,Male,0,190467.52,Heavy,Well-Lit,30 km/h
MMTI-2025-01676,Quezon,Car,Side-swipe,3,Cloudy,19.0,Male,0,"PHP 580,836.73",Moderate,Well-Lit,60
MMTI-2025-13780,Makati,Car,Side-swipe,3,Cloudy,35.0,Female,1,"PHP 267,936.04",Heavy,Well-Lit,100 km/h
MMTI-2025-09562, makati,Motorcycle,Head-on,3.0,Rain,32.0,Female,0,11001.99,,Well-Lit,80 km/h
MMTI-2025-06988,Mandaluyong,Car,Side-swipe,6,Clear,20.0,F,4,"PHP 71,239.71",Moderate,Well-Lit,40
MMTI-2025-14082,Marikina,Motorcycle,Hit and Run,3,Clear,34.0,Male,0,67276.78,Light,Well-Lit,40 km/h
MMTI-2025-23192,Makati,Bus,Hit and Run,1.0,Clear,50.0,Male,0,"PHP 92,714.19",,Poorly-Lit,60 km/h
MMTI-2025-14206,Las Pinas,SUV/Van,Head-on,3.0,Clear,29.0,Male,0,93904.46,MODERATE,POOR,80
MMTI-2025-04762,Quezon,Motorcycle,Rear-end,Risk Level 3,Rainy,26.0,Male,0,1271966.14,Heavy,Well-Lit,30 km/h
MMTI-2025-16411,Makati,,Head-on,3.0,Clear,49.0,Male,0,111232.88,Heavy,Poorly-Lit,40
MMTI-2025-07715,Pasig,,Hit and Run,3,Clear,43.0,Female,0,107345.33,Moderate,Well-Lit,100
MMTI-2025-08299,,Motorcycle,Hit and Run,Risk Level 3,Clear,23.0,Male,0,23803.3,Heavy,Poorly-Lit,60
MMTI-2025-21013, caloocan,Car,Hit and Run,3,Clear,,female ,0,40659.4,Heavy,Poorly-Lit,40
MMTI-2025-01869,Quezon,Jeepney,Side-swipe,Risk Level 3,Clear,43.0,Male,0,63001.84,,Well-Lit,40 km/h
MMTI-2025-11322,Caloocan,Motorcycle,Hit and Run,2,Clear,47.0,Male,0,44579.39,Heavy,Well-Lit,60
MMTI-2025-20423,Las Pinas,Car,Rear-end,3.0,Clear,59.0,Male,0,88373.57,Heavy,Poorly-Lit,60 km/h
MMTI-2025-11017,Marikina,,Rear-end,3,Cloudy,22.0,Male,0,205790.68,Heavy,Well-Lit,40
MMTI-2025-10011,Pasig,,Head-on,,Clear,47.0,Unknown,0,69820.52,Heavy,Well-Lit,60
MMTI-2025-00015,Caloocan,Jeepney,Rear-end,,Rain,22.0,Male,0,19408.34,Heavy,Poorly-Lit,60
MMTI-2025-07771,Manila,Jeepney,Head-on,Risk Level 3,Clear,29.0,Female,0,,Heavy,Poorly-Lit,60
MMTI-2025-16317,Muntinlupa,Motorcycle,Rear-end,Risk Level 2,Clear,20.0,Male,0,"PHP 57,618.47",Heavy,Poorly-Lit,60
MMTI-2025-05183,Quezon,Car,Rear-end,3,Rainy,42.0,Male,0,1244378.29,Heavy,Well-Lit,60 km/h
MMTI-2025-22396,Mandaluyong,Jeepney,Hit and Run,Risk Level 3,Clear,,Male,0,"PHP 109,757.23",Heavy,Poorly-Lit,60
MMTI-2025-14817,Paranaque,Bus,Rear-end,,Clear,43.0,Male,0,"PHP 151,174.14",Heavy,Well-Lit,40 kph
MMTI-2025-05842,Muntinlupa,Motorcycle,Head-on,,Clear,42.0,Male,0,8540.05,Moderate,Well-Lit,60 km/h
MMTI-2025-18384,Makati,Jeepney,Rear-end,3,,47.0,Male,0,,,Well-Lit,100
MMTI-2025-05610,Manila,SUV/Van,Head-on,3,Clear,,Female,0,270021.04,Heavy,Unlit,60
MMTI-2025-14779,Makati,SUV/Van,Side-swipe,Risk Level 3,Clear,32.0,Male,0,,,Poorly-Lit,30
MMTI-2025-14820,Muntinlupa,Motorcycle,Hit and Run,3,Clear,44.0,Male,0,52770.41,Heavy,well lit,60
MMTI-2025-12940,Manila,Car,Rear-end,3,Cloudy,21.0,Female,0,167088.21,Heavy,Well-Lit,60
MMTI-2025-16760,Valenzuela,Jeepney,Head-on,,Clear,51.0,Female,0,"PHP 35,238.07",Light,Well-Lit,40
MMTI-2025-18109, valenzuela,Bus,Side-swipe,3,,59.0,Female,0,659516.77,Heavy,Unlit,80
MMTI-2025-05582,Quezon,Bus,Rear-end,,Clear,37.0,Male,0,153850.98,Moderate,Poorly-Lit,60 km/h
MMTI-2025-12294,Quezon,Jeepney,Side-swipe,3,Stormy,35.0,Female,0,1909248.98,Heavy,Well-Lit,60
MMTI-2025-12732,Las Pinas,Motorcycle,Head-on,3.0,Clear,42.0,Female,0,87676.7,Heavy,Well-Lit,30 kph
MMTI-2025-10401,Quezon,Car,Side-swipe,3,Rainy,43.0,Female,0,1390035.12,Heavy,Unlit,60
MMTI-2025-20660,Taguig,Car,Rear-end,Risk Level 4,Cloudy,51.0,Male,3,286593.03,Light,Poorly-Lit,60 km/h
MMTI-2025-03856,Pasay,Car,Hit and Run,,Clear,48.0,Female,0,"PHP 54,163.08",Heavy,Well-Lit,80 km/h
MMTI-2025-22518,,Jeepney,Head-on,3,Clear,28.0,Male,0,"PHP 29,651.94",Heavy,Well-Lit,40
MMTI-2025-19111,Manila,,Hit and Run,2,Rain,28.0,Female,0,,Light,Poorly-Lit,60
MMTI-2025-15671,Quezon,Truck,Rear-end,3.0,Clear,33.0,Female,0,"PHP 1,380,569.73",,Unlit,60
MMTI-2025-09519,Manila,Car,Rear-end,6,Cloudy,60.0,Male,3,207219.79,Light,Well-Lit,60 kph
MMTI-2025-15598,Mandaluyong,Car,Side-swipe,Risk Level 2,Clear,36.0,female ,0,78864.29,Heavy,Poorly-Lit,40
MMTI-2025-21963,Quezon,Motorcycle,Rear-end,3.0,Cloudy,31.0,Female,0,"PHP 422,975.98",Moderate,Poorly-Lit,80
MMTI-2025-20798,,Truck,Hit and Run,3.0,Clear,45.0,Male,0,719569.28,Heavy,Well-Lit,60 kph
MMTI-2025-08764,Manila,Truck,Rear-end,,Rain,28.0,Male,1,81343.07,Light,Poorly-Lit,60
MMTI-2025-10431,PASIG ,Car,Side-swipe,3,Rain,36.0,Female,0,,Moderate,Poorly-Lit,60
MMTI-2025-07348,Makati,Car,Side-swipe,Risk Level 3,Cloudy,28.0,Male,0,212128.46,Heavy,dark,60 km/h
MMTI-2025-21501,Paranaque,SUV/Van,Side-swipe,1,,35.0,Male,0,62216.8,Light,Poorly-Lit,60
MMTI-2025-18122,,,Hit and Run,Risk Level 1,Clear,17.0,Male,0,"PHP 19,171.85",Moderate,Well-Lit,60 kph
MMTI-2025-18150,Marikina,SUV/Van,Side-swipe,Risk Level 3,Clear,17.0,Female,0,67983.83,Heavy,Well-Lit,100
MMTI-2025-18402,Quezon,SUV/Van,Side-swipe,,Clear,32.0,Female,0,49071.71,,Poorly-Lit,60
MMTI-2025-03917, manila,Motorcycle,Hit and Run,,Clear,50.0,Male,0,12065.8,Heavy,Well-Lit,60
MMTI-2025-01516,Taguig,Car,Hit and Run,3.0,Cloudy,29.0,Male,0,289634.11,Moderate,No Lights,60 km/h
MMTI-2025-09403,Marikina,Car,Hit and Run,3,Clear,17.0,Female,0,62989.47,Heavy,No Lights,40
MMTI-2025-05027,Manila,Motorcycle,Side-swipe,6,Cloudy,51.0,Male,1,178197.92,Heavy,Poorly-Lit,100
MMTI-2025-01437,Quezon,Truck,Rear-end,Risk Level 3,Rainy,43.0,Female,0,1263582.67,Heavy,Well-Lit,80 km/h
MMTI-2025-11085,Caloocan,Motorcycle,Rear-end,3,Clear,36.0,Male,0,43483.91,Moderate,Well-Lit,80 km/h
MMTI-2025-06577,Paranaque,Bus,Side-swipe,3,Clear,,Female,0,961569.28,Heavy,Poorly-Lit,60
MMTI-2025-17867,Marikina,Car,Rear-end,2,Clear,31.0,Male,0,"PHP 63,856.86",Heavy,Unlit,60 km/h
MMTI-2025-00641,,,Hit and Run,,Clear,37.0,Female,0,24942.24,Heavy,Well-Lit,60
MMTI-2025-17390,Quezon,SUV/Van,Hit and Run,Risk Level 3,Rainy,35.0,Male,0,906757.14,Moderate,Well-Lit,60
MMTI-2025-05832,Manila,Truck,Side-swipe,Risk Level 3,Clear,46.0,Male,0,838922.39,,Well-Lit,60
MMTI-2025-11696,MANILA ,Car,Rear-end,2.0,,34.0,Male,0,43949.16,Heavy,Poorly-Lit,40 km/h
MMTI-2025-11554,Pasay,Bus,Side-swipe,6.0,Cloudy,35.0,Male,3,0,,Well-Lit,60 kph
MMTI-2025-11864,MAKATI ,Motorcycle,Head-on,,Clear,47.0,Male,0,17857.24,MODERATE,Poorly-Lit,60
MMTI-2025-10373,Manila,Jeepney,Side-swipe,3.0,Clear,18.0,Male,0,,Light,Well-Lit,100
MMTI-2025-14323,,SUV/Van,Rear-end,6.0,Clear,38.0,Male,4,128262.7,Heavy,Poorly-Lit,60 km/h
MMTI-2025-02683,TAGUIG ,Truck,Hit and Run,2,,28.0,Male,0,"PHP 317,428.04",Moderate,Well-Lit,60
MMTI-2025-13214,,,Hit and Run,3,,29.0,Female,0,70993.74,Heavy,Well-Lit,30
MMTI-2025-11756,,Truck,Hit and Run,Risk Level 3,Clear,37.0,Female,0,551839.03,Light,Well-Lit,60 km/h
MMTI-2025-17144,LAS PINAS ,,Rear-end,Risk Level 3,Clear,39.0,Female,0,162932.62,Heavy,dark,80 kph
MMTI-2025-04545,Las Pinas,Bus,Side-swipe,Risk Level 3,,37.0,Male,0,"PHP 368,435.41",Moderate,Poorly-Lit,30
MMTI-2025-02878,Makati,Motorcycle,Head-on,3,Cloudy,31.0,Male,0,266320.46,Heavy,Poorly-Lit,100
MMTI-2025-13715,Mandaluyong,Car,Head-on,3,Clear,54.0,Male,0,69071.04,Light,Poorly-Lit,40
MMTI-2025-15250,Marikina,,Rear-end,3,Clear,30.0,M,0,-25000,Heavy,Well-Lit,60
MMTI-2025-12915,QUEZON ,Car,Hit and Run,,Rain,38.0,Male,0,11559.43,Moderate,Well-Lit,60
MMTI-2025-17657,Mandaluyong,Truck,Rear-end,3,,33.0,Male,0,"PHP 276,864.71",Heavy,Well-Lit,60
MMTI-2025-13100,,Truck,Head-on,3,,24.0,Female,0,1627385.98,Heavy,Poorly-Lit,60
MMTI-2025-18938,Pasig,,Rear-end,6,Clear,41.0,Male,1,486716.16,Heavy,Unlit,80
MMTI-2025-19369,Makati,SUV/Van,Side-swipe,3,Cloudy,55.0,Female,0,248334.78,Heavy,Well-Lit,60
MMTI-2025-17435,Quezon,Car,Rear-end,3.0,Cloudy,51.0,male,0,"PHP 401,459.21",MODERATE,dark,80
MMTI-2025-18290,Paranaque,Bus,Hit and Run,,Clear,48.0,Male,0,427985.17,Light,Well-Lit,60 kph
MMTI-2025-20267,Manila,Motorcycle,Hit and Run,3,Cloudy,72.0,Female,0,208.6k,Heavy,Well-Lit,30
MMTI-2025-12477,Paranaque,Jeepney,Rear-end,3,Clear,45.0,Male,0,109421.4,Heavy,Well-Lit,60
MMTI-2025-16209,,Truck,Side-swipe,6,Cloudy,30.0,Male,4,1722.1k,,Poorly-Lit,40 km/h
MMTI-2025-01098,Quezon,,Hit and Run,Risk Level 3,Rain,32.0,Female,0,195433.76,Heavy,Poorly-Lit,40
MMTI-2025-03190,Quezon,Car,Hit and Run,3,Rainy,42.0,Male,0,870486.45,Heavy,Well-Lit,60 km/h
MMTI-2025-16032,,Jeepney,Side-swipe,Risk Level 1,Cloudy,48.0,Male,0,,Moderate,Well-Lit,60
MMTI-2025-05782,Muntinlupa,Car,Head-on,3.0,Clear,33.0,Female,0,"PHP 51,887.61",Heavy,Poorly-Lit,80 km/h
MMTI-2025-18706,Caloocan,SUV/Van,Rear-end,3,Clear,51.0,male,0,43187.75,Moderate,Well-Lit,30
MMTI-2025-18037,Marikina,,Rear-end,,Rain,60.0,Male,0,40140.01,Moderate,Well-Lit,60
MMTI-2025-08962,Taguig,Car,Rear-end,3.0,Cloudy,31.0,Male,0,320116.24,Heavy,Unlit,60
MMTI-2025-16699,Quezon,Car,Hit and Run,4,Rainy,32.0,Male,2,1187297.08,Moderate,Well-Lit,80 kph
MMTI-2025-19800,Las Pinas,Truck,Head-on,3,Clear,61.0,Female,0,95294.51,Heavy,Well-Lit,60
MMTI-2025-10861,Quezon,Bus,Rear-end,3,Clear,62.0,Male,0,304086.07,,Well-Lit,40 km/h
MMTI-2025-22988,Quezon,Car,Head-on,6,Stormy,43.0,Male,4,3646895.43,Heavy,Unlit,30
MMTI-2025-10651,Pasig,Car,Rear-end,Risk Level 1,Clear,38.0,Male,0,145.3k,Moderate,dark,60
MMTI-2025-23130, muntinlupa,Truck,Hit and Run,,Clear,46.0,Male,0,"PHP 445,783.08",Heavy,Lit,80
MMTI-2025-11108,Quezon,Car,Head-on,3,Clear,34.0,Female,0,"PHP 250,355.71",,Unlit,80
MMTI-2025-21242,PASIG ,SUV/Van,Side-swipe,3,Clear,39.0,Male,0,242008.54,,Well-Lit,80
MMTI-2025-12297,Quezon,Jeepney,Side-swipe,3.0,,54.0,Male,0,77330.22,Moderate,Well-Lit,80
MMTI-2025-14167,MANDALUYONG ,Car,Head-on,Risk Level 6,Rain,33.0,Male,1,"PHP 599,594.77",,Unlit,40 km/h
MMTI-2025-02152,Makati,SUV/Van,Hit and Run,Risk Level 3,Cloudy,21.0,Male,0,247469.32,Light,Well-Lit,60
MMTI-2025-06653,Pasig,Car,Rear-end,6,Clear,33.0,Male,3,134255.22,Moderate,Poorly-Lit,60
MMTI-2025-11315,Quezon,Car,Side-swipe,Risk Level 3,Cloudy,24.0,Female,0,606009.3,Heavy,Poorly-Lit,60
MMTI-2025-14333,Taguig,Motorcycle,Hit and Run,3,Cloudy,46.0,Female,0,"PHP 288,776.20",Heavy,Well-Lit,60 km/h
MMTI-2025-11267,Caloocan,Jeepney,Hit and Run,6,,0.0,M,1,"PHP 103,482.58",LIGHT,Poorly-Lit,60
MMTI-2025-07126,Mandaluyong,Motorcycle,Hit and Run,3,Clear,24.0,Male,0,70784.41,Heavy,Poorly-Lit,40
MMTI-2025-15960,Muntinlupa,Motorcycle,Hit and Run,3.0,,24.0,Male,0,53471.18,,Well-Lit,40
MMTI-2025-00629,Pasig,Car,Hit and Run,3,Clear,28.0,Male,0,132588.92,HEAVY,Well-Lit,60
MMTI-2025-20009,Quezon,Car,Rear-end,3,Rainy,44.0,Male,0,1185541.06,Heavy,Well-Lit,60
MMTI-2025-15059,Marikina,Motorcycle,Hit and Run,9,Clear,32.0,Male,3,65339.95,Moderate,Poorly-Lit,60 km/h
MMTI-2025-07844,,Motorcycle,Rear-end,Risk Level 6,Clear,32.0,Male,3,68454.02,Heavy,Well-Lit,60
MMTI-2025-15491,Pasig,Car,Hit and Run,3,Clear,34.0,Male,0,162815.52,Moderate,Well-Lit,60
MMTI-2025-09035,Caloocan,,Hit and Run,,Clear,18.0,Female,0,0,Heavy,Poorly-Lit,30 kph
MMTI-2025-11112,Quezon,Car,Head-on,6,Cloudy,45.0,Female,2,384248.91,Heavy,Lit,80
MMTI-2025-16252,Marikina,Car,Hit and Run,3,Clear,43.0,Female,0,58267.14,Light,well lit,30 km/h
MMTI-2025-20015,Marikina,Car,Hit and Run,Risk Level 2,Clear,33.0,Male,0,57670.14,Moderate,Poorly-Lit,60
MMTI-2025-11246,Manila,Motorcycle,Head-on,3.0,Cloudy,38.0,Male,0,187522.48,Heavy,Poorly-Lit,30
MMTI-2025-03106,Makati,Car,Side-swipe,Risk Level 3,Cloudy,49.0,Male,0,254370.29,Moderate,Well-Lit,60
MMTI-2025-04122,Pateros,,Head-on,3.0,Rain,30.0,M,0,181344.09,Light,Well-Lit,40
MMTI-2025-06825,,Car,Head-on,Risk Level 4,Clear,40.0,Male,3,125519.98,Heavy,Poorly-Lit,60 km/h
MMTI-2025-14427,Pasig,Car,Hit and Run,3,Clear,41.0,Male,0,134041.73,Light,Well-Lit,60
MMTI-2025-05884,Quezon,Car,Head-on,6.0,,39.0,Male,4,"PHP 366,304.25",Moderate,Well-Lit,60
MMTI-2025-22802,,Bus,Side-swipe,3.0,Clear,38.0,Male,0,,Heavy,Well-Lit,60
MMTI-2025-02056,Quezon,SUV/Van,Head-on,2.0,Stormy,43.0,Male,0,99999999,Heavy,Poorly-Lit,60
MMTI-2025-16805,,Car,Head-on,,Clear,46.0,Female,4,82672.25,HEAVY,Poorly-Lit,60
MMTI-2025-01736,Makati,Truck,Side-swipe,3,Clear,56.0,Male,0,669254.81,,Well-Lit,60
MMTI-2025-21515,Manila,,Hit and Run,2.0,Rain,17.0,Male,0,,Moderate,Well-Lit,40
MMTI-2025-17418,Pasig,Motorcycle,Head-on,4.0,Clear,45.0,Unknown,1,"PHP 26,406.28",,Well-Lit,60
MMTI-2025-23245,Makati,Car,Hit and Run,3,Cloudy,-10.0,Male,0,259042.94,Moderate,Well-Lit,80 km/h
MMTI-2025-01370,Manila,Truck,Hit and Run,6,Clear,25.0,Female,1,1991869.37,,well lit,40
MMTI-2025-20523,Quezon,SUV/Van,Hit and Run,Risk Level 3,Rainy,34.0,Female,0,"PHP 734,505.15",Moderate,Well-Lit,60
MMTI-2025-10573,Quezon,,Hit and Run,3,Rain,30.0,Female,0,80631.17,Heavy,Well-Lit,60
MMTI-2025-22834,,Motorcycle,Side-swipe,6,Clear,45.0,Male,1,59140.16,Heavy,dark,40
MMTI-2025-12000,Taguig,Car,Rear-end,2.0,Cloudy,33.0,Female,1,342270.7,MODERATE,No Lights,100
MMTI-2025-16915,Quezon,Jeepney,Side-swipe,3.0,Cloudy,43.0,Female,0,418263.3,Moderate,Poorly-Lit,60
MMTI-2025-12873,Makati,Car,Head-on,1,Cloudy,52.0,Male,0,268949.95,Moderate,Well-Lit,60
MMTI-2025-11224,Las Pinas,Motorcycle,Hit and Run,3,Clear,24.0,Male,0,95144.97,Heavy,Poorly-Lit,60
MMTI-2025-07957,San Juan,Jeepney,Side-swipe,Risk Level 3,Clear,17.0,Male,0,40410.14,Heavy,Well-Lit,40 km/h
MMTI-2025-03680,Makati,Car,Side-swipe,Risk Level 3,Cloudy,61.0,Male,0,216251.56,HEAVY,Well-Lit,60
MMTI-2025-17160,Muntinlupa,Car,Rear-end,3.0,Clear,38.0,Male,0,54859.8,Heavy,Well-Lit,40
MMTI-2025-02069,Manila,Car,Rear-end,3,Cloudy,44.0,Male,0,184152.5,Heavy,Well-Lit,80
MMTI-2025-01808,Quezon,Car,Rear-end,3,Rainy,30.0,Male,0,1190857.17,Heavy,Well-Lit,40
MMTI-2025-03756,Makati,Bus,Rear-end,Risk Level 3,Clear,,Male,0,,Heavy,Poorly-Lit,80
MMTI-2025-15082,Mandaluyong,Motorcycle,Side-swipe,,Clear,30.0,Female,0,13486.89,Moderate,Poorly-Lit,60
MMTI-2025-10508,Taguig,,Head-on,Risk Level 2,Clear,33.0,Male,0,83709.93,Moderate,dark,60
MMTI-2025-12971,Pasig,SUV/Van,Side-swipe,3,Clear,42.0,Male,0,161060.16,Heavy,Well-Lit,80
MMTI-2025-00191,Manila,Car,Hit and Run,Risk Level 3,Cloudy,26.0,Female,0,204598.42,Moderate,Lit,60 km/h
MMTI-2025-18022,Quezon,Car,Rear-end,Risk Level 2,Cloudy,40.0,Female,0,426712.17,Moderate,Well-Lit,60
MMTI-2025-01688,Quezon,Car,Rear-end,3.0,Rainy,55.0,Male,0,"PHP 1,096,690.56",Light,Lit,40
MMTI-2025-22097,Quezon,Car,Hit and Run,Risk Level 3,Stormy,22.0,male,0,99999999,Moderate,Well-Lit,60
MMTI-2025-09168,Quezon,Car,Head-on,3,Rainy,50.0,Male,0,1039322.69,Heavy,Unlit,60
MMTI-2025-19818,Quezon,Car,Rear-end,6,Rainy,37.0,Male,1,1619971.17,Heavy,Well-Lit,60
MMTI-2025-23591,Marikina,Motorcycle,Head-on,3.0,Clear,38.0,Male,0,65363.06,Heavy,Poorly-Lit,80 km/h
MMTI-2025-07043,PARANAQUE ,Truck,Rear-end,3,Clear,,Male,0,,MODERATE,well lit,80
MMTI-2025-13302,Quezon,Car,Rear-end,3.0,Rainy,24.0,Male,0,1245867.58,Heavy,Well-Lit,80
MMTI-2025-04256,Paranaque,Car,Head-on,6,Clear,44.0,F,4,106813.04,Heavy,Well-Lit,60
MMTI-2025-12258, makati,Jeepney,Hit and Run,,Clear,27.0,Female,2,40397.2,Heavy,Poorly-Lit,40 km/h
MMTI-2025-10522,Caloocan,Motorcycle,Rear-end,Risk Level 3,Clear,31.0,Female,0,"PHP 44,827.59",Light,Poorly-Lit,40
MMTI-2025-19509,,Bus,Side-swipe,Risk Level 3,Rain,24.0,Female,0,1371442.98,Heavy,Lit,60 kph
MMTI-2025-18001,Quezon,SUV/Van,Head-on,6,Rainy,32.0,Female,3,1006969.74,Light,Well-Lit,60
MMTI-2025-20573,MALABON ,Bus,Rear-end,3.0,,38.0,Male,0,,Light,Well-Lit,60
MMTI-2025-23464,Quezon,Jeepney,Head-on,3,,49.0,Male,0,101726.93,Moderate,Unlit,100
MMTI-2025-07466,Makati,Bus,Side-swipe,Risk Level 3,Clear,34.0,Female,0,,Heavy,Unlit,40 kph
MMTI-2025-03010,Pasig,Motorcycle,Hit and Run,3.0,Clear,31.0,M,0,147724.72,Heavy,Well-Lit,80 kph
MMTI-2025-20595,Quezon,SUV/Van,Rear-end,3,Cloudy,23.0,Female,0,600313.0,Heavy,POOR,80
MMTI-2025-02551,San Juan,Motorcycle,Side-swipe,4,Clear,49.0,Male,2,39518.59,MODERATE,Well-Lit,100
MMTI-2025-05115,Pasay,SUV/Van,Hit and Run,3.0,Clear,39.0,Unknown,0,46199.93,HEAVY,Poorly-Lit,40
MMTI-2025-18670,Mandaluyong,Motorcycle,Side-swipe,,Cloudy,23.0,Unknown,0,18547.1,Heavy,Poorly-Lit,60
MMTI-2025-20293,Muntinlupa,SUV/Van,Head-on,1,Clear,36.0,Female,0,55303.86,Moderate,Poorly-Lit,60
MMTI-2025-16104,Paranaque,Car,Side-swipe,Risk Level 3,Clear,49.0,Male,0,,,Well-Lit,60
MMTI-2025-21363,Paranaque,SUV/Van,Hit and Run,3,Clear,45.0,Male,0,100307.57,Heavy,Unlit,40
MMTI-2025-11507,Taguig,Car,Rear-end,3,Cloudy,17.0,Male,0,346812.1,Moderate,Well-Lit,80
MMTI-2025-14306,Caloocan,Motorcycle,Hit and Run,3,Clear,38.0,Male,0,43937.72,Moderate,Poorly-Lit,100
MMTI-2025-07631,Pasig,Motorcycle,Rear-end,3.0,,48.0,Male,0,32794.04,Heavy,Lit,30
MMTI-2025-15922,Quezon,,Head-on,3,Cloudy,56.0,Unknown,0,223143.61,Heavy,Well-Lit,60
MMTI-2025-07249,Quezon,Motorcycle,Side-swipe,Risk Level 3,Cloudy,55.0,Male,0,475489.44,Light,Well-Lit,60
MMTI-2025-22530,Mandaluyong,Motorcycle,Hit and Run,2,Clear,18.0,Male,0,75221.05,Light,Well-Lit,60 km/h
MMTI-2025-22661,Quezon,SUV/Van,Hit and Run,3.0,Rain,25.0,Female,0,"PHP 276,772.35",,Poorly-Lit,100 km/h
MMTI-2025-03613, taguig,SUV/Van,Head-on,Risk Level 3,,43.0,Male,0,466032.41,Heavy,POOR,60
MMTI-2025-19109,Makati,Jeepney,Head-on,3.0,Clear,47.0,Female,0,,Light,No Lights,40 kph
MMTI-2025-21921,Taguig,Car,Rear-end,Risk Level 3,Cloudy,33.0,Male,0,277312.85,Light,Well-Lit,60
MMTI-2025-07750, caloocan,Bus,Rear-end,3,Storm,47.0,Male,0,1066651.31,,Well-Lit,80
MMTI-2025-22610,Quezon,Car,Head-on,3.0,Cloudy,19.0,Male,0,487528.09,Heavy,Unlit,40
MMTI-2025-06709,Quezon,Car,Head-on,1,Cloudy,44.0,Male,0,491427.93,Moderate,Well-Lit,60 km/h
MMTI-2025-19153,,SUV/Van,Rear-end,,Clear,43.0,Male,0,89.3k,Heavy,Poorly-Lit,30 km/h
MMTI-2025-15681,Manila,,Rear-end,3,Rain,43.0,Male,0,176396.06,Moderate,Well-Lit,40
MMTI-2025-01085,Quezon,Motorcycle,Hit and Run,3.0,Rainy,32.0,Male,0,1336212.93,Heavy,well lit,40
MMTI-2025-22689,Quezon,Car,Rear-end,6.0,Cloudy,23.0,M,2,417383.48,HEAVY,Poorly-Lit,80
MMTI-2025-01435,Pateros,Truck,Side-swipe,3,Clear,26.0,Female,0,,Heavy,Well-Lit,100 km/h
MMTI-2025-09253,Paranaque,Car,Head-on,1,Clear,46.0,Male,0,97659.67,MODERATE,Poorly-Lit,40
MMTI-2025-08634,Manila,Jeepney,Side-swipe,3,Clear,35.0,Male,0,,Moderate,Well-Lit,80 km/h
MMTI-2025-00760,Taguig,,Head-on,3,Clear,48.0,Male,0,52780.04,Heavy,Unlit,60 km/h
MMTI-2025-22814,Las Pinas,Car,Rear-end,4.0,Clear,33.0,Male,2,92361.48,Heavy,Well-Lit,40