Incident_ID,City,Vehicle_Type,Accident_Type,Severity,Weather_Condition,Driver_Age,Driver_Gender,Injury_Count,Damage_Cost_PHP,Traffic_Volume,Road_Lighting,Speed_Limit
MMTI-2025-10890,Quezon,Car,Side-swipe,Risk Level 6,Rainy,50.0,Female,4,663008.72,Moderate,Poorly-Lit,60 km/h
MMTI-2025-00595,Quezon,Motorcycle,Rear-end,3.0,Rainy,21.0,Male,0,1207758.01,Heavy,No Lights,80
MMTI-2025-18606,,Truck,Head-on,Risk Level 2,Clear,59.0,Male,0,634864.47,Heavy,Well-Lit,60
MMTI-2025-06211,Mandaluyong,Motorcycle,Head-on,,Clear,33.0,Female,0,"PHP 11,847.51",Heavy,Poorly-Lit,40
MMTI-2025-20898,Manila,Car,Hit and Run,3,Cloudy,46.0,Male,0,184423.88,Heavy,POOR,30 km/h
MMTI-2025-14484,Quezon,Car,Side-swipe,6,Stormy,33.0,Female,1,77777777,Moderate,Poorly-Lit,100
MMTI-2025-06658,Mandaluyong,Car,Rear-end,3,Clear,34.0,female ,0,75223.15,Heavy,Unlit,30 kph
MMTI-2025-11312,Makati,Car,Rear-end,3.0,Cloudy,50.0,Male,0,258531.9,Heavy,Well-Lit,60 km/h
MMTI-2025-06290,Las Pinas,Car,Rear-end,3,Clear,43.0,Female,0,92920.07,Heavy,Lit,40 kph
MMTI-2025-10742,Quezon,Car,Head-on,3,Cloudy,38.0,Female,0,571083.58,Heavy,Well-Lit,60
MMTI-2025-18459,Valenzuela,Jeepney,Head-on,,Clear,38.0,Male,2,23847.07,Moderate,Well-Lit,30
MMTI-2025-23233,Manila,Car,Hit and Run,3,Cloudy,37.0,Male,0,196844.6,Heavy,Well-Lit,30
MMTI-2025-10675,Makati,Motorcycle,Hit and Run,Risk Level 3,Cloudy,24.0,Male,0,266102.45,Heavy,Poorly-Lit,80 km/h
MMTI-2025-20837,Makati,,Hit and Run,3,Rain,,M,0,55115.43,HEAVY,well lit,40 km/h
MMTI-2025-17003,,Car,Hit and Run,3,Rain,47.0,Male,0,198792.69,Heavy,POOR,40
MMTI-2025-14448,Makati,Bus,Hit and Run,,Clear,40.0,Male,0,270408.66,Heavy,Well-Lit,40
MMTI-2025-15305,Pasay,Car,Rear-end,3,Clear,49.0,Male,0,45235.4,Heavy,Well-Lit,40
MMTI-2025-17716,Quezon,SUV/Van,Head-on,4,Rainy,30.0,Male,2,1287365.37,Heavy,Well-Lit,60
MMTI-2025-14456,Mandaluyong,Truck,Side-swipe,,,30.0,Male,0,706132.07,HEAVY,Well-Lit,100
MMTI-2025-20055,Quezon,Motorcycle,Side-swipe,3,Rainy,31.0,Male,0,1044391.88,Moderate,Well-Lit,60 km/h
MMTI-2025-23280,Paranaque,Car,Side-swipe,1,Clear,32.0,Female,0,99997.98,Moderate,Poorly-Lit,40
MMTI-2025-06375,Quezon,Car,Rear-end,3,Cloudy,30.0,Male,0,450093.0,Moderate,Lit,80
MMTI-2025-23094,Taguig,Jeepney,Hit and Run,,Clear,37.0,Male,0,34197.63,Moderate,Well-Lit,60
MMTI-2025-06933,Paranaque,SUV/Van,Hit and Run,3,Clear,36.0,F,0,107400.1,Heavy,Well-Lit,60 kph
MMTI-2025-18382,Quezon,Jeepney,Hit and Run,,Clear,,female ,0,77777777,Moderate,Well-Lit,80 km/h
MMTI-2025-07388,Taguig,Car,Head-on,3,Cloudy,25.0,Male,0,272922.48,Moderate,Well-Lit,60
MMTI-2025-04766,,Jeepney,Head-on,Risk Level 3,Clear,20.0,Male,0,107837.16,Moderate,Well-Lit,60
MMTI-2025-05712,Las Pinas,Car,Head-on,3.0,Clear,47.0,Male,0,87038.6,Heavy,Poorly-Lit,60
MMTI-2025-22367,Taguig,Car,Hit and Run,3,Clear,32.0,Male,0,,Moderate,Well-Lit,60
MMTI-2025-06731,Taguig,,Hit and Run,6,Cloudy,34.0,Male,2,149466.84,Heavy,POOR,60
MMTI-2025-14565,,Bus,Side-swipe,2,Clear,32.0,Male,0,108208.03,,Well-Lit,60
MMTI-2025-03619,Manila,,Side-swipe,3,Storm,51.0,Male,0,256360.57,Heavy,Well-Lit,80 kph
MMTI-2025-13522,Quezon,Car,Hit and Run,3,Rainy,30.0,Male,0,"PHP 1,369,674.77",Heavy,Well-Lit,60
MMTI-2025-05607,Taguig,Car,Hit and Run,Risk Level 6,,25.0,Male,1,156761.19,Heavy,Poorly-Lit,60 kph
MMTI-2025-00029,Quezon,Car,Rear-end,3,Stormy,23.0,Male,0,1849952.99,Heavy,Well-Lit,60
MMTI-2025-04268,Muntinlupa,SUV/Van,Hit and Run,Risk Level 3,Clear,,Male,0,54955.08,Moderate,Well-Lit,60
MMTI-2025-12946,Quezon,Car,Side-swipe,3.0,Rainy,42.0,Unknown,0,1147469.63,Moderate,Well-Lit,80
MMTI-2025-16082,VALENZUELA ,SUV/Van,Rear-end,3,Rain,40.0,Female,0,,Heavy,Poorly-Lit,100
MMTI-2025-10383,Taguig,Car,Head-on,Risk Level 3,Cloudy,60.0,Male,0,282531.83,Heavy,dark,60
MMTI-2025-02357,Taguig,Car,Hit and Run,3,Cloudy,24.0,F,0,"PHP 339,256.75",Light,Poorly-Lit,60
MMTI-2025-16506,,Bus,Head-on,3.0,Clear,31.0,Male,0,501795.25,Moderate,Well-Lit,60
MMTI-2025-07554,Malabon,SUV/Van,Rear-end,3.0,Rain,,F,0,124871.71,Moderate,Well-Lit,80
MMTI-2025-00635, manila,Bus,Head-on,2,Clear,42.0,female ,0,,Heavy,No Lights,60 kph
MMTI-2025-08117,Makati,,Rear-end,3,Clear,44.0,Male,0,94346.98,Heavy,Poorly-Lit,40
MMTI-2025-18594,Quezon,Bus,Side-swipe,Risk Level 3,Clear,33.0,Male,0,416889.38,,Well-Lit,40 km/h
MMTI-2025-22921,Makati,Truck,Rear-end,Risk Level 3,,33.0,Female,0,464355.82,Heavy,No Lights,100
MMTI-2025-18315,Paranaque,Car,Hit and Run,Risk Level 3,,37.0,Male,0,257547.85,,Well-Lit,60
MMTI-2025-22833,Quezon,Car,Head-on,3.0,Rainy,53.0,Male,0,1627835.36,Heavy,Lit,40 km/h
MMTI-2025-04806,Manila,Car,Head-on,2,Cloudy,999.0,Female,0,168622.93,Moderate,Well-Lit,60
MMTI-2025-20207,Caloocan,Motorcycle,Hit and Run,3.0,Clear,45.0,Female,0,39311.39,,Well-Lit,40
MMTI-2025-11250,Quezon,Motorcycle,Head-on,3.0,Rainy,47.0,Unknown,0,708.9k,Heavy,Well-Lit,60 km/h
MMTI-2025-16792,Manila,Car,Head-on,1,Cloudy,29.0,Male,0,211136.94,Moderate,Well-Lit,80 kph
MMTI-2025-17588,Quezon,Car,Rear-end,6,Stormy,38.0,Male,2,99999999,Heavy,Well-Lit,40
MMTI-2025-02353,Manila,Motorcycle,Head-on,Risk Level 3,Cloudy,39.0,Male,0,208706.98,MODERATE,No Lights,60 km/h
MMTI-2025-10069,San Juan,Truck,Side-swipe,Risk Level 3,Clear,27.0,male,0,"PHP 40,002.51",Heavy,Well-Lit,80
MMTI-2025-16437,Pasig,Jeepney,Rear-end,Risk Level 3,Clear,44.0,Male,0,129056.77,Moderate,well lit,40 km/h
MMTI-2025-12659,Quezon,SUV/Van,Rear-end,Risk Level 3,Rainy,20.0,Male,0,1437347.12,Moderate,Well-Lit,30
MMTI-2025-16305,Pasig,Motorcycle,Hit and Run,6.0,Clear,42.0,Male,2,130821.93,Heavy,Well-Lit,60
MMTI-2025-21684,Las Pinas,Car,Head-on,3,Clear,26.0,Male,0,"PHP 81,503.69",Heavy,Well-Lit,80 kph
MMTI-2025-22421,Makati,Car,Side-swipe,3,Cloudy,67.0,Male,0,232045.9,Heavy,Well-Lit,30
MMTI-2025-00119,Pasay,Car,Side-swipe,1.0,Clear,49.0,Male,0,49850.95,Moderate,Well-Lit,60
MMTI-2025-16781,Makati,Car,Hit and Run,3,Cloudy,42.0,Male,0,268915.2,Heavy,Poorly-Lit,80
MMTI-2025-02224,Marikina,Jeepney,Head-on,3,Storm,24.0,Female,0,80902.29,,Well-Lit,60
MMTI-2025-20013,Manila,Motorcycle,Hit and Run,3,Cloudy,51.0,Female,0,198271.19,Heavy,Well-Lit,60 km/h
MMTI-2025-02740,Quezon,SUV/Van,Side-swipe,3,Clear,,Male,0,240220.15,Heavy,Well-Lit,40 km/h
MMTI-2025-04498,Mandaluyong,Jeepney,Head-on,3,Clear,41.0,Male,0,68150.97,Moderate,Unlit,60
MMTI-2025-05840,Caloocan,,Side-swipe,3,,41.0,Male,0,,,Poorly-Lit,40 km/h
MMTI-2025-09542,Quezon,Car,Side-swipe,3,Cloudy,47.0,Male,0,489122.22,Moderate,dark,60
MMTI-2025-20933,Quezon,Car,Side-swipe,Risk Level 3,Cloudy,27.0,Male,0,418970.57,Moderate,Well-Lit,60
MMTI-2025-15825,MAKATI ,Truck,Side-swipe,3,Clear,41.0,Male,0,,Moderate,Unlit,40 kph
MMTI-2025-03566,Caloocan,Motorcycle,Rear-end,3.0,,17.0,Male,0,,Heavy,Well-Lit,60 km/h
MMTI-2025-13835,Las Pinas,Car,Hit and Run,2.0,Clear,31.0,Female,0,83862.7,Heavy,Well-Lit,60
MMTI-2025-17690,Quezon,Car,Hit and Run,2,Cloudy,59.0,Male,0,405141.37,LIGHT,Well-Lit,80
MMTI-2025-11837,Quezon,Car,Head-on,Risk Level 3,Rainy,41.0,Female,0,1093951.69,Heavy,POOR,40
MMTI-2025-18231,Manila,Truck,Head-on,3.0,Rain,24.0,Male,0,,Heavy,Poorly-Lit,60 kph
MMTI-2025-07950,Makati,SUV/Van,Head-on,3,Cloudy,40.0,Male,0,217834.72,HEAVY,Lit,60
MMTI-2025-13117,Taguig,Car,Hit and Run,9.0,Cloudy,22.0,Male,1,318.6k,Heavy,Poorly-Lit,30
MMTI-2025-21694,Quezon,Motorcycle,Rear-end,2,Clear,,Male,0,11069.15,,Well-Lit,60
MMTI-2025-07990,Quezon,Car,Rear-end,2.0,Cloudy,23.0,Male,0,396566.49,HEAVY,Well-Lit,60 km/h
MMTI-2025-07554,Malabon,SUV/Van,Rear-end,3.0,Rain,,F,0,124871.71,Moderate,Well-Lit,80
MMTI-2025-18497,Caloocan,Jeepney,Hit and Run,,Clear,0.0,Male,0,14353.3,Heavy,Poorly-Lit,80 kph
MMTI-2025-07987,Marikina,Truck,Rear-end,3.0,Clear,25.0,Male,3,66989.58,Heavy,Poorly-Lit,100
MMTI-2025-04069,Quezon,Jeepney,Rear-end,Risk Level 3,Cloudy,46.0,Male,0,,Heavy,Poorly-Lit,80 kph
MMTI-2025-05910,Quezon,Jeepney,Rear-end,3,Rainy,33.0,male,0,816850.7,Heavy,Well-Lit,60
MMTI-2025-02071,Manila,Bus,Hit and Run,6.0,Clear,47.0,Male,3,,HEAVY,Well-Lit,30 km/h
MMTI-2025-00537,Taguig,SUV/Van,Rear-end,3,,49.0,M,0,278781.07,Heavy,dark,80 km/h
MMTI-2025-11248,Makati,Motorcycle,Side-swipe,2,Clear,25.0,Male,0,12279.44,,dark,30 km/h
MMTI-2025-08745,Mandaluyong,Truck,Rear-end,3.0,Clear,21.0,Male,0,70534.4,Light,Poorly-Lit,40
MMTI-2025-06234,Quezon,Car,Side-swipe,6,Cloudy,47.0,Female,3,526841.12,Moderate,Poorly-Lit,60
MMTI-2025-03199,Quezon,Motorcycle,Hit and Run,3,Rainy,41.0,Female,0,1254575.42,Moderate,Well-Lit,60
MMTI-2025-13176,Quezon,Motorcycle,Rear-end,Risk Level 3,Cloudy,27.0,Female,0,365766.41,Heavy,Well-Lit,40 km/h
MMTI-2025-00458,,Truck,Side-swipe,3,Rain,50.0,Male,0,"PHP 1,013,389.73",HEAVY,Well-Lit,60
MMTI-2025-03911,Manila,SUV/Van,Side-swipe,3,Cloudy,22.0,Male,0,197565.2,Moderate,well lit,60 km/h
MMTI-2025-00616,Caloocan,Car,Rear-end,2,Clear,27.0,Male,0,44.1k,Heavy,Poorly-Lit,60
MMTI-2025-05028,Quezon,Car,Rear-end,Risk Level 3,Rainy,34.0,Male,0,1578782.16,Light,Unlit,80 km/h
MMTI-2025-01582,,SUV/Van,Head-on,6.0,Clear,,Female,1,577375.07,,Well-Lit,40 km/h
MMTI-2025-10954,Manila,Car,Rear-end,3.0,Cloudy,57.0,Male,0,179927.51,Heavy,Poorly-Lit,40 km/h
MMTI-2025-06571,Quezon,Car,Side-swipe,3,Cloudy,41.0,Male,0,423372.38,Moderate,dark,60
MMTI-2025-06374,Paranaque,Car,Side-swipe,3,Clear,31.0,Male,0,106032.39,Heavy,Well-Lit,80
MMTI-2025-15046,Quezon,Motorcycle,Side-swipe,3,Cloudy,24.0,Unknown,0,464949.09,Moderate,Well-Lit,80
MMTI-2025-07335,Pasig,Motorcycle,Head-on,4,Clear,44.0,F,3,139100.07,Heavy,Well-Lit,40
MMTI-2025-15360,VALENZUELA ,Car,Hit and Run,Risk Level 6,,27.0,Male,1,"PHP 314,876.22",Heavy,Poorly-Lit,60 kph
MMTI-2025-23432,Quezon,Car,Head-on,Risk Level 3,Rainy,34.0,Female,0,1021696.18,Heavy,Well-Lit,40 km/h
MMTI-2025-20256,Muntinlupa,Jeepney,Hit and Run,3,Clear,43.0,Male,0,56787.01,Moderate,Poorly-Lit,80 km/h
MMTI-2025-00798,Paranaque,Car,Head-on,2.0,Clear,26.0,Male,0,48168.08,,POOR,60
MMTI-2025-10286,Manila,Motorcycle,Hit and Run,4,Cloudy,45.0,Male,3,188829.1,Light,Well-Lit,40 kph
MMTI-2025-20954,Marikina,Car,Side-swipe,3.0,,35.0,Male,0,"PHP 113,131.39",Heavy,Well-Lit,80 km/h
MMTI-2025-12246,Marikina,Truck,Rear-end,3,Clear,29.0,Female,0,61.2k,HEAVY,Well-Lit,60
MMTI-2025-00785,Taguig,Truck,Side-swipe,,Clear,45.0,Male,0,,Heavy,Well-Lit,60 km/h
MMTI-2025-14520,Manila,Bus,Rear-end,Risk Level 3,,39.0,Female,0,"PHP 261,811.66",Moderate,Well-Lit,60
MMTI-2025-03602,,Bus,Rear-end,3,Clear,35.0,Female,0,546448.1,Heavy,Unlit,100 km/h
MMTI-2025-18531,Quezon,Jeepney,Rear-end,Risk Level 3,Rainy,61.0,Male,0,822302.07,Heavy,Well-Lit,60 km/h
MMTI-2025-00247,Marikina,SUV/Van,Head-on,2,,23.0,M,0,"PHP 71,343.14",Moderate,Lit,100
MMTI-2025-20808,Pasig,Car,Hit and Run,3.0,Clear,52.0,Male,0,156043.2,Moderate,Poorly-Lit,30
MMTI-2025-11883,Manila,Jeepney,Rear-end,3,Clear,31.0,Female,0,,Heavy,Poorly-Lit,60
MMTI-2025-21655,Quezon,Motorcycle,Hit and Run,3,Clear,18.0,Male,0,44847.32,,Poorly-Lit,80
MMTI-2025-18904,Makati,Motorcycle,Side-swipe,3,Cloudy,37.0,Male,0,214678.91,Moderate,Well-Lit,60 km/h
MMTI-2025-17874,Paranaque,Car,Head-on,Risk Level 3,Clear,28.0,Male,0,122675.54,Heavy,Unlit,60
MMTI-2025-11253,Quezon,Truck,Rear-end,3,Rainy,46.0,Female,0,1757921.29,Heavy,Poorly-Lit,40 km/h
MMTI-2025-11435,MAKATI ,,Head-on,6.0,Clear,43.0,Male,3,"PHP 402,651.28",Heavy,Well-Lit,30
MMTI-2025-05172,Pasig,Truck,Head-on,6,Clear,37.0,Male,3,128287.58,Heavy,Unlit,80
MMTI-2025-11497,Quezon,Car,Side-swipe,3,Rainy,43.0,Male,3,1331592.98,Heavy,Poorly-Lit,60
MMTI-2025-10477,Makati,Truck,Rear-end,3,Clear,59.0,Female,0,,Moderate,Well-Lit,30
MMTI-2025-10481,Quezon,Truck,Head-on,3.0,Rainy,40.0,Male,0,1244945.41,Moderate,Well-Lit,100
MMTI-2025-01989,Makati,Car,Rear-end,Risk Level 3,Cloudy,69.0,Male,0,257895.79,Light,Well-Lit,30
MMTI-2025-01671,,Car,Head-on,Risk Level 1,Cloudy,34.0,Male,0,"PHP 37,430.40",Moderate,Well-Lit,100
MMTI-2025-03609,Manila,Car,Head-on,3,Cloudy,49.0,Male,0,192553.46,Heavy,Well-Lit,60 km/h
MMTI-2025-14141,Quezon,Car,Rear-end,Risk Level 6,Rainy,43.0,Male,3,880156.06,Heavy,Unlit,60
MMTI-2025-16650,Quezon,Car,Hit and Run,3,Rainy,22.0,F,0,1192395.73,Heavy,Poorly-Lit,80
MMTI-2025-06890,Mandaluyong,,Rear-end,3.0,Clear,49.0,Male,0,,Moderate,Poorly-Lit,80 km/h
MMTI-2025-22048,,Jeepney,Side-swipe,Risk Level 4,Cloudy,34.0,Female,3,-25000,Moderate,dark,60
MMTI-2025-08726,Mandaluyong,Motorcycle,Head-on,3,Clear,27.0,Male,0,"PHP 74,795.49",Light,Poorly-Lit,40 km/h
MMTI-2025-07757,Quezon,Car,Hit and Run,Risk Level 3,Stormy,55.0,Male,0,99999999,Heavy,Poorly-Lit,80
MMTI-2025-08134,Taguig,Car,Rear-end,3.0,Rain,32.0,Female,0,,Heavy,Poorly-Lit,80
MMTI-2025-19434,Quezon,Jeepney,Side-swipe,3.0,Rainy,47.0,Male,0,1412267.7,Heavy,Poorly-Lit,100 km/h
MMTI-2025-15321,Manila,SUV/Van,Side-swipe,Risk Level 1,Clear,47.0,Male,0,88996.54,,Lit,40
MMTI-2025-21400,Quezon,Motorcycle,Head-on,3.0,Cloudy,35.0,Female,0,434106.35,Moderate,No Lights,60 km/h
MMTI-2025-11072,Manila,Motorcycle,Rear-end,2,Cloudy,23.0,Male,0,,HEAVY,Unlit,30
MMTI-2025-14324,Marikina,Bus,Head-on,2.0,Cloudy,46.0,Male,0,68317.27,,Poorly-Lit,80
MMTI-2025-00444,Paranaque,Motorcycle,Hit and Run,Risk Level 3,Clear,45.0,Female,0,,HEAVY,Well-Lit,40
MMTI-2025-16630,Quezon,Car,Hit and Run,3,Rainy,40.0,Male,0,852956.97,Light,Well-Lit,40 km/h
MMTI-2025-14678,Quezon,Car,Side-swipe,6,Stormy,33.0,Male,2,"PHP 3,294,363.44",Heavy,Poorly-Lit,60 km/h
MMTI-2025-18203,Quezon,Motorcycle,Head-on,Risk Level 3,Rainy,35.0,Female,0,1032841.57,Heavy,Poorly-Lit,60
MMTI-2025-07091,Quezon,Car,Rear-end,3,Rainy,44.0,Male,0,1015761.58,Moderate,Poorly-Lit,60
MMTI-2025-12500,,Car,Rear-end,Risk Level 3,Clear,40.0,Male,4,55864.88,Heavy,Well-Lit,60
MMTI-2025-12983,,SUV/Van,Hit and Run,3,Clear,,Male,0,175996.81,HEAVY,Well-Lit,60
MMTI-2025-00478,Manila,Car,Rear-end,4,Clear,49.0,Female,1,163414.53,Moderate,Poorly-Lit,80 km/h
MMTI-2025-08758,Pasig,Motorcycle,Side-swipe,2,,67.0,M,0,"PHP 17,677.96",Moderate,Well-Lit,60
MMTI-2025-00514,Quezon,Motorcycle,Hit and Run,3,Rainy,26.0,Male,0,1316924.99,HEAVY,Poorly-Lit,60 kph
MMTI-2025-07054,Quezon,,Side-swipe,2,Clear,47.0,Female,0,77405.3,Heavy,Poorly-Lit,60 km/h
MMTI-2025-12876,Taguig,Car,Rear-end,3.0,Cloudy,44.0,Male,0,"PHP 284,592.54",Moderate,Well-Lit,60 kph
MMTI-2025-15432,Pasig,,Head-on,2.0,Clear,40.0,Unknown,0,40028.95,Light,Poorly-Lit,80 km/h
MMTI-2025-08127,,Truck,Rear-end,3,Clear,50.0,Male,0,226825.51,Heavy,well lit,30 km/h
MMTI-2025-00662,Makati,Jeepney,Hit and Run,1.0,Clear,47.0,Male,0,"PHP 26,159.82",,well lit,60
MMTI-2025-14532,Valenzuela,,Rear-end,2,Clear,35.0,Female,0,72802.13,Moderate,Well-Lit,60
MMTI-2025-18491,Pasay,Motorcycle,Hit and Run,,Clear,21.0,Female,0,17631.62,Heavy,Well-Lit,60
MMTI-2025-02588,Taguig,SUV/Van,Hit and Run,3,Clear,41.0,Male,0,,Heavy,Well-Lit,40
MMTI-2025-20392,Muntinlupa,Car,Hit and Run,3,Clear,,Male,0,65406.38,Moderate,Poorly-Lit,60
MMTI-2025-07162,Quezon,Motorcycle,Rear-end,3.0,Cloudy,35.0,Unknown,0,550460.89,Heavy,Poorly-Lit,40 km/h
MMTI-2025-14507,Caloocan,Truck,Rear-end,3,,44.0,Female,0,892499.05,Heavy,dark,40 km/h
MMTI-2025-20667,TAGUIG ,Motorcycle,Side-swipe,3.0,Cloudy,18.0,Female,0,45036.3,,Poorly-Lit,80
MMTI-2025-02769,Manila,Car,Rear-end,3.0,,49.0,male,0,,Moderate,Unlit,80
MMTI-2025-01593,,Motorcycle,Rear-end,3,Clear,48.0,Male,0,43831.45,Heavy,Well-Lit,60
MMTI-2025-23274,Pasay,Car,Hit and Run,2,Clear,58.0,Male,0,45733.83,Heavy,Well-Lit,60
MMTI-2025-09452,Las Pinas,Car,Rear-end,1,Clear,44.0,Female,0,"PHP 92,182.12",Moderate,Well-Lit,80
MMTI-2025-14616,Manila,,Rear-end,3,Clear,35.0,Male,0,40007.07,Heavy,Poorly-Lit,30
MMTI-2025-22928,Las Pinas,Car,Head-on,3.0,Clear,31.0,Male,0,95865.69,Heavy,well lit,60 km/h
MMTI-2025-09489,,Jeepney,Rear-end,3,Cloudy,38.0,Unknown,0,55632.66,Heavy,Well-Lit,60
MMTI-2025-13090,,Jeepney,Side-swipe,1,Clear,40.0,Female,0,23601.01,Moderate,No Lights,40 kph
MMTI-2025-02385,,Jeepney,Head-on,3.0,Clear,37.0,Male,0,89028.88,Heavy,Well-Lit,30 kph
MMTI-2025-22989,,SUV/Van,Hit and Run,Risk Level 6,Cloudy,55.0,Male,4,"PHP 312,222.08",Heavy,Poorly-Lit,60 km/h
MMTI-2025-18994,Pasig,Motorcycle,Side-swipe,Risk Level 3,Clear,21.0,Male,0,142.3k,MODERATE,No Lights,60
MMTI-2025-10204,Pateros,SUV/Van,Head-on,3,Storm,,Male,0,528315.73,,Unlit,60
MMTI-2025-14312,Quezon,Motorcycle,Hit and Run,6.0,Stormy,47.0,Female,1,2118361.77,Heavy,Well-Lit,60 km/h
MMTI-2025-02508,Mandaluyong,,Hit and Run,,Clear,30.0,Male,0,,Light,Well-Lit,40 km/h
MMTI-2025-10539,Valenzuela,SUV/Van,Side-swipe,6.0,Rain,29.0,Male,1,547909.21,,Poorly-Lit,60
MMTI-2025-21982,Quezon,SUV/Van,Hit and Run,3.0,Cloudy,29.0,Male,0,448718.24,Heavy,Poorly-Lit,100
MMTI-2025-07905,,Truck,Hit and Run,2,Clear,35.0,Male,0,250217.02,Moderate,Well-Lit,100
MMTI-2025-13324,Paranaque,Motorcycle,Side-swipe,,Clear,33.0,Male,0,"PHP 8,831.45",Heavy,Unlit,40
MMTI-2025-19422,Quezon,Car,Head-on,Risk Level 3,Cloudy,40.0,Female,0,426.7k,Heavy,Poorly-Lit,60
MMTI-2025-08036,Pasig,SUV/Van,Side-swipe,3,Clear,42.0,Male,0,125191.34,Heavy,Poorly-Lit,40 km/h
MMTI-2025-11564,Valenzuela,Car,Head-on,Risk Level 2,Clear,56.0,Male,0,62007.17,,Well-Lit,100
MMTI-2025-19051,Caloocan,Car,Side-swipe,3,Clear,20.0,Male,0,42972.99,Heavy,Unlit,80 km/h
MMTI-2025-09418,,Bus,Hit and Run,3.0,Rain,43.0,Female,0,485704.94,HEAVY,Well-Lit,40
MMTI-2025-18675,,Jeepney,Hit and Run,3.0,Clear,19.0,Male,0,72805.59,Heavy,Poorly-Lit,40
MMTI-2025-04898,Quezon,Motorcycle,Side-swipe,3,Stormy,54.0,Male,0,"PHP 1,759,370.83",Heavy,Poorly-Lit,60
MMTI-2025-16294,Quezon,Car,Side-swipe,3,Rainy,28.0,Male,0,766537.61,Heavy,Poorly-Lit,60
MMTI-2025-12861,Quezon,Motorcycle,Side-swipe,6,Rainy,22.0,Female,3,1055404.24,Heavy,Well-Lit,40
MMTI-2025-04310,Quezon,Truck,Side-swipe,3,Rain,39.0,Male,0,,Light,Poorly-Lit,60
MMTI-2025-17190,Manila,Motorcycle,Head-on,3,Clear,,Male,3,37845.28,Moderate,Poorly-Lit,60
MMTI-2025-01715,Taguig,Car,Head-on,3,Cloudy,47.0,Male,0,312553.69,Heavy,Well-Lit,60
MMTI-2025-10716,Caloocan,SUV/Van,Head-on,2,Clear,26.0,Female,0,90191.59,,Poorly-Lit,60
MMTI-2025-22927,Quezon,Motorcycle,Hit and Run,3.0,Stormy,17.0,Male,0,2068812.64,Moderate,Well-Lit,60
MMTI-2025-18455,Pasay,Motorcycle,Hit and Run,3,Clear,53.0,Male,0,45266.67,Moderate,Well-Lit,40
MMTI-2025-16321,Quezon,Motorcycle,Hit and Run,6,Cloudy,21.0,Male,1,439574.92,Heavy,Well-Lit,60 km/h
MMTI-2025-18491,Pasay,Motorcycle,Hit and Run,,Clear,21.0,Female,0,17631.62,Heavy,Well-Lit,60
MMTI-2025-06487,Quezon,Motorcycle,Head-on,3,Rainy,22.0,Male,0,1176247.96,Moderate,Poorly-Lit,60
MMTI-2025-17146,Quezon,Truck,Hit and Run,Risk Level 3,Clear,,Female,0,,Moderate,Poorly-Lit,80
MMTI-2025-14947, quezon,Car,Hit and Run,,Rain,40.0,Male,0,38329.94,HEAVY,Unlit,40 km/h
MMTI-2025-07837,Paranaque,Bus,Hit and Run,3.0,Rain,52.0,Female,0,,Moderate,Well-Lit,30
MMTI-2025-22479,Quezon,Truck,Rear-end,3,Cloudy,40.0,Male,0,478242.99,Moderate,Poorly-Lit,80
MMTI-2025-10611,Marikina,Car,Side-swipe,Risk Level 3,Clear,44.0,Male,0,"PHP 62,802.29",Moderate,Well-Lit,30
MMTI-2025-09591,Mandaluyong,Motorcycle,Hit and Run,3,,26.0,Male,0,33369.89,Heavy,Poorly-Lit,40
MMTI-2025-06370,Quezon,Car,Hit and Run,6,Rainy,49.0,Female,1,886676.11,Moderate,Well-Lit,60 km/h
MMTI-2025-06297,Marikina,Truck,Hit and Run,3,Rain,48.0,Male,0,532491.57,,Well-Lit,40 kph
MMTI-2025-20564,Quezon,Jeepney,Side-swipe,3.0,Clear,,Male,0,88435.03,MODERATE,Well-Lit,60
MMTI-2025-20784,Muntinlupa,Car,Head-on,3.0,Clear,46.0,Male,0,52457.79,HEAVY,Well-Lit,60
MMTI-2025-03897,Paranaque,Truck,Rear-end,Risk Level 3,Clear,42.0,Female,0,115090.35,Heavy,Well-Lit,40
MMTI-2025-21178,Quezon,Motorcycle,Head-on,3,Stormy,33.0,Female,0,2210567.43,Heavy,Unlit,60
MMTI-2025-03524,Las Pinas,Motorcycle,Side-swipe,2,Clear,17.0,Male,0,86444.08,Moderate,Lit,60
MMTI-2025-17704,Pasay,Car,Hit and Run,6,Clear,30.0,Male,1,45824.74,Moderate,Well-Lit,60
MMTI-2025-02918,Pasig,Car,Side-swipe,2,Clear,40.0,male,0,132246.52,Moderate,Well-Lit,60
MMTI-2025-18587,Quezon,Car,Head-on,9.0,Rainy,36.0,Male,2,"PHP 1,742,049.99",Heavy,Well-Lit,60
MMTI-2025-02615,,Truck,Head-on,6,Clear,39.0,Male,1,2973111.09,Moderate,Poorly-Lit,40
MMTI-2025-20825,Quezon,,Head-on,3,Cloudy,47.0,Male,0,,Heavy,Poorly-Lit,40
MMTI-2025-23056,Makati,,Rear-end,3,Rain,0.0,Male,0,129992.69,Heavy,No Lights,60
MMTI-2025-16244,Taguig,SUV/Van,Side-swipe,3.0,Cloudy,0.0,Female,0,288402.18,Heavy,Well-Lit,100
MMTI-2025-04747,Quezon,Car,Rear-end,3,Rainy,36.0,Male,0,1161761.54,Moderate,Well-Lit,60 km/h