Incident_ID,City,Vehicle_Type,Accident_Type,Severity,Weather_Condition,Driver_Age,Driver_Gender,Injury_Count,Damage_Cost_PHP,Traffic_Volume,Road_Lighting,Speed_Limit
MMTI-2025-23485,,,Head-on,6,Rain,49.0,Male,1,,Light,Well-Lit,40
MMTI-2025-05876,Taguig,Car,Hit and Run,Risk Level 6,Cloudy,24.0,Male,3,326832.06,Moderate,Poorly-Lit,40
MMTI-2025-06926,,Jeepney,Rear-end,3,Clear,37.0,Male,0,78978.11,Light,Well-Lit,60
MMTI-2025-19483,Muntinlupa,Motorcycle,Hit and Run,2,Clear,28.0,Male,0,56562.16,Moderate,Well-Lit,60
MMTI-2025-16892,Quezon,Car,Head-on,3,Cloudy,37.0,Male,0,521861.98,Heavy,Poorly-Lit,60
MMTI-2025-04236,,Car,Rear-end,3,Rain,0.0,Male,0,173453.3,Heavy,Well-Lit,60
MMTI-2025-02990,Quezon,SUV/Van,Side-swipe,3,Rainy,29.0,Male,0,1633949.72,Heavy,Poorly-Lit,40 km/h
MMTI-2025-16498,,Motorcycle,Head-on,3,Rain,33.0,Male,0,37310.58,Heavy,Unlit,60
MMTI-2025-16862,Mandaluyong,Motorcycle,Rear-end,3,Clear,17.0,Male,0,72885.22,Heavy,Poorly-Lit,100 kph
MMTI-2025-02703,Quezon,Truck,Side-swipe,3,Rainy,30.0,Male,0,957031.06,Light,dark,30 kph
MMTI-2025-06416, manila,,Head-on,2,Clear,44.0,Female,0,,Heavy,Well-Lit,60
MMTI-2025-14539,,Truck,Hit and Run,,Clear,39.0,Male,0,319098.79,Light,Well-Lit,60 kph
MMTI-2025-23019,MANILA ,,Hit and Run,3.0,Cloudy,31.0,Female,0,182308.46,Moderate,Poorly-Lit,60 kph
MMTI-2025-17963,Las Pinas,SUV/Van,Rear-end,3,Clear,29.0,Male,1,,Heavy,Well-Lit,60
MMTI-2025-14889,Manila,Motorcycle,Hit and Run,2,Cloudy,,Male,0,8087.0,Heavy,Well-Lit,30
MMTI-2025-18477,Caloocan,Motorcycle,Hit and Run,2,Clear,26.0,Female,0,"PHP 42,270.30",MODERATE,Poorly-Lit,60
MMTI-2025-16968,Quezon,Truck,Hit and Run,Risk Level 3,Rainy,57.0,Male,0,1209669.71,Heavy,Well-Lit,100
MMTI-2025-08666,,Motorcycle,Head-on,Risk Level 3,Rain,41.0,Female,0,21744.82,Light,Well-Lit,60 km/h
MMTI-2025-04245,Paranaque,Car,Head-on,1,Clear,17.0,Female,0,99841.43,Moderate,Lit,100
MMTI-2025-13497,Pasig,Motorcycle,Rear-end,3,,31.0,Male,0,24356.86,,Well-Lit,40
MMTI-2025-16609,QUEZON ,,Hit and Run,3.0,Clear,35.0,Male,0,,Moderate,Well-Lit,40
MMTI-2025-06494,Makati,Car,Side-swipe,3,Cloudy,27.0,Male,0,234375.09,Heavy,No Lights,60
MMTI-2025-17693,Quezon,Car,Hit and Run,6,Stormy,21.0,Male,4,"PHP 1,964,051.56",Heavy,Unlit,60
MMTI-2025-18651,Caloocan,Car,Head-on,3.0,Clear,999.0,Male,0,42314.92,Heavy,Well-Lit,60
MMTI-2025-10445,Paranaque,Car,Hit and Run,Risk Level 3,Clear,27.0,Female,0,122798.54,Heavy,Well-Lit,60
MMTI-2025-01490,Quezon,Car,Hit and Run,9,Clear,21.0,Male,4,529336.36,,Poorly-Lit,40 km/h
MMTI-2025-07353,Makati,Car,Rear-end,3.0,Cloudy,21.0,Female,0,261019.93,Heavy,Well-Lit,40 km/h
MMTI-2025-12128,Quezon,Jeepney,Head-on,3.0,Stormy,26.0,Male,0,1777945.69,Heavy,Poorly-Lit,30
MMTI-2025-03994, paranaque,,Hit and Run,,Rain,33.0,Male,0,39733.34,Heavy,Well-Lit,60
MMTI-2025-17441,Quezon,Truck,Side-swipe,,Clear,25.0,Male,0,308739.9,Heavy,Well-Lit,100
MMTI-2025-07923,Pasay,Car,Side-swipe,3,Clear,34.0,Male,0,44938.62,Heavy,Poorly-Lit,60 kph
MMTI-2025-15757,Quezon,SUV/Van,Hit and Run,3,Rainy,42.0,Male,0,918333.34,MODERATE,Well-Lit,60 km/h
MMTI-2025-17069,Quezon,Motorcycle,Rear-end,Risk Level 3,Rainy,32.0,Male,3,671985.97,Moderate,Poorly-Lit,40
MMTI-2025-23136,Makati,,Rear-end,3,Rain,40.0,Female,0,155092.51,Moderate,Poorly-Lit,40
MMTI-2025-14162,Mandaluyong,Car,Side-swipe,,Cloudy,36.0,Female,1,41642.52,Moderate,Unlit,60
MMTI-2025-16282,Navotas,Car,Side-swipe,Risk Level 3,Clear,44.0,Female,0,36442.22,Heavy,POOR,60
MMTI-2025-21955,Makati,SUV/Van,Head-on,3,Cloudy,35.0,Female,0,223912.53,Heavy,Poorly-Lit,60
MMTI-2025-06157,Mandaluyong,Car,Side-swipe,Risk Level 6,Clear,38.0,Female,2,75673.49,Moderate,Poorly-Lit,60
MMTI-2025-04229,Paranaque,Truck,Hit and Run,4,Clear,51.0,Male,1,101704.78,Heavy,Unlit,60 km/h
MMTI-2025-15246,,Car,Rear-end,Risk Level 3,Clear,23.0,Male,0,217217.85,Heavy,dark,60
MMTI-2025-17401,Quezon,Car,Head-on,Risk Level 3,Rainy,33.0,Male,0,1026365.73,Heavy,Well-Lit,30 kph
MMTI-2025-18666,Quezon,Car,Rear-end,6.0,Stormy,33.0,Male,2,"PHP 3,988,846.38",Heavy,Well-Lit,60
MMTI-2025-22170,Mandaluyong,,Rear-end,2,,51.0,Male,0,99999999,Light,Lit,80
MMTI-2025-17116,Quezon,Jeepney,Head-on,3,,17.0,Male,0,115884.96,Heavy,Well-Lit,40
MMTI-2025-16747,Pasig,Truck,Side-swipe,3,Clear,31.0,Female,0,136518.47,Moderate,Well-Lit,60
MMTI-2025-22538,Quezon,Car,Side-swipe,3,Rainy,43.0,Male,0,"PHP 691,018.24",Heavy,Well-Lit,40
MMTI-2025-13875,Quezon,Car,Side-swipe,6,Rainy,33.0,Male,3,949315.01,Heavy,Lit,60
MMTI-2025-01003,,SUV/Van,Head-on,Risk Level 2,Clear,34.0,Male,0,"PHP 52,761.98",Heavy,Poorly-Lit,30
MMTI-2025-22061,,Jeepney,Head-on,3,Clear,40.0,Male,0,18124.04,Heavy,Well-Lit,100
MMTI-2025-04237,Manila,Car,Head-on,Risk Level 3,Cloudy,49.0,Male,3,202251.65,Moderate,Well-Lit,30
MMTI-2025-21551,Quezon,Motorcycle,Rear-end,3,Cloudy,37.0,Male,0,497914.1,Heavy,Well-Lit,60
MMTI-2025-22588,Makati,Car,Side-swipe,2,Cloudy,150.0,M,1,268650.76,Moderate,Poorly-Lit,60
MMTI-2025-08457,Quezon,Car,Hit and Run,3,Rainy,30.0,Female,0,987028.54,Light,Poorly-Lit,60
MMTI-2025-04928,Marikina,Jeepney,Rear-end,3.0,Clear,38.0,Male,0,66932.8,Heavy,Poorly-Lit,80
MMTI-2025-22505,Quezon,Motorcycle,Side-swipe,2.0,Rain,37.0,Male,0,6598.5,,Well-Lit,60
MMTI-2025-07951,Pasig,Bus,Hit and Run,3,,63.0,Male,0,226027.97,Heavy,Well-Lit,60
MMTI-2025-22704,Taguig,Motorcycle,Side-swipe,Risk Level 3,Cloudy,49.0,Male,0,"PHP 315,114.33",Heavy,Well-Lit,80 km/h
MMTI-2025-19415,Mandaluyong,Jeepney,Hit and Run,3,Clear,25.0,Female,0,74723.32,Heavy,Well-Lit,40 km/h
MMTI-2025-11784,Quezon,Truck,Side-swipe,3.0,Clear,41.0,Female,0,,Moderate,Well-Lit,80
MMTI-2025-16898,Taguig,Jeepney,Hit and Run,3,Cloudy,37.0,male,0,323996.62,Heavy,Unlit,60
MMTI-2025-06639,Pasig,Car,Side-swipe,3,Clear,41.0,Male,0,158623.98,Heavy,Well-Lit,30
MMTI-2025-17306,Paranaque,Motorcycle,Side-swipe,3,Clear,,Male,0,19180.95,Heavy,Well-Lit,60
MMTI-2025-21752,Pasig,Car,Rear-end,Risk Level 3,Clear,27.0,Male,0,156803.66,Heavy,Poorly-Lit,80
MMTI-2025-00479, pasig ,Jeepney,Head-on,3.0,Cloudy,24.0,Male,0,62332.95,,Unlit,100
MMTI-2025-14917,Quezon,Motorcycle,Hit and Run,3,Cloudy,27.0,Male,0,360086.9,Light,Unlit,40 km/h
MMTI-2025-14100,LAS PINAS ,Bus,Hit and Run,3.0,,47.0,Male,0,1350512.7,Moderate,Poorly-Lit,60
MMTI-2025-13093,,Bus,Hit and Run,3,Storm,29.0,male,0,853431.75,,Lit,30
MMTI-2025-10937,Makati,SUV/Van,Hit and Run,,Clear,25.0,Female,0,,Heavy,Well-Lit,100
MMTI-2025-20812,Quezon,Car,Side-swipe,2,,150.0,Male,0,53263.16,Light,Well-Lit,60 km/h
MMTI-2025-05140,Paranaque,Car,Hit and Run,3.0,Clear,28.0,Male,0,107155.01,Light,Poorly-Lit,40
MMTI-2025-13199,Mandaluyong,Truck,Rear-end,3,Clear,28.0,Male,0,78016.75,Heavy,Well-Lit,80
MMTI-2025-09708,Quezon,Car,Rear-end,3,Rainy,32.0,Female,0,706471.34,Heavy,Well-Lit,30
MMTI-2025-20151,Quezon,Car,Rear-end,3,Cloudy,59.0,Male,0,559147.86,Heavy,Well-Lit,40
MMTI-2025-14394,,Car,Side-swipe,3.0,Clear,31.0,Male,0,54774.29,Heavy,Unlit,30
MMTI-2025-07056,Manila,Jeepney,Head-on,,Rain,999.0,Male,0,21917.32,Heavy,Well-Lit,60
MMTI-2025-04579, pasig,,Hit and Run,6.0,Rain,35.0,Male,2,118788.54,Heavy,Well-Lit,60 kph
MMTI-2025-16118,Quezon,Car,Rear-end,3,Rainy,17.0,Male,0,1332504.4,Heavy,Well-Lit,60
MMTI-2025-22062,Manila,Truck,Rear-end,,Rain,39.0,Male,0,501588.93,Moderate,Poorly-Lit,60
MMTI-2025-12709,Quezon,Motorcycle,Head-on,3,Cloudy,48.0,Female,0,584.4k,Heavy,Well-Lit,60
MMTI-2025-23015,Taguig,Car,Head-on,1,Cloudy,43.0,Female,0,"PHP 339,671.06",MODERATE,Poorly-Lit,60
MMTI-2025-13357,,Jeepney,Side-swipe,2,Clear,37.0,Male,0,34651.66,Moderate,Unlit,60
MMTI-2025-20464,Quezon,Car,Rear-end,3,Rainy,67.0,Unknown,3,715031.75,Heavy,Poorly-Lit,100
MMTI-2025-15645,Caloocan,Car,Hit and Run,2,Clear,38.0,Male,0,44473.68,Heavy,Well-Lit,60
MMTI-2025-08758,Pasig,Motorcycle,Side-swipe,2,,67.0,M,0,"PHP 17,677.96",Moderate,Well-Lit,60
MMTI-2025-02852,,Motorcycle,Side-swipe,1,Clear,30.0,Female,0,"PHP 14,151.18",,Poorly-Lit,60 km/h
MMTI-2025-09302,Makati,Jeepney,Hit and Run,Risk Level 3,Clear,37.0,Male,0,,Heavy,Poorly-Lit,60 kph
MMTI-2025-13532,Manila,Car,Rear-end,4,Cloudy,29.0,Male,4,190.2k,Heavy,Well-Lit,40
MMTI-2025-11821,,Jeepney,Rear-end,3.0,Clear,40.0,Female,0,27191.06,Heavy,Poorly-Lit,30
MMTI-2025-21312,Malabon,,Hit and Run,,Clear,18.0,Male,0,47136.81,Moderate,dark,60 km/h
MMTI-2025-05460,San Juan,Motorcycle,Rear-end,,Rain,50.0,M,0,7900.44,Heavy,Poorly-Lit,40
MMTI-2025-00301,Pasig,SUV/Van,Head-on,2.0,Clear,36.0,Male,0,149589.22,Moderate,POOR,60 km/h
MMTI-2025-15633,Manila,Truck,Hit and Run,3.0,Clear,,Male,0,955880.57,Heavy,Poorly-Lit,60
MMTI-2025-01823,Quezon,Car,Rear-end,Risk Level 3,Rainy,36.0,Male,0,820305.99,Heavy,Lit,100
MMTI-2025-15548,Manila,,Side-swipe,2,Clear,30.0,Male,0,62328.22,Moderate,Poorly-Lit,40
MMTI-2025-09698,Taguig,Car,Rear-end,3.0,Cloudy,0.0,Female,0,316117.97,HEAVY,Poorly-Lit,30
MMTI-2025-04747,Quezon,Truck,Rear-end,,Clear,50.0,Male,0,413702.58,Heavy,well lit,40 kph
MMTI-2025-22776,Manila,Car,Head-on,3.0,Cloudy,39.0,Male,0,179226.4,Moderate,Well-Lit,40 km/h
MMTI-2025-08016,Paranaque,Car,Side-swipe,3.0,Clear,999.0,female ,0,119257.28,Heavy,Well-Lit,60
MMTI-2025-08956,Manila,SUV/Van,Side-swipe,2.0,Cloudy,19.0,Male,0,"PHP 209,687.73",Heavy,Well-Lit,80
MMTI-2025-22747,Makati,Motorcycle,Rear-end,2,Cloudy,30.0,Male,0,-500,,Poorly-Lit,60
MMTI-2025-11125,Quezon,Jeepney,Head-on,,Clear,46.0,Female,0,28453.72,Light,Lit,40 km/h
MMTI-2025-07531,Quezon,Jeepney,Rear-end,3,Rainy,30.0,M,0,1594.3k,Heavy,Poorly-Lit,60
MMTI-2025-11800,Quezon,SUV/Van,Head-on,3,Rain,,male,0,325779.02,Heavy,Well-Lit,60
MMTI-2025-06966,Quezon,Truck,Hit and Run,Risk Level 9,Stormy,48.0,Unknown,4,2284790.61,Heavy,Lit,80 kph
MMTI-2025-09591,Mandaluyong,Motorcycle,Hit and Run,3,,26.0,Male,0,33369.89,Heavy,Poorly-Lit,40
MMTI-2025-02566,Makati,Bus,Hit and Run,3,,37.0,Male,0,658561.17,Moderate,Well-Lit,60 km/h
MMTI-2025-00161, san juan,Bus,Side-swipe,,Rain,33.0,Male,0,392113.6,Heavy,Well-Lit,30
MMTI-2025-10809,Valenzuela,Car,Hit and Run,3.0,Clear,45.0,Male,0,37783.45,Moderate,Well-Lit,60
MMTI-2025-02762,,Car,Side-swipe,3.0,Rain,40.0,Female,0,69194.74,Heavy,Poorly-Lit,60
MMTI-2025-18073,Manila,Motorcycle,Hit and Run,Risk Level 3,Clear,41.0,Male,0,24308.73,,Well-Lit,60 kph
MMTI-2025-08136,Mandaluyong,Motorcycle,Side-swipe,3,Clear,17.0,Male,0,75928.55,Moderate,Well-Lit,100
MMTI-2025-02031,Makati,Jeepney,Head-on,3.0,Clear,45.0,female ,0,46772.78,,Well-Lit,30 km/h
MMTI-2025-13842,Pasig,Car,Side-swipe,1,Clear,41.0,Male,0,80152.74,,Well-Lit,60 km/h
MMTI-2025-21066,,Truck,Hit and Run,3.0,Rain,999.0,Male,0,638509.17,Heavy,Poorly-Lit,60
MMTI-2025-06089,,SUV/Van,Side-swipe,6,Clear,66.0,male,4,,Heavy,Unlit,60
MMTI-2025-17714,Quezon,Motorcycle,Head-on,3,Storm,33.0,Male,0,,Heavy,Lit,100
MMTI-2025-13799,,Motorcycle,Rear-end,Risk Level 6,Clear,24.0,Male,1,38059.63,Heavy,Poorly-Lit,30
MMTI-2025-17683,Marikina,Jeepney,Hit and Run,3,Clear,32.0,Male,0,60477.27,Moderate,Well-Lit,60
MMTI-2025-19411,Manila,Car,Head-on,1,Cloudy,39.0,Female,0,178717.66,Moderate,Unlit,60
MMTI-2025-16681,Quezon,Jeepney,Side-swipe,3.0,Rainy,51.0,Male,0,667001.8,Heavy,Well-Lit,40 kph
MMTI-2025-01405,Las Pinas,Motorcycle,Side-swipe,3.0,Clear,37.0,Male,0,89602.35,Moderate,Poorly-Lit,40
MMTI-2025-13744,Quezon,Motorcycle,Hit and Run,6,Stormy,25.0,Male,4,4241001.5,Moderate,Poorly-Lit,40
MMTI-2025-21263,Quezon,Car,Side-swipe,Risk Level 3,Rainy,48.0,Male,0,690079.42,Light,Well-Lit,40
MMTI-2025-06129,Las Pinas,Car,Rear-end,3,Clear,32.0,Male,0,94958.16,Light,Well-Lit,40
MMTI-2025-20231,Quezon,Motorcycle,Side-swipe,3,Cloudy,45.0,Male,0,"PHP 43,387.89",,Poorly-Lit,60
MMTI-2025-06979,Valenzuela,Bus,Side-swipe,6,Rain,,Female,1,1629443.17,Moderate,Unlit,80
MMTI-2025-12305,Manila,Car,Rear-end,3,Cloudy,33.0,Female,0,168617.48,Heavy,Poorly-Lit,80
MMTI-2025-00682,,Motorcycle,Side-swipe,3,Rain,46.0,Female,0,59913.98,Moderate,Well-Lit,60
MMTI-2025-07444,Taguig,SUV/Van,Hit and Run,3,Clear,52.0,Female,0,165251.87,,Poorly-Lit,60
MMTI-2025-11104,,Motorcycle,Rear-end,Risk Level 3,Rain,43.0,Male,0,,Heavy,Well-Lit,60
MMTI-2025-20064,Manila,Car,Head-on,1,Cloudy,43.0,Male,0,188588.45,Light,Well-Lit,60 km/h
MMTI-2025-17445,Marikina,SUV/Van,Hit and Run,3,Cloudy,29.0,Female,0,"PHP 161,050.10",,Well-Lit,40
MMTI-2025-19733,Manila,Car,Rear-end,,Clear,31.0,Female,0,84506.43,Heavy,Well-Lit,30 km/h
MMTI-2025-06218,,SUV/Van,Side-swipe,,Rain,31.0,Male,0,82951.57,HEAVY,Poorly-Lit,40
MMTI-2025-20974,Valenzuela,Car,Rear-end,3,Clear,31.0,Male,0,37498.42,Heavy,Unlit,60 km/h
MMTI-2025-09897,Pasay,Motorcycle,Head-on,Risk Level 3,,53.0,male,0,7601.37,Heavy,Lit,40
MMTI-2025-22233,Marikina,Motorcycle,Rear-end,Risk Level 2,,47.0,Male,0,5646.92,Moderate,Well-Lit,60
MMTI-2025-00077,Taguig,Car,Side-swipe,3,Cloudy,41.0,Male,0,316874.98,Heavy,Unlit,60 km/h
MMTI-2025-05832,Manila,Truck,Side-swipe,Risk Level 3,Clear,46.0,Male,0,838922.39,,Well-Lit,60
MMTI-2025-06612,Manila,Car,Side-swipe,3,Clear,44.0,female ,0,,,Well-Lit,60
MMTI-2025-15835,Pasig,Car,Rear-end,3.0,Rain,49.0,Male,0,,Light,Well-Lit,60
MMTI-2025-08792,Caloocan,Car,Side-swipe,3,Clear,52.0,Male,0,42764.38,Moderate,Well-Lit,40
MMTI-2025-07235,Mandaluyong,Truck,Side-swipe,,Clear,38.0,Male,0,476740.16,Heavy,Lit,100
MMTI-2025-18927,,Motorcycle,Hit and Run,3.0,Rain,45.0,Male,0,34664.53,MODERATE,dark,40
MMTI-2025-04623,Quezon,Car,Head-on,6.0,Rainy,49.0,Male,3,659656.01,Heavy,Well-Lit,60
MMTI-2025-04669,Makati,Motorcycle,Hit and Run,3.0,Cloudy,27.0,Male,0,216765.16,Moderate,Unlit,60 kph
MMTI-2025-04594,Pasay,Car,Side-swipe,3,Clear,50.0,M,0,47740.09,Heavy,Poorly-Lit,60 kph
MMTI-2025-09073,Manila,Motorcycle,Hit and Run,3.0,Cloudy,43.0,M,0,193239.35,Moderate,Lit,60
MMTI-2025-08737,Muntinlupa,Jeepney,Head-on,2,Clear,45.0,Female,0,28784.7,,Well-Lit,80
MMTI-2025-15588,,Car,Side-swipe,3,Cloudy,24.0,Male,0,280873.05,Heavy,well lit,60
MMTI-2025-22770,Las Pinas,SUV/Van,Side-swipe,6.0,Clear,31.0,Female,3,622479.68,,Well-Lit,80
MMTI-2025-15991,Manila,Car,Hit and Run,3,Cloudy,25.0,Male,0,165187.04,HEAVY,No Lights,80
MMTI-2025-02647,Paranaque,Jeepney,Hit and Run,2.0,Clear,35.0,Female,0,109392.56,Heavy,Well-Lit,60
MMTI-2025-08355,Makati,Car,Side-swipe,3,Cloudy,40.0,Male,0,224384.35,Heavy,Well-Lit,80
MMTI-2025-01144,Pasay,Motorcycle,Side-swipe,3,Clear,34.0,Male,0,45498.76,Heavy,Poorly-Lit,40
MMTI-2025-03321,Manila,Motorcycle,Hit and Run,6,Clear,39.0,Male,2,81022.19,,Poorly-Lit,80
MMTI-2025-21441,Pasig,Motorcycle,Head-on,3,Clear,38.0,Male,0,150576.48,Moderate,Well-Lit,60
MMTI-2025-05812,Las Pinas,Car,Hit and Run,Risk Level 3,Clear,38.0,Male,0,91650.86,Heavy,dark,60 kph
MMTI-2025-02775,Las Pinas,Jeepney,Rear-end,3,,31.0,Male,0,75397.99,Light,Well-Lit,60
MMTI-2025-04164,MAKATI ,SUV/Van,Rear-end,3.0,Rain,33.0,Unknown,0,,Heavy,Poorly-Lit,40
MMTI-2025-16706,Quezon,Car,Hit and Run,3,Cloudy,50.0,Female,0,417536.35,Light,Well-Lit,60
MMTI-2025-14053,Quezon,Motorcycle,Side-swipe,6.0,Rainy,42.0,male,2,880872.88,Moderate,Well-Lit,60
MMTI-2025-19094,San Juan,Truck,Head-on,3.0,Clear,21.0,Male,0,40601.91,Heavy,Lit,60
MMTI-2025-16140,Las Pinas,Truck,Hit and Run,3.0,Clear,35.0,Male,0,85436.97,Heavy,Poorly-Lit,40
MMTI-2025-02207,San Juan,Truck,Side-swipe,,Rain,39.0,Female,0,460725.59,Moderate,Well-Lit,30
MMTI-2025-05570,Quezon,Car,Side-swipe,3,Rainy,34.0,Female,0,980135.51,Moderate,Well-Lit,60
MMTI-2025-05142,Manila,Motorcycle,Hit and Run,3.0,Cloudy,54.0,Male,0,188961.71,Heavy,Poorly-Lit,60
MMTI-2025-21319,Marikina,,Rear-end,3,Clear,45.0,Male,0,187986.67,Moderate,POOR,60
MMTI-2025-07474,Caloocan,Motorcycle,Head-on,3,,35.0,Male,0,,Heavy,Well-Lit,80
MMTI-2025-07930,,Car,Side-swipe,Risk Level 3,Rain,37.0,Male,0,101930.95,Heavy,POOR,80
MMTI-2025-07897,Manila,Car,Head-on,3.0,Clear,54.0,Male,0,,Heavy,Well-Lit,60 kph
MMTI-2025-16549,Paranaque,Jeepney,Side-swipe,3,Clear,31.0,Male,0,,,Well-Lit,60
MMTI-2025-04123,Makati,SUV/Van,Rear-end,3,Cloudy,29.0,Male,0,228106.06,Moderate,Poorly-Lit,60 km/h
MMTI-2025-14428,Manila,Jeepney,Head-on,3,,38.0,Male,0,71007.75,Heavy,Well-Lit,60
MMTI-2025-18633,Paranaque,Car,Head-on,Risk Level 3,Clear,25.0,Male,0,"PHP 106,467.21",Moderate,Well-Lit,60
MMTI-2025-09871,Manila,Bus,Hit and Run,3.0,,45.0,Male,0,786284.48,Heavy,Well-Lit,80
MMTI-2025-22579,Quezon,Car,Head-on,3.0,Cloudy,42.0,female ,0,594314.27,Moderate,Well-Lit,40
MMTI-2025-02022,Paranaque,Motorcycle,Side-swipe,3,Clear,42.0,male,0,116952.9,Heavy,Well-Lit,60 km/h
MMTI-2025-07572,Malabon,Car,Hit and Run,3,Clear,41.0,Male,0,37252.61,Heavy,dark,60
MMTI-2025-16787,Pasay,Car,Rear-end,2.0,Clear,46.0,Female,0,47059.43,Light,Poorly-Lit,60 km/h
MMTI-2025-00747,TAGUIG ,,Hit and Run,3.0,Rain,42.0,Unknown,0,96116.41,MODERATE,Well-Lit,60 km/h
MMTI-2025-08287,Quezon,,Hit and Run,3,Clear,47.0,Male,0,"PHP 43,005.03",Light,Poorly-Lit,30 km/h
MMTI-2025-18507,MAKATI ,Motorcycle,Head-on,3.0,,48.0,Male,0,42237.23,Light,Poorly-Lit,60
MMTI-2025-06310,Paranaque,Motorcycle,Side-swipe,3,Clear,0.0,Male,0,101896.8,Moderate,Well-Lit,30
MMTI-2025-22654,Manila,Truck,Hit and Run,Risk Level 3,Clear,41.0,Male,0,1034305.14,,Poorly-Lit,60 km/h
MMTI-2025-05409,,Jeepney,Hit and Run,6.0,Clear,56.0,Male,4,341240.0,Heavy,Poorly-Lit,60
MMTI-2025-20419,Quezon,Motorcycle,Head-on,3,Cloudy,35.0,Male,0,466265.19,Moderate,Well-Lit,100 km/h
MMTI-2025-13024,QUEZON ,Motorcycle,Side-swipe,2.0,Clear,30.0,Male,0,,Moderate,Well-Lit,60 km/h
MMTI-2025-18993,Marikina,Car,Side-swipe,3.0,Clear,38.0,Male,0,58208.66,Heavy,Well-Lit,30
MMTI-2025-19164,Quezon,Car,Rear-end,Risk Level 6,Cloudy,22.0,Female,4,356898.24,Heavy,Well-Lit,60
MMTI-2025-16680,,SUV/Van,Head-on,,Clear,30.0,Female,0,,Heavy,Well-Lit,80
MMTI-2025-07611,Manila,SUV/Van,Side-swipe,3,Clear,36.0,Male,0,94821.77,,dark,100 kph
MMTI-2025-22266,Pasig,Car,Rear-end,3.0,Clear,30.0,Female,0,150801.23,Heavy,Well-Lit,40
MMTI-2025-02330,Quezon,Car,Hit and Run,3,Rainy,39.0,Female,0,1595154.64,Heavy,Poorly-Lit,80
MMTI-2025-13370,Taguig,Jeepney,Side-swipe,Risk Level 6,Cloudy,55.0,Male,4,308110.37,Heavy,No Lights,30
MMTI-2025-18334,Quezon,Car,Side-swipe,3,Rainy,61.0,Female,0,1026688.72,Heavy,Well-Lit,80
MMTI-2025-15824,Manila,,Side-swipe,2,Clear,52.0,Male,0,36393.02,Heavy,Poorly-Lit,40
MMTI-2025-20998,Makati,,Side-swipe,4.0,Rain,38.0,Female,1,"PHP 219,519.36",Light,Well-Lit,60
MMTI-2025-03601,Quezon,Jeepney,Side-swipe,6.0,Rainy,46.0,Unknown,1,865262.5,Heavy,No Lights,80 km/h
MMTI-2025-12335,Pasig,Car,Head-on,3.0,Clear,45.0,Male,0,"PHP 160,511.07",Moderate,Well-Lit,80
MMTI-2025-00180,Quezon,Car,Hit and Run,3,Rainy,36.0,Male,0,1289759.1,Heavy,Poorly-Lit,40 km/h
MMTI-2025-16707,Quezon,,Hit and Run,3,Clear,55.0,female ,0,318323.68,Heavy,No Lights,40
MMTI-2025-08912,Quezon,Car,Rear-end,Risk Level 3,Rainy,42.0,Male,0,750170.61,Heavy,Well-Lit,80
MMTI-2025-18136,,Bus,Side-swipe,Risk Level 6,Clear,32.0,Male,4,2031930.58,Heavy,Well-Lit,60
MMTI-2025-13245,Makati,Truck,Head-on,3.0,Cloudy,32.0,Male,0,259789.24,Heavy,Well-Lit,60
MMTI-2025-16362,Quezon,Car,Rear-end,Risk Level 3,Cloudy,39.0,Male,0,463468.6,Heavy,Well-Lit,60
MMTI-2025-22463,Quezon,Bus,Head-on,,Rain,17.0,Male,0,403813.89,Heavy,Well-Lit,60
MMTI-2025-08673,Quezon,Car,Side-swipe,6,Stormy,35.0,Male,4,2109191.06,HEAVY,Well-Lit,60
MMTI-2025-04590,Manila,Car,Side-swipe,3.0,Cloudy,41.0,Male,3,203736.33,Light,Poorly-Lit,60
MMTI-2025-20799,Marikina,Car,Head-on,3.0,Clear,28.0,Male,0,58430.1,Heavy,Well-Lit,60
MMTI-2025-12982,MALABON ,Motorcycle,Side-swipe,3,Clear,48.0,Female,0,,Moderate,Poorly-Lit,40
MMTI-2025-08654, manila,Motorcycle,Head-on,6,,38.0,Male,1,116955.2,,Well-Lit,60 km/h
MMTI-2025-10412,Pasig,Motorcycle,Side-swipe,6,Clear,50.0,M,3,147945.99,Heavy,Well-Lit,100
MMTI-2025-02441,Makati,Motorcycle,Head-on,3.0,Cloudy,40.0,Male,0,213916.48,Heavy,Well-Lit,40
MMTI-2025-15042,,Bus,Rear-end,3,Clear,50.0,Male,0,220600.32,Moderate,Poorly-Lit,30
MMTI-2025-11411,Quezon,Car,Rear-end,3,Rainy,36.0,Male,0,1227476.12,Moderate,Poorly-Lit,40
MMTI-2025-15666,Quezon,Bus,Head-on,3.0,,34.0,Male,2,"PHP 218,721.46",Heavy,Well-Lit,40 km/h
MMTI-2025-13336,Paranaque,Truck,Head-on,,Clear,39.0,Male,0,299515.67,Heavy,Poorly-Lit,60
MMTI-2025-21119,Quezon,Car,Hit and Run,6.0,Cloudy,23.0,Male,3,621324.38,HEAVY,Poorly-Lit,40 km/h
MMTI-2025-21788,Quezon,Car,Side-swipe,Risk Level 3,Cloudy,42.0,Male,0,426289.73,Light,well lit,60