Incident_ID,City,Vehicle_Type,Accident_Type,Severity,Weather_Condition,Driver_Age,Driver_Gender,Injury_Count,Damage_Cost_PHP,Traffic_Volume,Road_Lighting,Speed_Limit
MMTI-2025-14311,Quezon,Motorcycle,Hit and Run,3,Rainy,38.0,Male,0,672929.01,Heavy,well lit,80
MMTI-2025-06118,Quezon,Truck,Side-swipe,3,,30.0,Female,0,592311.76,Heavy,Unlit,40
MMTI-2025-19509,,Bus,Side-swipe,Risk Level 3,Rain,24.0,Female,0,1371442.98,Heavy,Lit,60 kph
MMTI-2025-04161,Makati,SUV/Van,Rear-end,3,,37.0,Male,0,240172.09,Heavy,Well-Lit,60
MMTI-2025-15003,Manila,Truck,Rear-end,3,Clear,44.0,Male,0,,Moderate,Well-Lit,40
MMTI-2025-05176, quezon,Motorcycle,Hit and Run,,Clear,44.0,Female,0,16285.4,Moderate,Well-Lit,80
MMTI-2025-07042,Quezon,Car,Rear-end,3.0,Rainy,27.0,Male,0,1191274.92,Heavy,Well-Lit,40
MMTI-2025-04183,Taguig,Truck,Rear-end,6,Cloudy,31.0,Male,3,"PHP 333,689.71",Heavy,Lit,30
MMTI-2025-11407,Quezon,,Rear-end,3,Clear,36.0,Male,0,84454.1,Moderate,Well-Lit,80
MMTI-2025-02384,Quezon,Car,Hit and Run,3,Rainy,33.0,Male,0,"PHP 1,271,949.56",Heavy,Poorly-Lit,60
MMTI-2025-16041,Valenzuela,Truck,Side-swipe,,Clear,23.0,Male,0,253577.57,Moderate,Well-Lit,60
MMTI-2025-05511,Quezon,Car,Side-swipe,3,Rainy,32.0,male,0,1080754.29,Moderate,Well-Lit,80
MMTI-2025-11703,Paranaque,Motorcycle,Rear-end,3,Clear,35.0,Female,0,111622.58,Light,Unlit,40
MMTI-2025-00067,Quezon,Car,Side-swipe,Risk Level 6,Stormy,39.0,Male,1,2276288.29,Moderate,Well-Lit,60 km/h
MMTI-2025-06525,,Car,Hit and Run,3,Rain,42.0,Female,0,,Heavy,Unlit,40
MMTI-2025-01340,San Juan,Motorcycle,Hit and Run,,Clear,48.0,male,4,18718.7,Heavy,Poorly-Lit,60 km/h
MMTI-2025-19427,Quezon,Car,Rear-end,3,Rainy,17.0,Male,0,875995.48,Heavy,Well-Lit,80
MMTI-2025-13743,Quezon,Car,Side-swipe,6.0,Stormy,44.0,Male,3,4407636.06,Heavy,Poorly-Lit,60 km/h
MMTI-2025-07771,Manila,Jeepney,Head-on,Risk Level 3,Clear,29.0,Female,0,,Heavy,Poorly-Lit,60
MMTI-2025-09173,Quezon,SUV/Van,Side-swipe,3,Storm,52.0,Female,0,,Heavy,Well-Lit,40
MMTI-2025-21757,Quezon,Car,Hit and Run,3,Stormy,46.0,Unknown,0,1885769.3,Heavy,POOR,80
MMTI-2025-15110,Quezon,Motorcycle,Hit and Run,Risk Level 4,Cloudy,47.0,Male,4,"PHP 442,737.82",Heavy,Well-Lit,60
MMTI-2025-17749,Quezon,Car,Head-on,3,Rainy,17.0,Male,0,1729947.26,Heavy,Well-Lit,60
MMTI-2025-08804,Makati,Car,Hit and Run,3.0,Cloudy,17.0,Female,0,219716.19,Moderate,dark,30
MMTI-2025-01846,Manila,Motorcycle,Side-swipe,3,Cloudy,45.0,Female,0,172559.96,Heavy,Poorly-Lit,80
MMTI-2025-21592,Taguig,Motorcycle,Side-swipe,3.0,Cloudy,34.0,Male,0,331.4k,HEAVY,Well-Lit,80
MMTI-2025-07314,Manila,Jeepney,Head-on,,Clear,36.0,Male,3,10697.01,Heavy,POOR,60
MMTI-2025-09368,Quezon,Car,Side-swipe,Risk Level 3,Cloudy,35.0,female ,0,515353.64,Heavy,Well-Lit,40
MMTI-2025-03815,Mandaluyong,,Rear-end,3.0,Clear,35.0,Male,0,63817.46,Heavy,Well-Lit,30
MMTI-2025-10719,Taguig,Car,Side-swipe,3,Cloudy,41.0,Male,0,"PHP 284,389.06",Heavy,Well-Lit,60
MMTI-2025-20577,Paranaque,Motorcycle,Hit and Run,3.0,Clear,50.0,Male,0,121446.35,Heavy,No Lights,40
MMTI-2025-19475,QUEZON ,SUV/Van,Hit and Run,,Clear,46.0,Male,0,91339.07,Moderate,Poorly-Lit,60
MMTI-2025-08550,Pasig,Motorcycle,Rear-end,2,Clear,50.0,Female,0,"PHP 128,011.23",HEAVY,well lit,80
MMTI-2025-21407,Paranaque,Motorcycle,Hit and Run,Risk Level 6,Clear,47.0,Male,3,120471.92,Heavy,Poorly-Lit,60 km/h
MMTI-2025-08272,,SUV/Van,Hit and Run,3,Storm,29.0,Female,0,247800.2,HEAVY,Unlit,80
MMTI-2025-05357,Mandaluyong,Motorcycle,Head-on,3,Clear,43.0,Male,0,"PHP 74,875.37",Light,Lit,30
MMTI-2025-19267,Quezon,SUV/Van,Head-on,Risk Level 6,Stormy,26.0,Male,1,2259062.31,Heavy,Unlit,30
MMTI-2025-04850,Makati,Motorcycle,Hit and Run,3,Cloudy,35.0,Male,0,212315.97,Moderate,Well-Lit,60
MMTI-2025-11036,Quezon,SUV/Van,Hit and Run,3.0,Cloudy,34.0,Female,0,450009.03,Heavy,Well-Lit,80
MMTI-2025-07995,Pasig,Jeepney,Side-swipe,6,Clear,45.0,Male,3,"PHP 137,865.44",Moderate,Well-Lit,80
MMTI-2025-04154, quezon,Motorcycle,Side-swipe,,Storm,35.0,Male,0,12947.3,Moderate,Poorly-Lit,100
MMTI-2025-09644,Manila,Jeepney,Rear-end,3,,999.0,Female,0,129042.95,Heavy,Well-Lit,30
MMTI-2025-11259,Makati,Motorcycle,Rear-end,3,Cloudy,66.0,Male,0,268326.55,Heavy,Well-Lit,60
MMTI-2025-16607,Makati,Truck,Head-on,3,Cloudy,32.0,female ,0,241.6k,Heavy,Well-Lit,60
MMTI-2025-09992, marikina,Truck,Head-on,3.0,Clear,,Female,0,477021.58,Heavy,Unlit,60 km/h
MMTI-2025-02018,Quezon,Truck,Hit and Run,3,Clear,33.0,Male,0,,Heavy,POOR,60 km/h
MMTI-2025-18832,Quezon,Truck,Hit and Run,6,Rainy,28.0,Male,2,756980.64,Heavy,Well-Lit,100
MMTI-2025-03130,Manila,Car,Head-on,Risk Level 3,Clear,42.0,Male,0,45508.97,,Poorly-Lit,60
MMTI-2025-05658,,Truck,Side-swipe,3,Clear,38.0,M,0,1152509.7,Heavy,dark,60
MMTI-2025-05580,Quezon,Car,Head-on,3,Rainy,40.0,Male,0,1100434.41,Moderate,Poorly-Lit,100
MMTI-2025-06440,Quezon,Car,Hit and Run,6,Rainy,52.0,Male,4,1244166.37,Heavy,Poorly-Lit,60 km/h
MMTI-2025-18073,Manila,Motorcycle,Hit and Run,Risk Level 3,Clear,41.0,Male,0,24308.73,,Well-Lit,60 kph
MMTI-2025-18407,Manila,Car,Head-on,Risk Level 3,Cloudy,17.0,F,0,167306.6,HEAVY,Well-Lit,100 km/h
MMTI-2025-03555,Marikina,,Head-on,3.0,Storm,22.0,Female,0,123707.49,Moderate,Well-Lit,60
MMTI-2025-15831,Quezon,Car,Side-swipe,6,Stormy,48.0,M,4,1852004.73,Heavy,Poorly-Lit,40
MMTI-2025-11790,,Motorcycle,Side-swipe,Risk Level 3,Clear,34.0,Male,0,54118.72,Heavy,Well-Lit,60
MMTI-2025-17896,Manila,SUV/Van,Head-on,1,,46.0,female ,0,101358.44,Moderate,Poorly-Lit,60 km/h
MMTI-2025-12233,Taguig,Jeepney,Side-swipe,3,Cloudy,40.0,Male,0,340660.16,Heavy,Well-Lit,30
MMTI-2025-08045,Mandaluyong,Car,Rear-end,3,Clear,41.0,Male,0,79242.76,Heavy,Well-Lit,60
MMTI-2025-07865,Las Pinas,Motorcycle,Side-swipe,2,Clear,27.0,Male,0,83215.57,Heavy,Poorly-Lit,60 kph
MMTI-2025-03974,Quezon,Car,Side-swipe,3,Rainy,22.0,Male,0,1224030.25,Heavy,Well-Lit,40
MMTI-2025-06313,MANILA ,Jeepney,Rear-end,,Clear,,Male,0,18134.18,Heavy,Well-Lit,60 kph
MMTI-2025-20855,Mandaluyong,Car,Head-on,3,Clear,34.0,Male,0,76382.14,Moderate,Well-Lit,40
MMTI-2025-08019,Paranaque,Motorcycle,Hit and Run,Risk Level 3,Clear,41.0,Male,0,105848.61,Light,Unlit,60 km/h
MMTI-2025-05072,Muntinlupa,Motorcycle,Hit and Run,3.0,Clear,45.0,Male,0,51944.33,HEAVY,Well-Lit,60
MMTI-2025-04473,Caloocan,Car,Head-on,3,,18.0,Male,0,"PHP 94,579.58",Moderate,Poorly-Lit,30 kph
MMTI-2025-05944,Manila,SUV/Van,Head-on,,Storm,41.0,Male,0,27867.36,Heavy,Well-Lit,100 km/h
MMTI-2025-22384,,SUV/Van,Rear-end,6,Rain,30.0,female ,4,1005.9k,Heavy,No Lights,30
MMTI-2025-16250,,Bus,Rear-end,3,Cloudy,50.0,Male,0,1367.9k,Light,Well-Lit,40
MMTI-2025-02517,Taguig,Car,Side-swipe,3.0,Cloudy,44.0,Male,0,290665.01,HEAVY,Well-Lit,100
MMTI-2025-03205,Makati,Bus,Head-on,Risk Level 6,Clear,22.0,Female,4,,Heavy,Well-Lit,60
MMTI-2025-00762,Quezon,Motorcycle,Side-swipe,3,Cloudy,42.0,Male,0,355118.76,Moderate,Well-Lit,60
MMTI-2025-12450,Quezon,Car,Rear-end,Risk Level 3,Cloudy,20.0,Male,0,363956.89,Heavy,Well-Lit,60
MMTI-2025-02291,Quezon,SUV/Van,Rear-end,3,Rainy,33.0,male,0,1171804.14,Moderate,Well-Lit,60 km/h
MMTI-2025-17121,Quezon,,Head-on,3.0,Clear,37.0,Female,0,"PHP 49,110.80",Heavy,Well-Lit,60
MMTI-2025-10006,Quezon,Motorcycle,Hit and Run,6,Rainy,31.0,Male,4,737829.06,Moderate,Poorly-Lit,80
MMTI-2025-03846,Pasig,Car,Side-swipe,3,Clear,45.0,Female,0,143.0k,Heavy,Well-Lit,80
MMTI-2025-07245,,Car,Side-swipe,3,Clear,19.0,Female,0,"PHP 53,153.80",Heavy,Well-Lit,60
MMTI-2025-14428,QUEZON ,Jeepney,Head-on,,Cloudy,24.0,female ,0,22403.85,Moderate,dark,60
MMTI-2025-02314,Marikina,,Rear-end,3,Clear,34.0,Male,0,224859.37,,Poorly-Lit,40
MMTI-2025-05067,Valenzuela,,Hit and Run,3,Clear,33.0,Male,0,137162.49,MODERATE,Well-Lit,60
MMTI-2025-07706,,Bus,Side-swipe,3.0,Clear,36.0,Female,0,763302.48,Heavy,Well-Lit,60 kph
MMTI-2025-02950,Manila,Motorcycle,Rear-end,,Clear,19.0,Male,0,9641.8,Heavy,Well-Lit,30
MMTI-2025-00913,Quezon,Car,Side-swipe,3,Rainy,37.0,M,0,1346179.97,Heavy,Well-Lit,60
MMTI-2025-05120,Quezon,Car,Head-on,3,Cloudy,18.0,Male,0,390768.38,HEAVY,Unlit,100 km/h
MMTI-2025-02707,Muntinlupa,,Side-swipe,3,Clear,47.0,Female,0,80543.64,Light,Poorly-Lit,40
MMTI-2025-00769,Quezon,Jeepney,Rear-end,Risk Level 6,Cloudy,31.0,Female,3,567309.31,Moderate,Poorly-Lit,60
MMTI-2025-19271,Taguig,Car,Hit and Run,2,Cloudy,44.0,Male,0,278451.65,Heavy,dark,40 km/h
MMTI-2025-13709,Quezon,,Rear-end,3,Clear,31.0,Male,0,110257.17,Moderate,Well-Lit,60
MMTI-2025-12626,Quezon,Motorcycle,Rear-end,3,Rainy,25.0,Female,0,861672.77,Moderate,Poorly-Lit,60
MMTI-2025-11816,Manila,Car,Rear-end,3.0,,,Female,0,162222.98,Heavy,Well-Lit,60 km/h
MMTI-2025-00532,Taguig,Car,Side-swipe,3,Cloudy,37.0,Female,0,272066.71,MODERATE,Well-Lit,40
MMTI-2025-19006,Quezon,Motorcycle,Side-swipe,Risk Level 3,Rainy,35.0,Male,0,1309546.88,Moderate,Well-Lit,80
MMTI-2025-17601,Taguig,Car,Head-on,3.0,Cloudy,47.0,Female,0,272956.33,Heavy,Well-Lit,40 km/h
MMTI-2025-07966,Paranaque,Car,Rear-end,3,Clear,33.0,Female,0,121168.47,Heavy,Well-Lit,60 kph
MMTI-2025-15979,Quezon,Truck,Side-swipe,3,,32.0,Male,0,"PHP 1,791,179.06",Heavy,Poorly-Lit,60
MMTI-2025-01811,Makati,Car,Hit and Run,Risk Level 2,Cloudy,23.0,Male,3,255020.56,Light,Lit,40
MMTI-2025-01466,Makati,Jeepney,Rear-end,6,Clear,,Female,2,114771.51,Heavy,Well-Lit,60
MMTI-2025-11901,Quezon,Motorcycle,Hit and Run,3,Rainy,0.0,Male,0,754255.35,Heavy,dark,80 km/h
MMTI-2025-10232,Quezon,Car,Rear-end,Risk Level 3,Rainy,51.0,Female,0,793370.32,Heavy,Unlit,60
MMTI-2025-03647,Quezon,Motorcycle,Side-swipe,3,Rainy,29.0,female ,0,1130473.5,Heavy,Well-Lit,100
MMTI-2025-09955,Mandaluyong,Car,Rear-end,6,Clear,38.0,Male,1,76997.63,Heavy,Poorly-Lit,80
MMTI-2025-22769,Quezon,,Head-on,3,Clear,39.0,Male,0,254865.24,,Poorly-Lit,60
MMTI-2025-22105,Quezon,SUV/Van,Rear-end,3,Cloudy,38.0,Male,0,489428.93,Heavy,Well-Lit,60
MMTI-2025-02048,Quezon,Motorcycle,Head-on,,Rain,40.0,Male,0,21098.64,Heavy,dark,60
MMTI-2025-08643,Manila,Jeepney,Head-on,1,,38.0,Female,0,34865.32,,Poorly-Lit,40
MMTI-2025-08873,Quezon,Car,Rear-end,3,Cloudy,38.0,Male,0,608787.26,Heavy,Well-Lit,60 kph
MMTI-2025-12968,Marikina,Jeepney,Hit and Run,3.0,Cloudy,0.0,Male,0,,Light,Unlit,100
MMTI-2025-00336,Quezon,Truck,Head-on,Risk Level 3,Rainy,26.0,Female,0,1227973.64,Moderate,Poorly-Lit,40
MMTI-2025-10815,Quezon,Jeepney,Hit and Run,3.0,Rain,50.0,Female,0,,Heavy,Poorly-Lit,80
MMTI-2025-15535,Quezon,Car,Side-swipe,3,Cloudy,999.0,M,0,494437.69,Moderate,Well-Lit,80
MMTI-2025-11387,Quezon,Car,Head-on,Risk Level 3,Cloudy,38.0,Male,0,517931.37,Heavy,Well-Lit,40
MMTI-2025-06074,Taguig,Car,Side-swipe,3,Cloudy,49.0,Male,0,307.1k,Heavy,Well-Lit,60
MMTI-2025-22701,Makati,Motorcycle,Hit and Run,Risk Level 3,Cloudy,29.0,Female,0,265235.51,HEAVY,Well-Lit,30
MMTI-2025-20838,Manila,Car,Head-on,,Rain,17.0,Unknown,1,26756.56,Moderate,Well-Lit,60 km/h
MMTI-2025-21124,Quezon,Truck,Rear-end,Risk Level 3,Rainy,23.0,Male,0,1373358.6,Heavy,Lit,80
MMTI-2025-01768,Marikina,Motorcycle,Head-on,3,Clear,41.0,Male,0,59886.57,Moderate,Poorly-Lit,60
MMTI-2025-08499,Las Pinas,Car,Rear-end,3,Clear,30.0,Male,0,90848.9,Heavy,Well-Lit,80
MMTI-2025-22234,Quezon,SUV/Van,Hit and Run,3,Stormy,40.0,Male,0,1808303.25,Heavy,Poorly-Lit,60
MMTI-2025-08345,Pasig,Truck,Rear-end,Risk Level 3,Clear,45.0,Male,0,160544.74,Light,Poorly-Lit,60 km/h
MMTI-2025-01436,Quezon,Car,Rear-end,3,Cloudy,29.0,Male,0,499037.16,Heavy,Well-Lit,30
MMTI-2025-02935,Paranaque,Car,Head-on,3,Clear,999.0,Male,0,104106.03,Heavy,Unlit,60 kph
MMTI-2025-13572,Quezon,SUV/Van,Hit and Run,6,Clear,33.0,Male,3,,,Well-Lit,80
MMTI-2025-13966,Paranaque,Motorcycle,Hit and Run,3,Clear,38.0,Female,0,110.6k,Heavy,Well-Lit,80
MMTI-2025-13007,Makati,Motorcycle,Hit and Run,3,Clear,29.0,Male,0,30302.41,,Well-Lit,40
MMTI-2025-03295,Quezon,Car,Side-swipe,3,Rainy,43.0,Male,0,679646.47,Heavy,Well-Lit,60 km/h
MMTI-2025-01374,Caloocan,Motorcycle,Side-swipe,3,Clear,38.0,Male,0,44705.95,Moderate,Well-Lit,60
MMTI-2025-15077,Muntinlupa,Car,Rear-end,2,Clear,17.0,Male,0,52403.98,Heavy,Poorly-Lit,80
MMTI-2025-00562,Quezon,Motorcycle,Rear-end,3,Rainy,61.0,Female,0,1159483.25,Light,Unlit,40 km/h
MMTI-2025-06261,Quezon,SUV/Van,Hit and Run,Risk Level 2,Cloudy,37.0,Male,0,353763.56,Light,Well-Lit,40
MMTI-2025-22635,Paranaque,Car,Head-on,3,Clear,46.0,Male,0,97994.71,Light,Poorly-Lit,60
MMTI-2025-19866,Navotas,Bus,Head-on,3,,22.0,Male,0,879962.58,Heavy,Poorly-Lit,40
MMTI-2025-18763,Quezon,Bus,Hit and Run,3,Clear,,Male,0,-25000,Heavy,Poorly-Lit,80 km/h
MMTI-2025-10085,,Bus,Head-on,3.0,Clear,23.0,Male,0,578882.32,Heavy,POOR,40
MMTI-2025-09905,Muntinlupa,Car,Head-on,3,Clear,29.0,Male,0,"PHP 56,395.08",Heavy,Well-Lit,60
MMTI-2025-20573,MALABON ,Bus,Rear-end,3.0,,38.0,Male,0,,Light,Well-Lit,60
MMTI-2025-00844,Navotas,Bus,Side-swipe,3,,31.0,Male,0,680760.57,Heavy,Poorly-Lit,40
MMTI-2025-15013,,Motorcycle,Head-on,3.0,Clear,29.0,Female,0,16208.65,Heavy,Poorly-Lit,60 km/h
MMTI-2025-13188,Manila,Car,Side-swipe,3,Cloudy,23.0,Male,0,171145.87,Heavy,well lit,60 km/h
MMTI-2025-18406,Quezon,Car,Hit and Run,Risk Level 3,Rainy,33.0,Male,0,"PHP 821,540.52",Moderate,Poorly-Lit,40
MMTI-2025-11134,Pasig,Car,Hit and Run,1.0,Clear,50.0,F,0,"PHP 129,475.79",Moderate,Well-Lit,40
MMTI-2025-22471,Paranaque,,Head-on,Risk Level 3,Clear,17.0,Male,0,84707.72,Moderate,Poorly-Lit,60
MMTI-2025-12199,Quezon,Motorcycle,Rear-end,3.0,Rainy,38.0,Male,0,1343746.56,Moderate,Poorly-Lit,60
MMTI-2025-06456,Las Pinas,Truck,Hit and Run,2.0,Clear,31.0,Male,0,85185.61,Heavy,Well-Lit,60
MMTI-2025-06868,Quezon,,Side-swipe,3.0,Clear,30.0,Male,0,139787.94,Heavy,Poorly-Lit,60 km/h
MMTI-2025-09673,Quezon,Car,Side-swipe,3,Rainy,35.0,Male,0,639103.74,Moderate,Poorly-Lit,40
MMTI-2025-10324,Quezon,Car,Side-swipe,,Cloudy,35.0,Male,3,,Heavy,Well-Lit,40
MMTI-2025-01614,Manila,Car,Side-swipe,3,Clear,,Female,0,193542.26,MODERATE,Well-Lit,60
MMTI-2025-12437,Quezon,SUV/Van,Hit and Run,6.0,Rainy,33.0,Male,2,1204000.66,Moderate,Well-Lit,60
MMTI-2025-23293,Quezon,Car,Hit and Run,Risk Level 3,Cloudy,21.0,Male,0,381549.99,Light,Well-Lit,60
MMTI-2025-16381,Pasay,Car,Side-swipe,3.0,Clear,57.0,Male,0,48999.65,Heavy,Poorly-Lit,60
MMTI-2025-23538,Makati,Car,Side-swipe,3,Cloudy,20.0,Female,0,263577.02,Heavy,Well-Lit,60 km/h
MMTI-2025-21128,Quezon,SUV/Van,Side-swipe,6,Cloudy,44.0,Male,3,442049.79,Moderate,dark,80 km/h
MMTI-2025-09693,Pasig,Car,Hit and Run,Risk Level 3,Clear,18.0,Male,0,162053.28,Heavy,Lit,40
MMTI-2025-21128,Makati,Car,Side-swipe,6,Cloudy,47.0,Male,3,241363.58,Moderate,Well-Lit,60 kph
MMTI-2025-16242,SAN JUAN ,,Hit and Run,3,Cloudy,39.0,male,0,"PHP 42,922.75",LIGHT,Well-Lit,30
MMTI-2025-13925,Taguig,Car,Hit and Run,2,Cloudy,36.0,Male,0,326381.54,Moderate,Well-Lit,60
MMTI-2025-16397,Manila,Car,Rear-end,3,Cloudy,43.0,Male,0,209348.55,Moderate,POOR,30
MMTI-2025-07243,Marikina,Bus,Rear-end,3.0,Cloudy,46.0,Male,0,,Heavy,Poorly-Lit,60
MMTI-2025-07523,Manila,Motorcycle,Side-swipe,Risk Level 3,Rain,24.0,Female,0,,Heavy,Well-Lit,60
MMTI-2025-18152,Pasig,,Head-on,1,Clear,18.0,Female,0,"PHP 104,129.65",Light,Well-Lit,30
MMTI-2025-16035,Quezon,Car,Side-swipe,6.0,Rainy,51.0,Male,4,1173272.38,MODERATE,Well-Lit,60
MMTI-2025-14971,Valenzuela,SUV/Van,Rear-end,,Clear,56.0,Male,0,69579.06,Moderate,Well-Lit,60 kph
MMTI-2025-16266,Mandaluyong,Car,Side-swipe,,Clear,32.0,Female,0,,Heavy,Poorly-Lit,60
MMTI-2025-10165,Makati,Truck,Hit and Run,2,Clear,,Male,0,236287.1,Heavy,POOR,80
MMTI-2025-21177,Quezon,Motorcycle,Rear-end,Risk Level 3,Cloudy,39.0,Female,0,404168.85,MODERATE,Well-Lit,60
MMTI-2025-07594,,Bus,Side-swipe,3,Clear,36.0,Female,0,447449.2,Heavy,Well-Lit,30 km/h
MMTI-2025-14348,Quezon,Car,Hit and Run,3,Rainy,30.0,Male,0,1526932.08,Heavy,Well-Lit,60
MMTI-2025-22498,Quezon,Truck,Head-on,3,Clear,29.0,Male,0,1069565.45,,Unlit,80
MMTI-2025-03526,Caloocan,Car,Rear-end,2,Clear,24.0,Male,0,,Light,Well-Lit,40
MMTI-2025-00621,Pasay,Car,Side-swipe,3,Clear,17.0,Male,3,50220.1,Light,Well-Lit,40
MMTI-2025-22061,,Jeepney,Head-on,3,Clear,40.0,Male,0,18124.04,Heavy,Well-Lit,100
MMTI-2025-11957,Quezon,Car,Side-swipe,3,,29.0,Female,0,70580.81,Heavy,Unlit,80
MMTI-2025-10179,Quezon,,Hit and Run,3,Clear,35.0,Male,0,120502.54,Heavy,Poorly-Lit,60 km/h
MMTI-2025-07667,Quezon,Car,Side-swipe,3.0,Rainy,32.0,Male,0,"PHP 908,674.60",Heavy,Unlit,60
MMTI-2025-09586,Manila,Jeepney,Head-on,,,40.0,F,0,26608.29,,Well-Lit,30
MMTI-2025-13016,,Jeepney,Side-swipe,Risk Level 3,Clear,27.0,Unknown,0,,Light,Well-Lit,60 kph
MMTI-2025-02844,Mandaluyong,Truck,Rear-end,3.0,,999.0,Male,0,810076.16,Heavy,Well-Lit,60
MMTI-2025-03494,Quezon,SUV/Van,Hit and Run,3.0,Rainy,40.0,Male,0,645353.17,Heavy,Well-Lit,60
MMTI-2025-02692,Taguig,SUV/Van,Head-on,3,Cloudy,38.0,Male,0,296520.8,Heavy,Poorly-Lit,40
MMTI-2025-07031,Manila,Car,Head-on,2,Rain,33.0,Female,0,,Light,Well-Lit,30
MMTI-2025-05531,MAKATI ,Bus,Head-on,,,17.0,M,2,318644.68,Heavy,Well-Lit,60
MMTI-2025-19851,,Car,Side-swipe,3,Cloudy,33.0,Male,0,183231.66,Heavy,Well-Lit,60
MMTI-2025-17434,Quezon,Car,Head-on,3,Rainy,35.0,Male,0,1246226.46,Heavy,Poorly-Lit,40
MMTI-2025-18409,Marikina,Motorcycle,Side-swipe,3.0,Clear,45.0,female ,0,58735.03,Heavy,Poorly-Lit,80
MMTI-2025-01841,Pasig,Car,Side-swipe,6,Clear,62.0,Male,3,133234.86,Heavy,Well-Lit,80 km/h
MMTI-2025-22698,Quezon,Truck,Rear-end,6,Cloudy,47.0,Female,3,554477.0,HEAVY,Well-Lit,100
MMTI-2025-20184,Manila,,Head-on,,Clear,34.0,Male,0,62678.8,Heavy,Well-Lit,60 km/h
MMTI-2025-11496, makati,,Side-swipe,3,Rain,42.0,Male,0,214757.85,Moderate,Poorly-Lit,60
MMTI-2025-09669,Makati,Car,Rear-end,Risk Level 6,Clear,37.0,Male,1,,Heavy,Well-Lit,60
MMTI-2025-11869,,Bus,Hit and Run,3.0,Clear,35.0,Male,0,518799.0,Heavy,Well-Lit,80
MMTI-2025-00313,Caloocan,SUV/Van,Head-on,3,Clear,150.0,Male,0,42.1k,Heavy,Poorly-Lit,60
MMTI-2025-22511,Quezon,Motorcycle,Rear-end,3,Rainy,21.0,Female,0,"PHP 631,201.03",Light,dark,80
MMTI-2025-02162,Quezon,Car,Hit and Run,3,Cloudy,42.0,Male,0,382180.05,Heavy,dark,60 km/h
MMTI-2025-19262,Las Pinas,Truck,Side-swipe,3,Clear,43.0,Male,0,86101.12,Light,Well-Lit,100
MMTI-2025-19900,Quezon,Truck,Rear-end,3,Rainy,46.0,Female,0,1408080.16,Light,Well-Lit,60
MMTI-2025-19975,,Jeepney,Side-swipe,Risk Level 2,Clear,22.0,Male,0,"PHP 12,580.18",Heavy,Poorly-Lit,80 km/h
MMTI-2025-03601,Quezon,,Side-swipe,Risk Level 6,Clear,30.0,Male,1,798874.93,Heavy,Well-Lit,40 km/h
MMTI-2025-03679,Manila,Jeepney,Rear-end,3,Clear,48.0,Male,0,,Heavy,Well-Lit,60
MMTI-2025-01293,Mandaluyong,Car,Rear-end,2.0,Clear,31.0,Female,0,80.3k,Light,Well-Lit,40
MMTI-2025-06971,Pasig,Motorcycle,Head-on,3.0,Clear,42.0,Male,0,139396.89,Heavy,No Lights,40
MMTI-2025-21589,Mandaluyong,SUV/Van,Hit and Run,3,Clear,78.0,Female,0,68708.88,Moderate,Poorly-Lit,60 km/h
MMTI-2025-01484,Caloocan,Car,Rear-end,9,Rain,37.0,Male,3,,MODERATE,Unlit,30 kph
MMTI-2025-15444,Manila,Motorcycle,Hit and Run,,Clear,33.0,Male,0,15890.06,Moderate,POOR,80 kph
MMTI-2025-05305,Makati,Car,Side-swipe,3.0,Cloudy,25.0,Male,0,268370.76,Heavy,Poorly-Lit,60 km/h
MMTI-2025-21773,Pasay,Motorcycle,Side-swipe,6,Clear,44.0,Male,3,46309.94,Heavy,Well-Lit,60 km/h
MMTI-2025-22944,,Truck,Rear-end,3,Clear,64.0,Female,0,1496940.98,Heavy,Well-Lit,60 km/h
MMTI-2025-08882,San Juan,SUV/Van,Hit and Run,2,Cloudy,62.0,Male,0,,Heavy,Well-Lit,40 km/h
MMTI-2025-20401,Makati,Motorcycle,Rear-end,3,Cloudy,17.0,Male,0,257356.68,Heavy,Well-Lit,40
MMTI-2025-00065,QUEZON ,Jeepney,Side-swipe,3.0,Clear,,female ,0,20286.46,Heavy,Lit,80
MMTI-2025-14231,Pateros,Motorcycle,Hit and Run,1,Clear,41.0,Male,0,14623.6,,Poorly-Lit,60
MMTI-2025-13156,Quezon,Car,Hit and Run,3,Cloudy,41.0,Male,0,566505.74,Heavy,dark,60
MMTI-2025-17348,,Motorcycle,Side-swipe,3.0,Cloudy,37.0,Male,0,"PHP 11,309.26",Moderate,Well-Lit,40
MMTI-2025-03095,Quezon,Car,Rear-end,6.0,Stormy,38.0,Male,4,3771016.22,Heavy,Well-Lit,60
MMTI-2025-22754,Taguig,Car,Side-swipe,3,Cloudy,22.0,Female,0,269951.02,Heavy,Poorly-Lit,60
MMTI-2025-03179,Caloocan,Jeepney,Hit and Run,3.0,,48.0,Male,0,90034.61,Heavy,dark,40
MMTI-2025-21680,Paranaque,Car,Head-on,Risk Level 2,Clear,36.0,Male,0,109194.59,Heavy,Unlit,60
MMTI-2025-05081,Quezon,SUV/Van,Side-swipe,3,Rainy,51.0,Male,0,932784.25,Heavy,Well-Lit,60
MMTI-2025-15122,Makati,Car,Hit and Run,3.0,Cloudy,30.0,Female,0,264656.17,Heavy,Well-Lit,80 km/h
MMTI-2025-01480,Makati,Truck,Rear-end,Risk Level 3,Cloudy,32.0,Female,0,243368.29,Heavy,Lit,60