Incident_ID,City,Vehicle_Type,Accident_Type,Severity,Weather_Condition,Driver_Age,Driver_Gender,Injury_Count,Damage_Cost_PHP,Traffic_Volume,Road_Lighting,Speed_Limit
MMTI-2025-21218,Makati,Motorcycle,Side-swipe,3,Clear,32.0,Male,0,,Moderate,Well-Lit,60
MMTI-2025-23542,Manila,Motorcycle,Side-swipe,3,Cloudy,49.0,Male,0,178971.01,Moderate,Poorly-Lit,30
MMTI-2025-12033,Quezon,Car,Head-on,3.0,Rainy,37.0,F,0,1075132.04,Heavy,POOR,60 kph
MMTI-2025-04578,Paranaque,SUV/Van,Hit and Run,3,Clear,40.0,Female,0,111003.25,Moderate,dark,60
MMTI-2025-03519,Quezon,Truck,Rear-end,3,Rainy,24.0,Female,0,"PHP 1,092,107.57",Heavy,Poorly-Lit,60 km/h
MMTI-2025-01389, caloocan,Motorcycle,Side-swipe,3.0,Clear,36.0,Male,0,13294.52,,POOR,60 km/h
MMTI-2025-19570,Manila,Bus,Side-swipe,3.0,,36.0,Male,0,950472.33,HEAVY,Poorly-Lit,60 km/h
MMTI-2025-20082,Pasay,Motorcycle,Side-swipe,,Clear,37.0,Female,2,4565.15,MODERATE,Lit,80
MMTI-2025-12518,Marikina,Car,Rear-end,3,Clear,43.0,Male,0,61522.22,Light,Poorly-Lit,60
MMTI-2025-03408,Manila,Bus,Rear-end,3,Clear,,Male,0,381507.5,Heavy,Poorly-Lit,60 kph
MMTI-2025-13282,Paranaque,Truck,Rear-end,3.0,Clear,27.0,Male,0,99859.3,Light,Lit,40
MMTI-2025-03307,Quezon,SUV/Van,Head-on,3,Rainy,33.0,Male,0,994884.27,Moderate,Poorly-Lit,60
MMTI-2025-20961,Marikina,Motorcycle,Hit and Run,,Clear,30.0,Male,0,10746.05,HEAVY,Unlit,60 kph
MMTI-2025-09379,MAKATI ,Bus,Hit and Run,3,,37.0,male,0,1509960.78,Heavy,Unlit,100
MMTI-2025-05317,Manila,Truck,Hit and Run,6,Rain,44.0,Male,1,,Light,Poorly-Lit,30
MMTI-2025-05734,Muntinlupa,Car,Side-swipe,3.0,Clear,48.0,Female,0,52353.5,HEAVY,Well-Lit,30
MMTI-2025-20585,Valenzuela,Car,Head-on,Risk Level 3,Clear,50.0,Male,0,37671.23,Heavy,Well-Lit,80
MMTI-2025-10169,San Juan,,Rear-end,2,Clear,41.0,Male,0,71214.93,Light,No Lights,40
MMTI-2025-19683,Manila,Motorcycle,Rear-end,2,Cloudy,48.0,Male,0,169264.36,Light,Well-Lit,60
MMTI-2025-06975,Quezon,Truck,Head-on,3,Rainy,32.0,Male,0,1713435.84,Heavy,Lit,80 kph
MMTI-2025-06279,Taguig,Car,Rear-end,3,Cloudy,48.0,Male,0,288846.79,Heavy,Poorly-Lit,40 km/h
MMTI-2025-03794,Manila,,Rear-end,3,,45.0,Male,0,287646.13,Heavy,Well-Lit,60
MMTI-2025-23100,Muntinlupa,Motorcycle,Side-swipe,3.0,Clear,51.0,Male,0,"PHP 51,363.41",Heavy,Unlit,40
MMTI-2025-16423,Caloocan,,Side-swipe,Risk Level 6,Storm,20.0,Male,4,307439.71,Heavy,Well-Lit,30
MMTI-2025-16660,Manila,Bus,Side-swipe,Risk Level 3,Rain,40.0,Female,0,517739.09,,Well-Lit,60
MMTI-2025-17542,,Jeepney,Hit and Run,3.0,Clear,45.0,Female,0,20460.84,Moderate,Well-Lit,30
MMTI-2025-19666,Quezon,Car,Hit and Run,,Cloudy,35.0,Female,0,36761.1,,dark,60
MMTI-2025-17357,Makati,Bus,Rear-end,3,Clear,63.0,Male,0,418334.06,,Well-Lit,60
MMTI-2025-16855,Quezon,Car,Head-on,3,Rainy,35.0,Female,0,887379.81,Heavy,Poorly-Lit,60
MMTI-2025-17073,Manila,Jeepney,Hit and Run,,Clear,35.0,Male,0,45979.69,Heavy,No Lights,40
MMTI-2025-07235,Quezon,,Side-swipe,3.0,Clear,49.0,Male,0,48518.78,Heavy,Lit,60 km/h
MMTI-2025-22019,Quezon,Car,Hit and Run,3,Rainy,17.0,Male,0,675987.77,Heavy,Poorly-Lit,60
MMTI-2025-10179,Quezon,Truck,Hit and Run,Risk Level 3,Rainy,43.0,Male,0,1090489.78,Heavy,Well-Lit,60
MMTI-2025-06382,Manila,Car,Hit and Run,3,Cloudy,49.0,Female,0,192132.68,Light,Poorly-Lit,40
MMTI-2025-12185,Quezon,Car,Rear-end,Risk Level 6,Rainy,42.0,Female,2,"PHP 943,220.76",Moderate,Well-Lit,30
MMTI-2025-04774,Muntinlupa,Bus,Head-on,6,Clear,,Male,2,2178905.7,Heavy,Well-Lit,60
MMTI-2025-00390,Quezon,Motorcycle,Head-on,3,Rainy,54.0,Male,0,891624.02,Heavy,Poorly-Lit,80
MMTI-2025-09295,Taguig,Motorcycle,Side-swipe,2,Clear,30.0,Male,0,6828.65,,Poorly-Lit,40
MMTI-2025-12438,Quezon,,Hit and Run,6,,29.0,Female,2,"PHP 339,475.71",Moderate,Well-Lit,80
MMTI-2025-09152,Quezon,Car,Hit and Run,6,Rainy,57.0,Female,3,636802.94,Heavy,Poorly-Lit,40
MMTI-2025-11864,MAKATI ,Motorcycle,Head-on,,Clear,47.0,Male,0,17857.24,MODERATE,Poorly-Lit,60
MMTI-2025-10751,Makati,Car,Side-swipe,3.0,Cloudy,49.0,M,0,259118.41,Moderate,Well-Lit,30
MMTI-2025-23069,Marikina,Car,Side-swipe,3,Clear,51.0,Male,0,64339.7,Heavy,Well-Lit,60
MMTI-2025-06748,Taguig,Car,Hit and Run,3,Cloudy,38.0,M,0,348856.56,Moderate,dark,100 km/h
MMTI-2025-22910,Quezon,SUV/Van,Rear-end,3,Cloudy,40.0,Male,0,370386.32,Moderate,Poorly-Lit,40
MMTI-2025-06612,Manila,Car,Side-swipe,3,Clear,44.0,female ,0,,,Well-Lit,60
MMTI-2025-17382,Mandaluyong,Car,Side-swipe,3,Clear,42.0,Male,0,78.2k,Heavy,Poorly-Lit,30
MMTI-2025-23548,Quezon,Car,Side-swipe,3,Cloudy,35.0,Male,0,561051.95,Heavy,Well-Lit,60
MMTI-2025-22882,Quezon,SUV/Van,Rear-end,3.0,,48.0,Male,0,,Light,Well-Lit,60
MMTI-2025-23564,Manila,Bus,Head-on,,Clear,54.0,Female,0,169944.95,Heavy,Poorly-Lit,60
MMTI-2025-21911,Paranaque,Car,Hit and Run,2,Clear,0.0,Male,0,25347.48,,dark,60
MMTI-2025-18692, malabon,Bus,Rear-end,,Clear,61.0,Male,0,362012.84,Heavy,Well-Lit,60
MMTI-2025-21972,Makati,SUV/Van,Rear-end,3,Cloudy,150.0,Male,0,259366.23,Heavy,Well-Lit,60
MMTI-2025-16063,Las Pinas,Car,Hit and Run,3,Clear,25.0,Male,0,93634.36,Moderate,Poorly-Lit,60 km/h
MMTI-2025-13564,,SUV/Van,Rear-end,3,,36.0,Male,0,,Heavy,Well-Lit,60 km/h
MMTI-2025-01418,Makati,Motorcycle,Hit and Run,3.0,Cloudy,37.0,Male,0,250046.88,Heavy,POOR,60
MMTI-2025-20259,Caloocan,Car,Rear-end,2.0,Clear,40.0,Male,0,44225.39,Moderate,Well-Lit,60
MMTI-2025-04149,Las Pinas,Truck,Rear-end,Risk Level 3,Clear,32.0,Male,0,92946.76,MODERATE,Poorly-Lit,30 km/h
MMTI-2025-11130,Quezon,Bus,Head-on,,,40.0,Female,0,264221.98,Heavy,Well-Lit,30
MMTI-2025-04373,Pasay,SUV/Van,Head-on,2,Clear,33.0,Male,0,50509.93,HEAVY,Unlit,40 kph
MMTI-2025-23077,Marikina,Truck,Rear-end,4.0,Clear,45.0,Male,2,60034.31,Heavy,well lit,40 kph
MMTI-2025-18084,Manila,SUV/Van,Head-on,Risk Level 3,Cloudy,34.0,Male,0,172759.15,HEAVY,Well-Lit,60 km/h
MMTI-2025-11764,Muntinlupa,Car,Hit and Run,3,Clear,46.0,Male,0,52097.72,HEAVY,Well-Lit,60 kph
MMTI-2025-09123,Quezon,Motorcycle,Rear-end,Risk Level 3,Stormy,43.0,Male,0,1764768.84,Heavy,Well-Lit,40
MMTI-2025-15404,Mandaluyong,Car,Rear-end,3,Clear,36.0,Male,0,74.0k,Heavy,Well-Lit,60
MMTI-2025-11555,Las Pinas,Truck,Side-swipe,3.0,Clear,35.0,Male,0,84038.94,Heavy,Well-Lit,80
MMTI-2025-23035,Makati,Car,Head-on,Risk Level 3,Cloudy,59.0,Male,0,227239.18,Light,No Lights,60
MMTI-2025-13048,Malabon,Car,Side-swipe,3,Clear,53.0,Male,0,,Heavy,Poorly-Lit,60
MMTI-2025-21648, makati,Car,Head-on,3,Cloudy,,Female,0,131458.51,Heavy,Well-Lit,60
MMTI-2025-11462,Pasig,Car,Head-on,3.0,Clear,37.0,Female,0,151987.4,MODERATE,Well-Lit,30
MMTI-2025-10033,Malabon,Jeepney,Head-on,,Clear,25.0,Male,0,29679.43,Heavy,POOR,60 kph
MMTI-2025-15440, pasig,SUV/Van,Head-on,Risk Level 4,Cloudy,38.0,Male,4,,Moderate,Well-Lit,100
MMTI-2025-03167,Quezon,Motorcycle,Hit and Run,6,Rainy,28.0,Male,3,"PHP 640,141.83",Moderate,Well-Lit,60 kph
MMTI-2025-10216,Marikina,Car,Hit and Run,3.0,Clear,40.0,Female,0,58315.47,Heavy,Unlit,80 kph
MMTI-2025-21285,Pateros,,Head-on,3,Clear,36.0,Female,0,138739.97,Heavy,Poorly-Lit,60
MMTI-2025-10624,Quezon,Truck,Side-swipe,3,Rainy,31.0,Male,0,831.2k,Heavy,Poorly-Lit,30
MMTI-2025-11452,Valenzuela,Motorcycle,Rear-end,3,Clear,39.0,Male,0,37922.53,Heavy,well lit,80
MMTI-2025-13493,Muntinlupa,Bus,Side-swipe,3,,38.0,Male,0,751184.54,Moderate,No Lights,60
MMTI-2025-01710,Manila,Truck,Hit and Run,3,,42.0,Male,0,449171.02,Heavy,Well-Lit,80
MMTI-2025-04278,Manila,Motorcycle,Hit and Run,3,Cloudy,47.0,Male,0,199967.45,Moderate,Poorly-Lit,30
MMTI-2025-19509,,Bus,Side-swipe,Risk Level 3,Rain,24.0,Female,0,1371442.98,Heavy,Lit,60 kph
MMTI-2025-08296,Taguig,Motorcycle,Head-on,3.0,Cloudy,36.0,Male,0,272602.24,MODERATE,Well-Lit,80
MMTI-2025-12236,Makati,,Side-swipe,Risk Level 3,Clear,17.0,Male,0,,Heavy,Unlit,30 km/h
MMTI-2025-20769,Valenzuela,Car,Rear-end,3,Clear,36.0,Male,0,37504.95,Moderate,Poorly-Lit,30 kph
MMTI-2025-20650,Quezon,Car,Rear-end,3.0,Rainy,44.0,Female,0,1441019.82,Heavy,Unlit,80 km/h
MMTI-2025-17130,Quezon,Car,Head-on,,Clear,55.0,Female,0,29119.66,Moderate,Well-Lit,60
MMTI-2025-10711,Paranaque,Car,Rear-end,3,Clear,22.0,female ,0,108699.1,Heavy,Poorly-Lit,30
MMTI-2025-14219,Quezon,,Hit and Run,3.0,Storm,43.0,Male,0,"PHP 57,284.36",,Well-Lit,60
MMTI-2025-23310,Taguig,Motorcycle,Side-swipe,3,Cloudy,42.0,Male,0,292899.82,Moderate,Poorly-Lit,60
MMTI-2025-10323,Quezon,,Rear-end,3,Clear,37.0,Male,0,130966.44,Heavy,Well-Lit,40
MMTI-2025-11824,Manila,Jeepney,Hit and Run,Risk Level 3,Cloudy,43.0,Male,0,209591.26,Heavy,Poorly-Lit,80
MMTI-2025-05227,,Car,Head-on,Risk Level 6,Storm,24.0,Male,2,221786.04,Light,Poorly-Lit,80
MMTI-2025-20142,Quezon,Car,Hit and Run,3.0,Cloudy,41.0,Male,0,597432.16,Moderate,No Lights,60
MMTI-2025-06069,Caloocan,,Rear-end,3,Clear,38.0,Female,0,199692.47,Moderate,Well-Lit,60
MMTI-2025-23260,Quezon,Car,Rear-end,3,Cloudy,54.0,Female,0,374432.88,Heavy,Unlit,60
MMTI-2025-12954,Las Pinas,Car,Hit and Run,3,Clear,30.0,M,0,94525.16,MODERATE,Poorly-Lit,80
MMTI-2025-18893,,Bus,Hit and Run,3.0,Clear,34.0,Female,0,,Heavy,Well-Lit,80
MMTI-2025-20711,Manila,Car,Head-on,1,Cloudy,46.0,Male,0,200492.41,Moderate,Well-Lit,30
MMTI-2025-21652,Manila,Car,Head-on,3.0,Clear,33.0,Male,0,,Moderate,Well-Lit,60
MMTI-2025-02091,Pateros,,Hit and Run,3,Clear,35.0,Female,0,142654.74,Heavy,Well-Lit,100
MMTI-2025-05440,Quezon,SUV/Van,Side-swipe,,Cloudy,32.0,Male,0,140395.73,Heavy,Poorly-Lit,60
MMTI-2025-01186,Mandaluyong,Motorcycle,Head-on,3.0,Clear,,Male,0,32317.89,Heavy,Well-Lit,40
MMTI-2025-04047,Quezon,Truck,Rear-end,3.0,Rainy,19.0,Male,0,1177089.87,Heavy,Well-Lit,60 kph
MMTI-2025-12360,Paranaque,Car,Hit and Run,Risk Level 9,Clear,28.0,Female,2,119339.99,Heavy,Well-Lit,60
MMTI-2025-17999,,Jeepney,Side-swipe,Risk Level 2,Clear,31.0,Male,0,42504.25,Heavy,Well-Lit,80
MMTI-2025-15008,Pasig,Car,Hit and Run,3.0,Clear,40.0,Female,0,163038.08,Moderate,Lit,30
MMTI-2025-13074,Manila,Motorcycle,Head-on,9,Cloudy,46.0,Female,3,171885.1,Moderate,Well-Lit,60 km/h
MMTI-2025-13059,Pasig,Car,Hit and Run,3,Clear,23.0,Male,0,132046.18,Heavy,Poorly-Lit,60
MMTI-2025-18763,Quezon,Bus,Hit and Run,3,Clear,,Male,0,-25000,Heavy,Poorly-Lit,80 km/h
MMTI-2025-10405,QUEZON ,Motorcycle,Side-swipe,3,Rain,17.0,Male,0,,Heavy,Poorly-Lit,80 kph
MMTI-2025-17638,Pasay,Car,Hit and Run,1.0,,47.0,Male,0,49281.39,Moderate,Unlit,60
MMTI-2025-09855,Taguig,Motorcycle,Hit and Run,2.0,Cloudy,33.0,Female,0,339387.2,Moderate,Well-Lit,60
MMTI-2025-15864,Quezon,Car,Hit and Run,6.0,Rainy,29.0,Male,1,1315892.82,Heavy,Poorly-Lit,60
MMTI-2025-02620,Quezon,Motorcycle,Hit and Run,Risk Level 3,Rainy,42.0,Male,0,1008583.17,HEAVY,Well-Lit,30 km/h
MMTI-2025-02659,Manila,Truck,Side-swipe,,Clear,28.0,Male,0,397355.16,,dark,60 km/h
MMTI-2025-14651,Taguig,Jeepney,Side-swipe,3.0,Rain,49.0,Female,0,25675.28,,Poorly-Lit,60
MMTI-2025-06722,Muntinlupa,Truck,Rear-end,Risk Level 3,Clear,41.0,Male,0,50926.19,Moderate,Well-Lit,40
MMTI-2025-03184,,Jeepney,Head-on,3.0,Rain,32.0,Male,0,25043.42,Heavy,Well-Lit,60
MMTI-2025-00894, manila,Bus,Side-swipe,1.0,Clear,44.0,Female,0,167486.88,,Well-Lit,80 kph
MMTI-2025-09391,Makati,Motorcycle,Rear-end,3,Cloudy,52.0,Male,0,,Heavy,well lit,40
MMTI-2025-19068,Taguig,Truck,Head-on,6,Cloudy,43.0,Male,1,276171.41,Heavy,Poorly-Lit,60 km/h
MMTI-2025-07449,Quezon,Motorcycle,Rear-end,6,Stormy,28.0,Male,4,2178915.31,HEAVY,Well-Lit,60
MMTI-2025-20335,San Juan,Truck,Rear-end,Risk Level 6,Clear,25.0,Female,2,,Heavy,Well-Lit,30 km/h
MMTI-2025-16921,Navotas,Truck,Side-swipe,3,,38.0,Male,0,604800.1,Moderate,Well-Lit,60
MMTI-2025-19676,Taguig,Car,Rear-end,6.0,Cloudy,37.0,Male,2,315530.02,Heavy,Poorly-Lit,40
MMTI-2025-16836,Paranaque,Truck,Hit and Run,3.0,,40.0,Male,0,1116233.77,Heavy,Well-Lit,60
MMTI-2025-12705,Quezon,Car,Rear-end,Risk Level 3,Cloudy,48.0,Male,0,503071.1,Heavy,Well-Lit,60
MMTI-2025-13161,Quezon,Car,Head-on,3.0,Stormy,41.0,Male,0,77777777,Heavy,Well-Lit,80 kph
MMTI-2025-06898,Muntinlupa,SUV/Van,Hit and Run,2,Clear,49.0,Male,0,57252.71,Heavy,Lit,60
MMTI-2025-05667,Quezon,SUV/Van,Rear-end,Risk Level 4,Rainy,53.0,Male,3,667442.79,Heavy,Well-Lit,40
MMTI-2025-02235,Pasig,Motorcycle,Side-swipe,3.0,Clear,72.0,Female,0,160269.91,Heavy,Well-Lit,60 kph
MMTI-2025-17766,Mandaluyong,Car,Hit and Run,3,Clear,51.0,Male,0,77466.57,Moderate,POOR,60
MMTI-2025-04776,Makati,Motorcycle,Rear-end,2,Cloudy,53.0,Male,1,221499.06,Moderate,Poorly-Lit,60
MMTI-2025-06438,Pasay,Car,Hit and Run,2,Clear,31.0,Male,0,50222.31,Moderate,Well-Lit,60
MMTI-2025-15017,Makati,Car,Rear-end,Risk Level 3,Cloudy,48.0,Male,0,231900.17,Moderate,Well-Lit,80 km/h
MMTI-2025-21754,Quezon,SUV/Van,Rear-end,3,Rainy,47.0,Male,0,795138.82,Moderate,Well-Lit,60
MMTI-2025-08084,Quezon,Truck,Hit and Run,3.0,Cloudy,17.0,Male,0,"PHP 517,853.96",Heavy,Well-Lit,80 kph
MMTI-2025-01828,Mandaluyong,SUV/Van,Hit and Run,Risk Level 3,Clear,25.0,Female,0,79624.49,Moderate,Poorly-Lit,30
MMTI-2025-14233,Quezon,SUV/Van,Side-swipe,Risk Level 3,Rainy,22.0,Female,0,900452.04,Moderate,Poorly-Lit,30
MMTI-2025-04841,Quezon,Car,Side-swipe,3,Cloudy,23.0,Male,0,537867.71,Heavy,Well-Lit,40 km/h
MMTI-2025-02556,,SUV/Van,Head-on,3.0,Rain,37.0,Male,0,381189.39,Heavy,No Lights,100
MMTI-2025-05272,Quezon,Car,Side-swipe,6,Stormy,45.0,Male,2,"PHP 1,949,464.93",Moderate,Well-Lit,30
MMTI-2025-17130,Quezon,Car,Head-on,,Clear,55.0,Female,0,29119.66,Moderate,Well-Lit,60
MMTI-2025-18381,Paranaque,Car,Side-swipe,3,Clear,25.0,M,0,107828.01,Light,Unlit,60
MMTI-2025-00087,Marikina,Car,Head-on,3.0,Clear,36.0,F,0,65479.1,Heavy,Well-Lit,80
MMTI-2025-09421,Taguig,Truck,Rear-end,3.0,Cloudy,17.0,Male,0,340520.4,Heavy,Unlit,40
MMTI-2025-01731,Paranaque,Jeepney,Head-on,,Cloudy,50.0,Male,1,35899.78,Moderate,Poorly-Lit,60
MMTI-2025-06885,Quezon,Motorcycle,Hit and Run,3,Rainy,38.0,Male,0,859709.75,Heavy,Well-Lit,100
MMTI-2025-12274, pasig,SUV/Van,Hit and Run,4,Clear,,Male,4,101468.63,Moderate,Poorly-Lit,80 kph
MMTI-2025-17796,Manila,Car,Hit and Run,3,Clear,53.0,Male,0,,Heavy,Well-Lit,60
MMTI-2025-08299,,Motorcycle,Hit and Run,Risk Level 3,Clear,23.0,Male,0,23803.3,Heavy,Poorly-Lit,60
MMTI-2025-14330,Marikina,,Head-on,2,Clear,46.0,F,0,27380.26,Heavy,Poorly-Lit,60
MMTI-2025-11393,Mandaluyong,Car,Side-swipe,3.0,Clear,32.0,Female,0,"PHP 79,274.46",Heavy,Well-Lit,30 kph
MMTI-2025-13643,Quezon,Car,Hit and Run,3.0,Rainy,24.0,Male,0,679.4k,Heavy,Well-Lit,80
MMTI-2025-06938,Manila,Motorcycle,Side-swipe,2.0,Clear,37.0,Male,0,,Light,Poorly-Lit,40
MMTI-2025-15958,Makati,Bus,Head-on,3,Rain,,Male,0,527398.92,Heavy,Poorly-Lit,60
MMTI-2025-13255,Muntinlupa,Truck,Head-on,3,Rain,38.0,Male,0,,Moderate,Well-Lit,80
MMTI-2025-17215,Marikina,SUV/Van,Hit and Run,3,,41.0,Male,0,,MODERATE,Poorly-Lit,80
MMTI-2025-19448,Pasay,Car,Rear-end,3,Clear,51.0,male,0,48341.77,Moderate,Well-Lit,60
MMTI-2025-11915,Taguig,Jeepney,Rear-end,6,Rain,53.0,female ,1,,Heavy,Well-Lit,30 km/h
MMTI-2025-23463,,Jeepney,Rear-end,1,Clear,23.0,Male,0,30908.66,Moderate,Poorly-Lit,60
MMTI-2025-15075,Taguig,Car,Hit and Run,3.0,Cloudy,49.0,Female,0,297554.42,Heavy,Poorly-Lit,60 km/h
MMTI-2025-20092,Navotas,,Head-on,Risk Level 3,Clear,49.0,Male,0,"PHP 68,677.72",Heavy,Well-Lit,100 km/h
MMTI-2025-13685,Quezon,Motorcycle,Head-on,3,Rainy,52.0,Male,0,1095091.15,Heavy,Lit,60
MMTI-2025-03718,Quezon,Motorcycle,Side-swipe,3,Rainy,39.0,Male,0,726463.65,Heavy,Well-Lit,40
MMTI-2025-14601,Quezon,Car,Hit and Run,3,Cloudy,28.0,Male,0,462908.53,Moderate,Well-Lit,80 kph
MMTI-2025-05135,Quezon,Car,Side-swipe,4,Cloudy,44.0,Female,3,"PHP 437,528.90",Heavy,Poorly-Lit,60
MMTI-2025-20978,Navotas,Jeepney,Rear-end,,Clear,64.0,Male,0,19896.88,Heavy,Poorly-Lit,60
MMTI-2025-12710,Quezon,Jeepney,Rear-end,3,,40.0,Male,0,84269.93,Moderate,Poorly-Lit,80
MMTI-2025-07928,Mandaluyong,Car,Head-on,Risk Level 3,Clear,31.0,Male,0,75856.76,Heavy,Well-Lit,60
MMTI-2025-06137,Mandaluyong,Car,Head-on,3,Clear,62.0,Male,0,77573.67,Moderate,Lit,60 km/h
MMTI-2025-05923,Quezon,SUV/Van,Head-on,3.0,Rainy,17.0,Male,0,1658785.36,Moderate,Well-Lit,40
MMTI-2025-08095,Pasay,Car,Side-swipe,3,Clear,18.0,Male,0,151920.65,,Poorly-Lit,60 km/h
MMTI-2025-03117,Pasig,Car,Head-on,2,Clear,42.0,female ,0,154979.25,Heavy,Well-Lit,60
MMTI-2025-23323,Makati,Car,Side-swipe,3.0,Cloudy,48.0,Male,0,216988.18,Light,Well-Lit,80
MMTI-2025-19507,Quezon,Motorcycle,Rear-end,Risk Level 3,Cloudy,42.0,Female,0,"PHP 403,174.75",Heavy,Well-Lit,60
MMTI-2025-05106,Quezon,,Head-on,,Clear,33.0,Male,0,40067.55,Light,Poorly-Lit,60
MMTI-2025-09840,Quezon,Bus,Head-on,,Clear,48.0,Male,0,190740.73,,Poorly-Lit,60
MMTI-2025-13306,Mandaluyong,Car,Rear-end,3.0,Clear,38.0,Male,0,"PHP 79,978.18",Heavy,Unlit,40
MMTI-2025-04528,Makati,Truck,Head-on,3.0,Clear,32.0,Male,0,979483.23,,No Lights,60
MMTI-2025-22411,Caloocan,Truck,Hit and Run,1,Clear,44.0,Male,0,42732.63,Moderate,Well-Lit,30
MMTI-2025-05909,Quezon,Car,Hit and Run,3,Rainy,41.0,Female,0,856619.0,HEAVY,Poorly-Lit,60
MMTI-2025-13820,Paranaque,Car,Hit and Run,3,Clear,35.0,Male,0,122891.54,Heavy,Lit,60
MMTI-2025-06536,Quezon,SUV/Van,Head-on,3.0,Cloudy,17.0,Male,0,449710.84,Heavy,Well-Lit,60
MMTI-2025-03986,MANILA ,SUV/Van,Hit and Run,3,Clear,,Male,0,103942.44,Moderate,Unlit,60
MMTI-2025-00983,Quezon,Truck,Head-on,3,Rainy,64.0,Male,0,809262.61,Heavy,Well-Lit,40
MMTI-2025-22403,Quezon,SUV/Van,Rear-end,3,Rainy,27.0,Male,0,864088.41,Moderate,dark,60
MMTI-2025-03756,Makati,Bus,Rear-end,Risk Level 3,Clear,,Male,0,,Heavy,Poorly-Lit,80
MMTI-2025-12020,Makati,Truck,Side-swipe,3,Cloudy,40.0,Female,0,231373.06,Moderate,Unlit,100
MMTI-2025-13474, marikina,Car,Side-swipe,4.0,Clear,24.0,Male,2,,Light,Well-Lit,60
MMTI-2025-12073, caloocan,SUV/Van,Rear-end,3,Clear,62.0,Male,0,,Moderate,dark,60 kph
MMTI-2025-07563,Quezon,Car,Rear-end,Risk Level 3,Rainy,32.0,Male,0,1060350.63,Heavy,Well-Lit,80
MMTI-2025-20374, manila ,,Head-on,6,Rain,32.0,Male,3,"PHP 394,332.11",Heavy,Poorly-Lit,60 kph
MMTI-2025-16728,Paranaque,SUV/Van,Side-swipe,Risk Level 6,Clear,33.0,Male,2,105761.21,Moderate,Unlit,80 km/h
MMTI-2025-21495,,Truck,Head-on,,Clear,42.0,Male,0,584556.09,Moderate,Well-Lit,30
MMTI-2025-16087,PARANAQUE ,,Rear-end,Risk Level 3,Clear,53.0,Male,0,162171.29,Heavy,Well-Lit,60
MMTI-2025-12487,Taguig,Car,Rear-end,3,Cloudy,30.0,Unknown,0,294215.84,Light,Well-Lit,80 km/h
MMTI-2025-23103,Marikina,SUV/Van,Rear-end,3,Clear,31.0,male,0,65226.51,Heavy,Well-Lit,40
MMTI-2025-16512,Paranaque,Car,Hit and Run,3.0,Clear,25.0,Male,0,119999.23,Heavy,Well-Lit,40 km/h
MMTI-2025-21481,Paranaque,Car,Head-on,3,Clear,47.0,Male,0,110694.27,Heavy,Poorly-Lit,60
MMTI-2025-09037,Quezon,SUV/Van,Hit and Run,Risk Level 3,Rainy,56.0,Male,0,825471.95,Heavy,Lit,40
MMTI-2025-20290,Quezon,Truck,Hit and Run,Risk Level 3,Clear,,Male,0,755345.83,Moderate,Well-Lit,40
MMTI-2025-09456,Quezon,Car,Head-on,3,Cloudy,42.0,Female,0,438152.76,Moderate,Well-Lit,60
MMTI-2025-22802,,Bus,Side-swipe,3.0,Clear,38.0,Male,0,,Heavy,Well-Lit,60
MMTI-2025-17466,Makati,,Hit and Run,3,Clear,46.0,Male,0,,Moderate,Poorly-Lit,100 km/h
MMTI-2025-13880,Quezon,Car,Hit and Run,9.0,Stormy,51.0,Male,3,2346605.21,Heavy,Poorly-Lit,60
MMTI-2025-02273,Pasig,Jeepney,Head-on,,Rain,34.0,Male,0,47627.5,Light,dark,60
MMTI-2025-13869,Quezon,Motorcycle,Hit and Run,3.0,Cloudy,32.0,female ,0,352079.68,Light,Well-Lit,60 km/h
MMTI-2025-14124,Manila,Motorcycle,Rear-end,6.0,Cloudy,38.0,Male,2,171239.34,Moderate,well lit,40
MMTI-2025-09137,Taguig,Motorcycle,Head-on,3,Cloudy,29.0,Male,0,285339.82,Heavy,Poorly-Lit,40
MMTI-2025-14766,Manila,Motorcycle,Rear-end,3.0,Cloudy,50.0,Female,0,200.6k,Heavy,Well-Lit,60
MMTI-2025-04579, pasig,,Hit and Run,6.0,Rain,35.0,Male,2,118788.54,Heavy,Well-Lit,60 kph
MMTI-2025-05641,Quezon,Car,Side-swipe,Risk Level 3,Cloudy,39.0,Unknown,0,533391.65,Heavy,Poorly-Lit,60
MMTI-2025-20772,Quezon,Car,Rear-end,3.0,Rainy,58.0,Male,0,1695.0k,HEAVY,Well-Lit,40
MMTI-2025-09263,Quezon,Truck,Hit and Run,3.0,Cloudy,37.0,Male,0,,Heavy,Poorly-Lit,80 km/h
MMTI-2025-05573,Muntinlupa,Car,Head-on,6.0,Clear,44.0,Male,3,56938.61,MODERATE,Unlit,30
MMTI-2025-17429,Quezon,Motorcycle,Head-on,3,Cloudy,26.0,Male,0,405642.77,Heavy,Well-Lit,60
MMTI-2025-06519,Pasig,Jeepney,Side-swipe,2,Clear,48.0,Male,0,,Heavy,Poorly-Lit,60
MMTI-2025-18579,,Car,Side-swipe,3,Rain,69.0,Female,0,"PHP 183,017.09",Heavy,Well-Lit,60
MMTI-2025-18571,Paranaque,Car,Rear-end,3,Clear,44.0,Male,0,106715.85,MODERATE,Poorly-Lit,60 km/h