Incident_ID,City,Vehicle_Type,Accident_Type,Severity,Weather_Condition,Driver_Age,Driver_Gender,Injury_Count,Damage_Cost_PHP,Traffic_Volume,Road_Lighting,Speed_Limit
MMTI-2025-08598,Quezon,,Head-on,6.0,Clear,32.0,Female,3,,Moderate,Poorly-Lit,60
MMTI-2025-21315,Manila,,Hit and Run,Risk Level 3,Rain,39.0,Male,0,115687.78,Heavy,Well-Lit,30 kph
MMTI-2025-22061,,Jeepney,Head-on,3,Clear,40.0,Male,0,18124.04,Heavy,Well-Lit,100
MMTI-2025-14603,Muntinlupa,Motorcycle,Side-swipe,6,Clear,43.0,Female,1,"PHP 51,779.09",Moderate,Well-Lit,40
MMTI-2025-22931,Quezon,Motorcycle,Head-on,6,Rainy,40.0,Male,4,1161749.32,Moderate,Well-Lit,60 km/h
MMTI-2025-00574,Quezon,Jeepney,Head-on,Risk Level 3,,30.0,Male,0,63951.48,Moderate,Poorly-Lit,60
MMTI-2025-16460,,Truck,Side-swipe,1,Clear,49.0,M,0,374062.14,Moderate,Well-Lit,30 km/h
MMTI-2025-16478,Makati,Truck,Head-on,Risk Level 3,Cloudy,17.0,Male,0,255172.73,Heavy,Well-Lit,60
MMTI-2025-00262,Paranaque,Car,Side-swipe,9,Clear,52.0,Male,1,106920.36,Heavy,Well-Lit,60
MMTI-2025-12214,,Car,Head-on,3.0,Clear,33.0,Male,0,135484.66,HEAVY,No Lights,60
MMTI-2025-22030,Quezon,Jeepney,Hit and Run,2,Cloudy,48.0,Male,0,463702.39,Moderate,well lit,40
MMTI-2025-06322,,SUV/Van,Head-on,3.0,Rain,28.0,Male,0,101337.95,Heavy,Well-Lit,40 kph
MMTI-2025-03592,Quezon,Truck,Side-swipe,3.0,Rainy,22.0,Male,0,729277.42,HEAVY,Poorly-Lit,60
MMTI-2025-14089,Quezon,Car,Hit and Run,3.0,Cloudy,36.0,Male,0,359957.91,Heavy,Unlit,40
MMTI-2025-19645,Pasay,Motorcycle,Rear-end,3,Clear,47.0,Male,0,47465.22,Heavy,Poorly-Lit,60
MMTI-2025-14886,Manila,Truck,Side-swipe,3,Cloudy,37.0,Male,0,199836.69,Moderate,Poorly-Lit,40 km/h
MMTI-2025-07694,Quezon,Car,Head-on,3,Rainy,44.0,Male,0,1147704.37,Moderate,Poorly-Lit,80
MMTI-2025-02592,Manila,SUV/Van,Side-swipe,6.0,Clear,42.0,Male,4,995915.62,,Poorly-Lit,30
MMTI-2025-21123, pasig,Truck,Side-swipe,Risk Level 3,Clear,36.0,Male,0,,HEAVY,Well-Lit,40 km/h
MMTI-2025-16741,Manila,SUV/Van,Head-on,2.0,Cloudy,49.0,Male,0,197759.21,Light,Well-Lit,60
MMTI-2025-03518,Taguig,Car,Side-swipe,2,Cloudy,41.0,Male,0,333451.22,Heavy,Well-Lit,40
MMTI-2025-00590,Quezon,Car,Head-on,3,Rainy,17.0,Male,0,1268.3k,MODERATE,Well-Lit,40
MMTI-2025-05869,Quezon,Car,Rear-end,3.0,Rainy,17.0,Female,0,1197527.84,Light,Well-Lit,30
MMTI-2025-18850,Quezon,Car,Rear-end,3,Cloudy,36.0,Male,0,618757.77,Moderate,Poorly-Lit,60 km/h
MMTI-2025-15321,Manila,SUV/Van,Side-swipe,Risk Level 1,Clear,47.0,Male,0,88996.54,,Lit,40
MMTI-2025-02440,Quezon,SUV/Van,Hit and Run,3.0,,44.0,Female,0,"PHP 233,403.51",,Well-Lit,80
MMTI-2025-21161,Quezon,Car,Head-on,3,Rainy,31.0,Male,0,"PHP 1,464,364.59",Moderate,Well-Lit,60
MMTI-2025-20550,Quezon,Car,Rear-end,3.0,Stormy,47.0,Male,0,1991137.98,Heavy,POOR,60 km/h
MMTI-2025-11613,Valenzuela,Truck,Side-swipe,3,,40.0,Male,0,,Heavy,Poorly-Lit,60 km/h
MMTI-2025-01530,Makati,,Rear-end,3,Rain,43.0,female ,0,"PHP 58,221.68",Heavy,Well-Lit,60
MMTI-2025-15178,Manila,,Hit and Run,3.0,Clear,17.0,Female,0,194647.45,Moderate,Poorly-Lit,30 km/h
MMTI-2025-01108,QUEZON ,,Rear-end,3.0,Clear,36.0,Male,0,106450.54,Moderate,Poorly-Lit,60
MMTI-2025-13622,Muntinlupa,,Side-swipe,Risk Level 3,Clear,45.0,Male,0,,Light,Well-Lit,60 km/h
MMTI-2025-19013,Manila,Car,Hit and Run,3,Clear,,Male,0,-500,Heavy,POOR,60
MMTI-2025-04632,Quezon,SUV/Van,Hit and Run,Risk Level 3,Rainy,41.0,Male,0,744490.19,Heavy,dark,60
MMTI-2025-18605,Marikina,Jeepney,Rear-end,6.0,Clear,30.0,Female,3,67003.26,LIGHT,Poorly-Lit,30
MMTI-2025-20133,Quezon,,Rear-end,2,Clear,32.0,Female,0,73936.7,Heavy,Well-Lit,80 km/h
MMTI-2025-02853,,Truck,Rear-end,6,Rain,24.0,Male,3,,Heavy,Well-Lit,60 km/h
MMTI-2025-15938,Paranaque,Motorcycle,Hit and Run,3,Clear,41.0,Male,0,99829.39,Light,Poorly-Lit,60 km/h
MMTI-2025-22245,Las Pinas,Jeepney,Side-swipe,3,Clear,-10.0,Unknown,0,88074.98,,Unlit,60
MMTI-2025-07321,Valenzuela,Motorcycle,Head-on,3.0,Clear,31.0,Male,0,,Heavy,Poorly-Lit,30
MMTI-2025-05673,Makati,Car,Side-swipe,3,Cloudy,28.0,Male,0,253401.11,Heavy,Poorly-Lit,30 kph
MMTI-2025-07212,,Jeepney,Hit and Run,3,Rain,45.0,Male,0,47217.64,HEAVY,Well-Lit,60 kph
MMTI-2025-04477,Quezon,Car,Rear-end,3,Rainy,46.0,Male,0,698881.51,Heavy,Well-Lit,40
MMTI-2025-21282,Quezon,Truck,Head-on,3.0,,33.0,Male,0,730154.09,Light,Well-Lit,60
MMTI-2025-07785,Pasay,Car,Side-swipe,3.0,Clear,31.0,Male,0,"PHP 45,749.78",Heavy,Lit,80 km/h
MMTI-2025-23182,Makati,SUV/Van,Rear-end,1,Clear,35.0,Male,0,56169.84,,No Lights,60 km/h
MMTI-2025-20778,Paranaque,Motorcycle,Side-swipe,Risk Level 3,Clear,51.0,Male,0,100342.23,Heavy,Well-Lit,60
MMTI-2025-16796,Mandaluyong,Motorcycle,Hit and Run,3,Rain,43.0,Male,0,,Heavy,Poorly-Lit,60 km/h
MMTI-2025-09525,Manila,Motorcycle,Hit and Run,2.0,Clear,44.0,Male,0,12745.18,,Well-Lit,60
MMTI-2025-02391,Makati,Car,Side-swipe,3,Cloudy,50.0,Female,0,263862.37,Light,Well-Lit,60 km/h
MMTI-2025-01843,MANILA ,Motorcycle,Rear-end,,,27.0,Male,0,18597.33,Heavy,well lit,60 km/h
MMTI-2025-12090,Marikina,Car,Head-on,2,Clear,19.0,Male,0,65740.42,Heavy,POOR,60 km/h
MMTI-2025-00170,Quezon,Car,Rear-end,3.0,Rainy,34.0,Male,0,1614860.85,Moderate,Poorly-Lit,100
MMTI-2025-14481,,Jeepney,Rear-end,2.0,Cloudy,28.0,Female,0,19430.16,Heavy,Poorly-Lit,30
MMTI-2025-19220,Quezon,Car,Hit and Run,3,Rainy,37.0,Male,0,1108851.23,Heavy,Well-Lit,60
MMTI-2025-03526,Caloocan,Car,Rear-end,2,Clear,24.0,Male,0,,Light,Well-Lit,40
MMTI-2025-09616,Mandaluyong,Truck,Hit and Run,3.0,Clear,38.0,Male,0,,Heavy,Well-Lit,100
MMTI-2025-06466,Makati,SUV/Van,Rear-end,3.0,Cloudy,31.0,Male,0,241797.17,Heavy,Well-Lit,30
MMTI-2025-12813,Las Pinas,,Side-swipe,2,Clear,39.0,F,4,19089.22,Heavy,Poorly-Lit,60
MMTI-2025-05855,Taguig,Jeepney,Side-swipe,Risk Level 3,Rain,,Female,0,,,Well-Lit,80 km/h
MMTI-2025-01262,Pasig,Car,Side-swipe,6,Clear,30.0,Female,4,130.9k,Heavy,Well-Lit,40 kph
MMTI-2025-11291,Quezon,Car,Head-on,3,Rainy,38.0,Male,0,757993.75,Heavy,Well-Lit,40
MMTI-2025-09006,Pasig,SUV/Van,Side-swipe,Risk Level 2,,38.0,Female,0,92189.63,Heavy,Poorly-Lit,80 kph
MMTI-2025-23446,Quezon,Motorcycle,Hit and Run,3.0,Rain,,Male,0,"PHP 11,475.46",Heavy,Well-Lit,100
MMTI-2025-06017,MAKATI ,Motorcycle,Hit and Run,,Clear,22.0,Female,0,14423.67,Heavy,Lit,60
MMTI-2025-06461,Quezon,Motorcycle,Rear-end,4.0,Clear,28.0,Male,4,64811.76,,Well-Lit,100
MMTI-2025-10074,Pasig,Motorcycle,Rear-end,2,,49.0,Male,0,"PHP 20,847.84",Heavy,POOR,40
MMTI-2025-00951,Quezon,,Head-on,3.0,Cloudy,36.0,Male,0,103888.43,Moderate,Well-Lit,60 km/h
MMTI-2025-21851,Mandaluyong,,Head-on,3,Clear,49.0,Male,0,70914.81,Heavy,Well-Lit,80
MMTI-2025-12666,Manila,Motorcycle,Rear-end,,Rain,,Male,0,6912.21,Heavy,Unlit,60
MMTI-2025-16843,Las Pinas,Car,Side-swipe,Risk Level 3,Clear,17.0,Male,0,89475.68,Moderate,Well-Lit,100
MMTI-2025-14782,Paranaque,Car,Side-swipe,Risk Level 9,Clear,28.0,female ,1,114439.91,Moderate,Unlit,40
MMTI-2025-07696,Quezon,Jeepney,Rear-end,3,Stormy,29.0,Female,0,1843940.59,Light,Well-Lit,60
MMTI-2025-18920,Quezon,Car,Head-on,3.0,Cloudy,36.0,Male,0,399651.71,Heavy,No Lights,30 km/h
MMTI-2025-17464,Quezon,Motorcycle,Rear-end,3.0,Cloudy,42.0,Male,0,581255.49,Heavy,Well-Lit,60 km/h
MMTI-2025-01464,Muntinlupa,Motorcycle,Head-on,3,Clear,59.0,Male,0,57319.43,Heavy,Well-Lit,40
MMTI-2025-13439,Quezon,Car,Side-swipe,3,Cloudy,31.0,Male,0,479271.39,Heavy,Poorly-Lit,60
MMTI-2025-07939,Quezon,Car,Rear-end,3.0,Cloudy,33.0,Male,0,387664.1,Light,Well-Lit,60
MMTI-2025-02255,Las Pinas,Car,Hit and Run,3.0,Clear,52.0,Male,0,90266.63,Heavy,Well-Lit,60
MMTI-2025-21512,Quezon,,Rear-end,6,Clear,26.0,Male,4,270564.78,Heavy,well lit,60 kph
MMTI-2025-04748,Paranaque,Truck,Hit and Run,,Clear,28.0,Male,0,443953.94,Heavy,Well-Lit,60 km/h
MMTI-2025-20911,Quezon,Jeepney,Rear-end,3,Cloudy,28.0,Female,0,385137.18,Heavy,Well-Lit,60
MMTI-2025-01697, makati,Truck,Hit and Run,3,Clear,32.0,Male,0,,Light,Well-Lit,80
MMTI-2025-03021,Taguig,Car,Side-swipe,2,Cloudy,47.0,Male,0,292123.78,Moderate,Poorly-Lit,60
MMTI-2025-08135,Makati,Motorcycle,Head-on,3,Cloudy,40.0,Male,0,257102.72,Moderate,POOR,60 km/h
MMTI-2025-20130,Pasig,Car,Rear-end,2,Clear,34.0,Female,0,130881.63,Moderate,Well-Lit,80
MMTI-2025-11591,Quezon,Motorcycle,Head-on,Risk Level 6,Rain,33.0,Male,4,80273.06,,Well-Lit,80 km/h
MMTI-2025-06087,Quezon,Bus,Side-swipe,3,Storm,27.0,Male,0,"PHP 888,757.79",,Lit,40
MMTI-2025-03161,Taguig,Motorcycle,Head-on,3,Cloudy,41.0,Male,0,345219.65,Heavy,Poorly-Lit,60
MMTI-2025-05608,Marikina,Truck,Side-swipe,3,Cloudy,,F,0,1070328.26,Heavy,Poorly-Lit,40
MMTI-2025-09136,Taguig,Car,Hit and Run,3.0,Cloudy,51.0,Female,0,284516.19,Moderate,Well-Lit,60 km/h
MMTI-2025-10576,,Motorcycle,Hit and Run,2,,57.0,Male,0,20558.49,Moderate,Poorly-Lit,30
MMTI-2025-16819,Mandaluyong,Car,Rear-end,Risk Level 2,Clear,30.0,Male,0,69414.51,Moderate,Poorly-Lit,60
MMTI-2025-10531,Muntinlupa,Car,Hit and Run,Risk Level 3,Clear,29.0,Male,0,53410.65,Heavy,dark,100
MMTI-2025-10173,Taguig,Truck,Head-on,3,Storm,40.0,Female,0,,Heavy,No Lights,40
MMTI-2025-21713,Quezon,Car,Side-swipe,3,Rainy,42.0,Male,0,1182427.93,Heavy,POOR,80 kph
MMTI-2025-08525,Quezon,Bus,Head-on,9,Clear,,Male,2,904785.52,Heavy,Well-Lit,40
MMTI-2025-01706,Manila,Car,Side-swipe,Risk Level 2,Rain,55.0,Female,0,,Moderate,Unlit,80
MMTI-2025-15028,Makati,,Hit and Run,2.0,Rain,39.0,Male,0,19322.15,Light,Unlit,60
MMTI-2025-05176, quezon,Motorcycle,Hit and Run,,Clear,44.0,Female,0,16285.4,Moderate,Well-Lit,80
MMTI-2025-14970,Caloocan,SUV/Van,Head-on,,Clear,46.0,Male,0,122206.17,Light,Poorly-Lit,60
MMTI-2025-00020, marikina,Jeepney,Rear-end,,Cloudy,,Male,0,28126.55,HEAVY,dark,80
MMTI-2025-11498,Pasay,Car,Side-swipe,3,Clear,26.0,Female,4,50195.66,Light,Well-Lit,40
MMTI-2025-16457, las pinas,SUV/Van,Hit and Run,,Clear,60.0,Male,0,92786.29,Heavy,Well-Lit,30
MMTI-2025-11232,Manila,Car,Head-on,3,Cloudy,32.0,Female,0,195491.5,Moderate,Poorly-Lit,100 km/h
MMTI-2025-14051,Manila,Truck,Side-swipe,3,Cloudy,59.0,Male,0,209203.33,Heavy,Well-Lit,60
MMTI-2025-21025,Taguig,Car,Head-on,Risk Level 3,Cloudy,41.0,F,0,270253.71,HEAVY,Well-Lit,60
MMTI-2025-13662,Mandaluyong,Motorcycle,Hit and Run,3.0,Clear,39.0,Male,0,79381.73,Moderate,Poorly-Lit,80
MMTI-2025-13295,Quezon,Jeepney,Head-on,3,Rainy,49.0,Male,0,740673.62,Heavy,Well-Lit,60 km/h
MMTI-2025-16774,Valenzuela,Car,Hit and Run,,Clear,25.0,Male,0,43444.39,HEAVY,Lit,60 kph
MMTI-2025-10575,Quezon,Car,Side-swipe,3,Cloudy,20.0,Male,0,521189.89,Heavy,dark,60 kph
MMTI-2025-17129,Quezon,Car,Side-swipe,Risk Level 3,Rainy,33.0,Female,0,642656.89,HEAVY,Poorly-Lit,60
MMTI-2025-06125,Muntinlupa,Jeepney,Side-swipe,Risk Level 6,Clear,26.0,Male,3,"PHP 56,032.99",Heavy,Well-Lit,40
MMTI-2025-19583,Marikina,Motorcycle,Side-swipe,2.0,Clear,42.0,Male,0,63768.71,Moderate,Poorly-Lit,60
MMTI-2025-15517,Las Pinas,Car,Rear-end,3,Clear,19.0,Female,0,93341.93,Heavy,POOR,60 kph
MMTI-2025-09500,Quezon,Jeepney,Head-on,3.0,Cloudy,44.0,Male,0,570477.96,Heavy,Poorly-Lit,80
MMTI-2025-09008,Makati,Car,Rear-end,3.0,Cloudy,57.0,Male,0,232856.32,Heavy,Poorly-Lit,60
MMTI-2025-20899,Taguig,SUV/Van,Rear-end,3.0,Cloudy,29.0,Female,0,273277.18,Moderate,Poorly-Lit,30
MMTI-2025-20199,,SUV/Van,Rear-end,3,Rain,40.0,Male,0,130632.8,Heavy,Poorly-Lit,30
MMTI-2025-04427,Quezon,Car,Head-on,6,Rainy,29.0,Male,2,805327.63,Heavy,Well-Lit,60
MMTI-2025-19865,,SUV/Van,Rear-end,Risk Level 3,Rain,54.0,Male,0,426700.12,Heavy,Poorly-Lit,60
MMTI-2025-15208,Quezon,Truck,Side-swipe,3,Cloudy,40.0,Male,0,"PHP 384,091.19",Heavy,Well-Lit,30 km/h
MMTI-2025-13703,Makati,Car,Rear-end,3,Cloudy,49.0,Male,0,241327.92,Heavy,Well-Lit,80 kph
MMTI-2025-00270,Quezon,SUV/Van,Side-swipe,Risk Level 6,,56.0,Male,2,1045322.61,Heavy,well lit,60
MMTI-2025-10834,Taguig,SUV/Van,Rear-end,3.0,Cloudy,33.0,Female,0,328816.41,Heavy,Unlit,40
MMTI-2025-02631,,Truck,Hit and Run,Risk Level 3,Clear,39.0,Male,0,1407311.96,Heavy,Poorly-Lit,80
MMTI-2025-03390,Marikina,Motorcycle,Rear-end,2,Clear,17.0,Male,0,59809.77,Moderate,Well-Lit,30
MMTI-2025-20051,Manila,Jeepney,Hit and Run,,Clear,35.0,Male,0,34760.44,Heavy,Well-Lit,60
MMTI-2025-01881,Las Pinas,Motorcycle,Hit and Run,Risk Level 3,Clear,46.0,Male,0,93785.2,Heavy,Well-Lit,40
MMTI-2025-11766,Manila,Car,Hit and Run,3,Cloudy,51.0,Male,0,"PHP 193,652.94",HEAVY,Well-Lit,60 km/h
MMTI-2025-11272,Caloocan,,Hit and Run,6.0,Clear,52.0,M,1,358965.53,Heavy,Well-Lit,80
MMTI-2025-15082,Mandaluyong,Motorcycle,Side-swipe,,Clear,30.0,Female,0,13486.89,Moderate,Poorly-Lit,60
MMTI-2025-18618,Pasig,Jeepney,Hit and Run,3,Clear,58.0,Female,0,131704.79,Moderate,Poorly-Lit,30
MMTI-2025-12320,Makati,Motorcycle,Side-swipe,3,Cloudy,48.0,Female,0,220086.29,MODERATE,Well-Lit,80
MMTI-2025-22015,Manila,Bus,Hit and Run,9.0,Clear,21.0,Female,4,2154010.15,,Lit,60 kph
MMTI-2025-06373,Paranaque,Motorcycle,Hit and Run,3,Clear,48.0,Female,0,118.7k,Heavy,Lit,60
MMTI-2025-07079,,Motorcycle,Side-swipe,3,Clear,45.0,Female,0,6276.65,Moderate,Well-Lit,60
MMTI-2025-00163,Quezon,Truck,Hit and Run,6.0,Cloudy,35.0,Male,2,407882.49,Heavy,Well-Lit,80 km/h
MMTI-2025-12717,Las Pinas,Car,Head-on,Risk Level 6,Clear,66.0,Male,3,83130.84,Moderate,Unlit,40
MMTI-2025-08601,Quezon,Jeepney,Side-swipe,Risk Level 3,Rainy,39.0,Female,0,836568.5,Heavy,Poorly-Lit,60 kph
MMTI-2025-13860,,,Head-on,3,Clear,38.0,Male,0,"PHP 218,978.73",MODERATE,Unlit,80
MMTI-2025-14688,Taguig,Jeepney,Head-on,3,Clear,,Male,0,85912.21,Heavy,Poorly-Lit,60
MMTI-2025-02567,Mandaluyong,Jeepney,Rear-end,3,,27.0,Male,0,55325.45,Moderate,Well-Lit,100 km/h
MMTI-2025-02874,Quezon,Car,Hit and Run,Risk Level 3,Cloudy,30.0,Male,0,407695.2,Heavy,Well-Lit,30
MMTI-2025-14324,Marikina,Bus,Head-on,2.0,Cloudy,46.0,Male,0,68317.27,,Poorly-Lit,80
MMTI-2025-00066,Paranaque,Car,Rear-end,3,Clear,50.0,Female,0,114551.67,Moderate,Well-Lit,60 km/h
MMTI-2025-13572,Quezon,SUV/Van,Hit and Run,6,Clear,33.0,Male,3,,,Well-Lit,80
MMTI-2025-13890,Quezon,SUV/Van,Head-on,Risk Level 3,,33.0,Female,0,266485.49,Heavy,Well-Lit,80
MMTI-2025-21160,Quezon,Car,Hit and Run,6,Stormy,24.0,Male,4,1840408.55,Moderate,Well-Lit,30
MMTI-2025-21989,Mandaluyong,Car,Side-swipe,Risk Level 3,Clear,34.0,Male,0,"PHP 80,475.30",Heavy,Poorly-Lit,30
MMTI-2025-20448,Las Pinas,Jeepney,Hit and Run,,Clear,38.0,Male,2,9.7k,Light,Well-Lit,60 kph
MMTI-2025-01442,,Motorcycle,Side-swipe,3.0,Rain,32.0,Female,0,43864.7,Heavy,Well-Lit,60
MMTI-2025-11210,Manila,Car,Head-on,3,Cloudy,45.0,Male,0,198394.34,MODERATE,Well-Lit,60
MMTI-2025-16721,Taguig,Bus,Rear-end,3,,49.0,Female,0,479104.45,Heavy,Poorly-Lit,40
MMTI-2025-02422,Quezon,Car,Rear-end,Risk Level 3,Cloudy,40.0,Male,0,394420.16,Heavy,Well-Lit,60
MMTI-2025-05127,Mandaluyong,Truck,Rear-end,1,Clear,29.0,Female,0,"PHP 75,858.34",Moderate,Poorly-Lit,30
MMTI-2025-10994,Caloocan,Motorcycle,Hit and Run,Risk Level 6,Clear,61.0,Female,3,"PHP 41,398.30",Light,Poorly-Lit,60
MMTI-2025-12399,Taguig,Motorcycle,Side-swipe,,Clear,57.0,Male,0,8235.34,Moderate,Unlit,40 km/h
MMTI-2025-19738,Quezon,Car,Rear-end,Risk Level 3,Stormy,18.0,Female,0,2047263.64,Heavy,Well-Lit,60
MMTI-2025-20290,Quezon,Truck,Hit and Run,Risk Level 3,Clear,,Male,0,755345.83,Moderate,Well-Lit,40
MMTI-2025-01990,Manila,,Head-on,Risk Level 3,,38.0,female ,0,"PHP 137,965.07",Heavy,Well-Lit,40
MMTI-2025-17609,Caloocan,SUV/Van,Head-on,,Rain,38.0,Male,0,,Heavy,Well-Lit,60
MMTI-2025-20061,Quezon,Motorcycle,Side-swipe,3,Rainy,33.0,Unknown,0,1375434.34,Heavy,Well-Lit,40 kph
MMTI-2025-20314,Makati,Car,Rear-end,3,Cloudy,36.0,Female,0,248735.08,Moderate,well lit,80
MMTI-2025-01522,Paranaque,Motorcycle,Head-on,3,Clear,54.0,Male,0,114218.6,Heavy,Poorly-Lit,80
MMTI-2025-18454,Las Pinas,Jeepney,Rear-end,Risk Level 3,,32.0,Male,0,32931.92,Heavy,Poorly-Lit,60
MMTI-2025-16173, quezon ,SUV/Van,Hit and Run,3,Rain,,M,0,531550.65,Heavy,Poorly-Lit,30
MMTI-2025-00865,Manila,Jeepney,Rear-end,,Storm,58.0,Male,0,11082.96,Heavy,Well-Lit,40
MMTI-2025-01017,San Juan,SUV/Van,Head-on,3.0,Clear,30.0,F,0,39872.91,LIGHT,Lit,60
MMTI-2025-08844, manila,SUV/Van,Hit and Run,6,Rain,38.0,Female,1,,,Well-Lit,60
MMTI-2025-02651,Quezon,Jeepney,Head-on,,Clear,42.0,Male,0,35590.92,Heavy,Well-Lit,80
MMTI-2025-03823,Quezon,Motorcycle,Side-swipe,3,Rainy,50.0,Male,0,1357510.46,Heavy,Unlit,60
MMTI-2025-23482,Quezon,Car,Head-on,3.0,Rainy,21.0,Male,0,664666.12,Heavy,Well-Lit,40
MMTI-2025-14759,Quezon,Motorcycle,Side-swipe,3,Rainy,30.0,Male,0,1033494.57,Heavy,Well-Lit,60
MMTI-2025-14239,Mandaluyong,Car,Rear-end,3,Rain,,Male,0,167033.76,Heavy,Well-Lit,100 km/h
MMTI-2025-07302,Valenzuela,Truck,Head-on,3,,48.0,Male,0,1295854.58,Heavy,Well-Lit,40
MMTI-2025-22498,Quezon,Truck,Head-on,3,Clear,29.0,Male,0,1069565.45,,Unlit,80
MMTI-2025-00169,Quezon,Car,Hit and Run,3.0,Rainy,37.0,Male,0,1610161.45,Heavy,Lit,40 kph
MMTI-2025-00916,Marikina,Motorcycle,Head-on,,Clear,31.0,Male,0,"PHP 14,650.30",Heavy,Well-Lit,40
MMTI-2025-17168,Taguig,Motorcycle,Side-swipe,Risk Level 3,Clear,,Female,0,35404.8,Moderate,dark,30
MMTI-2025-19481,Quezon,Motorcycle,Side-swipe,6,Rainy,33.0,Male,1,664841.03,MODERATE,POOR,80
MMTI-2025-00812,Quezon,Truck,Hit and Run,3,Cloudy,47.0,Male,0,476801.54,Heavy,Poorly-Lit,60
MMTI-2025-18460,Paranaque,Car,Side-swipe,3,Clear,29.0,Male,0,108060.9,Moderate,Unlit,40 km/h
MMTI-2025-19899,Paranaque,Motorcycle,Head-on,3,Clear,53.0,Male,0,103405.09,Heavy,Well-Lit,40
MMTI-2025-14428,Manila,Jeepney,Head-on,3,,38.0,Male,0,71007.75,Heavy,Well-Lit,60
MMTI-2025-00103,Pasig,Truck,Side-swipe,3,Clear,34.0,Male,0,153845.38,Moderate,Well-Lit,80 kph
MMTI-2025-23116,Caloocan,Jeepney,Head-on,3.0,,37.0,Male,0,64150.58,Moderate,Well-Lit,60 kph
MMTI-2025-08935,Mandaluyong,Car,Head-on,3.0,Clear,40.0,Male,0,"PHP 81,092.39",Moderate,Poorly-Lit,60
MMTI-2025-16974,Quezon,Car,Hit and Run,3,Rainy,26.0,Female,0,696.4k,Heavy,Poorly-Lit,80 km/h
MMTI-2025-09350,Quezon,,Side-swipe,3,Clear,37.0,Male,0,210558.24,Heavy,Well-Lit,60 kph
MMTI-2025-16483,Makati,,Head-on,2,,19.0,Male,3,,Moderate,Well-Lit,60
MMTI-2025-07166,Makati,Car,Head-on,3,Cloudy,28.0,Female,0,"PHP 265,166.13",HEAVY,Unlit,80
MMTI-2025-10083,Paranaque,Car,Hit and Run,3.0,Clear,-10.0,Female,0,110272.16,Light,Well-Lit,100 km/h
MMTI-2025-07160,Quezon,Motorcycle,Rear-end,Risk Level 3,Rainy,37.0,Male,0,706150.9,Heavy,Well-Lit,30
MMTI-2025-10512, quezon,,Head-on,2,Clear,999.0,Female,0,"PHP 77,409.64",Moderate,Poorly-Lit,80
MMTI-2025-16817,Taguig,,Side-swipe,3,Rain,34.0,male,0,95345.2,Moderate,Poorly-Lit,30
MMTI-2025-06864,Marikina,Car,Rear-end,3.0,Clear,58.0,Male,0,61.5k,Light,well lit,60
MMTI-2025-11285,Caloocan,Jeepney,Rear-end,3,Rain,36.0,Male,0,31.4k,,Lit,60
MMTI-2025-12415,Malabon,Car,Side-swipe,3.0,Clear,17.0,M,0,37.0k,Heavy,Poorly-Lit,30
MMTI-2025-21765,Taguig,Car,Side-swipe,2,Cloudy,43.0,M,0,277678.7,Heavy,Well-Lit,100
MMTI-2025-00049,Paranaque,SUV/Van,Rear-end,2,Clear,42.0,Male,0,108162.31,Heavy,Well-Lit,80
MMTI-2025-23465,Manila,SUV/Van,Rear-end,3,,38.0,Male,0,114602.96,LIGHT,Lit,40
MMTI-2025-02236,Paranaque,SUV/Van,Head-on,Risk Level 3,Clear,41.0,Male,0,114366.06,Heavy,POOR,60
MMTI-2025-09306,Las Pinas,Truck,Hit and Run,3,Clear,53.0,Male,0,81676.71,Moderate,Well-Lit,40
MMTI-2025-08893,Paranaque,SUV/Van,Side-swipe,3.0,Clear,54.0,Male,0,115099.26,Moderate,Poorly-Lit,60
MMTI-2025-21735,Taguig,Car,Hit and Run,3.0,Cloudy,26.0,Male,0,270115.66,Heavy,Unlit,60
MMTI-2025-14978,Quezon,Car,Side-swipe,3.0,Stormy,33.0,M,0,1904233.91,HEAVY,Well-Lit,60 km/h
MMTI-2025-21330,Quezon,Motorcycle,Side-swipe,3,Cloudy,45.0,Female,0,460751.78,Heavy,Well-Lit,60
MMTI-2025-08341,Taguig,SUV/Van,Head-on,3.0,Cloudy,25.0,female ,0,277115.82,Heavy,Well-Lit,30
MMTI-2025-05698,Quezon,Motorcycle,Hit and Run,,Rain,55.0,Male,0,8938.82,Heavy,Unlit,60
MMTI-2025-10853,Quezon,Car,Side-swipe,Risk Level 3,Rainy,46.0,Female,0,1535075.22,Heavy,Well-Lit,40
MMTI-2025-12773,Quezon,Truck,Rear-end,6,Cloudy,68.0,Male,4,498738.34,Heavy,Well-Lit,60 km/h
MMTI-2025-08298,Las Pinas,Car,Rear-end,2,Clear,30.0,Male,0,"PHP 96,391.42",Heavy,POOR,100
MMTI-2025-11675,,Bus,Head-on,3,Clear,44.0,M,0,518.5k,Heavy,Well-Lit,60 km/h
MMTI-2025-03251,Manila,Car,Rear-end,3,Cloudy,40.0,Male,0,178060.88,Light,Lit,60
MMTI-2025-03054, malabon,Bus,Rear-end,3.0,Clear,37.0,Female,0,,Heavy,Well-Lit,60
MMTI-2025-15971,QUEZON ,,Side-swipe,3,Rain,36.0,Male,0,226742.77,Moderate,dark,60