Incident_ID,City,Vehicle_Type,Accident_Type,Severity,Weather_Condition,Driver_Age,Driver_Gender,Injury_Count,Damage_Cost_PHP,Traffic_Volume,Road_Lighting,Speed_Limit
MMTI-2025-23284,Pasig,SUV/Van,Side-swipe,3,Clear,33.0,Female,0,131137.17,Heavy,Well-Lit,40 km/h
MMTI-2025-06803,Quezon,SUV/Van,Rear-end,6.0,Rainy,-10.0,Male,1,785444.45,Heavy,Poorly-Lit,60
MMTI-2025-08226,Makati,SUV/Van,Head-on,3,,63.0,Male,0,"PHP 174,660.56",Heavy,Well-Lit,30
MMTI-2025-07465,Pasay,Car,Head-on,3,Clear,38.0,Male,0,46819.38,Heavy,Well-Lit,60
MMTI-2025-19517,PARANAQUE ,Car,Head-on,,,51.0,Male,0,75041.71,Moderate,Well-Lit,40
MMTI-2025-08409,Paranaque,Motorcycle,Head-on,3,Clear,26.0,Male,0,109174.93,Moderate,Unlit,60 km/h
MMTI-2025-12883,,Car,Hit and Run,3.0,Rain,33.0,Male,0,109647.15,Moderate,well lit,40
MMTI-2025-11328,Quezon,Motorcycle,Hit and Run,Risk Level 6,Cloudy,34.0,Female,2,463688.05,Heavy,Well-Lit,80
MMTI-2025-11541,Mandaluyong,Car,Hit and Run,6,Clear,35.0,Male,3,"PHP 78,225.13",Moderate,Well-Lit,60
MMTI-2025-18811,Caloocan,Motorcycle,Side-swipe,2,Clear,28.0,Male,0,42750.9,Moderate,Poorly-Lit,60
MMTI-2025-06078,Quezon,Car,Rear-end,6.0,Rainy,27.0,Male,1,1623400.94,Light,Well-Lit,60
MMTI-2025-01266,Quezon,Motorcycle,Head-on,3,Rainy,38.0,Male,0,1183694.42,Heavy,Well-Lit,80
MMTI-2025-00669,Pasig,SUV/Van,Head-on,3,,36.0,Female,0,61187.31,Heavy,Poorly-Lit,100 km/h
MMTI-2025-14250,Marikina,Motorcycle,Side-swipe,3,Clear,25.0,Male,0,63376.92,Heavy,Well-Lit,60
MMTI-2025-06202,Marikina,,Rear-end,9,Clear,41.0,Male,1,561076.22,Heavy,Well-Lit,40
MMTI-2025-18962,Quezon,Car,Rear-end,3.0,Cloudy,17.0,Male,0,500840.83,Moderate,Poorly-Lit,60
MMTI-2025-15967,MANDALUYONG ,Jeepney,Side-swipe,,Cloudy,29.0,Female,3,24016.06,Moderate,Poorly-Lit,40
MMTI-2025-03658,Taguig,Jeepney,Side-swipe,,Rain,33.0,Female,0,32718.07,Moderate,Well-Lit,30
MMTI-2025-12303,,Motorcycle,Head-on,3.0,Cloudy,31.0,Male,0,32945.18,Moderate,Well-Lit,40
MMTI-2025-04817,Quezon,SUV/Van,Rear-end,Risk Level 2,Cloudy,25.0,Male,0,365821.81,Heavy,Well-Lit,60
MMTI-2025-18692, malabon,Bus,Rear-end,,Clear,61.0,Male,0,362012.84,Heavy,Well-Lit,60
MMTI-2025-12814,Quezon,Car,Hit and Run,3,Rainy,26.0,Unknown,0,796361.21,Heavy,Well-Lit,40 km/h
MMTI-2025-00951,Quezon,,Head-on,3.0,Cloudy,36.0,Male,0,103888.43,Moderate,Well-Lit,60 km/h
MMTI-2025-00558,Pasig,Truck,Rear-end,Risk Level 3,Clear,47.0,Male,0,159935.56,Heavy,Well-Lit,60
MMTI-2025-12687,Makati,SUV/Van,Head-on,,Clear,51.0,Male,0,81711.41,Heavy,Well-Lit,80
MMTI-2025-22857,Makati,Car,Rear-end,3,Cloudy,26.0,Male,0,225878.91,MODERATE,Poorly-Lit,60 km/h
MMTI-2025-04629,Las Pinas,Car,Head-on,3.0,Clear,40.0,Male,0,87483.28,Moderate,Unlit,60
MMTI-2025-04634,Quezon,Car,Hit and Run,6.0,Rainy,48.0,Male,3,692400.12,Heavy,Well-Lit,80
MMTI-2025-14649, valenzuela,,Head-on,6.0,Rain,37.0,Female,2,656374.83,,Unlit,60
MMTI-2025-03294,Quezon,Truck,Rear-end,3,Cloudy,29.0,Male,0,462843.88,Moderate,Poorly-Lit,40
MMTI-2025-12675,Quezon,Car,Hit and Run,Risk Level 3,Rainy,36.0,Male,2,1240504.7,Heavy,Well-Lit,60
MMTI-2025-21433,Las Pinas,Jeepney,Head-on,,Clear,31.0,Female,0,25457.0,Heavy,POOR,60
MMTI-2025-01667,Mandaluyong,,Side-swipe,1,Clear,35.0,Male,0,35333.08,Light,Well-Lit,60
MMTI-2025-19865,,SUV/Van,Rear-end,Risk Level 3,Rain,54.0,Male,0,426700.12,Heavy,Poorly-Lit,60
MMTI-2025-21869,Makati,Truck,Rear-end,3,Cloudy,51.0,Female,0,248203.11,Moderate,Unlit,60 kph
MMTI-2025-01558,Quezon,Truck,Side-swipe,Risk Level 3,Rainy,34.0,female ,0,977507.95,Heavy,Poorly-Lit,60
MMTI-2025-09406,Las Pinas,Bus,Hit and Run,,Clear,20.0,Male,0,145314.09,Heavy,Unlit,60
MMTI-2025-15578,Manila,,Hit and Run,Risk Level 3,Clear,35.0,Male,0,71515.59,Moderate,Well-Lit,40 km/h
MMTI-2025-08924,Manila,SUV/Van,Side-swipe,3,Cloudy,38.0,Male,0,191320.44,Light,Well-Lit,60
MMTI-2025-03559,Paranaque,Car,Rear-end,3.0,Clear,41.0,Male,0,108076.16,Light,Unlit,80
MMTI-2025-11040,Quezon,Motorcycle,Rear-end,3.0,Rainy,38.0,Male,0,777225.18,Moderate,Unlit,60
MMTI-2025-00542,Quezon,,Hit and Run,3,Clear,34.0,Male,0,160243.29,Heavy,Poorly-Lit,60
MMTI-2025-19185,Quezon,SUV/Van,Side-swipe,Risk Level 3,Stormy,17.0,Male,0,99999999,Heavy,Well-Lit,60
MMTI-2025-09729,Mandaluyong,Car,Side-swipe,3,Clear,26.0,Male,0,78828.78,Heavy,Poorly-Lit,60
MMTI-2025-16675,Manila,Car,Head-on,6,Cloudy,51.0,Male,4,170780.7,Heavy,well lit,60
MMTI-2025-15058,Quezon,Jeepney,Head-on,3,Rainy,33.0,Female,0,1394280.83,Heavy,Unlit,40
MMTI-2025-05247,Paranaque,Car,Side-swipe,Risk Level 3,Clear,26.0,Male,0,116570.54,Heavy,Well-Lit,60 km/h
MMTI-2025-20992,Caloocan,Car,Rear-end,3.0,Clear,49.0,Male,0,41561.96,Moderate,Lit,80
MMTI-2025-15717,Paranaque,SUV/Van,Hit and Run,Risk Level 3,Clear,46.0,Female,0,107683.83,Heavy,Lit,60
MMTI-2025-18380,Pasig,Car,Side-swipe,3,Clear,34.0,Male,0,131346.15,Moderate,Unlit,40
MMTI-2025-05806,Makati,Motorcycle,Rear-end,2,Cloudy,44.0,female ,0,232315.72,Heavy,Well-Lit,60
MMTI-2025-04665,Quezon,Car,Side-swipe,3,Rainy,48.0,female ,0,1293145.43,Heavy,Poorly-Lit,60 km/h
MMTI-2025-15035,,Car,Hit and Run,Risk Level 3,Clear,32.0,Male,0,246456.82,Heavy,Well-Lit,40
MMTI-2025-09302,Makati,Jeepney,Hit and Run,Risk Level 3,Clear,37.0,Male,0,,Heavy,Poorly-Lit,60 kph
MMTI-2025-13343,Paranaque,Car,Head-on,6.0,Clear,23.0,Male,1,103948.61,Moderate,Poorly-Lit,60 km/h
MMTI-2025-16900,Paranaque,SUV/Van,Side-swipe,3,Clear,65.0,Male,0,101460.54,Heavy,Well-Lit,60 km/h
MMTI-2025-01333,Quezon,SUV/Van,Head-on,6,Clear,25.0,Male,3,,Light,Well-Lit,30 km/h
MMTI-2025-20007,Quezon,Car,Side-swipe,3,Cloudy,26.0,male,0,577974.81,Heavy,Well-Lit,60
MMTI-2025-17636,Quezon,SUV/Van,Rear-end,3,Rainy,40.0,Female,0,828.3k,Heavy,Poorly-Lit,30
MMTI-2025-01972,CALOOCAN ,Truck,Hit and Run,,,53.0,Female,3,333677.55,Heavy,Poorly-Lit,80
MMTI-2025-08176,San Juan,Motorcycle,Rear-end,3,Clear,24.0,Male,0,41079.76,Heavy,Poorly-Lit,40
MMTI-2025-01448,Malabon,,Head-on,3,Cloudy,39.0,Female,0,121966.66,Heavy,Poorly-Lit,60
MMTI-2025-07571,Quezon,Motorcycle,Side-swipe,3.0,Rainy,41.0,Male,0,850622.86,HEAVY,Poorly-Lit,60 km/h
MMTI-2025-16984,Muntinlupa,Jeepney,Hit and Run,6,Rain,50.0,Male,1,133846.36,,Poorly-Lit,60 kph
MMTI-2025-07444,Taguig,SUV/Van,Hit and Run,3,Clear,52.0,Female,0,165251.87,,Poorly-Lit,60
MMTI-2025-09604,Quezon,Motorcycle,Rear-end,3.0,Rainy,31.0,F,0,"PHP 763,819.61",MODERATE,Poorly-Lit,80
MMTI-2025-17737,Quezon,SUV/Van,Rear-end,3.0,Stormy,32.0,Male,0,99999999,Light,Poorly-Lit,60
MMTI-2025-22569,Quezon,Car,Hit and Run,3,Cloudy,44.0,Male,2,445030.18,Heavy,Well-Lit,60
MMTI-2025-23180,Quezon,Car,Side-swipe,1.0,Cloudy,57.0,Male,0,441485.02,Moderate,Poorly-Lit,60
MMTI-2025-01396,Quezon,Car,Side-swipe,3,Cloudy,60.0,Male,0,511533.66,Heavy,Well-Lit,80
MMTI-2025-06934,Mandaluyong,,Head-on,3,Cloudy,42.0,Male,0,116535.77,Moderate,Well-Lit,100
MMTI-2025-00565,Valenzuela,Truck,Side-swipe,3.0,,,Female,0,"PHP 467,249.25",Moderate,Unlit,60
MMTI-2025-13800,Pasig,Car,Side-swipe,Risk Level 3,Clear,44.0,Male,3,153779.57,Heavy,Well-Lit,60
MMTI-2025-09775, manila,SUV/Van,Rear-end,6.0,Clear,54.0,Female,4,,HEAVY,Well-Lit,60
MMTI-2025-01875,Quezon,Car,Side-swipe,3.0,Rainy,22.0,Male,0,1216372.83,Heavy,Unlit,60
MMTI-2025-19625,San Juan,SUV/Van,Head-on,3,Clear,35.0,Female,0,39256.3,Heavy,Poorly-Lit,60 km/h
MMTI-2025-12307,Manila,Truck,Head-on,3,Clear,31.0,Male,0,,Heavy,Unlit,30 km/h
MMTI-2025-17927,Las Pinas,Car,Head-on,3,Clear,43.0,Unknown,0,96134.85,Heavy,Well-Lit,60
MMTI-2025-16057,Muntinlupa,Bus,Head-on,3,Cloudy,46.0,Male,0,,Light,Well-Lit,40
MMTI-2025-10062,Quezon,Car,Rear-end,6.0,Rainy,42.0,female ,3,927426.44,Moderate,Poorly-Lit,60 km/h
MMTI-2025-23303,Quezon,Car,Hit and Run,3,Rainy,25.0,Male,0,1499361.48,Heavy,Well-Lit,40
MMTI-2025-14498,Quezon,Truck,Hit and Run,3,Rainy,35.0,Female,0,1127237.75,Heavy,Unlit,60
MMTI-2025-22743,,Jeepney,Side-swipe,6.0,Clear,46.0,Male,2,"PHP 328,753.27",Heavy,Lit,60
MMTI-2025-19244,Manila,Motorcycle,Hit and Run,3,Cloudy,21.0,Male,0,181379.86,Moderate,Well-Lit,40
MMTI-2025-15379,Quezon,Motorcycle,Hit and Run,3,Rainy,34.0,Male,0,1154325.35,Heavy,Well-Lit,60
MMTI-2025-19331,Quezon,Jeepney,Side-swipe,,Rain,54.0,Male,0,31492.3,Heavy,Well-Lit,60
MMTI-2025-00679,,Car,Rear-end,Risk Level 3,Clear,46.0,Male,0,77777777,Moderate,Unlit,60
MMTI-2025-04416,Caloocan,Bus,Hit and Run,,Clear,30.0,Male,0,139526.58,Heavy,POOR,60
MMTI-2025-12324,Caloocan,Car,Side-swipe,2,Clear,38.0,Male,0,41284.34,Light,Poorly-Lit,40
MMTI-2025-17293,Quezon,Car,Side-swipe,Risk Level 3,Cloudy,39.0,Male,4,461492.78,Moderate,Well-Lit,60 km/h
MMTI-2025-15402,Quezon,SUV/Van,Hit and Run,Risk Level 6,Stormy,42.0,F,3,2615781.32,Heavy,POOR,80
MMTI-2025-10072,Quezon,Car,Side-swipe,6,Rainy,36.0,Male,1,1038638.22,Light,Well-Lit,60 km/h
MMTI-2025-20363,Las Pinas,Truck,Rear-end,2,,46.0,M,0,94152.45,Heavy,Well-Lit,60 km/h
MMTI-2025-00617,,Bus,Head-on,3,,23.0,Male,0,1076395.7,Moderate,Well-Lit,60
MMTI-2025-06728,Pasay,Car,Side-swipe,3,Clear,23.0,Male,0,48508.54,Heavy,Poorly-Lit,40
MMTI-2025-19717,Pasay,Car,Rear-end,Risk Level 3,Clear,29.0,Male,0,45985.66,Moderate,Unlit,60
MMTI-2025-10802,Manila,Car,Head-on,3,Cloudy,45.0,Male,0,167963.36,Heavy,Unlit,30
MMTI-2025-00342,Quezon,Car,Hit and Run,3,Cloudy,42.0,Male,0,398644.62,Heavy,Well-Lit,60
MMTI-2025-14049,Makati,Car,Rear-end,3,Cloudy,18.0,M,0,212844.35,Heavy,Poorly-Lit,40
MMTI-2025-21852,Marikina,Motorcycle,Hit and Run,2.0,Clear,17.0,Female,0,65377.46,Moderate,Well-Lit,60
MMTI-2025-06459,,Truck,Rear-end,3,Clear,35.0,Male,0,389310.22,Heavy,POOR,30
MMTI-2025-07103,San Juan,Car,Hit and Run,3.0,Clear,34.0,Female,0,39158.72,Heavy,Well-Lit,80
MMTI-2025-21928,Makati,Motorcycle,Head-on,6.0,Clear,,Female,2,48445.27,Heavy,Poorly-Lit,80 kph
MMTI-2025-14607,Quezon,SUV/Van,Rear-end,6.0,,57.0,male,3,,Heavy,Well-Lit,60
MMTI-2025-06221, quezon,Truck,Head-on,Risk Level 2,,29.0,Male,0,459124.75,Heavy,Well-Lit,60
MMTI-2025-00959,Marikina,,Head-on,Risk Level 2,Clear,34.0,Male,0,13824.62,Moderate,Well-Lit,80
MMTI-2025-21861,Makati,,Hit and Run,3.0,Clear,34.0,Male,0,,Heavy,Unlit,30 kph
MMTI-2025-16658,Muntinlupa,SUV/Van,Head-on,3,Clear,60.0,Female,0,52113.52,Heavy,Well-Lit,80
MMTI-2025-03338,Quezon,Car,Rear-end,6.0,Cloudy,17.0,Female,3,428499.37,Heavy,Unlit,60
MMTI-2025-11258,Paranaque,SUV/Van,Side-swipe,Risk Level 3,,29.0,M,0,,Heavy,Well-Lit,30
MMTI-2025-20615,Taguig,Car,Hit and Run,3,Cloudy,27.0,Male,0,"PHP 325,354.17",LIGHT,Poorly-Lit,60
MMTI-2025-05861,Muntinlupa,Car,Head-on,3.0,Clear,33.0,Male,0,57625.97,Heavy,Well-Lit,60
MMTI-2025-10092,Quezon,,Side-swipe,3,Storm,32.0,Male,0,157366.82,Heavy,Poorly-Lit,60 kph
MMTI-2025-11682,Marikina,Jeepney,Rear-end,3.0,Rain,36.0,Female,0,,Light,No Lights,60 km/h
MMTI-2025-21163,Paranaque,Car,Side-swipe,3,Clear,38.0,Male,0,106834.89,Moderate,Poorly-Lit,30 kph
MMTI-2025-16342,Quezon,Car,Hit and Run,Risk Level 3,Cloudy,58.0,Male,0,"PHP 550,049.21",Moderate,Well-Lit,40
MMTI-2025-13520,San Juan,Car,Hit and Run,3,Clear,32.0,Female,0,"PHP 38,468.78",Heavy,Poorly-Lit,40
MMTI-2025-05998,Quezon,Motorcycle,Head-on,3.0,Rainy,17.0,Male,0,946002.88,Light,Poorly-Lit,40 km/h
MMTI-2025-05073,Manila,,Side-swipe,3,,64.0,Female,0,96746.47,,Well-Lit,60 km/h
MMTI-2025-09996,Mandaluyong,Truck,Side-swipe,Risk Level 3,Clear,33.0,Male,0,74987.2,Heavy,Well-Lit,60
MMTI-2025-07310,Muntinlupa,SUV/Van,Rear-end,3,Clear,45.0,Male,0,50821.62,Heavy,Well-Lit,40
MMTI-2025-13903,Manila,SUV/Van,Head-on,Risk Level 3,Cloudy,53.0,Male,0,171075.76,Heavy,Well-Lit,60
MMTI-2025-07495,Las Pinas,Bus,Side-swipe,2,Clear,42.0,Female,0,,Heavy,Well-Lit,60
MMTI-2025-07043,PARANAQUE ,Truck,Rear-end,3,Clear,,Male,0,,MODERATE,well lit,80
MMTI-2025-19550,San Juan,Car,Hit and Run,3.0,Clear,58.0,Male,0,39778.86,Heavy,Poorly-Lit,60
MMTI-2025-20498,Manila,SUV/Van,Rear-end,,Clear,36.0,Male,0,136421.11,Light,Well-Lit,60 kph
MMTI-2025-20120,Makati,Car,Rear-end,6.0,Cloudy,32.0,Male,2,268471.1,Heavy,Well-Lit,60
MMTI-2025-09863,Taguig,Motorcycle,Rear-end,Risk Level 6,Cloudy,26.0,Male,1,320368.05,Heavy,Well-Lit,40
MMTI-2025-00537,Taguig,SUV/Van,Rear-end,3,,49.0,M,0,278781.07,Heavy,dark,80 km/h
MMTI-2025-09387, manila,Motorcycle,Rear-end,3,,27.0,Male,0,"PHP 17,151.03",Heavy,Well-Lit,40
MMTI-2025-02200,Marikina,Motorcycle,Side-swipe,3,Clear,41.0,Male,0,63163.02,Moderate,well lit,60
MMTI-2025-12148,Quezon,Car,Rear-end,3,Cloudy,35.0,Female,0,449834.1,Heavy,Well-Lit,60
MMTI-2025-18073,Manila,Motorcycle,Hit and Run,Risk Level 3,Clear,41.0,Male,0,24308.73,,Well-Lit,60 kph
MMTI-2025-13039,Makati,Jeepney,Side-swipe,,Clear,18.0,Male,0,46960.87,Heavy,Well-Lit,100 km/h
MMTI-2025-17800,MANILA ,Motorcycle,Rear-end,2,Clear,29.0,Male,0,,Heavy,POOR,80 km/h
MMTI-2025-06741,Malabon,Bus,Rear-end,,Clear,45.0,Male,0,289509.48,Heavy,Well-Lit,40
MMTI-2025-03591,Quezon,Car,Head-on,3,Stormy,51.0,M,0,1790189.91,Heavy,No Lights,30
MMTI-2025-07378,Paranaque,Jeepney,Rear-end,3.0,Clear,32.0,Male,0,"PHP 120,626.60",Moderate,POOR,60
MMTI-2025-20886,Caloocan,Car,Side-swipe,3,Clear,26.0,Female,0,44592.37,Light,Well-Lit,60
MMTI-2025-16855,Quezon,Car,Head-on,3,Rainy,34.0,Female,0,642602.65,Heavy,Poorly-Lit,40 km/h
MMTI-2025-07616,Quezon,Car,Head-on,6,Stormy,59.0,Female,3,3856442.9,Heavy,Unlit,60
MMTI-2025-08823,Makati,Car,Rear-end,3,Cloudy,51.0,Female,0,252600.63,Heavy,Well-Lit,60
MMTI-2025-05360,Makati,SUV/Van,Hit and Run,1.0,Clear,,Female,0,104854.04,Moderate,Poorly-Lit,40
MMTI-2025-16130,Pasig,Jeepney,Side-swipe,Risk Level 3,,35.0,Male,0,57381.46,Heavy,Well-Lit,80 km/h
MMTI-2025-16660,Manila,Bus,Side-swipe,Risk Level 3,Rain,40.0,Female,0,517739.09,,Well-Lit,60
MMTI-2025-18293,Quezon,Car,Rear-end,3.0,Rainy,46.0,Female,0,1291712.27,Moderate,Well-Lit,60
MMTI-2025-00637,Quezon,Jeepney,Hit and Run,3,Stormy,37.0,Male,0,99999999,Heavy,Well-Lit,30 km/h
MMTI-2025-00194,,Jeepney,Head-on,3,Clear,17.0,Female,0,,Heavy,Poorly-Lit,60
MMTI-2025-22686, mandaluyong,Truck,Side-swipe,,,56.0,Male,0,,Heavy,Well-Lit,40
MMTI-2025-04640,Quezon,Car,Side-swipe,3,Rainy,41.0,Male,0,1427393.48,Heavy,No Lights,60
MMTI-2025-19129,Pasay,SUV/Van,Side-swipe,,Clear,44.0,Male,0,152210.82,Heavy,well lit,40
MMTI-2025-19589, pasay,Car,Rear-end,,Rain,42.0,Male,0,66894.54,Light,dark,30
MMTI-2025-22860,Marikina,SUV/Van,Hit and Run,3.0,,48.0,Male,0,167544.2,Heavy,Well-Lit,60
MMTI-2025-00847,Makati,SUV/Van,Hit and Run,6,Cloudy,36.0,Male,2,221002.49,Heavy,Poorly-Lit,80
MMTI-2025-08579,,Car,Side-swipe,3,Clear,46.0,Male,0,104912.86,Heavy,Lit,60
MMTI-2025-21300,Quezon,Car,Head-on,3,Rainy,29.0,Female,0,711732.6,Moderate,Well-Lit,60 km/h
MMTI-2025-21549,Taguig,SUV/Van,Head-on,3.0,Cloudy,38.0,Male,0,"PHP 300,283.79",Heavy,Well-Lit,40
MMTI-2025-21362,,Motorcycle,Head-on,1,Clear,,M,0,12937.43,Moderate,Well-Lit,60
MMTI-2025-10569,Paranaque,Car,Side-swipe,3.0,Clear,51.0,Male,0,98146.74,Heavy,Well-Lit,60
MMTI-2025-00104,Quezon,Truck,Rear-end,3,Rain,,Male,0,,Moderate,Poorly-Lit,80
MMTI-2025-00722,Makati,Truck,Hit and Run,6,,49.0,Male,4,1022823.11,Heavy,Well-Lit,100
MMTI-2025-22941,Quezon,Truck,Side-swipe,3.0,Cloudy,46.0,Male,0,404806.27,Heavy,Well-Lit,60
MMTI-2025-07416,Paranaque,Motorcycle,Hit and Run,3,Clear,35.0,Male,0,102550.1,Light,Well-Lit,30 km/h
MMTI-2025-05378,PASIG ,,Rear-end,Risk Level 3,Clear,29.0,Male,0,61498.22,Heavy,POOR,60
MMTI-2025-11137,Quezon,Motorcycle,Hit and Run,Risk Level 3,Rainy,32.0,Male,0,993198.99,Heavy,Well-Lit,40
MMTI-2025-17525,Pasay,SUV/Van,Hit and Run,3.0,Clear,42.0,Male,0,50496.78,Moderate,Well-Lit,60
MMTI-2025-02371,Taguig,SUV/Van,Hit and Run,Risk Level 2,Cloudy,37.0,Male,0,341987.87,Moderate,Unlit,60
MMTI-2025-10336,Makati,,Head-on,,Clear,,Male,0,57377.44,Moderate,Poorly-Lit,60
MMTI-2025-12519,San Juan,Motorcycle,Head-on,3.0,,35.0,Male,0,14831.66,Heavy,Well-Lit,100 km/h
MMTI-2025-05197,Caloocan,Car,Head-on,3,Clear,36.0,Male,0,43581.24,Moderate,Poorly-Lit,60
MMTI-2025-18408,Makati,,Side-swipe,3,Clear,31.0,Male,0,71745.48,Heavy,Well-Lit,60
MMTI-2025-01897,Mandaluyong,SUV/Van,Head-on,,Clear,25.0,Female,0,84976.84,Heavy,Well-Lit,60 km/h
MMTI-2025-16533,Muntinlupa,Car,Side-swipe,3,Clear,44.0,Male,0,53966.34,Heavy,Well-Lit,60 km/h
MMTI-2025-03886,Makati,Car,Rear-end,2,Cloudy,21.0,Male,0,216373.09,Light,Well-Lit,80 km/h
MMTI-2025-16077,,SUV/Van,Head-on,3,,37.0,Male,0,165972.93,Moderate,Well-Lit,30
MMTI-2025-13865,Manila,Car,Hit and Run,6.0,Cloudy,36.0,Male,1,,Heavy,Well-Lit,60 km/h
MMTI-2025-13506,Quezon,Jeepney,Side-swipe,,Rain,32.0,Male,0,"PHP 7,391.70",Heavy,Unlit,60
MMTI-2025-19891,Mandaluyong,Car,Rear-end,3,Clear,28.0,Male,0,69451.41,Heavy,Well-Lit,30
MMTI-2025-15845,Manila,SUV/Van,Head-on,3.0,Cloudy,18.0,Female,0,"PHP 179,505.09",Heavy,Well-Lit,100 km/h
MMTI-2025-07763,Manila,,Side-swipe,Risk Level 3,Clear,40.0,Female,0,128943.04,HEAVY,Poorly-Lit,80 km/h
MMTI-2025-20975,Navotas,Motorcycle,Hit and Run,,Clear,27.0,Male,0,19206.78,Heavy,Poorly-Lit,60
MMTI-2025-07247,Las Pinas,Car,Rear-end,Risk Level 3,Clear,56.0,Male,0,87108.23,Heavy,Unlit,40 km/h
MMTI-2025-20820,Quezon,Car,Hit and Run,3,Rainy,59.0,Male,0,1067674.6,Heavy,No Lights,40
MMTI-2025-04343,QUEZON ,Bus,Head-on,,Clear,30.0,Male,0,165860.83,Heavy,Well-Lit,60 km/h
MMTI-2025-21356,Manila,Car,Rear-end,,Rain,36.0,Male,0,80684.03,,Well-Lit,80
MMTI-2025-12729,Quezon,Motorcycle,Rear-end,6,Stormy,54.0,M,3,2267287.47,Heavy,Well-Lit,60
MMTI-2025-04356,Marikina,Jeepney,Head-on,1,Clear,999.0,Male,0,"PHP 59,118.46",Moderate,Unlit,60 kph
MMTI-2025-19978,Taguig,Car,Hit and Run,3,Cloudy,34.0,Male,0,337522.2,Moderate,Well-Lit,80 km/h
MMTI-2025-01074,Manila,Motorcycle,Hit and Run,3,Cloudy,40.0,Male,0,180069.1,Heavy,Poorly-Lit,80
MMTI-2025-08054,Caloocan,Truck,Side-swipe,Risk Level 3,Clear,,Male,0,1419079.05,Moderate,Well-Lit,80
MMTI-2025-14375,Quezon,Car,Head-on,Risk Level 3,Rainy,38.0,Male,0,1043882.6,Heavy,Well-Lit,40
MMTI-2025-07069,Caloocan,Motorcycle,Side-swipe,1,Clear,18.0,Male,0,"PHP 42,757.54",Moderate,Well-Lit,60
MMTI-2025-22258,Paranaque,Car,Hit and Run,3,Clear,33.0,Male,0,101527.45,Heavy,dark,60
MMTI-2025-12348,Quezon,,Side-swipe,4,Clear,43.0,Male,1,92638.5,Moderate,Poorly-Lit,40
MMTI-2025-16623,Quezon,Motorcycle,Side-swipe,2,,35.0,Male,0,13157.54,Moderate,Well-Lit,80
MMTI-2025-12864,Las Pinas,SUV/Van,Side-swipe,3.0,Clear,20.0,Unknown,0,86546.05,Heavy,Poorly-Lit,40 km/h
MMTI-2025-01580,Quezon,Car,Rear-end,3,Stormy,58.0,Female,0,99999999,Heavy,Unlit,60 kph
MMTI-2025-08316,Pasig,Motorcycle,Rear-end,Risk Level 3,Clear,28.0,Female,0,"PHP 127,423.19",Heavy,Well-Lit,80
MMTI-2025-12379,Makati,Car,Rear-end,4,Clear,41.0,Male,1,168462.74,,Well-Lit,60
MMTI-2025-02546,Makati,Car,Rear-end,6,Cloudy,50.0,Male,2,257928.82,LIGHT,Poorly-Lit,40
MMTI-2025-00651,Quezon,Car,Rear-end,3.0,Cloudy,34.0,Female,0,482351.47,Heavy,Poorly-Lit,40 km/h
MMTI-2025-19911,Quezon,Car,Head-on,2,Cloudy,34.0,Male,0,396187.17,Moderate,Well-Lit,60
MMTI-2025-14693,Quezon,Car,Rear-end,3.0,Rainy,30.0,M,0,1685718.05,Moderate,Unlit,80
MMTI-2025-23148,Quezon,Truck,Side-swipe,3,Stormy,40.0,Female,0,1914680.47,Heavy,Well-Lit,40 kph
MMTI-2025-09049,Mandaluyong,,Side-swipe,2.0,Clear,41.0,Male,0,30653.16,Heavy,POOR,60
MMTI-2025-04396,,Truck,Head-on,2,Clear,50.0,Male,0,"PHP 77,803.36",Heavy,Unlit,80 km/h
MMTI-2025-09997,MANILA ,SUV/Van,Head-on,,Clear,43.0,Male,0,126793.88,,Well-Lit,80
MMTI-2025-22597,MAKATI ,Bus,Hit and Run,Risk Level 6,Storm,50.0,Male,3,1841604.77,,Well-Lit,60 kph
MMTI-2025-20099,Quezon,Truck,Head-on,3,Rainy,36.0,Male,0,874840.33,Heavy,Well-Lit,60 km/h
MMTI-2025-04551,Malabon,Car,Rear-end,3,Clear,44.0,Male,0,37323.61,Light,Well-Lit,100 km/h
MMTI-2025-12457,QUEZON ,SUV/Van,Head-on,6.0,,26.0,male,4,241416.19,Heavy,dark,60
MMTI-2025-08784,Caloocan,Car,Head-on,3.0,Clear,38.0,Male,0,43427.78,Heavy,Well-Lit,60
MMTI-2025-18838,,Car,Rear-end,3.0,Clear,34.0,F,0,218204.99,Heavy,No Lights,60
MMTI-2025-21813,Manila,Car,Head-on,3,,56.0,Female,0,175479.31,MODERATE,Well-Lit,40
MMTI-2025-04909,Pasig,Car,Head-on,3.0,Clear,19.0,Male,0,125267.4,Moderate,Well-Lit,60
MMTI-2025-17568,QUEZON ,Bus,Side-swipe,Risk Level 3,Clear,37.0,Male,0,1453528.29,,Poorly-Lit,60 km/h
MMTI-2025-05399,Quezon,Motorcycle,Side-swipe,Risk Level 3,Clear,42.0,Male,0,,Moderate,Lit,80
MMTI-2025-21199,Paranaque,SUV/Van,Hit and Run,3,Clear,20.0,female ,0,117466.71,Moderate,POOR,60 kph
MMTI-2025-16534,Manila,SUV/Van,Side-swipe,,Clear,47.0,Male,2,57115.26,,POOR,80 kph