Incident_ID,City,Vehicle_Type,Accident_Type,Severity,Weather_Condition,Driver_Age,Driver_Gender,Injury_Count,Damage_Cost_PHP,Traffic_Volume,Road_Lighting,Speed_Limit
MMTI-2025-07124,Caloocan,Motorcycle,Head-on,3,Clear,38.0,Male,0,43395.71,Light,well lit,40
MMTI-2025-04789,,Bus,Side-swipe,3,Clear,45.0,Female,0,976364.84,Heavy,Unlit,60
MMTI-2025-13538,Quezon,Jeepney,Rear-end,Risk Level 3,Clear,,Female,0,49594.06,Heavy,Well-Lit,30
MMTI-2025-09483,,Jeepney,Rear-end,Risk Level 3,Clear,35.0,Male,0,28246.41,Heavy,Well-Lit,40 km/h
MMTI-2025-12433,QUEZON ,Truck,Rear-end,,Clear,30.0,M,0,"PHP 448,574.02",Moderate,No Lights,60
MMTI-2025-15519,Pasay,Car,Hit and Run,3.0,Clear,40.0,Female,0,46488.87,Heavy,Well-Lit,40
MMTI-2025-03933,Quezon,SUV/Van,Hit and Run,3,Rainy,37.0,Female,0,724.4k,Heavy,Unlit,60
MMTI-2025-18838,,Car,Rear-end,3.0,Clear,34.0,F,0,218204.99,Heavy,No Lights,60
MMTI-2025-16478,Quezon,Car,Head-on,3,Rainy,33.0,Male,0,1157621.82,Moderate,POOR,60
MMTI-2025-04458,Quezon,Car,Rear-end,3,Cloudy,44.0,Male,0,424559.7,Moderate,Well-Lit,40
MMTI-2025-09309,Mandaluyong,Car,Hit and Run,3,Clear,49.0,Male,0,79108.24,Moderate,Well-Lit,60
MMTI-2025-00422,Quezon,,Side-swipe,3,Clear,54.0,female ,0,140853.67,Heavy,Poorly-Lit,60
MMTI-2025-00662,Makati,Jeepney,Hit and Run,1.0,Clear,47.0,Male,0,"PHP 26,159.82",,well lit,60
MMTI-2025-22148,Quezon,SUV/Van,Rear-end,Risk Level 4,Rainy,44.0,Male,2,936181.75,Moderate,Lit,60 km/h
MMTI-2025-23205,Muntinlupa,Car,Rear-end,Risk Level 3,Clear,999.0,Male,0,54883.32,Heavy,Poorly-Lit,40
MMTI-2025-15910,Quezon,Motorcycle,Side-swipe,3,Cloudy,27.0,M,0,443113.23,Heavy,Well-Lit,40 kph
MMTI-2025-21732,Quezon,Car,Hit and Run,3.0,Rainy,25.0,F,0,1102531.32,Moderate,Well-Lit,80 km/h
MMTI-2025-14437,Quezon,Motorcycle,Head-on,3,Cloudy,29.0,Male,0,363819.17,Heavy,Well-Lit,60 km/h
MMTI-2025-11086,Quezon,Car,Hit and Run,3,Rainy,38.0,Female,0,1661481.64,HEAVY,Unlit,60
MMTI-2025-07150,,,Head-on,Risk Level 3,Cloudy,48.0,Male,0,110606.82,Heavy,Poorly-Lit,60
MMTI-2025-18505,Makati,Car,Rear-end,Risk Level 3,Cloudy,42.0,Male,0,222319.38,Moderate,Well-Lit,60 km/h
MMTI-2025-22002,Manila,SUV/Van,Rear-end,2.0,Cloudy,26.0,Female,0,,Heavy,Well-Lit,60
MMTI-2025-22475,Quezon,SUV/Van,Hit and Run,3,Cloudy,49.0,Female,0,456738.97,Light,Well-Lit,40
MMTI-2025-13906,Pasig,Motorcycle,Rear-end,3,Clear,39.0,F,0,151241.19,Heavy,Well-Lit,80
MMTI-2025-20963,Navotas,Truck,Rear-end,,Cloudy,26.0,Male,0,175828.47,Heavy,Poorly-Lit,40
MMTI-2025-12364,Paranaque,,Hit and Run,6.0,Rain,45.0,Female,3,247858.86,Heavy,Well-Lit,40 kph
MMTI-2025-02580,Marikina,Car,Side-swipe,3,Clear,35.0,Male,0,"PHP 58,538.53",Heavy,Poorly-Lit,40 kph
MMTI-2025-10231,Las Pinas,Car,Head-on,2,Clear,38.0,Male,0,94086.59,Moderate,Well-Lit,60
MMTI-2025-07693,Makati,Motorcycle,Side-swipe,3.0,Storm,33.0,Male,0,27037.28,,POOR,60
MMTI-2025-21569,Taguig,Motorcycle,Hit and Run,Risk Level 2,Clear,26.0,F,0,8970.95,,POOR,80
MMTI-2025-15965,Caloocan,Car,Hit and Run,3,Clear,33.0,Male,0,43.7k,Heavy,Well-Lit,40 km/h
MMTI-2025-14156,Taguig,Car,Head-on,Risk Level 3,Cloudy,30.0,Female,0,331106.49,Heavy,Well-Lit,60
MMTI-2025-18152,Pasig,,Head-on,1,Clear,18.0,Female,0,"PHP 104,129.65",Light,Well-Lit,30
MMTI-2025-22750,Quezon,Motorcycle,Hit and Run,Risk Level 3,Rainy,41.0,Male,0,"PHP 770,102.65",Heavy,Well-Lit,60
MMTI-2025-14672,Mandaluyong,Car,Hit and Run,3,Clear,31.0,Male,0,71333.62,Moderate,Well-Lit,60
MMTI-2025-07147,Taguig,Car,Hit and Run,3,Cloudy,39.0,Male,0,276846.29,Heavy,Well-Lit,60
MMTI-2025-21346,San Juan,,Hit and Run,Risk Level 3,Clear,28.0,Male,0,33663.5,Light,Well-Lit,80
MMTI-2025-17660,Quezon,Jeepney,Side-swipe,3,Cloudy,66.0,M,3,466748.03,Light,Unlit,60
MMTI-2025-23152,MARIKINA ,Motorcycle,Side-swipe,3.0,Clear,,Male,0,24349.99,Moderate,Poorly-Lit,60
MMTI-2025-10081,Taguig,SUV/Van,Rear-end,,Rain,31.0,Female,0,44263.84,Heavy,Unlit,60 km/h
MMTI-2025-19145,Quezon,Motorcycle,Head-on,6,Rainy,42.0,Female,2,1141661.32,LIGHT,Well-Lit,40
MMTI-2025-03100,Pasay,Car,Hit and Run,3,Clear,45.0,Male,0,50282.61,Heavy,Poorly-Lit,60 km/h
MMTI-2025-02775,Las Pinas,Jeepney,Rear-end,3,,31.0,Male,0,75397.99,Light,Well-Lit,60
MMTI-2025-13916,Quezon,Car,Side-swipe,Risk Level 3,Rainy,28.0,Male,0,668795.91,Heavy,Well-Lit,40 kph
MMTI-2025-17904,Quezon,Motorcycle,Side-swipe,3.0,Rainy,33.0,Male,0,1312417.95,Heavy,POOR,60
MMTI-2025-19367, quezon,,Side-swipe,3,Cloudy,41.0,Male,0,170421.02,Moderate,Poorly-Lit,60
MMTI-2025-23355,Taguig,Car,Rear-end,Risk Level 3,Cloudy,34.0,Male,0,271432.67,Moderate,Unlit,60
MMTI-2025-08451,Manila,Motorcycle,Hit and Run,3,,39.0,Female,0,"PHP 30,907.64",Heavy,Well-Lit,60 kph
MMTI-2025-23063,Makati,SUV/Van,Side-swipe,3.0,,45.0,Male,0,328851.82,HEAVY,Well-Lit,30
MMTI-2025-04108,Quezon,Motorcycle,Hit and Run,Risk Level 3,Stormy,38.0,Male,0,99999999,Heavy,Well-Lit,40
MMTI-2025-08831,Manila,Truck,Hit and Run,3,Cloudy,29.0,Male,0,200629.31,Heavy,Well-Lit,60 kph
MMTI-2025-10861,Quezon,Bus,Rear-end,3,Clear,62.0,Male,0,304086.07,,Well-Lit,40 km/h
MMTI-2025-15830,,Jeepney,Side-swipe,Risk Level 3,Clear,30.0,Male,0,"PHP 24,767.08",Heavy,Poorly-Lit,60
MMTI-2025-14013,TAGUIG ,Motorcycle,Head-on,,,43.0,Male,0,4638.15,Heavy,Poorly-Lit,60
MMTI-2025-12260, san juan,Motorcycle,Rear-end,,Clear,61.0,Male,0,4144.76,Moderate,Well-Lit,40
MMTI-2025-06834,Pasay,Car,Side-swipe,2,Clear,48.0,Male,0,48885.13,Heavy,Well-Lit,40
MMTI-2025-14747,Paranaque,Car,Rear-end,6.0,Clear,49.0,F,3,"PHP 98,028.61",Heavy,Well-Lit,100
MMTI-2025-01807,Paranaque,Car,Rear-end,3,Clear,45.0,Male,0,114668.43,Heavy,dark,30 km/h
MMTI-2025-08604,,Jeepney,Head-on,3.0,Clear,17.0,Male,0,"PHP 58,594.05",Heavy,Well-Lit,30 km/h
MMTI-2025-19957,Makati,Car,Head-on,Risk Level 3,Cloudy,29.0,Male,0,251176.32,Heavy,dark,60
MMTI-2025-23029,Quezon,Car,Head-on,3,Rainy,54.0,Male,0,1117635.23,Moderate,Poorly-Lit,40
MMTI-2025-23411,Quezon,Car,Hit and Run,3,Rainy,41.0,Male,0,1449633.32,Heavy,Well-Lit,60
MMTI-2025-00717,PASIG ,,Side-swipe,3,Clear,46.0,Female,0,243750.21,Moderate,well lit,60
MMTI-2025-01817,Quezon,Truck,Head-on,Risk Level 3,Rainy,18.0,Male,0,884497.5,Heavy,Well-Lit,40
MMTI-2025-02297,Quezon,Car,Hit and Run,2,Cloudy,46.0,Male,0,476317.65,Heavy,Poorly-Lit,40
MMTI-2025-20144,Quezon,Jeepney,Side-swipe,6.0,Cloudy,37.0,Male,3,228396.75,,Well-Lit,60 km/h
MMTI-2025-09875,QUEZON ,Bus,Side-swipe,,Clear,-10.0,Male,0,185576.56,Heavy,Poorly-Lit,60
MMTI-2025-18948,Taguig,SUV/Van,Hit and Run,3.0,Cloudy,,Male,0,218174.53,Heavy,Well-Lit,30
MMTI-2025-08548,Pasig,Motorcycle,Side-swipe,3,Clear,38.0,Male,0,128075.98,Heavy,Well-Lit,60
MMTI-2025-06800,Quezon,Car,Side-swipe,3,Rainy,17.0,Male,0,1650199.48,Heavy,Well-Lit,80
MMTI-2025-08560,Quezon,Motorcycle,Hit and Run,3,Cloudy,46.0,Male,1,465406.51,Light,Well-Lit,60 km/h
MMTI-2025-01711,,Car,Hit and Run,3,Clear,23.0,Male,0,166814.47,Heavy,Well-Lit,60
MMTI-2025-18276,Marikina,SUV/Van,Hit and Run,6,Clear,35.0,Male,4,61139.14,LIGHT,Well-Lit,100
MMTI-2025-19771,Taguig,Car,Side-swipe,3,Cloudy,53.0,Male,0,298212.97,HEAVY,Poorly-Lit,40
MMTI-2025-12168,Quezon,Car,Side-swipe,3.0,Rainy,40.0,Male,0,732365.95,HEAVY,POOR,60
MMTI-2025-13606,Makati,SUV/Van,Rear-end,3,,38.0,Male,0,204098.53,Heavy,Well-Lit,60
MMTI-2025-15109,Quezon,Car,Side-swipe,3,Cloudy,41.0,Male,0,"PHP 383,703.75",Moderate,Well-Lit,80
MMTI-2025-23472,Las Pinas,Car,Rear-end,Risk Level 3,Clear,26.0,Female,0,"PHP 94,173.96",Heavy,Lit,80
MMTI-2025-20648,Manila,,Hit and Run,3,Clear,36.0,Male,0,130010.78,Heavy,Well-Lit,100
MMTI-2025-18016,Manila,Jeepney,Side-swipe,,Rain,27.0,Female,0,32242.74,Moderate,Well-Lit,60 km/h
MMTI-2025-23417,Quezon,Motorcycle,Hit and Run,3,Rainy,47.0,Male,0,788022.35,Heavy,Well-Lit,30
MMTI-2025-15211,Mandaluyong,,Head-on,3.0,Clear,58.0,Unknown,0,318342.1,Heavy,Well-Lit,60
MMTI-2025-19578,Makati,Truck,Head-on,3,,54.0,M,0,940585.06,Heavy,dark,60
MMTI-2025-05664,Taguig,Motorcycle,Hit and Run,3.0,Cloudy,59.0,Male,0,293953.38,Heavy,Poorly-Lit,80
MMTI-2025-23617,,,Rear-end,3.0,Clear,24.0,Male,0,164716.7,Heavy,Well-Lit,60
MMTI-2025-03654,Marikina,Car,Rear-end,3,Clear,36.0,male,0,65941.02,Heavy,Unlit,60 km/h
MMTI-2025-00525,Quezon,Car,Head-on,3.0,Rainy,40.0,Male,0,1046054.44,Heavy,Well-Lit,40 kph
MMTI-2025-18579,,Car,Side-swipe,3,Rain,69.0,Female,0,"PHP 183,017.09",Heavy,Well-Lit,60
MMTI-2025-02558,Manila,Jeepney,Hit and Run,3,Cloudy,21.0,F,0,188960.29,Heavy,Unlit,40
MMTI-2025-00201,Paranaque,SUV/Van,Hit and Run,3,Clear,17.0,Male,0,104430.89,Moderate,Poorly-Lit,40
MMTI-2025-17798,Caloocan,Motorcycle,Hit and Run,3,Rain,49.0,Male,0,,Light,Well-Lit,40 km/h
MMTI-2025-03685,Manila,Car,Hit and Run,3,Cloudy,37.0,Male,0,202.2k,Moderate,dark,80
MMTI-2025-23263,Quezon,Car,Hit and Run,3,Rainy,41.0,Male,0,1438497.15,Heavy,Well-Lit,80
MMTI-2025-00507,Quezon,Motorcycle,Rear-end,Risk Level 3,Rainy,31.0,Male,0,944418.5,Heavy,Well-Lit,30
MMTI-2025-22905,,Car,Side-swipe,Risk Level 3,Storm,30.0,Male,0,155679.82,Moderate,Well-Lit,60
MMTI-2025-09125,Taguig,Motorcycle,Hit and Run,3,Cloudy,46.0,Male,0,342793.79,Heavy,Well-Lit,60 kph
MMTI-2025-02271,Caloocan,Truck,Hit and Run,,Rain,32.0,Female,0,625006.0,Heavy,Well-Lit,30
MMTI-2025-14185,Manila,Car,Side-swipe,3,Cloudy,46.0,Female,0,178986.77,Moderate,Unlit,60 km/h
MMTI-2025-15719,San Juan,Motorcycle,Rear-end,Risk Level 3,Clear,-10.0,Male,0,39817.1,Moderate,Poorly-Lit,60
MMTI-2025-01269,Manila,Jeepney,Rear-end,,,25.0,Male,0,23572.34,Heavy,Well-Lit,60
MMTI-2025-02593,,Car,Head-on,3.0,Rain,55.0,Female,0,34124.51,Moderate,Well-Lit,60 km/h
MMTI-2025-20602,Pasig,Bus,Hit and Run,,Clear,26.0,Male,0,-25000,MODERATE,Well-Lit,100
MMTI-2025-19810,Manila,Car,Head-on,3,Clear,45.0,Male,0,164426.41,Light,Unlit,80 kph
MMTI-2025-14363,Manila,Car,Head-on,Risk Level 6,Rain,54.0,F,3,,Heavy,Well-Lit,80 km/h
MMTI-2025-16890,,Truck,Head-on,9.0,Clear,30.0,Male,1,1230966.34,Heavy,Well-Lit,60
MMTI-2025-12724,Makati,Truck,Rear-end,3.0,,62.0,Unknown,0,380590.06,Heavy,Unlit,60 km/h
MMTI-2025-06365,Mandaluyong,Car,Side-swipe,6.0,Clear,49.0,Male,4,71069.31,Heavy,Well-Lit,40 km/h
MMTI-2025-08980,Pasig,Car,Rear-end,Risk Level 3,Clear,49.0,F,0,124570.62,MODERATE,dark,40
MMTI-2025-09373,San Juan,Car,Rear-end,Risk Level 3,Clear,54.0,Male,0,39466.04,Heavy,Well-Lit,80
MMTI-2025-18454,Las Pinas,Jeepney,Rear-end,Risk Level 3,,32.0,Male,0,32931.92,Heavy,Poorly-Lit,60
MMTI-2025-21507,Malabon,Bus,Head-on,,Clear,44.0,Female,0,219909.14,Heavy,Well-Lit,60 km/h
MMTI-2025-04553,Quezon,Motorcycle,Head-on,Risk Level 3,Clear,,Male,0,"PHP 22,463.35",Heavy,Poorly-Lit,60
MMTI-2025-01565,,Motorcycle,Hit and Run,3,Clear,58.0,Male,0,38282.92,Heavy,Poorly-Lit,30
MMTI-2025-07503,Las Pinas,Car,Rear-end,,Clear,35.0,Male,0,43041.97,Heavy,Poorly-Lit,30
MMTI-2025-04847,Manila,Car,Hit and Run,3,Cloudy,26.0,Male,0,194294.19,Moderate,Poorly-Lit,80
MMTI-2025-13764,Las Pinas,Car,Rear-end,Risk Level 3,Clear,41.0,male,0,83767.45,Heavy,Poorly-Lit,40
MMTI-2025-08319,Quezon,SUV/Van,Rear-end,3.0,Rainy,42.0,Female,0,712977.56,Moderate,well lit,60
MMTI-2025-00330,Quezon,Car,Rear-end,2,Cloudy,32.0,Male,0,389836.35,Heavy,Lit,80
MMTI-2025-15203,Quezon,Motorcycle,Hit and Run,3,Rainy,25.0,Male,0,"PHP 856,047.85",Heavy,Well-Lit,80
MMTI-2025-21898,Manila,Car,Head-on,6,Cloudy,22.0,Female,4,195435.91,Moderate,Poorly-Lit,40
MMTI-2025-02957,Manila,SUV/Van,Side-swipe,Risk Level 3,Cloudy,37.0,Female,0,197728.75,Heavy,Lit,60
MMTI-2025-20323,Taguig,Jeepney,Rear-end,3.0,Cloudy,39.0,Female,0,306852.86,Heavy,Poorly-Lit,60
MMTI-2025-05150,CALOOCAN ,Bus,Rear-end,3,,22.0,Male,0,1546018.55,Heavy,Well-Lit,40 km/h
MMTI-2025-22819,MUNTINLUPA ,SUV/Van,Head-on,3,Rain,,Male,0,467918.74,Light,Poorly-Lit,60
MMTI-2025-03458,Muntinlupa,Motorcycle,Head-on,4.0,Clear,47.0,Female,4,52135.11,Heavy,Poorly-Lit,60 km/h
MMTI-2025-13298,Pasay,Jeepney,Side-swipe,3,Clear,,Male,0,48674.66,Heavy,Well-Lit,40
MMTI-2025-03504,,SUV/Van,Rear-end,Risk Level 3,,35.0,Female,0,178679.87,Heavy,No Lights,60
MMTI-2025-13350, manila,,Rear-end,3,,53.0,Male,0,81747.8,Heavy,dark,30
MMTI-2025-11197,Paranaque,Car,Side-swipe,3,Clear,45.0,Male,0,102265.5,Moderate,No Lights,40
MMTI-2025-08967,Manila,Motorcycle,Rear-end,Risk Level 3,Clear,38.0,M,0,,Moderate,Unlit,60
MMTI-2025-16629,Quezon,Car,Hit and Run,3,Rainy,33.0,Female,0,795343.88,Moderate,Unlit,60
MMTI-2025-22601,,SUV/Van,Side-swipe,2,Clear,-10.0,Male,0,157128.45,Light,Poorly-Lit,30
MMTI-2025-11022,Mandaluyong,Car,Hit and Run,3,Clear,30.0,Male,0,74939.35,Moderate,Well-Lit,60 km/h
MMTI-2025-00905,Paranaque,Motorcycle,Rear-end,Risk Level 2,Clear,57.0,Female,0,"PHP 100,978.20",Moderate,Well-Lit,60
MMTI-2025-20219,Marikina,Motorcycle,Head-on,3,Clear,39.0,Male,0,63446.47,Heavy,well lit,40
MMTI-2025-19940,Quezon,Car,Side-swipe,3,Rainy,45.0,Male,0,662615.03,Heavy,Poorly-Lit,60
MMTI-2025-19465,Manila,Motorcycle,Side-swipe,3,Cloudy,33.0,Male,0,209742.18,Heavy,Poorly-Lit,60
MMTI-2025-01280,PASIG ,Bus,Head-on,2.0,Cloudy,37.0,Female,0,147376.07,,POOR,80
MMTI-2025-13342,Quezon,SUV/Van,Side-swipe,2,Clear,51.0,Female,0,60032.8,,Poorly-Lit,40
MMTI-2025-01172,Quezon,Car,Rear-end,3.0,Cloudy,20.0,Male,0,613241.08,MODERATE,Well-Lit,80 kph
MMTI-2025-09884,Quezon,SUV/Van,Rear-end,3,Rainy,33.0,Male,0,732909.55,Heavy,Well-Lit,40 kph
MMTI-2025-19570,Manila,Bus,Side-swipe,3.0,,36.0,Male,0,950472.33,HEAVY,Poorly-Lit,60 km/h
MMTI-2025-19562,Pasay,Car,Rear-end,2,Clear,41.0,Male,0,50415.08,MODERATE,well lit,60
MMTI-2025-09055,Pasig,Car,Rear-end,3,Clear,40.0,Male,0,146289.65,Light,Well-Lit,60 km/h
MMTI-2025-16114,Quezon,,Rear-end,Risk Level 3,Clear,36.0,Male,0,,Heavy,Poorly-Lit,80
MMTI-2025-11078,Makati,Bus,Rear-end,3,Storm,27.0,Male,0,526524.39,,Poorly-Lit,80 kph
MMTI-2025-10690,Paranaque,Car,Head-on,Risk Level 3,Clear,55.0,Female,0,"PHP 121,350.12",Moderate,Well-Lit,60
MMTI-2025-20123,PATEROS ,Jeepney,Head-on,3.0,Clear,,Male,0,41754.56,Heavy,Well-Lit,60 kph
MMTI-2025-13311,Quezon,Car,Head-on,1.0,Stormy,43.0,Female,0,99999999,Light,Well-Lit,60
MMTI-2025-04791,,Car,Head-on,3,Clear,19.0,Male,0,63693.24,Heavy,Unlit,80
MMTI-2025-12341,Makati,SUV/Van,Side-swipe,3,,45.0,Male,0,339762.61,Heavy,Poorly-Lit,60 km/h
MMTI-2025-07408,Caloocan,,Head-on,3,Clear,44.0,Male,0,187030.0,Moderate,Well-Lit,80
MMTI-2025-03523,Makati,SUV/Van,Hit and Run,3,Cloudy,23.0,Male,0,236959.52,Heavy,Well-Lit,30
MMTI-2025-17106,Caloocan,SUV/Van,Rear-end,Risk Level 3,Clear,32.0,Female,0,44869.93,Heavy,Well-Lit,60
MMTI-2025-18063,Makati,,Side-swipe,2,Clear,40.0,Female,0,60726.26,Moderate,Well-Lit,80
MMTI-2025-09302,Makati,Jeepney,Hit and Run,Risk Level 3,Clear,37.0,Male,0,,Heavy,Poorly-Lit,60 kph
MMTI-2025-20995,Makati,SUV/Van,Head-on,3,Cloudy,44.0,Female,0,230268.49,Heavy,Well-Lit,60
MMTI-2025-08810,Quezon,Car,Head-on,6,Cloudy,26.0,Female,2,358203.05,Moderate,Lit,60
MMTI-2025-13008,Manila,Car,Head-on,3,Clear,44.0,Male,0,103711.62,,Poorly-Lit,60 km/h
MMTI-2025-21817,Las Pinas,Motorcycle,Side-swipe,3.0,Clear,39.0,Female,0,82176.89,Moderate,Well-Lit,60
MMTI-2025-01423,Las Pinas,Motorcycle,Head-on,3,Clear,41.0,Male,0,"PHP 93,419.28",Moderate,Poorly-Lit,40 km/h
MMTI-2025-14013,TAGUIG ,Motorcycle,Head-on,,,43.0,Male,0,4638.15,Heavy,Poorly-Lit,60
MMTI-2025-09147,,Bus,Hit and Run,3,,48.0,Female,0,412590.67,Moderate,Unlit,30 km/h
MMTI-2025-04634,Quezon,Motorcycle,Hit and Run,6,Stormy,56.0,Male,3,77777777,Moderate,Poorly-Lit,60
MMTI-2025-11571,Taguig,Car,Hit and Run,3,Cloudy,34.0,Male,0,337680.73,Heavy,Well-Lit,60
MMTI-2025-14098,Paranaque,Car,Hit and Run,1.0,Clear,29.0,Male,0,54879.05,,Poorly-Lit,60
MMTI-2025-18289,Paranaque,,Rear-end,,Rain,17.0,Female,0,-500,Light,Well-Lit,40
MMTI-2025-08128,Quezon,Car,Hit and Run,3.0,Rainy,48.0,F,0,764067.02,Heavy,dark,40
MMTI-2025-04104,Marikina,Truck,Head-on,,Clear,36.0,Male,0,545718.38,Heavy,Poorly-Lit,40
MMTI-2025-11721,Manila,Jeepney,Head-on,Risk Level 3,Cloudy,51.0,Male,0,201254.76,Heavy,Well-Lit,60
MMTI-2025-16439,Makati,Car,Hit and Run,3,Cloudy,43.0,Female,0,"PHP 220,674.30",Light,Well-Lit,60
MMTI-2025-21092,Paranaque,Car,Head-on,3,Clear,47.0,Male,0,115.5k,MODERATE,Well-Lit,60
MMTI-2025-12662,Quezon,Car,Side-swipe,6.0,Cloudy,54.0,Male,1,371347.12,Heavy,Poorly-Lit,80 km/h
MMTI-2025-04340,Marikina,Motorcycle,Side-swipe,3,Clear,34.0,Male,0,62746.54,Moderate,well lit,60 km/h
MMTI-2025-11823,Caloocan,SUV/Van,Head-on,Risk Level 2,Clear,40.0,Female,0,52844.41,,Well-Lit,80
MMTI-2025-05407,,Bus,Side-swipe,3,Clear,35.0,Male,0,1304456.67,Heavy,dark,60
MMTI-2025-03542,Quezon,Car,Hit and Run,3,Rainy,36.0,Male,0,874287.56,Heavy,Well-Lit,80
MMTI-2025-17928,,Jeepney,Head-on,3,Storm,21.0,Male,0,40724.17,HEAVY,Lit,60
MMTI-2025-15250,Marikina,,Rear-end,3,Clear,30.0,M,0,-25000,Heavy,Well-Lit,60
MMTI-2025-19842,Makati,Truck,Side-swipe,Risk Level 3,Cloudy,34.0,M,0,263691.91,Heavy,Well-Lit,40
MMTI-2025-03237,Manila,Car,Rear-end,6,Cloudy,31.0,Male,1,167766.02,Moderate,Well-Lit,40
MMTI-2025-01364,Las Pinas,,Head-on,Risk Level 3,Clear,37.0,Male,0,,Heavy,Well-Lit,80
MMTI-2025-04782,Quezon,Truck,Hit and Run,3.0,Rainy,57.0,Female,0,1025.9k,Heavy,Well-Lit,40
MMTI-2025-16256, manila,Car,Hit and Run,Risk Level 3,Clear,46.0,Male,0,,Light,Unlit,60
MMTI-2025-20463,San Juan,SUV/Van,Side-swipe,3,Clear,42.0,Female,0,41160.13,Heavy,Well-Lit,40
MMTI-2025-22914,Taguig,Car,Head-on,3.0,Cloudy,36.0,Male,0,285.5k,Heavy,Unlit,60
MMTI-2025-16661,Quezon,SUV/Van,Head-on,2,Cloudy,29.0,Male,0,429867.83,Heavy,Poorly-Lit,60
MMTI-2025-14203,Caloocan,Motorcycle,Head-on,Risk Level 3,Clear,53.0,Unknown,0,,Heavy,Lit,100
MMTI-2025-05478,Navotas,Motorcycle,Side-swipe,Risk Level 3,Clear,47.0,Male,0,"PHP 36,589.36",Moderate,well lit,60
MMTI-2025-13713,Pasig,Car,Hit and Run,3,Clear,33.0,Male,0,151801.95,Light,Poorly-Lit,60
MMTI-2025-14358,Makati,Truck,Hit and Run,,Clear,35.0,Male,0,707843.44,Heavy,Well-Lit,80
MMTI-2025-05594,Valenzuela,,Head-on,3,Clear,35.0,Male,0,230041.3,Heavy,Well-Lit,60
MMTI-2025-00852,Quezon,Car,Side-swipe,3,Stormy,41.0,Female,0,99999999,Heavy,dark,60
MMTI-2025-16727,Manila,Bus,Hit and Run,3,,45.0,Male,0,"PHP 298,872.87",Heavy,Well-Lit,60 km/h
MMTI-2025-22948,Taguig,Car,Side-swipe,3,Cloudy,23.0,Female,0,327326.17,Heavy,Unlit,80 kph
MMTI-2025-03380,Quezon,Car,Hit and Run,3,Rainy,26.0,Male,0,756393.57,Heavy,Poorly-Lit,40 kph
MMTI-2025-17090,Muntinlupa,Jeepney,Head-on,3,,55.0,Male,0,26805.58,Moderate,No Lights,60
MMTI-2025-23327,Quezon,Bus,Rear-end,3.0,Storm,29.0,Male,0,708475.51,,Well-Lit,100 kph
MMTI-2025-06414,Pasay,Car,Head-on,2,Clear,40.0,Male,0,48757.61,Heavy,Poorly-Lit,60
MMTI-2025-05826,Marikina,SUV/Van,Rear-end,3.0,Clear,45.0,Female,0,59848.51,Heavy,Poorly-Lit,40 kph
MMTI-2025-19601,Paranaque,Car,Rear-end,3,Clear,31.0,Male,0,"PHP 101,553.22",Light,Well-Lit,60
MMTI-2025-12053,Paranaque,Motorcycle,Rear-end,Risk Level 3,Clear,45.0,Male,0,107083.56,Heavy,Well-Lit,60
MMTI-2025-12436,Marikina,Motorcycle,Head-on,3.0,Clear,47.0,Male,0,62423.67,Heavy,Poorly-Lit,30
MMTI-2025-23121,Makati,SUV/Van,Hit and Run,3,Clear,,Male,0,224704.41,Heavy,Well-Lit,100 kph
MMTI-2025-22320,Manila,Car,Side-swipe,3.0,Cloudy,35.0,Female,0,167549.91,Moderate,No Lights,40
MMTI-2025-01906,Quezon,Car,Side-swipe,3,Rainy,30.0,Male,0,654485.52,Moderate,Poorly-Lit,80
MMTI-2025-19536,Las Pinas,Car,Hit and Run,6.0,Clear,36.0,Male,1,91900.15,Heavy,Well-Lit,60 km/h
MMTI-2025-13143,Quezon,Car,Hit and Run,1,,52.0,Female,3,65634.09,Moderate,Poorly-Lit,60
MMTI-2025-21138,Quezon,Car,Rear-end,6,Rainy,43.0,Male,2,836375.71,Moderate,Well-Lit,80
MMTI-2025-12190,Quezon,Car,Side-swipe,3.0,Rainy,60.0,Male,0,1243805.04,Heavy,Poorly-Lit,30
MMTI-2025-03658,Taguig,Jeepney,Side-swipe,,Rain,33.0,Female,0,32718.07,Moderate,Well-Lit,30
MMTI-2025-16753,Manila,Jeepney,Head-on,2.0,Rain,48.0,Male,0,,,Unlit,80
MMTI-2025-01776,Taguig,Car,Hit and Run,3.0,Cloudy,35.0,Male,0,"PHP 315,706.65",Heavy,Lit,60
MMTI-2025-09763,Taguig,Car,Head-on,3,Cloudy,57.0,Male,0,315105.9,Moderate,Well-Lit,60 kph
MMTI-2025-12546,,Bus,Head-on,3.0,Clear,28.0,male,0,613329.95,Heavy,Poorly-Lit,60
MMTI-2025-10185,,Bus,Hit and Run,3.0,Clear,37.0,Male,0,903619.58,Heavy,Well-Lit,60
MMTI-2025-17090,Muntinlupa,Jeepney,Head-on,3,,55.0,Male,0,26805.58,Moderate,No Lights,60
MMTI-2025-16515,Pasig,Car,Head-on,3.0,Clear,38.0,Male,0,131739.31,Light,Unlit,60
MMTI-2025-05050,Manila,Car,Head-on,2,Cloudy,41.0,Male,0,167798.83,Moderate,Well-Lit,40 km/h