Incident_ID,City,Vehicle_Type,Accident_Type,Severity,Weather_Condition,Driver_Age,Driver_Gender,Injury_Count,Damage_Cost_PHP,Traffic_Volume,Road_Lighting,Speed_Limit
MMTI-2025-12590,PARANAQUE ,,Rear-end,Risk Level 6,Clear,34.0,female ,1,153787.95,Heavy,Poorly-Lit,60
MMTI-2025-17000,,Car,Side-swipe,Risk Level 3,Clear,43.0,Male,0,221188.81,Heavy,Well-Lit,60
MMTI-2025-01038,Quezon,Car,Hit and Run,3,Cloudy,30.0,Male,0,547305.37,Light,Lit,60 km/h
MMTI-2025-15207,Quezon,Motorcycle,Hit and Run,Risk Level 3,Rainy,24.0,Female,0,879832.41,Heavy,Poorly-Lit,60
MMTI-2025-05178,Malabon,Car,Side-swipe,2.0,Clear,53.0,Male,0,36728.05,Light,Poorly-Lit,100 kph
MMTI-2025-13256,Manila,Car,Head-on,3,Cloudy,34.0,Male,0,"PHP 205,700.96",Heavy,POOR,80
MMTI-2025-20477,Quezon,SUV/Van,Hit and Run,3.0,Rainy,25.0,Female,0,918796.92,Moderate,Well-Lit,60 kph
MMTI-2025-18275,Quezon,Truck,Side-swipe,4.0,Cloudy,36.0,Male,4,409010.94,Light,well lit,60
MMTI-2025-07215,Las Pinas,Car,Hit and Run,3.0,Clear,52.0,Male,0,90.8k,Light,Well-Lit,60 km/h
MMTI-2025-01321,Quezon,SUV/Van,Hit and Run,3,Rainy,44.0,Female,0,1312657.81,Heavy,Well-Lit,60 km/h
MMTI-2025-15071,Pasig,Car,Hit and Run,2,Clear,32.0,Male,0,,Heavy,Unlit,60
MMTI-2025-02679,Quezon,Car,Hit and Run,6.0,Stormy,53.0,Female,4,3020344.84,Heavy,Well-Lit,30
MMTI-2025-09787,,Motorcycle,Rear-end,3,Cloudy,25.0,Unknown,0,29455.46,Heavy,Unlit,100
MMTI-2025-09885,Las Pinas,Motorcycle,Rear-end,2.0,Clear,36.0,Male,0,94382.14,Heavy,Poorly-Lit,80 km/h
MMTI-2025-22267,Manila,Car,Head-on,Risk Level 3,Clear,51.0,Male,0,,Heavy,Well-Lit,60
MMTI-2025-20067,Malabon,Motorcycle,Head-on,3.0,Clear,58.0,Female,1,29378.53,,Unlit,30
MMTI-2025-07194,Quezon,Motorcycle,Hit and Run,Risk Level 2,Rainy,45.0,Male,0,640425.64,Heavy,Well-Lit,60
MMTI-2025-17692,Makati,Motorcycle,Rear-end,3,Cloudy,33.0,Male,0,237049.17,MODERATE,Poorly-Lit,60
MMTI-2025-23157,Quezon,Car,Hit and Run,3.0,Rainy,26.0,Male,0,702244.13,Moderate,Poorly-Lit,60 km/h
MMTI-2025-04078,,Bus,Side-swipe,,Clear,31.0,Male,0,183028.07,Heavy,Poorly-Lit,60
MMTI-2025-21484,Caloocan,Truck,Hit and Run,,Clear,31.0,Female,1,339.3k,Heavy,Well-Lit,60
MMTI-2025-06652,San Juan,Motorcycle,Rear-end,,Storm,-10.0,Male,1,11522.04,Heavy,Well-Lit,40
MMTI-2025-00298,Quezon,SUV/Van,Hit and Run,3.0,Rainy,41.0,Male,0,650183.76,Heavy,No Lights,60
MMTI-2025-04009,Quezon,Truck,Rear-end,2,Cloudy,41.0,Female,0,420704.74,Heavy,well lit,60
MMTI-2025-19048,Mandaluyong,,Head-on,6,Clear,49.0,Male,3,"PHP 528,896.30",Heavy,Poorly-Lit,60
MMTI-2025-05528,Quezon,Jeepney,Rear-end,3,Clear,,Male,0,,Heavy,Well-Lit,80
MMTI-2025-02411,Mandaluyong,Car,Head-on,3,Clear,31.0,Female,0,76048.77,Heavy,Poorly-Lit,60 km/h
MMTI-2025-07364,MANILA ,Bus,Rear-end,3.0,Clear,56.0,Female,0,300218.7,,Well-Lit,80
MMTI-2025-22287,Quezon,Car,Rear-end,Risk Level 3,Rainy,17.0,male,0,"PHP 836,948.82",Heavy,No Lights,80
MMTI-2025-12554,Pasig,Car,Hit and Run,3.0,Clear,37.0,Male,0,,Moderate,Well-Lit,80
MMTI-2025-21872,Quezon,Car,Head-on,Risk Level 3,Rainy,42.0,Female,0,738580.11,Heavy,Poorly-Lit,60
MMTI-2025-17553,MANILA ,Bus,Side-swipe,Risk Level 3,Clear,44.0,Female,0,,Heavy,Lit,60
MMTI-2025-13365,Pasig,Car,Rear-end,3.0,Clear,46.0,Male,0,123856.42,Heavy,Well-Lit,40 kph
MMTI-2025-01016,Manila,Car,Side-swipe,3,Cloudy,48.0,Male,0,180589.73,Heavy,well lit,60
MMTI-2025-09058,Paranaque,Truck,Head-on,1,Clear,46.0,Male,0,97332.88,Light,Poorly-Lit,60
MMTI-2025-16546,Quezon,Jeepney,Hit and Run,3,Clear,24.0,female ,0,81173.68,,Poorly-Lit,60
MMTI-2025-06300,Quezon,Car,Head-on,Risk Level 3,Rainy,44.0,Male,0,917956.18,Moderate,well lit,60
MMTI-2025-05682,Las Pinas,Truck,Head-on,3,Clear,30.0,Male,0,94360.88,Heavy,Well-Lit,60
MMTI-2025-03875,Pasig,SUV/Van,Rear-end,Risk Level 3,Clear,50.0,Male,0,160870.3,Heavy,POOR,60
MMTI-2025-18307,Mandaluyong,,Side-swipe,Risk Level 3,Clear,52.0,Male,0,201557.62,Moderate,dark,30
MMTI-2025-18034,Makati,Motorcycle,Head-on,Risk Level 2,Cloudy,31.0,Male,0,228649.93,Heavy,Lit,60 km/h
MMTI-2025-15814,,Truck,Hit and Run,4,Clear,52.0,Male,4,456284.07,Heavy,Poorly-Lit,30
MMTI-2025-21306,Quezon,Car,Side-swipe,3,Rainy,27.0,Male,0,962263.09,Moderate,Poorly-Lit,30
MMTI-2025-11092,Pasig,Car,Hit and Run,3,Clear,22.0,Male,0,"PHP 152,716.02",Light,No Lights,60
MMTI-2025-21047,MUNTINLUPA ,Jeepney,Hit and Run,Risk Level 3,Clear,33.0,Male,0,,Heavy,Poorly-Lit,60
MMTI-2025-00257,Manila,Car,Rear-end,3.0,Cloudy,30.0,Male,0,180267.75,MODERATE,Well-Lit,60 km/h
MMTI-2025-19589, pasay,Car,Rear-end,,Rain,42.0,Male,0,66894.54,Light,dark,30
MMTI-2025-15506,Makati,Car,Hit and Run,Risk Level 3,Cloudy,49.0,Female,0,250912.67,Heavy,Poorly-Lit,60 km/h
MMTI-2025-10732,San Juan,Motorcycle,Side-swipe,Risk Level 3,Clear,39.0,Male,0,40790.63,Heavy,POOR,60
MMTI-2025-06563,Quezon,Car,Rear-end,6.0,Cloudy,43.0,Female,3,595915.96,Moderate,Poorly-Lit,100
MMTI-2025-11434,Taguig,Car,Side-swipe,Risk Level 3,Cloudy,39.0,Male,0,276502.44,Moderate,dark,80
MMTI-2025-03771,Pateros,Jeepney,Hit and Run,,Clear,54.0,Male,0,42085.75,,well lit,40
MMTI-2025-00333,,Truck,Rear-end,3,Clear,28.0,male,0,,Heavy,Unlit,80
MMTI-2025-22384,,SUV/Van,Rear-end,6,Rain,30.0,female ,4,1005.9k,Heavy,No Lights,30
MMTI-2025-23266,Muntinlupa,Car,Hit and Run,3,,49.0,Male,0,163418.45,Light,Well-Lit,40
MMTI-2025-18689,Manila,Truck,Head-on,,Clear,25.0,Female,0,354580.13,Heavy,Well-Lit,80 kph
MMTI-2025-15830,,Jeepney,Side-swipe,Risk Level 3,Clear,30.0,Male,0,"PHP 24,767.08",Heavy,Poorly-Lit,60
MMTI-2025-09119,Manila,Motorcycle,Side-swipe,Risk Level 3,Cloudy,32.0,Male,0,180849.98,Heavy,Well-Lit,40
MMTI-2025-14235,Quezon,Truck,Head-on,3,Cloudy,28.0,Male,0,470077.08,Heavy,Well-Lit,30
MMTI-2025-14110,Quezon,SUV/Van,Rear-end,Risk Level 2,,21.0,Male,0,84610.11,Light,Poorly-Lit,30 km/h
MMTI-2025-08498,Makati,Car,Hit and Run,6,Cloudy,51.0,Male,3,231799.51,Heavy,Well-Lit,100 kph
MMTI-2025-02927,Valenzuela,,Head-on,2,Clear,46.0,Male,0,63.3k,Heavy,Well-Lit,40
MMTI-2025-17407,Quezon,,Hit and Run,3.0,,41.0,Female,0,233540.2,LIGHT,Well-Lit,40 km/h
MMTI-2025-13911,Taguig,Motorcycle,Rear-end,3,Cloudy,54.0,Male,0,323297.29,Heavy,POOR,60
MMTI-2025-13395,LAS PINAS ,Motorcycle,Head-on,3,Clear,,Male,0,19611.37,Heavy,Well-Lit,40
MMTI-2025-20334,Quezon,Motorcycle,Rear-end,Risk Level 3,Rainy,36.0,female ,0,878220.79,Moderate,Well-Lit,40
MMTI-2025-04925,Quezon,Jeepney,Rear-end,3,Cloudy,28.0,Male,0,441724.4,LIGHT,Poorly-Lit,60 km/h
MMTI-2025-05138,SAN JUAN ,Truck,Side-swipe,3.0,,50.0,Female,0,958111.61,HEAVY,Well-Lit,60 km/h
MMTI-2025-01499,Makati,Jeepney,Rear-end,,Clear,37.0,Female,4,37423.1,Heavy,Well-Lit,60
MMTI-2025-20308,Manila,,Rear-end,3.0,,19.0,Male,0,144822.67,Heavy,Well-Lit,40
MMTI-2025-17812,Makati,SUV/Van,Head-on,3,Cloudy,21.0,Female,0,224087.26,Heavy,Well-Lit,60 km/h
MMTI-2025-12670,Mandaluyong,Motorcycle,Side-swipe,3,Clear,24.0,Male,0,71314.95,Heavy,Well-Lit,40 km/h
MMTI-2025-08836,Quezon,Car,Rear-end,3.0,Rainy,60.0,Male,0,"PHP 829,328.65",Heavy,Poorly-Lit,60
MMTI-2025-06557,Manila,Car,Hit and Run,6,Cloudy,40.0,Male,3,179760.84,Heavy,Well-Lit,60 km/h
MMTI-2025-09116,Marikina,Motorcycle,Head-on,2.0,Clear,43.0,Male,0,63630.92,Heavy,Well-Lit,80
MMTI-2025-07559,Makati,Car,Rear-end,Risk Level 3,Cloudy,40.0,Male,0,215492.87,Heavy,Lit,60 km/h
MMTI-2025-22184,Paranaque,Car,Side-swipe,Risk Level 3,Clear,31.0,M,0,98355.67,Moderate,Well-Lit,100
MMTI-2025-21362,,Motorcycle,Head-on,1,Clear,,M,0,12937.43,Moderate,Well-Lit,60
MMTI-2025-03426,Taguig,Motorcycle,Rear-end,3.0,Cloudy,35.0,Male,0,329442.83,Heavy,Poorly-Lit,80
MMTI-2025-06426,Paranaque,Car,Rear-end,3,Clear,26.0,Male,0,117769.59,Heavy,Poorly-Lit,40
MMTI-2025-20201,Quezon,Car,Side-swipe,3,Rainy,30.0,Male,0,630744.06,Heavy,Well-Lit,40
MMTI-2025-21078,Las Pinas,Motorcycle,Hit and Run,3,Clear,18.0,Male,0,88952.12,Heavy,Lit,60
MMTI-2025-15365,Taguig,Car,Side-swipe,3,Cloudy,25.0,Female,0,325823.83,Heavy,POOR,30
MMTI-2025-01950,Caloocan,Bus,Head-on,6,Clear,29.0,Female,2,,Heavy,Well-Lit,40
MMTI-2025-16901,Quezon,Car,Side-swipe,3,Rainy,64.0,Male,0,"PHP 729,214.56",Heavy,Well-Lit,80
MMTI-2025-09160,Makati,Bus,Side-swipe,,Clear,40.0,F,3,282337.01,Moderate,Well-Lit,40 km/h
MMTI-2025-20355,Quezon,Car,Side-swipe,,Clear,57.0,Male,0,63810.92,Moderate,Poorly-Lit,100 km/h
MMTI-2025-18793,Quezon,Car,Hit and Run,3,Rainy,39.0,Male,0,1602389.24,Heavy,Well-Lit,100
MMTI-2025-16975,Quezon,SUV/Van,Side-swipe,3.0,Rain,,Male,0,366197.96,Heavy,Well-Lit,60 km/h
MMTI-2025-13909,Quezon,Motorcycle,Hit and Run,3,Cloudy,40.0,Male,0,613225.42,Heavy,Well-Lit,60
MMTI-2025-11829,Pateros,SUV/Van,Hit and Run,6,,35.0,Female,3,"PHP 404,892.61",Moderate,Well-Lit,60
MMTI-2025-17550,,Bus,Rear-end,3,Clear,48.0,Male,0,174392.41,Moderate,Well-Lit,100 km/h
MMTI-2025-15054,Makati,Truck,Hit and Run,4.0,Clear,32.0,Male,3,,Heavy,Well-Lit,60
MMTI-2025-19419,Makati,,Head-on,2.0,Clear,36.0,Male,0,48828.26,Heavy,Poorly-Lit,40
MMTI-2025-02557,Quezon,SUV/Van,Side-swipe,2,Clear,38.0,Male,0,98845.92,,Well-Lit,60
MMTI-2025-05266,Manila,,Rear-end,3,Clear,59.0,Male,0,160440.28,Moderate,Well-Lit,40
MMTI-2025-13220,Makati,Truck,Head-on,,Rain,28.0,Male,0,"PHP 478,888.23",Heavy,Poorly-Lit,60 km/h
MMTI-2025-13340,Quezon,SUV/Van,Hit and Run,,Clear,36.0,F,1,99108.95,Heavy,Well-Lit,80
MMTI-2025-06848,Quezon,Motorcycle,Side-swipe,2.0,Clear,,Male,0,5769.49,Heavy,Well-Lit,60 kph
MMTI-2025-19131, muntinlupa,Jeepney,Side-swipe,,Rain,37.0,Male,0,10672.48,Heavy,Poorly-Lit,60 km/h
MMTI-2025-19029,Makati,SUV/Van,Rear-end,3,Cloudy,37.0,F,0,"PHP 258,361.89",Light,dark,30
MMTI-2025-03145,Manila,Car,Rear-end,3,Cloudy,23.0,Male,0,175572.32,HEAVY,Unlit,40 km/h
MMTI-2025-02084,Makati,Car,Side-swipe,2.0,Cloudy,42.0,Female,0,268812.57,Moderate,Well-Lit,60
MMTI-2025-08062,Quezon,Car,Hit and Run,3,Cloudy,24.0,Male,0,606.2k,Heavy,Well-Lit,30
MMTI-2025-22417,,Truck,Hit and Run,3.0,Clear,33.0,Female,0,1009606.21,Heavy,Poorly-Lit,40
MMTI-2025-07286,Quezon,Motorcycle,Hit and Run,6.0,Stormy,34.0,Male,4,1872878.33,Heavy,Well-Lit,60 kph
MMTI-2025-15448,Las Pinas,Motorcycle,Hit and Run,3,Clear,36.0,Male,0,93323.56,Heavy,Well-Lit,60 kph
MMTI-2025-08191,Taguig,Car,Side-swipe,3,Clear,,Male,0,161929.17,Heavy,Well-Lit,40
MMTI-2025-10407,Muntinlupa,SUV/Van,Head-on,3.0,Clear,32.0,Female,0,52522.99,Moderate,Poorly-Lit,40
MMTI-2025-08073,,Motorcycle,Hit and Run,2.0,Clear,47.0,Male,0,5134.45,Moderate,Well-Lit,60
MMTI-2025-03018, taguig,Truck,Rear-end,4,,51.0,Male,1,2000055.55,Light,Unlit,30 km/h
MMTI-2025-14727,Paranaque,Motorcycle,Hit and Run,3.0,Clear,32.0,Female,0,98612.8,Heavy,Poorly-Lit,60
MMTI-2025-14927,Quezon,Car,Side-swipe,6.0,Stormy,45.0,Male,3,2799041.5,Light,Well-Lit,60
MMTI-2025-16690,Manila,Jeepney,Side-swipe,Risk Level 3,Rain,33.0,Female,0,120156.37,,Well-Lit,60
MMTI-2025-01831,Quezon,Bus,Head-on,3.0,Clear,34.0,Male,0,,LIGHT,Poorly-Lit,30
MMTI-2025-14099,Pasig,Truck,Hit and Run,Risk Level 3,Clear,46.0,Male,0,160706.79,Heavy,Well-Lit,40 km/h
MMTI-2025-23315,Quezon,Car,Hit and Run,2,Cloudy,46.0,Female,0,612974.17,Heavy,Poorly-Lit,40
MMTI-2025-18358,Manila,Car,Side-swipe,3,,51.0,Male,0,75402.63,Moderate,Lit,100
MMTI-2025-17407,Quezon,,Hit and Run,3.0,,41.0,Female,0,233540.2,LIGHT,Well-Lit,40 km/h
MMTI-2025-17839,Quezon,Car,Side-swipe,Risk Level 3,Rainy,24.0,Male,0,1593877.52,Moderate,dark,80
MMTI-2025-22811,Muntinlupa,Car,Head-on,6,Clear,37.0,Male,1,56916.01,Heavy,Well-Lit,40
MMTI-2025-20158,Quezon,Car,Side-swipe,3,Cloudy,42.0,Male,0,568814.88,Moderate,Poorly-Lit,60
MMTI-2025-16168,Navotas,Bus,Hit and Run,4,Rain,17.0,Male,1,500532.8,,Poorly-Lit,60
MMTI-2025-00186,Paranaque,Car,Rear-end,Risk Level 6,Clear,38.0,Male,2,114726.46,Light,POOR,80 kph
MMTI-2025-02659,Manila,Truck,Side-swipe,,Clear,28.0,Male,0,397355.16,,dark,60 km/h
MMTI-2025-00952,Marikina,Car,Side-swipe,3,Clear,32.0,Female,0,58091.93,Heavy,Well-Lit,60
MMTI-2025-15348,Quezon,SUV/Van,Hit and Run,3,Cloudy,53.0,Male,0,,Heavy,Poorly-Lit,40
MMTI-2025-11645,Manila,Motorcycle,Rear-end,6,,27.0,Male,4,104349.98,Heavy,Poorly-Lit,60
MMTI-2025-16568,Taguig,SUV/Van,Side-swipe,3,Cloudy,26.0,Male,0,337.1k,Moderate,Unlit,60 km/h
MMTI-2025-08281,Quezon,Truck,Side-swipe,,Clear,39.0,Male,4,727828.35,Heavy,Well-Lit,100 km/h
MMTI-2025-21495,,Truck,Head-on,,Clear,42.0,Male,0,584556.09,Moderate,Well-Lit,30
MMTI-2025-09852,,Truck,Side-swipe,3,Rain,71.0,Male,0,732992.03,Heavy,POOR,40
MMTI-2025-09146,Caloocan,Motorcycle,Side-swipe,,Clear,17.0,Male,0,12804.65,Heavy,Unlit,30 km/h
MMTI-2025-17988,,,Rear-end,Risk Level 6,Clear,36.0,Male,2,232972.18,Moderate,Well-Lit,60 km/h
MMTI-2025-03677,San Juan,SUV/Van,Hit and Run,3,Clear,37.0,M,0,40391.04,Heavy,Well-Lit,80
MMTI-2025-09703,Quezon,Car,Hit and Run,Risk Level 6,Rainy,33.0,Female,2,676290.53,Moderate,dark,40
MMTI-2025-08906,Pasig,Bus,Rear-end,3.0,Clear,39.0,Male,0,,,Well-Lit,60
MMTI-2025-00131,PARANAQUE ,Jeepney,Side-swipe,,Clear,36.0,Male,0,32.6k,Heavy,Poorly-Lit,60 kph
MMTI-2025-21802,Manila,Car,Head-on,3.0,Cloudy,17.0,Male,0,174859.87,Heavy,Well-Lit,60 kph
MMTI-2025-18842,Makati,Car,Hit and Run,Risk Level 4,Cloudy,44.0,Female,4,218086.5,Moderate,Well-Lit,40
MMTI-2025-12380,Quezon,Car,Head-on,3,Rainy,26.0,Male,0,757009.77,Heavy,Poorly-Lit,30 kph
MMTI-2025-00860,Makati,Car,Hit and Run,3,Cloudy,47.0,Male,0,240468.47,Heavy,Well-Lit,100
MMTI-2025-09214,Caloocan,Car,Rear-end,9,,47.0,female ,1,"PHP 487,233.41",,Poorly-Lit,80
MMTI-2025-19752, pasig,Truck,Hit and Run,3,Clear,31.0,Male,0,912003.87,,Well-Lit,80 km/h
MMTI-2025-00115,San Juan,SUV/Van,Head-on,Risk Level 3,Clear,43.0,Male,0,40872.65,Heavy,Well-Lit,60
MMTI-2025-14627,,Motorcycle,Side-swipe,2,Clear,46.0,Male,0,19021.75,,well lit,60 kph
MMTI-2025-16414,Quezon,SUV/Van,Hit and Run,2.0,Clear,31.0,Female,0,25810.33,,Well-Lit,40
MMTI-2025-17442,Quezon,Motorcycle,Rear-end,Risk Level 3,Rainy,46.0,Male,0,"PHP 1,114,821.72",Heavy,Well-Lit,60 km/h
MMTI-2025-15595,Makati,Car,Hit and Run,3,Cloudy,30.0,Male,0,213764.35,Heavy,Well-Lit,80 kph
MMTI-2025-01602,,Car,Side-swipe,3,Storm,37.0,Male,0,,Heavy,Poorly-Lit,80
MMTI-2025-13513,Quezon,Motorcycle,Side-swipe,Risk Level 3,Rainy,150.0,Female,0,925446.89,Heavy,Well-Lit,40
MMTI-2025-12016,Makati,Motorcycle,Hit and Run,3,Cloudy,42.0,Female,0,240393.77,Heavy,Well-Lit,40
MMTI-2025-01385,Quezon,Jeepney,Rear-end,2,Cloudy,58.0,Male,0,,Moderate,Poorly-Lit,40
MMTI-2025-10871,Taguig,Motorcycle,Rear-end,1.0,Cloudy,48.0,Male,0,344474.85,Light,Well-Lit,80
MMTI-2025-07669,Las Pinas,Car,Head-on,3,Clear,26.0,male,0,92201.01,Moderate,Well-Lit,60 km/h
MMTI-2025-02621,Muntinlupa,Motorcycle,Rear-end,Risk Level 3,Clear,35.0,Male,0,51227.3,Moderate,Well-Lit,40
MMTI-2025-01086,QUEZON ,Car,Rear-end,3.0,Cloudy,28.0,Female,0,"PHP 129,326.37",,Well-Lit,60 km/h
MMTI-2025-15776,Pasig,SUV/Van,Side-swipe,6,Clear,26.0,Male,1,157392.57,Moderate,Unlit,100
MMTI-2025-16256, manila,Car,Hit and Run,Risk Level 3,Clear,46.0,Male,0,,Light,Unlit,60
MMTI-2025-18398,Pasay,Car,Head-on,Risk Level 3,Clear,24.0,Male,0,50118.51,Heavy,Poorly-Lit,80 km/h
MMTI-2025-05297,San Juan,SUV/Van,Head-on,3.0,Clear,40.0,Male,0,39533.96,Heavy,Well-Lit,80 km/h
MMTI-2025-11822,Taguig,Truck,Side-swipe,6,,35.0,Female,2,3357327.54,Moderate,Well-Lit,100
MMTI-2025-14864,Taguig,Car,Side-swipe,Risk Level 3,Cloudy,32.0,Male,0,296094.95,Heavy,Well-Lit,80
MMTI-2025-21089,Paranaque,Jeepney,Side-swipe,6.0,Clear,29.0,Male,3,210556.34,,POOR,40
MMTI-2025-02189,Mandaluyong,SUV/Van,Head-on,6.0,Clear,40.0,Male,1,70594.97,Moderate,Well-Lit,80 km/h
MMTI-2025-20827,Makati,Jeepney,Head-on,3,Clear,48.0,Male,0,,Moderate,Well-Lit,60
MMTI-2025-05421,Paranaque,Car,Side-swipe,3,Clear,40.0,female ,0,120941.69,Heavy,Well-Lit,60 km/h
MMTI-2025-17548,Manila,Truck,Rear-end,Risk Level 2,,18.0,Male,0,237552.01,Light,POOR,60
MMTI-2025-09273,Manila,Jeepney,Rear-end,3,Rain,,Female,0,93577.35,Moderate,well lit,40 kph
MMTI-2025-10015,Makati,SUV/Van,Head-on,1,Cloudy,37.0,Male,0,,MODERATE,Well-Lit,60 km/h
MMTI-2025-02433,Caloocan,Motorcycle,Rear-end,3,Clear,17.0,Female,0,"PHP 43,359.68",Moderate,dark,60 kph
MMTI-2025-14369,Navotas,Truck,Hit and Run,Risk Level 3,Cloudy,,Male,0,1252073.01,Heavy,Well-Lit,40 km/h
MMTI-2025-05163,Las Pinas,Jeepney,Head-on,3.0,Clear,31.0,Male,0,91.2k,Moderate,Well-Lit,60
MMTI-2025-07754,Quezon,Car,Side-swipe,3,Storm,,Male,0,60043.88,Moderate,Well-Lit,80
MMTI-2025-05403,Paranaque,Car,Rear-end,3,Clear,43.0,Female,0,105643.57,Heavy,Well-Lit,60 km/h
MMTI-2025-12719,Mandaluyong,SUV/Van,Side-swipe,3,Clear,0.0,Male,0,79661.66,Heavy,Well-Lit,40 km/h
MMTI-2025-05953,Valenzuela,Car,Rear-end,2.0,Clear,39.0,F,0,37973.75,Moderate,Well-Lit,60
MMTI-2025-02490,Quezon,Truck,Hit and Run,3,Rainy,56.0,Male,0,855923.23,HEAVY,Well-Lit,40
MMTI-2025-21637,Pasig,Car,Rear-end,3,Clear,38.0,Female,0,128486.56,Heavy,Poorly-Lit,60
MMTI-2025-12699,Pasig,Car,Side-swipe,3,Clear,41.0,Male,0,155779.82,Light,Well-Lit,40
MMTI-2025-19592,Pasay,Car,Side-swipe,1,Clear,35.0,Unknown,0,45994.97,Moderate,Well-Lit,60 km/h
MMTI-2025-04028, manila,Truck,Head-on,Risk Level 3,Storm,54.0,Male,0,,Heavy,Unlit,30
MMTI-2025-06877,San Juan,Motorcycle,Rear-end,1,Clear,41.0,Male,0,40603.36,Moderate,Well-Lit,60 km/h
MMTI-2025-04497,Pasay,Bus,Rear-end,3,Rain,28.0,Male,3,304925.95,,Unlit,60
MMTI-2025-14080,Manila,Bus,Rear-end,,Clear,33.0,Male,0,"PHP 290,781.98",Moderate,Poorly-Lit,40
MMTI-2025-22216,CALOOCAN ,,Hit and Run,3,Clear,25.0,Male,0,124034.57,Heavy,Well-Lit,40 kph
MMTI-2025-22557,Pasig,Bus,Head-on,2.0,Clear,34.0,Female,0,,Heavy,Poorly-Lit,60 km/h
MMTI-2025-15113,Marikina,Car,Head-on,6,Clear,45.0,Male,2,"PHP 66,997.02",Heavy,Well-Lit,60
MMTI-2025-08771,Las Pinas,Motorcycle,Hit and Run,3,Clear,42.0,Male,0,92835.78,Heavy,Well-Lit,30
MMTI-2025-09627,Manila,Car,Hit and Run,Risk Level 3,Cloudy,31.0,male,0,198445.14,Heavy,well lit,40
MMTI-2025-16059,Caloocan,Motorcycle,Side-swipe,3,Clear,55.0,Male,0,44099.13,LIGHT,well lit,40
MMTI-2025-13123,Quezon,Car,Head-on,2.0,Cloudy,44.0,Male,0,500089.98,Heavy,Poorly-Lit,60
MMTI-2025-13390,Makati,Car,Rear-end,3,Cloudy,50.0,Male,0,215135.08,Moderate,Unlit,80 km/h
MMTI-2025-09409,Manila,Truck,Rear-end,,Clear,41.0,Male,0,148159.31,Heavy,Well-Lit,40 km/h
MMTI-2025-01270,Quezon,Car,Hit and Run,3.0,Rainy,23.0,Male,0,"PHP 1,083,963.52",Moderate,well lit,60
MMTI-2025-06614,,Truck,Side-swipe,2,Clear,,Male,0,483922.52,Heavy,Well-Lit,60
MMTI-2025-01140,Taguig,Car,Hit and Run,Risk Level 6,Cloudy,20.0,Male,4,294119.3,Moderate,Poorly-Lit,60
MMTI-2025-14829,Malabon,Car,Side-swipe,Risk Level 3,Clear,150.0,Unknown,0,36653.48,Moderate,Poorly-Lit,60
MMTI-2025-07164,PARANAQUE ,Truck,Head-on,Risk Level 2,Clear,50.0,Male,0,"PHP 498,374.44",,Well-Lit,80
MMTI-2025-02845,Quezon,Jeepney,Hit and Run,3,Rainy,32.0,Male,0,1328575.91,Light,Well-Lit,40
MMTI-2025-19542,Quezon,Car,Hit and Run,3,Cloudy,29.0,Female,0,"PHP 404,233.68",Heavy,Poorly-Lit,80
MMTI-2025-08027,Marikina,Car,Side-swipe,3,Clear,,Male,0,77777777,Heavy,No Lights,100 km/h
MMTI-2025-09961,Caloocan,Jeepney,Hit and Run,3.0,,44.0,Female,0,81152.34,Heavy,Unlit,40
MMTI-2025-07997,Marikina,Car,Side-swipe,3.0,Clear,39.0,Male,0,65581.44,Heavy,dark,100
MMTI-2025-00870,San Juan,Car,Head-on,3,Clear,47.0,Female,0,38234.29,Heavy,Poorly-Lit,40
MMTI-2025-21104,Quezon,Car,Hit and Run,6,Cloudy,43.0,Female,2,566675.94,Moderate,Poorly-Lit,40
MMTI-2025-14967,Marikina,Car,Head-on,3,Clear,999.0,Male,0,60981.74,MODERATE,Well-Lit,80
MMTI-2025-07459,Quezon,Car,Side-swipe,3,Cloudy,27.0,Male,0,402409.96,Heavy,Poorly-Lit,30 kph
MMTI-2025-13050,Caloocan,Truck,Rear-end,3,Clear,47.0,Female,0,827316.02,,Unlit,100
MMTI-2025-19154,Mandaluyong,,Rear-end,3,Rain,32.0,Male,0,"PHP 183,023.90",Heavy,Well-Lit,40
MMTI-2025-16770,Manila,Motorcycle,Rear-end,Risk Level 2,Cloudy,29.0,Male,0,171461.98,Moderate,Well-Lit,60
MMTI-2025-12884,,Jeepney,Side-swipe,3,Storm,43.0,Male,0,"PHP 20,223.82",Light,Well-Lit,60
MMTI-2025-11205,Paranaque,Car,Side-swipe,2,Clear,48.0,Male,0,"PHP 98,515.99",Moderate,Unlit,60
MMTI-2025-04164,MAKATI ,SUV/Van,Rear-end,3.0,Rain,33.0,Unknown,0,,Heavy,Poorly-Lit,40
MMTI-2025-10669,Quezon,Motorcycle,Hit and Run,1,Clear,37.0,Male,0,,Moderate,Well-Lit,60
MMTI-2025-14775,Makati,Car,Side-swipe,Risk Level 3,Clear,38.0,Male,0,,Heavy,Poorly-Lit,40 km/h
MMTI-2025-17791,,,Rear-end,3.0,Rain,40.0,Female,0,"PHP 89,202.94",Heavy,Poorly-Lit,30
MMTI-2025-08516,Manila,Motorcycle,Head-on,3,Clear,,Male,0,62719.53,Heavy,Unlit,40