Incident_ID,City,Vehicle_Type,Accident_Type,Severity,Weather_Condition,Driver_Age,Driver_Gender,Injury_Count,Damage_Cost_PHP,Traffic_Volume,Road_Lighting,Speed_Limit
MMTI-2025-00570,Quezon,Car,Head-on,3.0,Rainy,40.0,Unknown,0,907981.81,Light,Well-Lit,60
MMTI-2025-20439,Caloocan,Motorcycle,Rear-end,6,Clear,,Male,4,16801.16,Moderate,Well-Lit,80
MMTI-2025-05003,Quezon,Car,Head-on,6,Rainy,27.0,Male,2,1175012.45,Heavy,Poorly-Lit,60
MMTI-2025-16591,Marikina,Car,Head-on,Risk Level 6,Clear,43.0,Male,2,58791.92,Heavy,Poorly-Lit,60
MMTI-2025-12134,Quezon,Motorcycle,Hit and Run,3,Rainy,45.0,Female,0,666809.06,Heavy,Poorly-Lit,40
MMTI-2025-11866,Quezon,Motorcycle,Hit and Run,3,Cloudy,37.0,Male,0,437829.22,Heavy,Poorly-Lit,100
MMTI-2025-11761,Pasig,Motorcycle,Side-swipe,1,Clear,33.0,Female,0,162210.56,Moderate,Poorly-Lit,60
MMTI-2025-20920,Quezon,Car,Hit and Run,3,Cloudy,35.0,Male,0,385853.9,Heavy,Poorly-Lit,80
MMTI-2025-17085,Quezon,Jeepney,Head-on,Risk Level 3,Storm,,Male,0,23601.04,,POOR,80
MMTI-2025-14844,Taguig,Motorcycle,Hit and Run,Risk Level 3,Cloudy,37.0,female ,0,274107.16,Heavy,Well-Lit,40
MMTI-2025-08763,Quezon,Car,Side-swipe,Risk Level 3,Cloudy,23.0,Male,0,430397.1,Moderate,Well-Lit,30
MMTI-2025-12094,Las Pinas,SUV/Van,Hit and Run,3.0,Clear,52.0,Male,0,"PHP 92,076.90",Heavy,Lit,80 km/h
MMTI-2025-15128,,Bus,Head-on,Risk Level 6,Clear,30.0,Female,1,1332450.71,Heavy,Poorly-Lit,60
MMTI-2025-21313,Quezon,Car,Side-swipe,3.0,Rainy,28.0,Male,0,946991.48,Heavy,Poorly-Lit,60
MMTI-2025-13868,Paranaque,Motorcycle,Side-swipe,6.0,Clear,29.0,Female,1,31120.13,,Poorly-Lit,40
MMTI-2025-12891, quezon,,Side-swipe,2.0,Clear,41.0,Female,0,22606.77,Heavy,Well-Lit,80
MMTI-2025-10040,Paranaque,Truck,Head-on,3,Clear,39.0,Female,0,"PHP 108,205.02",Heavy,Poorly-Lit,60
MMTI-2025-04576,Pasay,Car,Head-on,3.0,Clear,20.0,Male,0,49415.67,Heavy,Well-Lit,60
MMTI-2025-16609,QUEZON ,,Hit and Run,3.0,Clear,35.0,Male,0,,Moderate,Well-Lit,40
MMTI-2025-13004,Quezon,Car,Head-on,3,Rainy,30.0,Male,0,690313.09,Heavy,Well-Lit,60
MMTI-2025-19028,,Car,Side-swipe,3,,17.0,Female,0,"PHP 211,274.64",Heavy,Well-Lit,60 kph
MMTI-2025-08680,Quezon,Car,Rear-end,2,,35.0,Male,0,81532.83,Moderate,Well-Lit,30
MMTI-2025-18565,Manila,Motorcycle,Head-on,Risk Level 3,Cloudy,44.0,Female,0,207152.76,Light,Well-Lit,60 km/h
MMTI-2025-07919,Quezon,Motorcycle,Hit and Run,2,Cloudy,39.0,Female,0,"PHP 387,051.89",Moderate,Poorly-Lit,100
MMTI-2025-10862,Quezon,Bus,Hit and Run,3,,48.0,Male,0,392297.07,Moderate,well lit,30
MMTI-2025-23222,Marikina,Car,Rear-end,3,Clear,28.0,Female,0,60878.82,Heavy,Unlit,40 km/h
MMTI-2025-09866,Taguig,Bus,Rear-end,2,Clear,36.0,Female,0,,Heavy,Well-Lit,60 km/h
MMTI-2025-01652,Quezon,Car,Hit and Run,3,Rainy,41.0,Male,0,866586.86,Heavy,Poorly-Lit,60 km/h
MMTI-2025-21545,,Truck,Hit and Run,Risk Level 3,Clear,17.0,Male,0,847236.99,Moderate,dark,40
MMTI-2025-14222,Paranaque,Car,Rear-end,6,Clear,44.0,Female,1,99356.1,Heavy,Well-Lit,60
MMTI-2025-13902,Pasig,Bus,Side-swipe,3.0,Rain,,Male,0,1127.3k,Moderate,Poorly-Lit,60
MMTI-2025-19154,Mandaluyong,,Rear-end,3,Rain,32.0,Male,0,"PHP 183,023.90",Heavy,Well-Lit,40
MMTI-2025-15785,Quezon,Car,Head-on,6,Stormy,36.0,Female,4,2243877.22,Heavy,Well-Lit,60
MMTI-2025-17015,Quezon,Truck,Hit and Run,,,37.0,Male,0,409968.24,Heavy,Poorly-Lit,60
MMTI-2025-16189,Pasig,Jeepney,Head-on,,Clear,55.0,Female,2,15344.49,Heavy,Well-Lit,60
MMTI-2025-17701,Manila,Car,Rear-end,,Rain,29.0,Unknown,2,65540.95,Moderate,Unlit,60
MMTI-2025-15277,Manila,Car,Side-swipe,3.0,Rain,18.0,Female,0,95475.14,,Poorly-Lit,40
MMTI-2025-08486,San Juan,Car,Hit and Run,Risk Level 3,Clear,41.0,Male,0,39816.61,Heavy,Well-Lit,40
MMTI-2025-17424,Quezon,Motorcycle,Side-swipe,3,Rainy,-10.0,Male,0,1554127.71,Heavy,Poorly-Lit,80 km/h
MMTI-2025-01332,Paranaque,,Head-on,3,,36.0,M,0,256712.19,Moderate,Poorly-Lit,40
MMTI-2025-14493,Manila,Jeepney,Head-on,,Clear,37.0,Male,0,14025.74,Light,No Lights,40
MMTI-2025-01481,Manila,SUV/Van,Side-swipe,3,Clear,37.0,Male,0,,Heavy,dark,60
MMTI-2025-07643,Quezon,Car,Hit and Run,3,Rainy,46.0,Male,0,682961.33,Heavy,Well-Lit,60
MMTI-2025-03083,Manila,Jeepney,Head-on,3.0,Cloudy,46.0,Female,0,174397.0,Moderate,Poorly-Lit,60 km/h
MMTI-2025-22308,Quezon,Car,Rear-end,3,Rainy,54.0,Female,0,805369.23,Light,Unlit,80 km/h
MMTI-2025-23334,Quezon,Car,Side-swipe,Risk Level 3,Rainy,58.0,Male,0,1276802.9,Moderate,Well-Lit,60
MMTI-2025-13628,Quezon,Car,Head-on,Risk Level 3,Rainy,42.0,Male,0,1162441.3,Heavy,Well-Lit,100
MMTI-2025-08505,Quezon,SUV/Van,Side-swipe,Risk Level 3,Rainy,45.0,Male,0,804421.09,MODERATE,Well-Lit,80
MMTI-2025-02275,Quezon,Car,Side-swipe,3.0,Rainy,39.0,Male,0,636435.34,Moderate,Unlit,60 km/h
MMTI-2025-16372,Makati,Car,Hit and Run,3,Cloudy,24.0,Male,0,218201.48,Heavy,Poorly-Lit,80
MMTI-2025-23070,Pasig,Car,Side-swipe,4.0,Clear,41.0,Male,1,159794.79,Light,Well-Lit,40
MMTI-2025-00375,Mandaluyong,Motorcycle,Rear-end,3,Clear,25.0,Female,0,70097.54,Moderate,Unlit,60
MMTI-2025-21717,Quezon,Jeepney,Hit and Run,3.0,Rainy,33.0,female ,0,1190326.09,Heavy,Lit,40 kph
MMTI-2025-09668, manila,Bus,Rear-end,Risk Level 3,Rain,,Male,0,586169.15,Heavy,Well-Lit,60
MMTI-2025-18179,Manila,Truck,Side-swipe,3,Storm,46.0,Male,0,841627.51,,Poorly-Lit,60 km/h
MMTI-2025-21606,Paranaque,Bus,Head-on,Risk Level 3,Storm,,Male,0,382134.18,Heavy,Well-Lit,60
MMTI-2025-10035,Quezon,Car,Side-swipe,3,Rainy,31.0,Male,0,775360.93,Heavy,dark,60
MMTI-2025-09475,Pasay,Car,Hit and Run,Risk Level 3,Clear,35.0,Male,0,46973.12,Moderate,Unlit,60
MMTI-2025-10539,Valenzuela,SUV/Van,Side-swipe,6.0,Rain,29.0,Male,1,547909.21,,Poorly-Lit,60
MMTI-2025-22026,Makati,SUV/Van,Rear-end,6.0,Clear,,Male,3,562633.77,Heavy,Poorly-Lit,60
MMTI-2025-09227,Las Pinas,Car,Hit and Run,Risk Level 3,Clear,23.0,Male,0,82527.29,Heavy,Well-Lit,60
MMTI-2025-02250,Muntinlupa,SUV/Van,Side-swipe,1,Cloudy,31.0,Male,0,,MODERATE,Poorly-Lit,60
MMTI-2025-16034,Valenzuela,,Head-on,Risk Level 1,Clear,39.0,Female,0,0,,Poorly-Lit,40
MMTI-2025-12597,Pasig,SUV/Van,Rear-end,2,,48.0,Male,0,31209.25,Heavy,Well-Lit,80 km/h
MMTI-2025-14878, manila,Bus,Hit and Run,2.0,,37.0,Male,0,381961.32,Heavy,Well-Lit,60
MMTI-2025-14865,VALENZUELA ,Car,Rear-end,3,,42.0,Male,0,150875.58,Heavy,No Lights,80
MMTI-2025-00978,Valenzuela,Motorcycle,Head-on,2.0,Clear,52.0,male,0,37384.38,Moderate,Well-Lit,40
MMTI-2025-02710,Muntinlupa,SUV/Van,Hit and Run,Risk Level 6,Clear,29.0,Female,3,"PHP 55,028.31",Heavy,well lit,60
MMTI-2025-03641,Pasig,Car,Rear-end,3,Clear,29.0,Male,0,134590.46,Heavy,Well-Lit,40
MMTI-2025-07389,Paranaque,Car,Head-on,6,Clear,34.0,Male,4,115232.86,Heavy,Well-Lit,60 km/h
MMTI-2025-01762,Quezon,Motorcycle,Hit and Run,,,23.0,Male,0,10176.08,Light,Well-Lit,40
MMTI-2025-13862,Manila,Jeepney,Head-on,3,,28.0,Male,0,,LIGHT,Well-Lit,40
MMTI-2025-21491,Manila,Motorcycle,Head-on,Risk Level 3,Clear,39.0,female ,0,,Light,Poorly-Lit,60
MMTI-2025-22752,Quezon,Motorcycle,Rear-end,Risk Level 3,,45.0,Female,0,26633.74,Moderate,Poorly-Lit,60
MMTI-2025-10338,Paranaque,Motorcycle,Rear-end,2,Clear,46.0,Male,0,103412.52,Heavy,Well-Lit,60 km/h
MMTI-2025-17531,Quezon,Truck,Rear-end,3,Rainy,34.0,Male,0,647527.94,Heavy,Poorly-Lit,60
MMTI-2025-06813,,Bus,Rear-end,Risk Level 3,Clear,45.0,Male,0,489803.93,Heavy,Well-Lit,30
MMTI-2025-15193,Las Pinas,Car,Head-on,2,Clear,25.0,Female,0,87269.17,MODERATE,Well-Lit,60
MMTI-2025-05577,Manila,Truck,Side-swipe,3,Cloudy,33.0,Male,0,190757.38,Moderate,Well-Lit,40 km/h
MMTI-2025-15160,Quezon,Car,Rear-end,3,Stormy,31.0,Male,0,2084305.07,Heavy,Well-Lit,40
MMTI-2025-12238,Quezon,Car,Hit and Run,6,Stormy,20.0,Male,2,2698387.63,Heavy,Well-Lit,40
MMTI-2025-10723,Quezon,,Hit and Run,Risk Level 3,Rain,34.0,Male,0,206.9k,MODERATE,Poorly-Lit,60
MMTI-2025-16703,Quezon,Car,Side-swipe,6.0,Rainy,28.0,F,4,1604783.93,MODERATE,Well-Lit,30
MMTI-2025-18128,Makati,Motorcycle,Head-on,3.0,Cloudy,22.0,Male,0,232850.29,Heavy,Poorly-Lit,60
MMTI-2025-03035,Quezon,Car,Hit and Run,3,Rainy,37.0,Male,0,826117.07,Heavy,Unlit,60
MMTI-2025-18625,Marikina,Car,Rear-end,Risk Level 3,Clear,32.0,Male,0,64767.19,Heavy,Well-Lit,60 km/h
MMTI-2025-12087,Manila,Car,Hit and Run,3.0,Rain,49.0,Male,0,,Heavy,Poorly-Lit,60
MMTI-2025-04509,San Juan,Car,Rear-end,2,Clear,23.0,Male,0,39334.37,Moderate,Well-Lit,60 km/h
MMTI-2025-18015, manila,Motorcycle,Head-on,Risk Level 3,Storm,,Male,0,58253.62,Heavy,Well-Lit,60
MMTI-2025-22502,Taguig,,Side-swipe,3,Clear,47.0,Male,0,184035.38,Heavy,Well-Lit,80
MMTI-2025-10490,Quezon,Car,Hit and Run,3,Rainy,52.0,Male,0,638718.98,Heavy,Well-Lit,40
MMTI-2025-08177,Quezon,,Rear-end,,Cloudy,50.0,Male,0,93146.87,Heavy,Poorly-Lit,60
MMTI-2025-21296,Quezon,Car,Hit and Run,3,Rainy,22.0,Male,0,1504795.43,Heavy,Poorly-Lit,60
MMTI-2025-23484,Caloocan,,Head-on,3,Clear,36.0,Male,0,"PHP 119,121.33",Moderate,Well-Lit,60 kph
MMTI-2025-00018,Manila,Truck,Side-swipe,6,Rain,43.0,Male,4,,,Well-Lit,30 km/h
MMTI-2025-16200,Makati,Truck,Side-swipe,Risk Level 3,Cloudy,,M,0,339706.13,Heavy,Poorly-Lit,80
MMTI-2025-19044,Quezon,Car,Side-swipe,6.0,Rainy,24.0,Male,1,969000.58,Moderate,Unlit,40
MMTI-2025-13377,Quezon,Car,Head-on,2,Stormy,47.0,Male,3,77777777,Moderate,Poorly-Lit,60
MMTI-2025-17802,,Jeepney,Head-on,3,Rain,39.0,Male,0,93691.84,Moderate,Lit,40
MMTI-2025-00728,Manila,Motorcycle,Hit and Run,3,Clear,999.0,Male,0,,Moderate,Well-Lit,60
MMTI-2025-07751,Paranaque,SUV/Van,Hit and Run,3.0,Storm,49.0,Male,0,,Heavy,Unlit,60
MMTI-2025-12200,Pasay,Motorcycle,Head-on,3,Clear,42.0,Male,0,45333.37,Heavy,Well-Lit,60
MMTI-2025-20870,Quezon,Car,Head-on,6.0,Rainy,44.0,Male,2,1015140.29,Heavy,Well-Lit,80
MMTI-2025-15795,Makati,SUV/Van,Rear-end,3,Cloudy,29.0,Male,0,238132.52,HEAVY,Poorly-Lit,60
MMTI-2025-09484,Pasig,SUV/Van,Hit and Run,Risk Level 3,Cloudy,34.0,Male,0,,LIGHT,No Lights,60 kph
MMTI-2025-20410,Taguig,Truck,Rear-end,3,Cloudy,42.0,Male,0,291212.46,Moderate,Well-Lit,80
MMTI-2025-09762,PARANAQUE ,Bus,Side-swipe,,Clear,49.0,Male,0,"PHP 185,102.97",Heavy,Well-Lit,40
MMTI-2025-08343,Makati,Motorcycle,Head-on,3.0,Cloudy,43.0,Male,0,224680.35,Heavy,Unlit,60
MMTI-2025-21839,Taguig,Jeepney,Side-swipe,3.0,Clear,,Male,0,"PHP 26,636.02",Heavy,Well-Lit,80
MMTI-2025-01362,Quezon,Car,Hit and Run,3.0,Cloudy,59.0,Female,0,543962.42,Light,Poorly-Lit,60
MMTI-2025-09437,Quezon,Car,Head-on,6,Stormy,47.0,Female,3,77777777,Heavy,Well-Lit,80
MMTI-2025-23397,Malabon,Motorcycle,Rear-end,3,Clear,34.0,Male,1,37343.76,LIGHT,Well-Lit,40
MMTI-2025-03889,Marikina,SUV/Van,Head-on,Risk Level 6,Clear,24.0,Female,1,57970.11,Moderate,Poorly-Lit,60
MMTI-2025-14681,Quezon,Car,Head-on,3,Rainy,49.0,Male,0,935285.33,Heavy,Well-Lit,80 kph
MMTI-2025-12597,Pasig,SUV/Van,Rear-end,2,,48.0,Male,0,31209.25,Heavy,Well-Lit,80 km/h
MMTI-2025-04695,Paranaque,,Hit and Run,Risk Level 3,Clear,37.0,Female,0,258048.01,Heavy,Well-Lit,60
MMTI-2025-00989,Paranaque,Car,Hit and Run,Risk Level 3,Clear,44.0,Male,0,121961.99,Heavy,dark,40
MMTI-2025-07852,Caloocan,Car,Hit and Run,Risk Level 3,Clear,55.0,Female,0,42868.24,Light,Well-Lit,60
MMTI-2025-18014,Quezon,Car,Head-on,3,Rainy,43.0,Male,0,1752147.07,HEAVY,Poorly-Lit,60
MMTI-2025-05076,,Car,Hit and Run,3.0,Rain,37.0,Male,0,,Heavy,Well-Lit,30
MMTI-2025-18417,,,Head-on,Risk Level 2,Clear,35.0,male,0,16490.59,Heavy,POOR,60
MMTI-2025-17809,Marikina,Truck,Rear-end,3,,58.0,Male,0,371744.6,Heavy,Poorly-Lit,60
MMTI-2025-15818,Quezon,Truck,Head-on,3,Cloudy,51.0,Male,0,617991.71,Heavy,Well-Lit,40 km/h
MMTI-2025-18140,Marikina,Truck,Side-swipe,3,Clear,46.0,Male,0,1088484.44,,Unlit,60 kph
MMTI-2025-23519,Quezon,Motorcycle,Rear-end,3,Cloudy,44.0,Male,0,408369.71,Moderate,dark,60
MMTI-2025-00573,Marikina,Car,Side-swipe,3.0,Clear,41.0,Male,0,58.3k,MODERATE,Well-Lit,40
MMTI-2025-20951,Makati,Motorcycle,Side-swipe,3,Cloudy,31.0,Female,0,259627.43,HEAVY,Well-Lit,60
MMTI-2025-04996,Quezon,Car,Side-swipe,3,Rainy,19.0,Male,0,1184105.64,Heavy,Poorly-Lit,100
MMTI-2025-16364,Quezon,Jeepney,Head-on,3,,36.0,Male,0,119775.47,Heavy,Well-Lit,60
MMTI-2025-22532,Mandaluyong,Car,Side-swipe,2,Clear,44.0,Male,0,"PHP 69,375.26",HEAVY,Poorly-Lit,60 km/h
MMTI-2025-18500,Marikina,Bus,Rear-end,1.0,Clear,,Male,0,70436.72,Moderate,Well-Lit,40 kph
MMTI-2025-05201,Valenzuela,SUV/Van,Head-on,3,Clear,,Male,0,268952.46,Heavy,Well-Lit,30 km/h
MMTI-2025-15843,Makati,Car,Head-on,3,Cloudy,32.0,Male,0,"PHP 234,309.64",Heavy,Well-Lit,60
MMTI-2025-04822,Quezon,Car,Rear-end,3,Cloudy,36.0,Male,0,371211.58,Heavy,Poorly-Lit,30
MMTI-2025-14805, manila,,Hit and Run,,Clear,29.0,Male,0,73914.27,HEAVY,Well-Lit,60
MMTI-2025-01669,Quezon,Car,Head-on,Risk Level 3,Rainy,35.0,Male,0,633463.29,Heavy,Well-Lit,60
MMTI-2025-17781,Paranaque,Motorcycle,Rear-end,3.0,Clear,42.0,Female,0,108825.28,Light,Well-Lit,60
MMTI-2025-22228,Makati,Car,Rear-end,3.0,Cloudy,19.0,Female,0,261880.11,Heavy,Poorly-Lit,80
MMTI-2025-10199,Muntinlupa,,Rear-end,3,Rain,37.0,male,0,,HEAVY,Well-Lit,30
MMTI-2025-23452,Muntinlupa,Truck,Rear-end,1,Clear,31.0,Female,0,,Moderate,Unlit,60 km/h
MMTI-2025-18321,Manila,Motorcycle,Rear-end,3.0,Clear,49.0,Male,0,,Moderate,Well-Lit,60
MMTI-2025-05854,Paranaque,Car,Rear-end,3,Clear,51.0,Male,0,,Moderate,Lit,60
MMTI-2025-05991,Paranaque,,Hit and Run,9.0,Clear,25.0,Male,1,455.5k,Moderate,Well-Lit,100 kph
MMTI-2025-18937,Quezon,Jeepney,Rear-end,3,Clear,21.0,Female,0,,Heavy,POOR,40 km/h
MMTI-2025-22274,Las Pinas,,Rear-end,3.0,Clear,39.0,Male,0,199.0k,Heavy,Poorly-Lit,40
MMTI-2025-07043,PARANAQUE ,Truck,Rear-end,3,Clear,,Male,0,,MODERATE,well lit,80
MMTI-2025-18083,Manila,Motorcycle,Hit and Run,3,Cloudy,55.0,Male,0,193983.41,HEAVY,Well-Lit,60
MMTI-2025-22085,Quezon,Car,Side-swipe,3.0,Rainy,38.0,Male,0,1134327.06,Heavy,Unlit,80
MMTI-2025-02480,Quezon,Car,Hit and Run,3,Rainy,17.0,Male,0,1043183.72,Heavy,Well-Lit,40
MMTI-2025-12771,Paranaque,Motorcycle,Side-swipe,3.0,Clear,44.0,Female,0,"PHP 108,202.04",Heavy,Poorly-Lit,60 km/h
MMTI-2025-18686, quezon,Bus,Side-swipe,Risk Level 2,Clear,45.0,Male,0,,Moderate,Poorly-Lit,80
MMTI-2025-18016,Manila,Jeepney,Side-swipe,,Rain,27.0,Female,0,32242.74,Moderate,Well-Lit,60 km/h
MMTI-2025-02197,Muntinlupa,Car,Hit and Run,Risk Level 1,Clear,30.0,Female,0,56216.08,Moderate,Well-Lit,60
MMTI-2025-18929, makati,Motorcycle,Head-on,3.0,Clear,26.0,Female,0,,HEAVY,Well-Lit,40
MMTI-2025-04748,Paranaque,Truck,Hit and Run,,Clear,28.0,Male,0,443953.94,Heavy,Well-Lit,60 km/h
MMTI-2025-16520,,Truck,Hit and Run,3,Cloudy,17.0,Unknown,0,591439.56,Heavy,Poorly-Lit,30
MMTI-2025-06077,Paranaque,Truck,Rear-end,3.0,,150.0,Male,0,402778.94,Heavy,Well-Lit,40
MMTI-2025-11897,San Juan,SUV/Van,Side-swipe,Risk Level 3,Clear,24.0,Male,0,38344.06,Heavy,Well-Lit,40
MMTI-2025-02626,,SUV/Van,Hit and Run,3,Clear,23.0,Male,0,79550.82,Heavy,well lit,80
MMTI-2025-16807,Quezon,Car,Hit and Run,,Clear,41.0,Female,0,21712.71,Moderate,Well-Lit,60
MMTI-2025-04274,Navotas,Jeepney,Rear-end,3.0,Clear,35.0,Male,0,,Heavy,Unlit,80
MMTI-2025-06081,Quezon,Bus,Rear-end,1,,40.0,Male,0,279912.37,MODERATE,Well-Lit,60
MMTI-2025-01783,TAGUIG ,,Head-on,6,,26.0,Male,4,159194.42,Heavy,Unlit,60 kph
MMTI-2025-15739,,SUV/Van,Head-on,3,Clear,33.0,Male,0,215582.07,Heavy,Poorly-Lit,80
MMTI-2025-14692,Quezon,Motorcycle,Side-swipe,Risk Level 6,Clear,43.0,M,4,,Light,Well-Lit,60
MMTI-2025-15660,Quezon,Truck,Rear-end,3,Storm,,Male,0,1497371.14,Heavy,Poorly-Lit,60
MMTI-2025-21334,Taguig,SUV/Van,Rear-end,3.0,Clear,63.0,Female,0,,Moderate,Unlit,80
MMTI-2025-21526,Quezon,Truck,Rear-end,6.0,Rainy,25.0,Female,3,700177.76,Light,Well-Lit,100
MMTI-2025-05796,Pasig,Car,Rear-end,2,Clear,35.0,Male,0,150603.46,Heavy,Poorly-Lit,40 km/h
MMTI-2025-18837,Muntinlupa,Car,Rear-end,3,Clear,39.0,Male,0,52529.3,Heavy,Unlit,60
MMTI-2025-15408,Muntinlupa,Truck,Head-on,3,Clear,42.0,Female,0,56987.49,Heavy,Well-Lit,60
MMTI-2025-22168,,SUV/Van,Side-swipe,3,Clear,45.0,Male,0,348310.37,LIGHT,Poorly-Lit,60
MMTI-2025-09736,Taguig,Car,Side-swipe,3.0,Cloudy,42.0,Female,0,315954.56,Heavy,Well-Lit,60 km/h
MMTI-2025-06332,Muntinlupa,Car,Hit and Run,3.0,Clear,44.0,Male,0,51288.08,Heavy,Unlit,60
MMTI-2025-19777,Makati,,Head-on,3.0,Clear,42.0,Male,0,106709.22,Heavy,Poorly-Lit,60
MMTI-2025-12076,Quezon,Car,Rear-end,3,Rainy,25.0,Male,0,1235962.11,Heavy,Well-Lit,60
MMTI-2025-22505,Quezon,Motorcycle,Side-swipe,2.0,Rain,37.0,Male,0,6598.5,,Well-Lit,60
MMTI-2025-14939,Marikina,Car,Head-on,Risk Level 3,Clear,22.0,Male,0,63302.93,Heavy,Poorly-Lit,100 km/h
MMTI-2025-07749,Quezon,Car,Hit and Run,3.0,Cloudy,49.0,Male,0,582777.03,Heavy,Well-Lit,80
MMTI-2025-00628,Quezon,Truck,Side-swipe,3,Rainy,23.0,Unknown,0,1601108.57,Heavy,Unlit,30
MMTI-2025-20008,Paranaque,Car,Rear-end,Risk Level 3,Clear,58.0,Female,0,174568.43,,Poorly-Lit,60
MMTI-2025-07222,Pasay,Car,Hit and Run,3,Clear,59.0,Male,0,46311.48,Heavy,Poorly-Lit,40 km/h
MMTI-2025-00283,Manila,Jeepney,Side-swipe,1.0,Clear,28.0,Male,0,22078.67,,Well-Lit,40
MMTI-2025-14446,Quezon,Car,Side-swipe,,Clear,20.0,Male,0,49894.63,Heavy,Well-Lit,60
MMTI-2025-00671,Manila,Car,Hit and Run,3,Cloudy,38.0,Male,0,172780.87,Heavy,Well-Lit,40 km/h
MMTI-2025-13116,Quezon,SUV/Van,Rear-end,6,Rainy,46.0,M,3,627731.0,Heavy,Well-Lit,40 km/h
MMTI-2025-03072,Paranaque,,Head-on,3,Rain,39.0,Female,0,161460.51,Heavy,Well-Lit,60
MMTI-2025-06335,Quezon,Car,Side-swipe,Risk Level 6,Rainy,27.0,Male,1,825637.65,Moderate,Well-Lit,60
MMTI-2025-14479,Manila,,Head-on,3,Storm,29.0,Male,0,206356.2,Heavy,Well-Lit,60
MMTI-2025-18488,,Car,Rear-end,Risk Level 3,Clear,17.0,Female,0,223552.73,Heavy,Well-Lit,30
MMTI-2025-12268,Caloocan,Truck,Head-on,3.0,Clear,33.0,Female,0,43991.28,Heavy,Poorly-Lit,60 km/h
MMTI-2025-08422,,Motorcycle,Hit and Run,3,Cloudy,32.0,Female,0,17458.39,Heavy,Poorly-Lit,30
MMTI-2025-23012,Pateros,SUV/Van,Head-on,2,,64.0,M,0,172008.23,Moderate,Unlit,60
MMTI-2025-09188,Manila,Truck,Hit and Run,3,Clear,,Male,0,179317.95,Heavy,Poorly-Lit,40
MMTI-2025-13974,Quezon,SUV/Van,Hit and Run,Risk Level 3,Rainy,47.0,Male,0,787683.76,Moderate,Poorly-Lit,30 km/h
MMTI-2025-13289,Quezon,,Side-swipe,3,Cloudy,32.0,Female,0,115103.68,Heavy,Poorly-Lit,60 km/h
MMTI-2025-00219,PARANAQUE ,Truck,Head-on,,Clear,61.0,Male,0,350397.78,Light,Unlit,40
MMTI-2025-04209,Valenzuela,Jeepney,Head-on,3,Rain,38.0,Female,0,,Light,dark,60
MMTI-2025-12321,Paranaque,Car,Head-on,6,Clear,36.0,Male,1,111548.21,Moderate,Well-Lit,80 kph
MMTI-2025-19770,Makati,Car,Side-swipe,Risk Level 2,Cloudy,41.0,Male,0,256685.58,Light,Well-Lit,30
MMTI-2025-11564,Valenzuela,Car,Head-on,Risk Level 2,Clear,56.0,Male,0,62007.17,,Well-Lit,100
MMTI-2025-06790,Manila,Car,Side-swipe,,Clear,-10.0,Male,0,38530.67,Light,Well-Lit,60
MMTI-2025-04769,Pasig,Motorcycle,Rear-end,6,Clear,27.0,Male,1,126537.34,Light,POOR,60 km/h
MMTI-2025-13234,Muntinlupa,Truck,Rear-end,1.0,Clear,26.0,Female,0,54282.53,Light,Well-Lit,80 kph
MMTI-2025-03478,,Car,Side-swipe,3.0,Rain,35.0,Male,0,"PHP 52,915.49",Heavy,Well-Lit,100
MMTI-2025-11167,San Juan,Car,Side-swipe,4,Clear,41.0,Male,4,39864.32,Heavy,Well-Lit,40
MMTI-2025-16495, quezon,Truck,Head-on,2,Clear,37.0,Female,0,,Heavy,Well-Lit,100
MMTI-2025-04248,Quezon,Motorcycle,Hit and Run,3.0,Cloudy,34.0,Male,0,352679.8,Heavy,Well-Lit,30
MMTI-2025-01985,Makati,Motorcycle,Rear-end,3,Cloudy,44.0,Unknown,0,257286.48,Moderate,Well-Lit,100
MMTI-2025-12255,Marikina,SUV/Van,Hit and Run,2.0,Clear,32.0,Male,0,65059.05,Heavy,Poorly-Lit,40 kph
MMTI-2025-05592,Paranaque,Car,Rear-end,3,Clear,25.0,Male,0,98114.47,Heavy,Poorly-Lit,80
MMTI-2025-11663,Quezon,Motorcycle,Head-on,Risk Level 3,,48.0,Male,0,29422.09,Heavy,Poorly-Lit,40
MMTI-2025-20997,Pasig,Car,Hit and Run,3,Clear,52.0,Female,0,161792.77,Heavy,Poorly-Lit,60 km/h
MMTI-2025-04306,,Car,Side-swipe,3.0,Clear,28.0,Female,0,194175.82,Heavy,Well-Lit,60
MMTI-2025-14722,Taguig,Truck,Hit and Run,3,Cloudy,32.0,F,0,327098.94,Heavy,Well-Lit,60
MMTI-2025-14438,Quezon,Truck,Rear-end,6.0,Rain,,Male,2,2071930.02,Heavy,Poorly-Lit,80
MMTI-2025-22611,San Juan,Car,Rear-end,Risk Level 3,Clear,38.0,Male,0,39421.02,Moderate,Unlit,40
MMTI-2025-17639,Manila,SUV/Van,Hit and Run,Risk Level 4,Clear,36.0,Male,1,,MODERATE,Poorly-Lit,40
MMTI-2025-19535,,SUV/Van,Hit and Run,3.0,Cloudy,59.0,Female,0,,Light,Poorly-Lit,60
MMTI-2025-10854,Mandaluyong,Car,Hit and Run,3,Clear,45.0,Male,0,68791.17,Moderate,dark,60 km/h