Incident_ID,City,Vehicle_Type,Accident_Type,Severity,Weather_Condition,Driver_Age,Driver_Gender,Injury_Count,Damage_Cost_PHP,Traffic_Volume,Road_Lighting,Speed_Limit
MMTI-2025-11030,Taguig,,Rear-end,3,Clear,36.0,Female,0,36887.21,Heavy,No Lights,80
MMTI-2025-05177,Quezon,Jeepney,Side-swipe,4,Clear,33.0,Male,4,,Heavy,Well-Lit,80
MMTI-2025-11821,,Jeepney,Rear-end,3.0,Clear,40.0,Female,0,27191.06,Heavy,Poorly-Lit,30
MMTI-2025-14679,Manila,Truck,Rear-end,Risk Level 2,,26.0,F,0,0,Moderate,Well-Lit,60
MMTI-2025-19501,Malabon,SUV/Van,Side-swipe,2,Clear,46.0,Female,0,37207.58,HEAVY,Well-Lit,40
MMTI-2025-17315,Las Pinas,Motorcycle,Rear-end,Risk Level 3,Clear,23.0,Male,0,92967.27,Moderate,Well-Lit,80
MMTI-2025-20982,Quezon,Car,Hit and Run,Risk Level 6,Stormy,60.0,Male,3,3523374.59,Heavy,Well-Lit,40 kph
MMTI-2025-12108,Quezon,Truck,Side-swipe,3,Cloudy,34.0,Female,0,622045.02,Heavy,Well-Lit,40 kph
MMTI-2025-21694,Quezon,Motorcycle,Rear-end,2,Clear,,Male,0,11069.15,,Well-Lit,60
MMTI-2025-16319,Makati,Car,Side-swipe,3.0,Cloudy,39.0,Male,0,218487.65,Heavy,well lit,80 km/h
MMTI-2025-18296,Muntinlupa,SUV/Van,Head-on,3,Clear,36.0,Male,0,51472.68,Heavy,Poorly-Lit,40
MMTI-2025-01601,Pasay,Car,Hit and Run,3,Clear,48.0,Female,0,48197.13,Heavy,Poorly-Lit,30
MMTI-2025-02088,,Truck,Side-swipe,Risk Level 2,Clear,-10.0,Male,0,553192.88,Heavy,dark,30 km/h
MMTI-2025-04012,Pasig,Car,Head-on,3.0,Clear,47.0,Female,0,161312.17,Heavy,Well-Lit,40
MMTI-2025-08195,Taguig,Car,Hit and Run,3,Cloudy,52.0,Male,0,314999.39,Moderate,Well-Lit,60
MMTI-2025-08006,Makati,Car,Head-on,Risk Level 3,,40.0,Male,0,108814.69,Moderate,Poorly-Lit,60
MMTI-2025-21133,Quezon,Car,Hit and Run,3.0,Rainy,40.0,Male,0,1686872.75,Heavy,Poorly-Lit,60 kph
MMTI-2025-02839,Taguig,Motorcycle,Head-on,3,Cloudy,30.0,Male,0,284914.61,Heavy,Lit,100
MMTI-2025-09833,Pasay,Car,Hit and Run,3,Clear,48.0,Male,0,45001.81,Heavy,Well-Lit,40 kph
MMTI-2025-14023,Quezon,Motorcycle,Rear-end,3,Cloudy,37.0,Female,0,418184.82,Heavy,Poorly-Lit,40
MMTI-2025-16464,Muntinlupa,Car,Hit and Run,3,Clear,27.0,Male,0,57501.2,Heavy,Well-Lit,60 kph
MMTI-2025-02050,Marikina,Car,Rear-end,3.0,Clear,48.0,Female,0,62151.3,Heavy,Well-Lit,60
MMTI-2025-20146,Taguig,Car,Head-on,3,Cloudy,32.0,Male,0,326878.74,Heavy,Well-Lit,60
MMTI-2025-10465,Taguig,Car,Side-swipe,3,Cloudy,32.0,Male,0,275777.22,Moderate,Poorly-Lit,30 km/h
MMTI-2025-08553,,SUV/Van,Rear-end,3,Clear,49.0,Male,0,323200.15,Moderate,Well-Lit,60
MMTI-2025-23485,,,Head-on,6,Rain,49.0,Male,1,,Light,Well-Lit,40
MMTI-2025-18516,Taguig,Truck,Rear-end,Risk Level 3,Cloudy,27.0,F,0,314506.23,Heavy,Lit,30
MMTI-2025-14558,Marikina,SUV/Van,Hit and Run,3.0,Clear,39.0,F,0,,Heavy,Well-Lit,60
MMTI-2025-00408,Quezon,SUV/Van,Side-swipe,9,Stormy,48.0,Male,4,1933866.15,Heavy,Well-Lit,40
MMTI-2025-07901,Makati,Truck,Side-swipe,,Clear,56.0,Male,0,99999999,Heavy,Well-Lit,100
MMTI-2025-10618,Quezon,Truck,Side-swipe,3,Rainy,36.0,F,0,637197.86,Heavy,Well-Lit,100
MMTI-2025-08043,San Juan,Bus,Side-swipe,Risk Level 2,Clear,35.0,Male,0,-500,,Poorly-Lit,60
MMTI-2025-02179,Quezon,Truck,Head-on,,Cloudy,37.0,Female,0,426792.11,Heavy,Well-Lit,80
MMTI-2025-19923,Quezon,Car,Head-on,3,Cloudy,25.0,Female,0,478.5k,Heavy,Well-Lit,80 km/h
MMTI-2025-22104,Manila,Motorcycle,Hit and Run,3,,36.0,Male,0,24239.29,Heavy,Well-Lit,60
MMTI-2025-22729,Las Pinas,Car,Side-swipe,3,Clear,44.0,Unknown,0,88422.12,HEAVY,Poorly-Lit,100
MMTI-2025-19239,Quezon,Jeepney,Hit and Run,2,Rain,26.0,Male,0,,Moderate,Well-Lit,40
MMTI-2025-13549,Pasig,Car,Head-on,3,Clear,35.0,Male,0,137903.99,Heavy,Poorly-Lit,60 km/h
MMTI-2025-17194,Malabon,Bus,Hit and Run,,Clear,40.0,Male,0,353563.74,Moderate,Well-Lit,80 kph
MMTI-2025-10190,Quezon,Jeepney,Head-on,2.0,Rainy,53.0,Female,0,632427.98,Heavy,No Lights,60
MMTI-2025-22078,Paranaque,Car,Hit and Run,Risk Level 6,Clear,33.0,Male,1,109675.99,Heavy,Well-Lit,60 km/h
MMTI-2025-11401,Pasig,Truck,Rear-end,3.0,Clear,43.0,Male,0,,Heavy,POOR,40
MMTI-2025-00973,Taguig,Motorcycle,Rear-end,3,Cloudy,28.0,Male,0,"PHP 347,257.78",MODERATE,Poorly-Lit,80
MMTI-2025-08286,Pasig,SUV/Van,Side-swipe,6,Clear,21.0,Male,4,139773.95,Heavy,Poorly-Lit,60
MMTI-2025-13322,Marikina,Car,Side-swipe,3.0,Clear,36.0,Male,0,67755.45,Heavy,Poorly-Lit,40 km/h
MMTI-2025-08706,Pasay,Truck,Side-swipe,,Clear,27.0,Female,0,80100.38,Moderate,POOR,40
MMTI-2025-12150,Quezon,Car,Rear-end,3,Rainy,49.0,Female,0,950864.24,Heavy,Well-Lit,80
MMTI-2025-13395,LAS PINAS ,Motorcycle,Head-on,3,Clear,,Male,0,19611.37,Heavy,Well-Lit,40
MMTI-2025-17898,Manila,Car,Side-swipe,3.0,Cloudy,47.0,Male,0,211023.24,Heavy,well lit,60
MMTI-2025-05234,Manila,Motorcycle,Rear-end,2.0,Cloudy,43.0,Male,0,196263.5,Moderate,Well-Lit,60
MMTI-2025-16722,Muntinlupa,SUV/Van,Side-swipe,3.0,Clear,45.0,Female,0,53544.82,Heavy,Well-Lit,80
MMTI-2025-13760,Quezon,Car,Side-swipe,3,Cloudy,24.0,Unknown,0,537087.79,Heavy,Well-Lit,40
MMTI-2025-07577,Quezon,Car,Rear-end,Risk Level 3,Cloudy,55.0,Male,0,356498.54,Heavy,POOR,60
MMTI-2025-18574,MANILA ,Motorcycle,Rear-end,4,,39.0,Male,4,43127.3,,No Lights,40
MMTI-2025-21469,Pasig,Car,Side-swipe,3,Clear,32.0,Male,0,132364.08,Moderate,Well-Lit,40
MMTI-2025-08293,Mandaluyong,SUV/Van,Hit and Run,3,Clear,36.0,Male,0,"PHP 78,242.05",Heavy,Poorly-Lit,60 kph
MMTI-2025-16204,Quezon,Car,Rear-end,3,Cloudy,33.0,Male,0,417332.15,Heavy,well lit,40
MMTI-2025-09741,Manila,Truck,Hit and Run,,Cloudy,35.0,Male,4,445712.94,Moderate,Well-Lit,60 km/h
MMTI-2025-21603,Quezon,SUV/Van,Head-on,3,Rain,39.0,Male,0,"PHP 125,430.13",,Well-Lit,80
MMTI-2025-11173,Paranaque,Motorcycle,Head-on,3.0,Clear,56.0,Male,0,121858.24,Heavy,Poorly-Lit,30 km/h
MMTI-2025-22069,Quezon,Bus,Side-swipe,,Clear,22.0,Male,0,63168.01,Heavy,Well-Lit,60
MMTI-2025-21492,Marikina,SUV/Van,Hit and Run,Risk Level 3,,17.0,Female,4,125515.72,Heavy,Well-Lit,60
MMTI-2025-02982,,Jeepney,Side-swipe,4.0,Clear,48.0,M,1,53292.15,Moderate,Well-Lit,80
MMTI-2025-07475,Quezon,Car,Head-on,2.0,Stormy,30.0,Female,0,99999999,MODERATE,Poorly-Lit,60
MMTI-2025-17587,Quezon,Car,Side-swipe,6.0,Rainy,39.0,Female,1,719108.17,Heavy,dark,60 kph
MMTI-2025-21620,MUNTINLUPA ,Truck,Hit and Run,,Clear,38.0,Unknown,0,387882.61,Heavy,Unlit,60 km/h
MMTI-2025-08482,Quezon,Car,Hit and Run,3,Cloudy,66.0,Male,0,431708.58,Heavy,well lit,60 km/h
MMTI-2025-10402,Manila,Motorcycle,Side-swipe,3,Rain,53.0,Male,0,21029.63,,No Lights,40
MMTI-2025-04415,Makati,Car,Head-on,6.0,Cloudy,41.0,Male,1,232815.68,Heavy,Well-Lit,60
MMTI-2025-18648,Quezon,SUV/Van,Side-swipe,3,Clear,,Male,0,261277.44,Heavy,Well-Lit,60
MMTI-2025-20425,Manila,SUV/Van,Head-on,6.0,,46.0,Male,2,818201.64,Heavy,Poorly-Lit,30
MMTI-2025-01524,Manila,SUV/Van,Side-swipe,6.0,,,Male,2,"PHP 173,267.28",Heavy,Well-Lit,60 kph
MMTI-2025-02627,Caloocan,Car,Head-on,3.0,Clear,50.0,Male,0,44897.78,Heavy,Well-Lit,60 km/h
MMTI-2025-06343,Quezon,Jeepney,Hit and Run,Risk Level 3,Cloudy,64.0,Female,0,369115.89,Moderate,Poorly-Lit,60
MMTI-2025-04559,,Bus,Rear-end,6,Clear,34.0,Male,2,-500,Heavy,Unlit,40
MMTI-2025-05504,Manila,Car,Side-swipe,3,,999.0,Male,0,"PHP 93,372.55",Heavy,Well-Lit,30 km/h
MMTI-2025-10511,Pasay,Jeepney,Hit and Run,4.0,,23.0,Female,1,17762.14,Moderate,Unlit,80
MMTI-2025-22401, manila,Truck,Head-on,2,Clear,,Male,0,316263.14,Heavy,Well-Lit,60
MMTI-2025-08260,Muntinlupa,SUV/Van,Side-swipe,3,Clear,42.0,Male,0,,Moderate,Unlit,60
MMTI-2025-23608,Pasig,Motorcycle,Rear-end,Risk Level 3,Clear,40.0,Male,0,159873.1,Moderate,Well-Lit,30
MMTI-2025-19341,Quezon,Motorcycle,Side-swipe,3.0,Stormy,41.0,Male,0,99999999,Moderate,Well-Lit,80 km/h
MMTI-2025-19202,Quezon,Car,Side-swipe,Risk Level 3,Cloudy,74.0,Male,0,596320.23,Moderate,Poorly-Lit,40
MMTI-2025-19479,Las Pinas,Motorcycle,Hit and Run,Risk Level 2,Clear,65.0,Male,0,83121.91,Heavy,Well-Lit,60
MMTI-2025-15257,Quezon,Truck,Head-on,3,Rainy,22.0,Female,0,736203.68,Heavy,Well-Lit,40
MMTI-2025-11649,Quezon,Car,Hit and Run,Risk Level 9,Stormy,45.0,Male,4,2434956.6,Heavy,Lit,30
MMTI-2025-07240,Quezon,Car,Hit and Run,Risk Level 3,Rainy,38.0,Male,0,705140.79,Moderate,dark,40
MMTI-2025-09823,Caloocan,Car,Side-swipe,3,Clear,42.0,Male,0,41410.22,Heavy,Poorly-Lit,40
MMTI-2025-14898, makati,Motorcycle,Rear-end,3,,27.0,Female,0,0,Moderate,Poorly-Lit,40
MMTI-2025-13451,Las Pinas,Motorcycle,Rear-end,4.0,Clear,43.0,Female,3,"PHP 86,763.00",Moderate,Well-Lit,40
MMTI-2025-14858,Makati,Jeepney,Side-swipe,3.0,Cloudy,24.0,Male,0,232155.39,Heavy,Well-Lit,60
MMTI-2025-18610,Makati,,Head-on,3,Rain,33.0,Male,0,60046.41,Moderate,Well-Lit,60
MMTI-2025-08953,Paranaque,,Hit and Run,1.0,Clear,25.0,Female,0,40941.92,,dark,40
MMTI-2025-01958,Taguig,Truck,Hit and Run,3.0,Rain,30.0,male,0,,Heavy,Well-Lit,60 km/h
MMTI-2025-12142, quezon,Motorcycle,Head-on,3.0,Storm,41.0,Male,0,,Heavy,Well-Lit,60
MMTI-2025-00702,Marikina,Car,Side-swipe,3,Clear,36.0,female ,0,58311.72,Heavy,Well-Lit,60
MMTI-2025-20913,Marikina,Jeepney,Hit and Run,3,Clear,30.0,Female,0,59224.31,Heavy,Well-Lit,80
MMTI-2025-09303,San Juan,Car,Hit and Run,3.0,Clear,32.0,Female,0,39443.86,Light,Well-Lit,60 kph
MMTI-2025-02577,Makati,Bus,Head-on,3.0,Clear,34.0,Male,0,,Heavy,Lit,40
MMTI-2025-19227,,Motorcycle,Rear-end,3.0,Rain,37.0,Male,0,50441.24,Heavy,Well-Lit,40
MMTI-2025-07901,Makati,Truck,Side-swipe,,Clear,56.0,Male,0,99999999,Heavy,Well-Lit,100
MMTI-2025-09097, manila,SUV/Van,Rear-end,4,Clear,40.0,Male,3,,Moderate,Well-Lit,60 km/h
MMTI-2025-20232,Caloocan,Motorcycle,Hit and Run,Risk Level 3,Clear,25.0,Female,0,42854.28,Heavy,Poorly-Lit,40 km/h
MMTI-2025-19636,Makati,Motorcycle,Side-swipe,3,Cloudy,26.0,Unknown,0,235141.12,Moderate,Poorly-Lit,80 km/h
MMTI-2025-01782,Pasig,SUV/Van,Head-on,3.0,Clear,33.0,Male,0,127006.66,Heavy,Poorly-Lit,40
MMTI-2025-08651,Valenzuela,Car,Hit and Run,3,Clear,32.0,Male,0,38107.91,Heavy,Well-Lit,60
MMTI-2025-20413,Makati,Bus,Rear-end,3.0,Storm,33.0,male,0,,Heavy,Unlit,80
MMTI-2025-06049,,Truck,Side-swipe,3,Clear,27.0,Male,0,547075.46,Heavy,No Lights,80
MMTI-2025-09093,Manila,Car,Head-on,Risk Level 3,Cloudy,44.0,Male,0,197443.49,Heavy,POOR,60 km/h
MMTI-2025-17234,Manila,,Head-on,Risk Level 3,Clear,40.0,Male,0,142293.99,Heavy,Well-Lit,80 kph
MMTI-2025-08017,Mandaluyong,Car,Rear-end,2.0,Clear,42.0,Female,0,74507.85,Heavy,Well-Lit,60
MMTI-2025-17040,Taguig,Car,Hit and Run,3.0,Cloudy,56.0,Male,0,285062.9,MODERATE,Unlit,60 km/h
MMTI-2025-21097,Pasay,Car,Side-swipe,3,Clear,30.0,Male,0,48512.46,Moderate,Well-Lit,40
MMTI-2025-23206,,Motorcycle,Side-swipe,1,Clear,32.0,Male,0,14.7k,Light,Well-Lit,80
MMTI-2025-20953,,Car,Side-swipe,,Clear,31.0,Female,0,0,Moderate,Well-Lit,60
MMTI-2025-18004,Pasay,,Head-on,Risk Level 3,Rain,47.0,Male,0,129564.74,Heavy,Well-Lit,60
MMTI-2025-05201,Valenzuela,SUV/Van,Head-on,3,Clear,,Male,0,268952.46,Heavy,Well-Lit,30 km/h
MMTI-2025-08294,Manila,Car,Hit and Run,Risk Level 3,Cloudy,35.0,Female,0,198407.34,HEAVY,Well-Lit,60 km/h
MMTI-2025-15273,,Motorcycle,Head-on,Risk Level 6,Clear,50.0,Male,3,"PHP 61,030.26",Heavy,Poorly-Lit,60
MMTI-2025-08111,Marikina,SUV/Van,Hit and Run,3,,37.0,Female,0,100115.23,HEAVY,dark,40
MMTI-2025-16845,Muntinlupa,Truck,Side-swipe,3.0,Clear,0.0,Male,0,56711.28,Moderate,well lit,80
MMTI-2025-01608,,SUV/Van,Head-on,,Cloudy,33.0,Unknown,0,145232.31,Heavy,Well-Lit,100
MMTI-2025-02444,Makati,Truck,Rear-end,2,,43.0,Male,0,"PHP 210,461.10",Heavy,Poorly-Lit,60
MMTI-2025-18669,Quezon,Truck,Rear-end,6,Stormy,52.0,female ,4,2003574.54,Heavy,Well-Lit,40
MMTI-2025-12969,Quezon,Car,Hit and Run,3,Rainy,50.0,Female,0,1066339.2,Heavy,Well-Lit,60
MMTI-2025-20333,Quezon,Car,Head-on,3,Cloudy,35.0,Unknown,0,405469.69,Heavy,Well-Lit,30
MMTI-2025-03687,Mandaluyong,Jeepney,Rear-end,6,Clear,,Female,3,212247.08,HEAVY,Well-Lit,60
MMTI-2025-17242,San Juan,Car,Side-swipe,6,Clear,50.0,Male,1,39382.69,Heavy,Poorly-Lit,60
MMTI-2025-09745,,Truck,Head-on,3.0,Clear,26.0,Male,0,619969.88,Heavy,Well-Lit,40 km/h
MMTI-2025-19489,Taguig,Motorcycle,Hit and Run,6,Cloudy,27.0,Male,3,326706.31,Heavy,Well-Lit,60
MMTI-2025-22301,Quezon,Jeepney,Rear-end,3.0,Rainy,37.0,Male,0,1359.7k,Heavy,POOR,60 km/h
MMTI-2025-14423,Pasig,Jeepney,Head-on,3,Clear,37.0,Female,0,144507.14,Heavy,Well-Lit,100
MMTI-2025-18643,Manila,Truck,Head-on,3,Storm,34.0,Female,0,,Heavy,Poorly-Lit,60 km/h
MMTI-2025-07307,Pasig,Car,Rear-end,3,Clear,44.0,Female,0,141099.47,Heavy,Poorly-Lit,60
MMTI-2025-16032,,Jeepney,Side-swipe,Risk Level 1,Cloudy,48.0,Male,0,,Moderate,Well-Lit,60
MMTI-2025-22072,San Juan,Jeepney,Side-swipe,,Clear,36.0,Male,0,23946.1,HEAVY,Well-Lit,40 kph
MMTI-2025-04354,Manila,SUV/Van,Hit and Run,3.0,Cloudy,29.0,Female,0,"PHP 87,909.66",,Poorly-Lit,80
MMTI-2025-00737,Makati,Car,Rear-end,Risk Level 3,Cloudy,27.0,Male,0,"PHP 231,994.30",Moderate,dark,100
MMTI-2025-07756,Manila,Bus,Head-on,3,,38.0,Male,0,452789.27,Moderate,Well-Lit,40 kph
MMTI-2025-05180,Quezon,SUV/Van,Head-on,3,Rainy,30.0,Male,0,1755396.21,Moderate,well lit,100
MMTI-2025-22566, muntinlupa,Car,Hit and Run,2,Clear,,Male,0,"PHP 52,143.98",Heavy,Well-Lit,30
MMTI-2025-17783,Pasig,SUV/Van,Hit and Run,,Clear,35.0,Female,0,49911.4,Heavy,Well-Lit,60
MMTI-2025-12562,Taguig,Truck,Rear-end,,Rain,,Male,0,91377.5,Heavy,Well-Lit,100 kph
MMTI-2025-19279,Quezon,SUV/Van,Head-on,3,Cloudy,27.0,Male,0,,Heavy,Well-Lit,60
MMTI-2025-10275,Quezon,Truck,Head-on,Risk Level 3,Rainy,31.0,Male,0,1683663.01,MODERATE,Poorly-Lit,60
MMTI-2025-04198,Taguig,SUV/Van,Rear-end,3,Cloudy,17.0,Male,0,"PHP 285,199.15",Heavy,Well-Lit,30
MMTI-2025-15037,San Juan,Car,Rear-end,2.0,Clear,59.0,Male,0,41139.96,Light,Poorly-Lit,60
MMTI-2025-15262,,Truck,Rear-end,6.0,Clear,24.0,Male,2,2564372.36,Light,Well-Lit,60
MMTI-2025-19446,Quezon,Car,Side-swipe,3,Rainy,44.0,Male,0,1084204.66,HEAVY,Well-Lit,60
MMTI-2025-11690,Muntinlupa,Car,Head-on,3,Clear,56.0,Male,0,51599.91,HEAVY,Poorly-Lit,80
MMTI-2025-00797,Pasay,Car,Hit and Run,3.0,Clear,48.0,Female,0,49421.32,Heavy,Well-Lit,60
MMTI-2025-10213,Quezon,SUV/Van,Rear-end,3.0,Rainy,37.0,Male,0,1028387.9,Heavy,Well-Lit,30
MMTI-2025-05369, manila,Truck,Hit and Run,,Clear,50.0,Male,0,735956.09,Heavy,Poorly-Lit,60
MMTI-2025-06223,Quezon,Car,Side-swipe,,Clear,33.0,Male,0,62799.84,Heavy,Poorly-Lit,30
MMTI-2025-15473,Manila,Motorcycle,Hit and Run,3,Cloudy,39.0,Unknown,0,194629.73,Heavy,Poorly-Lit,30
MMTI-2025-14352,Paranaque,SUV/Van,Head-on,3,Clear,44.0,Female,0,99324.38,Heavy,Well-Lit,80 km/h
MMTI-2025-14435,Manila,Jeepney,Rear-end,3,,,M,0,99300.49,Heavy,POOR,30
MMTI-2025-01310,Makati,Motorcycle,Head-on,6,Cloudy,28.0,Female,4,220405.32,Heavy,Well-Lit,100 km/h
MMTI-2025-23426,Quezon,Motorcycle,Side-swipe,4.0,Cloudy,41.0,Female,3,360837.49,Moderate,Poorly-Lit,60 kph
MMTI-2025-01889,Manila,Car,Hit and Run,3,Cloudy,30.0,Male,0,207023.41,MODERATE,Poorly-Lit,40
MMTI-2025-21646,Manila,Car,Rear-end,Risk Level 3,Cloudy,39.0,Male,0,202506.35,Light,Poorly-Lit,60
MMTI-2025-05483,Quezon,Motorcycle,Rear-end,Risk Level 6,Rainy,51.0,Male,4,706334.07,Moderate,Well-Lit,60 km/h
MMTI-2025-01253,Quezon,Truck,Rear-end,3,Stormy,38.0,Female,0,1835036.1,Moderate,Poorly-Lit,80
MMTI-2025-14571,Pasay,Car,Hit and Run,3,Clear,36.0,Male,0,49784.34,Moderate,Poorly-Lit,40
MMTI-2025-14667,Quezon,,Rear-end,,Clear,31.0,Male,0,100079.69,Heavy,Well-Lit,40
MMTI-2025-15334,Makati,Car,Hit and Run,3.0,Clear,,Male,0,190654.34,Heavy,Lit,60
MMTI-2025-09516,Caloocan,Car,Rear-end,3.0,Clear,23.0,Female,0,41429.67,Heavy,POOR,60
MMTI-2025-12067,Paranaque,Car,Head-on,3,Clear,33.0,Male,0,120369.01,Heavy,Well-Lit,60 km/h
MMTI-2025-22290,Makati,Truck,Rear-end,3,Cloudy,31.0,F,0,"PHP 217,760.49",Heavy,Lit,40
MMTI-2025-00796,Pasig,Motorcycle,Head-on,3,Clear,28.0,Female,0,152.6k,Light,Poorly-Lit,80 kph
MMTI-2025-17450,Manila,Jeepney,Rear-end,3,Rain,19.0,Male,0,"PHP 71,222.04",,Well-Lit,40
MMTI-2025-07044, manila,Truck,Head-on,3,,40.0,Male,0,1456403.56,Heavy,Lit,100 km/h
MMTI-2025-05146,Pasig,Car,Hit and Run,3.0,Clear,27.0,Female,0,154.9k,Moderate,Well-Lit,80
MMTI-2025-22243,Caloocan,Motorcycle,Head-on,Risk Level 3,Clear,21.0,Female,0,43282.55,Heavy,Well-Lit,60
MMTI-2025-00961,MANILA ,Jeepney,Side-swipe,3.0,Rain,43.0,Female,0,,Moderate,Well-Lit,60
MMTI-2025-16603,,Jeepney,Side-swipe,,Cloudy,41.0,Male,3,17163.34,Heavy,Poorly-Lit,100
MMTI-2025-12539,Makati,Truck,Side-swipe,2,Cloudy,40.0,Male,0,233247.36,Moderate,Well-Lit,60 kph
MMTI-2025-04892,Pasig,Car,Side-swipe,3,Clear,18.0,Male,0,130626.07,Heavy,Poorly-Lit,60
MMTI-2025-13023,Manila,Truck,Rear-end,6.0,,-10.0,Female,4,"PHP 2,162,023.74",Moderate,Well-Lit,60 km/h
MMTI-2025-16530,Quezon,Motorcycle,Rear-end,Risk Level 6,Stormy,19.0,Female,1,99999999,Moderate,Poorly-Lit,30 km/h
MMTI-2025-08859,Quezon,Car,Side-swipe,3.0,Rainy,18.0,Male,0,809024.89,MODERATE,Well-Lit,100
MMTI-2025-01123,Quezon,Jeepney,Hit and Run,,Clear,47.0,M,0,"PHP 28,622.38",Light,Poorly-Lit,40
MMTI-2025-08689,Mandaluyong,Car,Hit and Run,3,Clear,37.0,Male,0,73174.46,Heavy,dark,60 km/h
MMTI-2025-07105,Pasig,SUV/Van,Head-on,3,Clear,58.0,Male,0,142073.2,Heavy,Unlit,60
MMTI-2025-05371,Quezon,Motorcycle,Rear-end,,Storm,19.0,Male,0,5036.96,,No Lights,60
MMTI-2025-17654,MAKATI ,Truck,Side-swipe,3,,47.0,Male,0,725551.17,Heavy,dark,60
MMTI-2025-17048,Makati,Jeepney,Side-swipe,3.0,Clear,29.0,F,0,,,Well-Lit,80
MMTI-2025-12701,,Jeepney,Hit and Run,3,Storm,22.0,Male,0,121909.68,Light,Well-Lit,100
MMTI-2025-14707,Quezon,SUV/Van,Hit and Run,,Storm,41.0,Male,4,35816.83,Heavy,Well-Lit,60
MMTI-2025-17505,Las Pinas,Car,Rear-end,3.0,Clear,47.0,female ,0,96856.93,Heavy,Poorly-Lit,40
MMTI-2025-07776,Makati,Jeepney,Hit and Run,2,Rain,47.0,Female,0,,Light,Well-Lit,80
MMTI-2025-02067,Quezon,Car,Hit and Run,3,Cloudy,45.0,Female,0,438556.86,Heavy,Well-Lit,60
MMTI-2025-06662,Quezon,Car,Side-swipe,6,Cloudy,25.0,Male,3,497012.85,HEAVY,Well-Lit,40 km/h
MMTI-2025-22757,,Motorcycle,Hit and Run,,Rain,48.0,Female,0,16010.85,Light,Poorly-Lit,60
MMTI-2025-07451,Quezon,Motorcycle,Head-on,3,Rainy,55.0,Male,0,1220741.4,Light,Well-Lit,100 kph
MMTI-2025-04102,,Truck,Hit and Run,3.0,Clear,51.0,Male,0,625862.72,Heavy,Lit,40
MMTI-2025-19092,Mandaluyong,Motorcycle,Side-swipe,2,Clear,30.0,Male,0,79588.09,Heavy,Well-Lit,80
MMTI-2025-04385,Manila,,Hit and Run,3.0,Rain,22.0,Female,0,173289.6,Heavy,POOR,40
MMTI-2025-00913,Quezon,Motorcycle,Side-swipe,3.0,Cloudy,46.0,Female,0,516607.47,Moderate,Well-Lit,60 km/h
MMTI-2025-21495,,Truck,Head-on,,Clear,42.0,Male,0,584556.09,Moderate,Well-Lit,30
MMTI-2025-15958,Manila,Bus,Head-on,1.0,Rain,41.0,Male,0,512.5k,,Poorly-Lit,40 km/h
MMTI-2025-22336,Quezon,SUV/Van,Side-swipe,Risk Level 3,Cloudy,40.0,F,0,523986.02,Light,Well-Lit,60
MMTI-2025-03701,Quezon,Car,Side-swipe,6.0,Stormy,49.0,Male,1,3048258.98,Light,Well-Lit,60
MMTI-2025-08803,Quezon,Car,Rear-end,3,Cloudy,36.0,Male,0,469613.03,Heavy,Poorly-Lit,40
MMTI-2025-09157,,Truck,Side-swipe,3.0,Clear,38.0,Female,0,436962.45,Heavy,Poorly-Lit,30 km/h
MMTI-2025-12365,Pasay,Car,Head-on,3,Clear,55.0,Unknown,0,47915.81,Heavy,Lit,60 kph
MMTI-2025-08664,Pasig,Truck,Rear-end,3.0,,33.0,Male,0,0,Heavy,Unlit,60 km/h
MMTI-2025-22199,Manila,Truck,Side-swipe,3,Cloudy,49.0,Male,0,175004.62,Heavy,Poorly-Lit,80
MMTI-2025-01832,San Juan,Truck,Head-on,3.0,Clear,49.0,Male,0,,Heavy,Well-Lit,80
MMTI-2025-16888,Pasay,Car,Hit and Run,2,Clear,51.0,Male,4,48689.4,Moderate,Well-Lit,60 km/h
MMTI-2025-10688,Quezon,Car,Side-swipe,Risk Level 3,Rainy,59.0,Male,0,755785.98,Heavy,Well-Lit,60 kph
MMTI-2025-17567,Quezon,Motorcycle,Side-swipe,Risk Level 3,Cloudy,36.0,Male,0,557157.37,Heavy,Well-Lit,60
MMTI-2025-02539,,Car,Head-on,Risk Level 3,Clear,43.0,Female,0,35.9k,HEAVY,Poorly-Lit,30
MMTI-2025-12925,Manila,Motorcycle,Rear-end,3,Cloudy,35.0,Male,0,204427.56,HEAVY,Well-Lit,40 km/h
MMTI-2025-07711,Makati,Motorcycle,Hit and Run,3,Cloudy,37.0,Male,0,245300.67,Heavy,Unlit,60
MMTI-2025-21139,Manila,Motorcycle,Head-on,3,Cloudy,40.0,Male,0,197982.51,Moderate,Unlit,60
MMTI-2025-02929,,Truck,Side-swipe,2,,44.0,Male,0,440.1k,Light,Unlit,40
MMTI-2025-19122,Muntinlupa,Car,Side-swipe,3,Clear,56.0,Male,0,54361.17,Heavy,Poorly-Lit,60
MMTI-2025-17098,Taguig,Truck,Hit and Run,6,Cloudy,52.0,Female,1,347211.78,Heavy,Well-Lit,60
MMTI-2025-00370,Quezon,Car,Rear-end,9,Cloudy,35.0,Male,1,553544.31,Heavy,Well-Lit,60
MMTI-2025-15630,Manila,,Rear-end,3,Storm,45.0,Female,0,"PHP 103,592.95",Light,Well-Lit,60