Incident_ID,City,Vehicle_Type,Accident_Type,Severity,Weather_Condition,Driver_Age,Driver_Gender,Injury_Count,Damage_Cost_PHP,Traffic_Volume,Road_Lighting,Speed_Limit
MMTI-2025-18654,Marikina,Car,Hit and Run,Risk Level 3,Clear,37.0,Male,0,"PHP 66,328.03",Heavy,Well-Lit,80
MMTI-2025-15124,Muntinlupa,Motorcycle,Rear-end,3,Clear,38.0,Male,0,54.7k,Light,Well-Lit,60 kph
MMTI-2025-15233,Makati,Car,Rear-end,3.0,Cloudy,61.0,F,0,213412.66,Heavy,Poorly-Lit,40 km/h
MMTI-2025-23006,Manila,Car,Side-swipe,6,Cloudy,40.0,Male,4,171995.77,Moderate,Poorly-Lit,40
MMTI-2025-18225,Paranaque,Motorcycle,Rear-end,2.0,Clear,22.0,Female,0,101392.96,Moderate,Poorly-Lit,80
MMTI-2025-15693,Mandaluyong,Car,Hit and Run,,Clear,40.0,Unknown,0,98.8k,HEAVY,Poorly-Lit,80 km/h
MMTI-2025-21657,Paranaque,Motorcycle,Side-swipe,4,Clear,27.0,Male,4,113624.49,Heavy,Well-Lit,60
MMTI-2025-15151,Paranaque,Motorcycle,Side-swipe,Risk Level 2,Clear,39.0,Male,0,122958.62,Heavy,Well-Lit,60 kph
MMTI-2025-13239,Manila,Car,Hit and Run,2,,48.0,Male,0,"PHP 67,020.49",Heavy,Poorly-Lit,60
MMTI-2025-01269,Manila,Jeepney,Rear-end,,,25.0,Male,0,23572.34,Heavy,Well-Lit,60
MMTI-2025-14836,Las Pinas,SUV/Van,Head-on,2,Clear,32.0,Male,0,82617.57,Heavy,Unlit,80 km/h
MMTI-2025-07064,Las Pinas,Car,Side-swipe,3,Clear,42.0,Female,0,90613.71,Heavy,Well-Lit,40
MMTI-2025-18485,Paranaque,Car,Rear-end,3.0,Clear,40.0,Female,0,98603.53,Light,Well-Lit,100
MMTI-2025-23088,Quezon,Car,Hit and Run,Risk Level 3,,32.0,M,0,218144.91,Heavy,dark,60
MMTI-2025-10721,MAKATI ,,Hit and Run,3,Clear,21.0,Male,0,302268.27,Moderate,Unlit,60
MMTI-2025-14777,Mandaluyong,Truck,Head-on,3,Clear,48.0,Male,0,75275.15,Heavy,Poorly-Lit,60 km/h
MMTI-2025-04383,Paranaque,Truck,Side-swipe,6.0,Clear,33.0,Male,4,102714.46,Light,Well-Lit,30
MMTI-2025-15389,Taguig,Car,Rear-end,Risk Level 3,Cloudy,39.0,Male,0,269.4k,Moderate,Unlit,60
MMTI-2025-08323,Quezon,,Head-on,3,Clear,17.0,Male,0,133.4k,Moderate,Poorly-Lit,40
MMTI-2025-19102,Quezon,SUV/Van,Head-on,3.0,Rainy,31.0,Male,0,713839.71,Moderate,Poorly-Lit,60
MMTI-2025-15528,Manila,Motorcycle,Rear-end,3.0,Cloudy,32.0,Male,0,166862.16,Heavy,Well-Lit,60
MMTI-2025-06476,Manila,,Side-swipe,3.0,Clear,,Male,0,"PHP 241,849.63",Moderate,Poorly-Lit,60
MMTI-2025-07316,Manila,,Head-on,3,Rain,37.0,Male,0,139188.64,Heavy,Poorly-Lit,60 km/h
MMTI-2025-02668,Muntinlupa,Car,Head-on,Risk Level 3,Clear,39.0,Female,0,53483.23,Heavy,Well-Lit,60
MMTI-2025-09441,Pasay,Car,Rear-end,3,Clear,42.0,Male,0,50434.91,HEAVY,Well-Lit,60
MMTI-2025-03648,Paranaque,Car,Side-swipe,3,Clear,51.0,Male,0,100606.7,Moderate,Well-Lit,60
MMTI-2025-08860,Taguig,Motorcycle,Rear-end,3.0,Cloudy,37.0,M,0,314602.66,LIGHT,Well-Lit,30
MMTI-2025-03240,Paranaque,Car,Rear-end,3,Clear,35.0,Male,0,101986.84,Heavy,Well-Lit,40 km/h
MMTI-2025-15132,Manila,Motorcycle,Rear-end,6,Cloudy,28.0,Male,4,183831.22,Moderate,Well-Lit,80
MMTI-2025-15736,Quezon,Car,Rear-end,3,Rainy,39.0,Unknown,0,1341014.15,Heavy,No Lights,60
MMTI-2025-13805,Manila,Jeepney,Head-on,,Clear,47.0,Female,4,51259.47,Moderate,Well-Lit,60
MMTI-2025-17974,Pasay,Car,Head-on,3.0,Clear,39.0,Male,0,49022.05,Moderate,Well-Lit,60
MMTI-2025-08254,Quezon,Car,Side-swipe,6,Rainy,999.0,Female,3,"PHP 890,712.33",Heavy,Well-Lit,60
MMTI-2025-11799,Quezon,Car,Hit and Run,3,Storm,,Male,0,227895.22,Heavy,Well-Lit,60 km/h
MMTI-2025-13232,Quezon,Motorcycle,Head-on,Risk Level 9,Cloudy,32.0,Female,1,384560.06,Heavy,Lit,60
MMTI-2025-02518,Quezon,Car,Side-swipe,3,Rainy,58.0,Male,0,1136652.81,Heavy,Well-Lit,80
MMTI-2025-05792,Mandaluyong,Car,Hit and Run,3,Clear,40.0,Male,0,72531.29,MODERATE,Well-Lit,60
MMTI-2025-18075,Quezon,Car,Side-swipe,Risk Level 6,Rainy,31.0,Female,3,830377.23,Light,Well-Lit,60
MMTI-2025-09240,MANILA ,SUV/Van,Side-swipe,,Cloudy,33.0,Male,0,110122.2,Moderate,Poorly-Lit,40
MMTI-2025-16356,,Jeepney,Rear-end,3,Cloudy,35.0,Male,0,51474.25,HEAVY,No Lights,100
MMTI-2025-16684,Quezon,SUV/Van,Side-swipe,Risk Level 3,Cloudy,43.0,Male,0,570037.94,Heavy,Well-Lit,30 km/h
MMTI-2025-21227,Quezon,Car,Hit and Run,3,Cloudy,40.0,Female,0,"PHP 402,390.73",Heavy,Well-Lit,60
MMTI-2025-12824,Manila,Jeepney,Side-swipe,3,Rain,40.0,Female,0,,Moderate,Well-Lit,60 kph
MMTI-2025-22121,Quezon,Car,Side-swipe,3,Cloudy,38.0,Male,0,599517.73,Moderate,Well-Lit,40
MMTI-2025-04347,Manila,Car,Head-on,2.0,Cloudy,32.0,Male,0,72849.76,,Well-Lit,60
MMTI-2025-04826,Las Pinas,,Hit and Run,3.0,Clear,36.0,Male,0,190571.89,Heavy,Poorly-Lit,60 km/h
MMTI-2025-23576,MANILA ,Bus,Hit and Run,3,,36.0,Male,0,1015322.43,Heavy,Unlit,80
MMTI-2025-00129,Pateros,,Rear-end,3.0,Rain,51.0,Female,0,93599.2,Heavy,POOR,60 km/h
MMTI-2025-17520,Quezon,Car,Head-on,3.0,Rainy,55.0,Male,0,892069.83,Heavy,Poorly-Lit,30
MMTI-2025-08500,Quezon,Truck,Head-on,6,Rainy,31.0,Female,4,863831.2,Moderate,Well-Lit,60
MMTI-2025-21552,MAKATI ,Motorcycle,Hit and Run,3.0,Clear,60.0,Male,0,,Light,Poorly-Lit,60
MMTI-2025-06540,Mandaluyong,Motorcycle,Hit and Run,2,Clear,17.0,Male,0,73621.18,Heavy,Unlit,40
MMTI-2025-18046,,Car,Hit and Run,Risk Level 2,,40.0,Male,0,54231.16,MODERATE,Well-Lit,30 km/h
MMTI-2025-21884,Muntinlupa,Bus,Head-on,3,Clear,35.0,Male,0,1293266.48,,Well-Lit,100
MMTI-2025-11723,Quezon,Motorcycle,Side-swipe,3.0,,48.0,Male,0,41907.03,Heavy,Well-Lit,60
MMTI-2025-01094,Manila,SUV/Van,Rear-end,3,,34.0,Male,0,333127.78,,Well-Lit,80 km/h
MMTI-2025-20647,Pasig,Car,Side-swipe,3,Clear,25.0,Female,0,128977.19,Heavy,Unlit,40 km/h
MMTI-2025-07221,Caloocan,Motorcycle,Side-swipe,1,Clear,35.0,Male,0,43694.86,Light,Well-Lit,30
MMTI-2025-15879,San Juan,Car,Rear-end,2,Clear,44.0,Male,0,40718.59,Light,No Lights,100
MMTI-2025-04475,Las Pinas,Car,Side-swipe,2.0,Clear,35.0,Male,0,96071.4,Moderate,POOR,60
MMTI-2025-19315,Quezon,Car,Side-swipe,6,Stormy,37.0,Male,1,"PHP 3,316,544.70",Heavy,Well-Lit,60
MMTI-2025-20846,Mandaluyong,Truck,Rear-end,Risk Level 4,Clear,29.0,male,2,69492.76,Moderate,Unlit,60 km/h
MMTI-2025-13825,Makati,Bus,Head-on,2,Clear,25.0,Male,0,63506.45,,Well-Lit,40
MMTI-2025-11933,Manila,Motorcycle,Rear-end,,Clear,,Male,1,17993.71,,Poorly-Lit,60
MMTI-2025-11400,Marikina,Car,Rear-end,2,Clear,40.0,Female,0,62412.24,Heavy,Poorly-Lit,80
MMTI-2025-19305,Quezon,Car,Hit and Run,3.0,Rainy,58.0,Female,0,733705.65,Heavy,Well-Lit,40 kph
MMTI-2025-09252,San Juan,Bus,Hit and Run,1,Clear,38.0,Unknown,0,190962.49,,dark,60
MMTI-2025-06987,Malabon,Car,Rear-end,3.0,Clear,49.0,Male,0,36.8k,Heavy,Well-Lit,30
MMTI-2025-14211,Marikina,Car,Rear-end,4,Clear,55.0,Male,3,62270.85,Heavy,Well-Lit,40
MMTI-2025-14839,Las Pinas,Truck,Side-swipe,3,Clear,25.0,Male,0,93456.63,MODERATE,Poorly-Lit,100
MMTI-2025-23256,Makati,Bus,Hit and Run,3,,41.0,Male,0,763466.46,Moderate,Unlit,80
MMTI-2025-05570,Quezon,Car,Side-swipe,3.0,Cloudy,46.0,female ,0,373414.88,Heavy,Well-Lit,80 km/h
MMTI-2025-05829,Paranaque,Car,Side-swipe,3.0,Clear,54.0,F,0,99294.05,Heavy,Well-Lit,40
MMTI-2025-00410,,Truck,Rear-end,3,Clear,,Male,0,349061.98,Heavy,Well-Lit,60
MMTI-2025-16298,Quezon,Bus,Head-on,3.0,Clear,25.0,Female,4,1011239.04,,No Lights,30
MMTI-2025-04534,Makati,Car,Head-on,3.0,Clear,35.0,Male,0,,Moderate,Well-Lit,60 km/h
MMTI-2025-03963, paranaque,Car,Rear-end,1.0,Clear,36.0,Male,0,,Moderate,dark,60
MMTI-2025-17279,,Jeepney,Hit and Run,3,Clear,38.0,Male,0,70057.89,Heavy,Poorly-Lit,80
MMTI-2025-00175,Quezon,Motorcycle,Side-swipe,3,,34.0,Unknown,0,13864.43,Moderate,Poorly-Lit,60
MMTI-2025-02205,Quezon,Car,Side-swipe,6,Cloudy,26.0,Male,1,364499.34,Heavy,Poorly-Lit,60
MMTI-2025-01303,Mandaluyong,Motorcycle,Side-swipe,3.0,Clear,,Unknown,0,,HEAVY,Lit,80
MMTI-2025-19724,Mandaluyong,Motorcycle,Side-swipe,3,Clear,41.0,Male,0,80105.28,Heavy,Well-Lit,40
MMTI-2025-22114,Manila,Car,Hit and Run,3,Clear,,Male,0,83359.57,Heavy,Well-Lit,60
MMTI-2025-03440,,Motorcycle,Rear-end,3,Rain,37.0,Male,0,"PHP 8,244.87",Heavy,Unlit,60
MMTI-2025-23479,Quezon,Truck,Hit and Run,,Clear,17.0,F,0,"PHP 385,050.54",Heavy,Lit,100
MMTI-2025-07189,Las Pinas,Motorcycle,Head-on,3.0,Clear,46.0,male,0,83008.29,Heavy,Well-Lit,80
MMTI-2025-17813,Makati,SUV/Van,Head-on,3,Storm,,Male,0,94094.34,LIGHT,Well-Lit,60
MMTI-2025-01294,Quezon,SUV/Van,Hit and Run,Risk Level 4,Cloudy,23.0,Male,2,417109.96,Heavy,Well-Lit,60
MMTI-2025-16445,Las Pinas,Car,Rear-end,3,Clear,53.0,Female,0,92801.44,Heavy,Well-Lit,40
MMTI-2025-01443,Quezon,Motorcycle,Head-on,3,Cloudy,33.0,Male,0,388927.78,Heavy,Well-Lit,80
MMTI-2025-02514,CALOOCAN ,Car,Side-swipe,3.0,Clear,,Female,0,,Heavy,Well-Lit,60 km/h
MMTI-2025-17661,Caloocan,,Side-swipe,3,Clear,24.0,Female,0,67893.51,Heavy,Unlit,30 kph
MMTI-2025-08519,Mandaluyong,,Rear-end,Risk Level 1,Cloudy,50.0,Male,0,95875.61,Moderate,Well-Lit,40
MMTI-2025-12366,Muntinlupa,SUV/Van,Side-swipe,Risk Level 3,Clear,36.0,Female,0,51993.79,Heavy,Unlit,80
MMTI-2025-19588,Quezon,SUV/Van,Hit and Run,9.0,Stormy,31.0,Male,3,2759640.11,Moderate,Well-Lit,40 km/h
MMTI-2025-16813,Quezon,Car,Side-swipe,3,Rain,46.0,Male,0,,Heavy,Poorly-Lit,60
MMTI-2025-22251,Marikina,Car,Head-on,3,Clear,51.0,M,0,59621.96,Heavy,Well-Lit,40
MMTI-2025-01228,Quezon,SUV/Van,Side-swipe,6,Rainy,41.0,female ,4,1728572.35,Heavy,Well-Lit,60 km/h
MMTI-2025-06031,San Juan,Car,Hit and Run,2,Clear,47.0,Male,1,38418.1,Moderate,Unlit,40 km/h
MMTI-2025-07486,Quezon,SUV/Van,Head-on,4,Cloudy,25.0,Male,3,396698.75,Moderate,Poorly-Lit,60 km/h
MMTI-2025-04896,Quezon,Motorcycle,Side-swipe,3,Rainy,51.0,Male,0,1542323.06,Moderate,dark,60
MMTI-2025-11787,Manila,Motorcycle,Hit and Run,3.0,Cloudy,26.0,Female,0,210332.8,Heavy,Poorly-Lit,30 km/h
MMTI-2025-05216,Pasig,Car,Side-swipe,3,Clear,26.0,Male,0,"PHP 139,345.56",Moderate,Poorly-Lit,40 km/h
MMTI-2025-17899,Manila,Motorcycle,Hit and Run,3,Clear,41.0,Female,0,13824.89,,Poorly-Lit,100
MMTI-2025-13683, manila,Truck,Rear-end,Risk Level 3,,30.0,Male,0,1055076.65,Heavy,Unlit,60
MMTI-2025-08544,Las Pinas,Car,Hit and Run,6,Clear,42.0,Male,1,87820.62,Heavy,Well-Lit,40
MMTI-2025-21038,Quezon,Car,Hit and Run,Risk Level 3,Rainy,50.0,Male,0,1075597.41,Moderate,Poorly-Lit,60
MMTI-2025-19848,Muntinlupa,,Side-swipe,3,Clear,32.0,Female,0,82789.77,Heavy,Well-Lit,30
MMTI-2025-10157,Caloocan,Jeepney,Head-on,2,Clear,35.0,Female,0,13738.12,,Well-Lit,80
MMTI-2025-11091,Quezon,Car,Hit and Run,Risk Level 6,Rainy,34.0,Female,3,867431.58,Heavy,Unlit,60
MMTI-2025-17705,Pasay,Car,Rear-end,1,Clear,38.0,F,0,50628.16,Moderate,Well-Lit,40
MMTI-2025-07123,Manila,Motorcycle,Side-swipe,Risk Level 3,Rain,,Male,0,26973.55,Heavy,Well-Lit,60 km/h
MMTI-2025-01681,Makati,,Rear-end,3,,46.0,F,0,160793.88,Heavy,Well-Lit,40
MMTI-2025-17598,Quezon,Truck,Head-on,Risk Level 3,Rainy,38.0,Male,0,"PHP 653,785.68",Moderate,Poorly-Lit,60
MMTI-2025-22334,Las Pinas,SUV/Van,Side-swipe,6,Clear,24.0,Female,4,86115.85,Light,Well-Lit,60
MMTI-2025-06887,MARIKINA ,,Side-swipe,3,Clear,65.0,Male,0,198612.05,HEAVY,Well-Lit,30
MMTI-2025-21915,Mandaluyong,,Hit and Run,3,Clear,36.0,Male,0,108956.02,Moderate,Poorly-Lit,100
MMTI-2025-08664,Pasig,Truck,Rear-end,3.0,,33.0,Male,0,0,Heavy,Unlit,60 km/h
MMTI-2025-16449,,SUV/Van,Rear-end,3,Clear,27.0,Female,0,261300.16,MODERATE,Well-Lit,40
MMTI-2025-04887,Mandaluyong,SUV/Van,Side-swipe,3.0,Clear,38.0,Male,0,66728.97,,Well-Lit,60 kph
MMTI-2025-01671,,Car,Head-on,Risk Level 1,Cloudy,48.0,Male,0,14700.23,,Poorly-Lit,30 kph
MMTI-2025-02764,Pasay,Car,Side-swipe,3,Clear,30.0,Female,0,45506.66,Heavy,Well-Lit,60
MMTI-2025-05847,,Car,Rear-end,Risk Level 3,Cloudy,52.0,Male,0,"PHP 51,964.76",HEAVY,Well-Lit,60 kph
MMTI-2025-10049,Quezon,Car,Hit and Run,3,Cloudy,30.0,Male,0,443781.63,Heavy,Well-Lit,60
MMTI-2025-15225,Quezon,Motorcycle,Rear-end,6,Rainy,43.0,Male,1,"PHP 1,360,933.40",Moderate,Poorly-Lit,80
MMTI-2025-19366,Manila,Motorcycle,Side-swipe,3,Rain,28.0,Male,0,14597.75,,Well-Lit,40
MMTI-2025-20880,Paranaque,Car,Rear-end,3,Clear,43.0,Male,0,101512.25,Moderate,Poorly-Lit,60 km/h
MMTI-2025-23316,Manila,Car,Hit and Run,3.0,Cloudy,-10.0,Female,0,190662.07,Moderate,Unlit,60
MMTI-2025-04138,Pasig,Jeepney,Head-on,2.0,Clear,35.0,M,0,156070.7,Light,Well-Lit,60
MMTI-2025-19371,Marikina,Jeepney,Head-on,Risk Level 3,Clear,20.0,Male,0,64891.56,Moderate,Well-Lit,30 km/h
MMTI-2025-14781,Las Pinas,Car,Rear-end,3,Clear,25.0,Male,0,95694.71,Heavy,No Lights,80
MMTI-2025-03884,Mandaluyong,Car,Head-on,Risk Level 3,Clear,32.0,Female,0,71377.36,Moderate,Well-Lit,40
MMTI-2025-13304,Makati,,Side-swipe,3.0,Clear,42.0,Female,0,"PHP 57,756.08",Heavy,Lit,60
MMTI-2025-18887,Makati,SUV/Van,Side-swipe,Risk Level 3,Cloudy,33.0,Male,0,212557.53,Moderate,Well-Lit,60
MMTI-2025-10862,Quezon,Bus,Hit and Run,3,,48.0,Male,0,392297.07,Moderate,well lit,30
MMTI-2025-22226,Makati,Car,Hit and Run,Risk Level 2,Cloudy,38.0,Male,0,"PHP 259,884.52",Heavy,Lit,40
MMTI-2025-18848,Makati,Car,Hit and Run,3,Cloudy,46.0,Male,0,240205.36,Heavy,Poorly-Lit,30
MMTI-2025-15388,Quezon,SUV/Van,Rear-end,3.0,Rainy,30.0,Female,0,684257.92,Heavy,Poorly-Lit,40
MMTI-2025-00717,PASIG ,,Side-swipe,3,Clear,46.0,Female,0,243750.21,Moderate,well lit,60
MMTI-2025-20445,Quezon,Motorcycle,Hit and Run,3.0,Rainy,24.0,Male,0,1490315.1,Heavy,Well-Lit,80
MMTI-2025-16100,Quezon,SUV/Van,Head-on,3.0,Rainy,23.0,Male,0,1431503.14,Moderate,Well-Lit,60
MMTI-2025-17281,Las Pinas,Jeepney,Hit and Run,3,Clear,60.0,Female,0,81510.54,Heavy,Well-Lit,30
MMTI-2025-22307,,SUV/Van,Head-on,3,Rain,38.0,Female,0,"PHP 476,995.43",,Well-Lit,80
MMTI-2025-12313,Quezon,Motorcycle,Rear-end,3,Rainy,26.0,Unknown,0,998627.2,Heavy,Unlit,40 km/h
MMTI-2025-03514,Marikina,SUV/Van,Hit and Run,Risk Level 3,Clear,22.0,Male,0,63976.14,Heavy,dark,60
MMTI-2025-16972,Las Pinas,Car,Rear-end,3.0,Clear,52.0,F,0,"PHP 95,956.38",Heavy,Poorly-Lit,60 kph
MMTI-2025-05161,Muntinlupa,Car,Head-on,3,Clear,-10.0,Female,0,51203.45,Heavy,Well-Lit,40 km/h
MMTI-2025-00026,Valenzuela,,Head-on,3,,50.0,Male,0,67836.27,Moderate,dark,60
MMTI-2025-00254,Paranaque,Motorcycle,Head-on,3,Clear,37.0,Male,0,109729.94,Heavy,Unlit,60 km/h
MMTI-2025-17808,Quezon,Car,Rear-end,3,Rainy,30.0,Male,0,1016767.42,HEAVY,POOR,60
MMTI-2025-07029,Pasig,Car,Hit and Run,3,Clear,17.0,Male,0,143879.29,Heavy,Unlit,60
MMTI-2025-08445,Las Pinas,Jeepney,Head-on,,Clear,40.0,Male,0,29106.54,Light,Well-Lit,60
MMTI-2025-10192,Paranaque,Truck,Hit and Run,3,Clear,37.0,Male,0,104901.4,Moderate,Well-Lit,100
MMTI-2025-15592,Valenzuela,Car,Hit and Run,,Rain,53.0,Male,4,20730.09,MODERATE,Well-Lit,40
MMTI-2025-17279,,Jeepney,Hit and Run,3,Clear,38.0,Male,0,70057.89,Heavy,Poorly-Lit,80
MMTI-2025-20163,Malabon,Truck,Hit and Run,Risk Level 3,Rain,45.0,Male,0,,,Poorly-Lit,60
MMTI-2025-13749,Quezon,Car,Head-on,3,Rainy,25.0,Female,0,741277.66,Heavy,Well-Lit,60
MMTI-2025-11135,Paranaque,Car,Side-swipe,3,Clear,33.0,Male,0,"PHP 99,152.28",Moderate,Well-Lit,60 km/h
MMTI-2025-08961,Marikina,Car,Hit and Run,6,Clear,28.0,Male,4,61275.44,HEAVY,well lit,60
MMTI-2025-02295,Las Pinas,Car,Head-on,2,Clear,42.0,Female,0,92771.72,Heavy,Well-Lit,60
MMTI-2025-10360,Manila,Car,Rear-end,Risk Level 3,Cloudy,24.0,Unknown,0,199615.6,Light,Well-Lit,60 kph
MMTI-2025-02159,Manila,Motorcycle,Side-swipe,Risk Level 3,Cloudy,38.0,Male,0,179940.26,HEAVY,Well-Lit,40 km/h
MMTI-2025-16844,Quezon,Car,Hit and Run,3.0,Rainy,47.0,Female,0,1427469.4,Moderate,Poorly-Lit,100
MMTI-2025-04226,Quezon,Car,Hit and Run,6,Rainy,58.0,Male,4,893719.87,Heavy,Unlit,30
MMTI-2025-17957,Quezon,SUV/Van,Rear-end,2,Cloudy,30.0,Male,0,518021.0,Moderate,Well-Lit,60
MMTI-2025-01658,Quezon,Jeepney,Side-swipe,1,Rain,30.0,Male,0,,Moderate,Well-Lit,60
MMTI-2025-12841,,Jeepney,Hit and Run,3.0,Clear,32.0,Male,0,54979.65,Heavy,Well-Lit,60
MMTI-2025-07234,Quezon,Truck,Head-on,6,Rainy,0.0,Male,4,740634.25,Light,Well-Lit,30 km/h
MMTI-2025-00046,Quezon,Car,Head-on,3,Stormy,23.0,Male,0,77777777,Heavy,Poorly-Lit,60
MMTI-2025-13558,Las Pinas,Motorcycle,Head-on,3,Clear,36.0,Male,0,89274.8,Heavy,Poorly-Lit,40
MMTI-2025-17184,Pasig,,Side-swipe,3,Storm,45.0,Male,0,254202.26,Heavy,Well-Lit,60
MMTI-2025-18918,Quezon,Motorcycle,Side-swipe,6.0,Stormy,24.0,Male,3,1875685.4,Heavy,Poorly-Lit,60 kph
MMTI-2025-13048,Malabon,Car,Side-swipe,3,Clear,53.0,Male,0,,Heavy,Poorly-Lit,60
MMTI-2025-20260,Paranaque,Car,Hit and Run,Risk Level 3,Clear,46.0,Male,0,99410.43,Heavy,Poorly-Lit,80
MMTI-2025-05897,Paranaque,Car,Head-on,3,Clear,35.0,Male,0,119050.13,Moderate,Poorly-Lit,60
MMTI-2025-02016,Makati,Motorcycle,Hit and Run,3,Cloudy,32.0,Male,0,218725.62,Moderate,Poorly-Lit,80
MMTI-2025-17660,Quezon,Car,Side-swipe,6.0,Stormy,34.0,Female,3,2506358.47,Heavy,Well-Lit,40
MMTI-2025-22909,Las Pinas,Car,Rear-end,3,Clear,38.0,Female,0,87523.08,Heavy,Unlit,60
MMTI-2025-11242,Makati,Truck,Rear-end,3,Cloudy,38.0,Female,0,235054.96,Moderate,Well-Lit,60 km/h
MMTI-2025-19762,Paranaque,Motorcycle,Rear-end,Risk Level 3,Clear,55.0,Male,0,"PHP 110,363.97",Heavy,Poorly-Lit,60
MMTI-2025-13767,Quezon,Car,Hit and Run,3.0,Rainy,37.0,Female,0,747331.05,Moderate,Well-Lit,100
MMTI-2025-14168,Las Pinas,Motorcycle,Head-on,4,Clear,29.0,Male,2,,Heavy,Well-Lit,40
MMTI-2025-16614,Mandaluyong,Jeepney,Side-swipe,3.0,Rain,,Female,0,73744.39,Light,Well-Lit,40
MMTI-2025-07367,Quezon,,Head-on,3.0,Rain,33.0,Male,0,83632.58,Heavy,Unlit,60 kph
MMTI-2025-01156,Quezon,SUV/Van,Side-swipe,2,Cloudy,34.0,Female,0,493334.94,Heavy,Poorly-Lit,40
MMTI-2025-02884,Quezon,Car,Rear-end,,Rain,43.0,Male,0,96607.95,Moderate,Well-Lit,60
MMTI-2025-16987,,SUV/Van,Side-swipe,3,Rain,24.0,Male,0,409293.72,Heavy,Well-Lit,60
MMTI-2025-11921,Pasig,Car,Rear-end,3,Clear,29.0,Male,0,141462.0,Heavy,Poorly-Lit,40 km/h
MMTI-2025-15309,Quezon,Car,Hit and Run,3,Cloudy,38.0,Male,0,472035.4,Heavy,Well-Lit,60
MMTI-2025-22921,Makati,Truck,Rear-end,Risk Level 3,,33.0,Female,0,464355.82,Heavy,No Lights,100
MMTI-2025-23286, makati,Bus,Hit and Run,3,,47.0,Male,0,371558.85,Heavy,Poorly-Lit,60 km/h
MMTI-2025-21297,Pasig,Motorcycle,Side-swipe,3,Clear,32.0,Female,0,"PHP 152,077.25",LIGHT,Well-Lit,80 km/h
MMTI-2025-18847,Las Pinas,Car,Head-on,3.0,Clear,29.0,Female,0,81825.62,Moderate,Well-Lit,60
MMTI-2025-12465,Quezon,Car,Side-swipe,6,Stormy,39.0,Male,4,4443935.0,Heavy,Well-Lit,60
MMTI-2025-03781,Marikina,Motorcycle,Rear-end,3,Clear,30.0,Male,0,61749.71,Heavy,dark,60
MMTI-2025-19954,Quezon,Car,Hit and Run,3,Cloudy,36.0,Female,0,445463.47,Heavy,Poorly-Lit,60
MMTI-2025-00556,Muntinlupa,Motorcycle,Rear-end,3,Clear,37.0,Male,0,57419.49,Heavy,Well-Lit,80 kph
MMTI-2025-17296,Paranaque,Bus,Side-swipe,,,33.0,Male,0,331747.36,Light,No Lights,30 km/h
MMTI-2025-22945,Makati,SUV/Van,Side-swipe,Risk Level 3,Cloudy,54.0,Male,0,221637.67,MODERATE,Well-Lit,40
MMTI-2025-13026,Quezon,Car,Side-swipe,2,Cloudy,43.0,Male,0,394028.51,Heavy,Poorly-Lit,80
MMTI-2025-17032,Caloocan,Truck,Head-on,,Clear,35.0,Male,0,348983.55,MODERATE,Poorly-Lit,60
MMTI-2025-13261,Pasig,Jeepney,Side-swipe,3,Clear,34.0,Male,0,56674.1,,Unlit,100 km/h
MMTI-2025-09469,Pasig,Car,Rear-end,1.0,Clear,42.0,Female,0,"PHP 134,042.67",Moderate,well lit,40
MMTI-2025-07705,Marikina,SUV/Van,Rear-end,3,Clear,31.0,Male,0,"PHP 62,838.38",Light,Well-Lit,60
MMTI-2025-14303,Pasay,Motorcycle,Side-swipe,,Clear,30.0,Male,0,4413.03,Light,Well-Lit,40
MMTI-2025-10621,Manila,Truck,Side-swipe,3,Rain,43.0,Male,0,1159650.26,,Well-Lit,60 km/h
MMTI-2025-02042,Pateros,Truck,Side-swipe,6.0,Storm,35.0,Male,4,,,well lit,40
MMTI-2025-01843,MANILA ,Motorcycle,Rear-end,,,27.0,Male,0,18597.33,Heavy,well lit,60 km/h
MMTI-2025-07844,,Motorcycle,Rear-end,Risk Level 6,Clear,32.0,Male,3,68454.02,Heavy,Well-Lit,60
MMTI-2025-17331,Manila,Bus,Side-swipe,6.0,Clear,,Male,1,1208817.18,Heavy,Poorly-Lit,60
MMTI-2025-16590,San Juan,Car,Rear-end,3,Clear,51.0,Unknown,0,"PHP 39,966.58",Heavy,Lit,40 km/h
MMTI-2025-13174,PARANAQUE ,Car,Head-on,,Clear,41.0,Male,0,44945.84,Heavy,Well-Lit,40
MMTI-2025-02276,Quezon,Car,Hit and Run,Risk Level 3,Cloudy,48.0,Male,0,352480.5,Heavy,Lit,40
MMTI-2025-05986,Makati,Bus,Rear-end,6.0,,42.0,Male,4,2973680.73,Heavy,Lit,30
MMTI-2025-21703,Quezon,SUV/Van,Side-swipe,3,Cloudy,18.0,Male,0,598649.77,Moderate,Poorly-Lit,40
MMTI-2025-19168,Quezon,Car,Side-swipe,Risk Level 3,Cloudy,50.0,Male,0,570985.11,Moderate,Poorly-Lit,60
MMTI-2025-12692,Quezon,Car,Hit and Run,3.0,Cloudy,53.0,Female,0,499323.09,Heavy,Well-Lit,60
MMTI-2025-05521,Pasay,SUV/Van,Rear-end,3.0,Clear,32.0,female ,0,49105.18,Moderate,Poorly-Lit,80 km/h