Incident_ID,City,Vehicle_Type,Accident_Type,Severity,Weather_Condition,Driver_Age,Driver_Gender,Injury_Count,Damage_Cost_PHP,Traffic_Volume,Road_Lighting,Speed_Limit
MMTI-2025-22099,Malabon,Truck,Rear-end,,Clear,50.0,Male,0,194252.82,Heavy,Well-Lit,30
MMTI-2025-17431,Makati,Motorcycle,Side-swipe,3,Cloudy,20.0,Male,0,223010.12,Heavy,Poorly-Lit,80
MMTI-2025-07827,MANILA ,Motorcycle,Hit and Run,3,Cloudy,31.0,Male,0,32227.98,,Well-Lit,60
MMTI-2025-01106,Quezon,Car,Rear-end,3,Rainy,40.0,Female,0,725431.71,Heavy,Unlit,40
MMTI-2025-17535,,Motorcycle,Rear-end,Risk Level 3,Clear,41.0,Unknown,0,53005.1,Heavy,Well-Lit,60 kph
MMTI-2025-19176,Quezon,Motorcycle,Hit and Run,6.0,Cloudy,34.0,Male,2,438375.31,Heavy,Unlit,60 km/h
MMTI-2025-10640,Pasig,Jeepney,Side-swipe,3.0,Clear,56.0,Male,0,157757.33,HEAVY,Well-Lit,60
MMTI-2025-09464,QUEZON ,Truck,Rear-end,Risk Level 3,,18.0,Male,0,"PHP 1,239,255.25",Heavy,Well-Lit,40
MMTI-2025-13755,Quezon,Motorcycle,Rear-end,3.0,Rainy,29.0,Male,0,850482.55,Heavy,Well-Lit,80
MMTI-2025-06723,Quezon,Car,Head-on,3,Rainy,38.0,Male,0,1273296.24,Heavy,Well-Lit,60
MMTI-2025-14850,Taguig,Truck,Side-swipe,Risk Level 3,Cloudy,38.0,Male,0,326703.86,Light,Lit,40
MMTI-2025-15922,Quezon,,Head-on,3,Cloudy,56.0,Unknown,0,223143.61,Heavy,Well-Lit,60
MMTI-2025-23255,Makati,Car,Side-swipe,Risk Level 3,Cloudy,32.0,Female,0,260101.33,Heavy,Well-Lit,80
MMTI-2025-14436,Marikina,Car,Rear-end,Risk Level 3,Clear,44.0,Female,0,62641.08,Moderate,Poorly-Lit,80
MMTI-2025-05402,Quezon,Motorcycle,Side-swipe,6,Cloudy,57.0,Female,1,"PHP 564,797.95",Heavy,Well-Lit,60 km/h
MMTI-2025-08989,Quezon,Motorcycle,Head-on,3.0,Rain,,Male,0,47700.83,Heavy,POOR,40
MMTI-2025-15409,Makati,,Side-swipe,2,Clear,57.0,Male,0,25322.7,Moderate,Well-Lit,60
MMTI-2025-21537,Manila,SUV/Van,Hit and Run,,Clear,27.0,Female,1,21774.71,Heavy,Well-Lit,60
MMTI-2025-02116,Taguig,Jeepney,Rear-end,3,,40.0,Male,0,29183.85,Moderate,Well-Lit,80
MMTI-2025-20093,Manila,Jeepney,Hit and Run,3,Cloudy,26.0,Female,0,182584.74,Heavy,Poorly-Lit,80 km/h
MMTI-2025-14359,Taguig,Motorcycle,Rear-end,Risk Level 3,Cloudy,43.0,Female,0,307438.32,Heavy,Well-Lit,60
MMTI-2025-17568,QUEZON ,Bus,Side-swipe,Risk Level 3,Clear,37.0,Male,0,1453528.29,,Poorly-Lit,60 km/h
MMTI-2025-11481,Marikina,,Head-on,2,Rain,19.0,Male,0,25775.56,Moderate,No Lights,40
MMTI-2025-05301,Quezon,Car,Hit and Run,3,Rainy,34.0,Male,0,1310.5k,Heavy,Well-Lit,60
MMTI-2025-09230,Makati,Car,Rear-end,2,Cloudy,46.0,Female,0,215844.09,Moderate,Poorly-Lit,100 kph
MMTI-2025-23534,Muntinlupa,Car,Head-on,6,Clear,28.0,M,1,53516.31,Heavy,Unlit,40
MMTI-2025-11478,Taguig,Motorcycle,Rear-end,3,Cloudy,31.0,Female,0,305967.88,Heavy,Well-Lit,60
MMTI-2025-11599,Marikina,Motorcycle,Head-on,3.0,Clear,34.0,female ,0,60392.95,HEAVY,POOR,60
MMTI-2025-18061,Pasig,Motorcycle,Side-swipe,Risk Level 3,Clear,49.0,Male,0,158908.1,Heavy,Well-Lit,80
MMTI-2025-04877,Quezon,Car,Hit and Run,3.0,Rainy,45.0,Male,0,1582936.79,Heavy,Well-Lit,60
MMTI-2025-06262,Manila,Car,Head-on,3,,56.0,Male,0,41856.19,Light,Well-Lit,60
MMTI-2025-18182,,Motorcycle,Head-on,1,Cloudy,41.0,Male,0,17850.97,Moderate,Well-Lit,40
MMTI-2025-19634, makati,Bus,Rear-end,,Cloudy,44.0,Male,0,119.3k,Moderate,Poorly-Lit,30
MMTI-2025-15929,Quezon,SUV/Van,Hit and Run,3,Rainy,39.0,Female,0,788277.1,Heavy,Poorly-Lit,40
MMTI-2025-10926,Quezon,Car,Rear-end,Risk Level 3,Rainy,26.0,Female,0,1357444.29,Heavy,Lit,40
MMTI-2025-16793,Manila,Jeepney,Side-swipe,Risk Level 2,,46.0,Male,0,27477.41,Moderate,POOR,100
MMTI-2025-07706,,Bus,Side-swipe,3.0,Clear,36.0,Female,0,763302.48,Heavy,Well-Lit,60 kph
MMTI-2025-16135,Pasig,SUV/Van,Hit and Run,4.0,Clear,45.0,Unknown,2,126564.91,Light,Poorly-Lit,60 km/h
MMTI-2025-02337,,Jeepney,Hit and Run,6,,39.0,Male,2,54991.33,Light,Poorly-Lit,60
MMTI-2025-21909,Quezon,Motorcycle,Rear-end,Risk Level 3,Rainy,35.0,Female,0,648608.72,Heavy,Poorly-Lit,60
MMTI-2025-18253,Quezon,Motorcycle,Side-swipe,3.0,Cloudy,37.0,Male,0,547721.16,Moderate,Well-Lit,60
MMTI-2025-16388,Las Pinas,Motorcycle,Side-swipe,3,Clear,46.0,Male,0,94873.1,Moderate,Poorly-Lit,30 km/h
MMTI-2025-02821,Quezon,Bus,Rear-end,3,Clear,45.0,Male,0,713646.64,,dark,60
MMTI-2025-22961,Pasay,Car,Head-on,2,Clear,43.0,M,0,46653.92,Heavy,Well-Lit,60
MMTI-2025-00974,Quezon,Car,Side-swipe,9,Cloudy,36.0,Male,2,540794.76,Heavy,Well-Lit,60
MMTI-2025-01025,,Car,Side-swipe,3.0,Clear,27.0,Male,0,0,Moderate,Well-Lit,80
MMTI-2025-01785,,Motorcycle,Rear-end,Risk Level 6,Clear,37.0,Male,2,56794.95,Heavy,Unlit,60
MMTI-2025-09764,Quezon,Truck,Rear-end,Risk Level 2,Clear,43.0,Unknown,0,621555.07,,Lit,100
MMTI-2025-08461,Quezon,Motorcycle,Side-swipe,2,Cloudy,47.0,Female,0,467.0k,Heavy,Well-Lit,60
MMTI-2025-03216,Marikina,Jeepney,Head-on,6,Clear,,Unknown,4,217.2k,Light,Poorly-Lit,30
MMTI-2025-21521,Pasig,Car,Head-on,6,Clear,36.0,Male,4,146493.42,Heavy,Well-Lit,60
MMTI-2025-03998,Quezon,Car,Side-swipe,3,Rainy,35.0,Female,0,1202597.86,MODERATE,Well-Lit,40 km/h
MMTI-2025-17499,Taguig,SUV/Van,Side-swipe,3,Cloudy,41.0,Unknown,0,272121.85,Light,Well-Lit,80 km/h
MMTI-2025-13172,Quezon,Truck,Side-swipe,2,Cloudy,27.0,F,0,608244.01,Moderate,Well-Lit,60
MMTI-2025-03073,Valenzuela,Car,Side-swipe,3,Clear,51.0,Male,0,,Heavy,Well-Lit,40
MMTI-2025-17397,Pasig,Truck,Side-swipe,3.0,Clear,,Male,0,1604171.77,Light,Well-Lit,100
MMTI-2025-00554,Mandaluyong,Car,Side-swipe,Risk Level 2,Clear,41.0,Male,0,69029.54,Heavy,Well-Lit,80
MMTI-2025-21692,,Bus,Side-swipe,3,Cloudy,49.0,Male,0,896533.49,Moderate,dark,30 km/h
MMTI-2025-08641,Muntinlupa,Truck,Rear-end,3,Clear,46.0,Male,0,,Moderate,Unlit,80 kph
MMTI-2025-09420,Quezon,Truck,Side-swipe,,Clear,68.0,M,0,464433.4,Heavy,Well-Lit,60
MMTI-2025-09314,Quezon,Jeepney,Rear-end,3.0,Rainy,17.0,Female,0,1064392.97,MODERATE,Well-Lit,40
MMTI-2025-18926,Quezon,Car,Rear-end,Risk Level 3,Rainy,41.0,male,0,"PHP 1,369,731.12",Heavy,Poorly-Lit,80
MMTI-2025-05061,Quezon,Motorcycle,Hit and Run,3,Storm,,Male,0,10462.17,Moderate,Poorly-Lit,60
MMTI-2025-16751,Las Pinas,SUV/Van,Head-on,3.0,Clear,47.0,Male,0,85179.43,Moderate,Well-Lit,60
MMTI-2025-11060,Makati,Bus,Head-on,,Clear,39.0,Female,0,,Heavy,Well-Lit,80
MMTI-2025-16275,Quezon,Motorcycle,Rear-end,3,Rainy,46.0,Male,0,1217907.55,Heavy,Poorly-Lit,60
MMTI-2025-11319,Pasig,Motorcycle,Hit and Run,3,Clear,24.0,Male,0,124338.04,Heavy,Unlit,40
MMTI-2025-18195,Manila,SUV/Van,Rear-end,3.0,Cloudy,33.0,Male,0,210983.11,Light,Unlit,30
MMTI-2025-09748,Pasay,Motorcycle,Hit and Run,3,Clear,30.0,Male,0,"PHP 49,758.23",Heavy,Well-Lit,30
MMTI-2025-05435,Manila,Truck,Side-swipe,Risk Level 2,Cloudy,38.0,Male,0,165134.0,Heavy,dark,60 km/h
MMTI-2025-04980,Pasay,Truck,Side-swipe,3,Clear,42.0,Male,0,"PHP 48,646.53",Moderate,Poorly-Lit,60
MMTI-2025-20392,Muntinlupa,Car,Hit and Run,3,Clear,,Male,0,65406.38,Moderate,Poorly-Lit,60
MMTI-2025-12224,Quezon,Car,Head-on,Risk Level 3,Rainy,41.0,Male,0,1072340.21,Moderate,Well-Lit,60
MMTI-2025-11790,,Motorcycle,Side-swipe,Risk Level 3,Clear,34.0,Male,0,54118.72,Heavy,Well-Lit,60
MMTI-2025-17493,MANILA ,Motorcycle,Head-on,3,Clear,29.0,F,0,,Heavy,Well-Lit,40 kph
MMTI-2025-04556,Makati,,Side-swipe,3.0,Clear,41.0,Male,0,166686.14,HEAVY,POOR,80
MMTI-2025-09819,Marikina,Car,Rear-end,3,Clear,46.0,Male,0,59962.2,Heavy,Well-Lit,30 km/h
MMTI-2025-14015,Quezon,Car,Side-swipe,3,Rainy,21.0,Male,0,"PHP 1,131,002.14",Heavy,Well-Lit,60
MMTI-2025-07400,Quezon,Car,Rear-end,6,Stormy,47.0,Female,3,2160969.95,Light,Poorly-Lit,40 km/h
MMTI-2025-11754,Quezon,Truck,Side-swipe,3,Rainy,41.0,Unknown,0,1654621.63,Heavy,dark,60
MMTI-2025-15055,Pasig,Motorcycle,Rear-end,Risk Level 3,Clear,38.0,Male,0,141148.17,Moderate,Poorly-Lit,60
MMTI-2025-02020,Manila,,Head-on,3,Rain,41.0,Male,0,49980.31,Light,Unlit,60
MMTI-2025-03238,Quezon,Car,Side-swipe,3.0,Cloudy,42.0,Male,0,481735.76,Moderate,dark,60 km/h
MMTI-2025-01439,MANILA ,Car,Side-swipe,,Rain,36.0,Male,3,,Heavy,Well-Lit,100
MMTI-2025-17857,Caloocan,SUV/Van,Head-on,Risk Level 1,Clear,34.0,Male,0,44038.16,MODERATE,Lit,60
MMTI-2025-23430,Pasig,Car,Side-swipe,3,Clear,32.0,Male,0,125699.95,Heavy,Well-Lit,60 km/h
MMTI-2025-11574,Paranaque,Motorcycle,Head-on,Risk Level 2,Clear,54.0,Female,0,110161.52,Moderate,Well-Lit,80
MMTI-2025-15881,Mandaluyong,Car,Head-on,3.0,Clear,33.0,Female,0,77655.59,Moderate,Well-Lit,80
MMTI-2025-01262,Makati,Car,Side-swipe,6,Cloudy,34.0,Female,4,252384.09,Heavy,Well-Lit,80
MMTI-2025-12327,Manila,Car,Hit and Run,3,,70.0,Male,0,170508.84,,Well-Lit,60 km/h
MMTI-2025-02063,San Juan,Car,Rear-end,3.0,Clear,26.0,Male,0,39054.18,Moderate,Lit,60
MMTI-2025-22069,Quezon,Bus,Side-swipe,,Clear,22.0,Male,0,63168.01,Heavy,Well-Lit,60
MMTI-2025-05684,,SUV/Van,Rear-end,3,Clear,38.0,Male,0,255278.23,Moderate,Well-Lit,40
MMTI-2025-04601,Pasig,Truck,Head-on,Risk Level 6,Clear,27.0,male,2,135860.35,Heavy,Well-Lit,80 km/h
MMTI-2025-02667,Taguig,Motorcycle,Hit and Run,3.0,Cloudy,36.0,Male,0,306284.55,Heavy,well lit,30
MMTI-2025-11914,Caloocan,Truck,Rear-end,2,Clear,37.0,Male,0,41902.1,Moderate,Well-Lit,30
MMTI-2025-02823, caloocan,,Rear-end,6,Clear,35.0,male,4,0,Heavy,Well-Lit,40 km/h
MMTI-2025-01090,Manila,Motorcycle,Head-on,3,Clear,40.0,Female,0,7980.02,,Well-Lit,80
MMTI-2025-08228,,Car,Side-swipe,1.0,Clear,43.0,Male,0,63486.94,MODERATE,Well-Lit,40
MMTI-2025-16177, quezon,Bus,Side-swipe,,Clear,38.0,Female,0,241953.75,Heavy,POOR,60
MMTI-2025-02233,Pasig,Truck,Side-swipe,Risk Level 1,Clear,45.0,Male,0,131503.5,Moderate,Well-Lit,40
MMTI-2025-19431,Las Pinas,Car,Rear-end,Risk Level 3,Clear,31.0,Female,0,81789.83,Heavy,Well-Lit,40
MMTI-2025-06760,Pasig,Car,Head-on,4,Clear,45.0,male,4,147064.04,Heavy,Well-Lit,100
MMTI-2025-09969,Quezon,SUV/Van,Rear-end,9,Cloudy,44.0,Female,1,428227.33,Moderate,Lit,60
MMTI-2025-13223,Mandaluyong,SUV/Van,Head-on,Risk Level 6,Clear,49.0,female ,1,74204.07,Heavy,Poorly-Lit,30
MMTI-2025-17702,Malabon,Motorcycle,Rear-end,,Rain,36.0,Male,0,13683.0,Moderate,Well-Lit,80
MMTI-2025-20425,Manila,SUV/Van,Head-on,6.0,,46.0,Male,2,818201.64,Heavy,Poorly-Lit,30
MMTI-2025-03567,Makati,SUV/Van,Side-swipe,,Clear,40.0,Female,0,127369.62,,No Lights,60
MMTI-2025-11600,Taguig,Motorcycle,Rear-end,3,Cloudy,17.0,Male,0,342206.38,Heavy,POOR,80
MMTI-2025-09464,QUEZON ,Truck,Rear-end,Risk Level 3,,18.0,Male,0,"PHP 1,239,255.25",Heavy,Well-Lit,40
MMTI-2025-21256,Manila,SUV/Van,Head-on,3,Cloudy,39.0,Male,0,201162.83,MODERATE,Well-Lit,60
MMTI-2025-21530,Pasig,Motorcycle,Hit and Run,3,Clear,52.0,Female,0,134234.86,Heavy,Poorly-Lit,100 km/h
MMTI-2025-23371,Manila,Bus,Side-swipe,3,Cloudy,53.0,Male,0,,Heavy,Unlit,60
MMTI-2025-07951,Pasig,Bus,Hit and Run,3,,63.0,Male,0,226027.97,Heavy,Well-Lit,60
MMTI-2025-18607,Taguig,Jeepney,Head-on,,,41.0,Male,0,"PHP 37,093.21",,well lit,60
MMTI-2025-10805,Taguig,Car,Rear-end,3,Cloudy,34.0,Male,0,332767.84,Moderate,Well-Lit,60
MMTI-2025-10579,Quezon,Car,Head-on,Risk Level 3,Cloudy,29.0,Male,0,542.2k,Heavy,Well-Lit,60 km/h
MMTI-2025-21760,Las Pinas,Car,Side-swipe,3,Clear,40.0,Male,0,"PHP 93,697.21",Moderate,dark,60 km/h
MMTI-2025-20757,Paranaque,SUV/Van,Head-on,3,Clear,58.0,Male,0,119062.96,Moderate,Poorly-Lit,60 kph
MMTI-2025-03826,Caloocan,,Side-swipe,6.0,Clear,35.0,F,3,487416.57,Heavy,Well-Lit,60 km/h
MMTI-2025-18474,Quezon,Car,Rear-end,3,Stormy,49.0,Female,0,99999999,MODERATE,Well-Lit,60 km/h
MMTI-2025-05126,Quezon,Car,Hit and Run,3.0,Cloudy,49.0,Male,0,528151.1,Moderate,Unlit,60
MMTI-2025-15854, makati ,Motorcycle,Side-swipe,,Clear,150.0,Male,0,0,Moderate,Well-Lit,30 km/h
MMTI-2025-13286, makati,Truck,Head-on,Risk Level 3,Clear,47.0,Female,0,615975.72,,Unlit,60
MMTI-2025-06856,Quezon,Car,Side-swipe,3.0,Rainy,33.0,Male,0,726446.71,Heavy,POOR,80
MMTI-2025-20873,MANILA ,,Rear-end,3.0,Clear,37.0,Female,0,77777777,Heavy,Unlit,30
MMTI-2025-16114,Quezon,,Rear-end,Risk Level 3,Clear,36.0,Male,0,,Heavy,Poorly-Lit,80
MMTI-2025-16435,Taguig,Car,Hit and Run,3.0,Cloudy,57.0,Male,0,302761.57,Moderate,Poorly-Lit,60
MMTI-2025-16836,Paranaque,Truck,Hit and Run,3.0,,40.0,Male,0,1116233.77,Heavy,Well-Lit,60
MMTI-2025-00856,Taguig,Truck,Hit and Run,3,Rain,31.0,Male,0,1486324.73,,Well-Lit,60
MMTI-2025-21935,Mandaluyong,Car,Hit and Run,3,Clear,30.0,Male,0,69317.87,Heavy,Poorly-Lit,30 km/h
MMTI-2025-08391,Quezon,Truck,Side-swipe,,Clear,22.0,Female,0,478083.05,,POOR,40
MMTI-2025-02294,Quezon,Motorcycle,Hit and Run,3,Rainy,21.0,Male,0,1609259.36,Moderate,Poorly-Lit,80 kph
MMTI-2025-21826,Caloocan,Jeepney,Head-on,3.0,Clear,,Female,0,47361.88,Heavy,Well-Lit,60
MMTI-2025-02272,Manila,Car,Rear-end,3.0,Cloudy,38.0,Male,0,188670.37,Heavy,No Lights,40
MMTI-2025-19806,Valenzuela,Jeepney,Head-on,,Clear,28.0,Male,0,28852.35,Heavy,Well-Lit,30 km/h
MMTI-2025-09147,,Bus,Hit and Run,3,,48.0,Female,0,412590.67,Moderate,Unlit,30 km/h
MMTI-2025-20308,Manila,,Rear-end,3.0,,19.0,Male,0,144822.67,Heavy,Well-Lit,40
MMTI-2025-11132,Makati,Car,Rear-end,3,Cloudy,47.0,Female,0,236842.32,Moderate,Well-Lit,80 km/h
MMTI-2025-07876,Quezon,Car,Rear-end,3.0,Cloudy,48.0,Male,0,592428.46,Moderate,Well-Lit,60
MMTI-2025-04282,,Jeepney,Hit and Run,3,Rain,32.0,Male,0,18184.92,Heavy,Well-Lit,60
MMTI-2025-23170,,Bus,Side-swipe,Risk Level 3,Cloudy,29.0,Male,0,185467.45,Moderate,Well-Lit,40 km/h
MMTI-2025-18420,Muntinlupa,SUV/Van,Rear-end,3.0,Clear,32.0,Male,0,"PHP 52,498.07",Heavy,Poorly-Lit,60 km/h
MMTI-2025-01109,Makati,Car,Hit and Run,3,Clear,30.0,Female,1,82182.51,,Well-Lit,100 kph
MMTI-2025-22104,Manila,Motorcycle,Hit and Run,3,,36.0,Male,0,24239.29,Heavy,Well-Lit,60
MMTI-2025-04696,Quezon,Motorcycle,Head-on,3.0,Cloudy,46.0,Male,0,546475.63,Heavy,Poorly-Lit,80
MMTI-2025-08483,Quezon,Car,Side-swipe,3,Cloudy,999.0,Unknown,0,438769.26,Light,Well-Lit,60
MMTI-2025-19754,Quezon,Car,Head-on,3,Cloudy,41.0,Female,0,381036.81,Moderate,Well-Lit,100 km/h
MMTI-2025-08711,Quezon,Motorcycle,Rear-end,3,Rainy,19.0,Female,0,1174032.59,Light,Well-Lit,30
MMTI-2025-11018,,SUV/Van,Side-swipe,3,,28.0,Male,0,395668.42,Moderate,Well-Lit,30
MMTI-2025-00638,Quezon,SUV/Van,Head-on,3,,41.0,F,0,233683.85,HEAVY,Well-Lit,40
MMTI-2025-22216,CALOOCAN ,,Hit and Run,3,Clear,25.0,Male,0,124034.57,Heavy,Well-Lit,40 kph
MMTI-2025-05278,Pasig,Car,Hit and Run,3,Clear,47.0,Female,0,123501.17,Heavy,Well-Lit,60 km/h
MMTI-2025-04486,Paranaque,Car,Side-swipe,3,Clear,999.0,Female,0,116216.46,Heavy,No Lights,60
MMTI-2025-13886,TAGUIG ,Jeepney,Head-on,2.0,Clear,48.0,Female,0,,Light,Well-Lit,60
MMTI-2025-04275, makati ,Jeepney,Side-swipe,3.0,,31.0,Male,0,61482.22,Heavy,Well-Lit,80
MMTI-2025-13714,Manila,Motorcycle,Head-on,1,Clear,29.0,Female,0,16965.43,,Well-Lit,60 km/h
MMTI-2025-05607,Taguig,Car,Hit and Run,Risk Level 6,,25.0,Male,1,156761.19,Heavy,Poorly-Lit,60 kph
MMTI-2025-06127,Pasig,Motorcycle,Rear-end,3,Clear,42.0,Female,0,140830.27,Moderate,well lit,60
MMTI-2025-12271,Quezon,Car,Rear-end,6,Stormy,28.0,Male,4,2707303.3,Heavy,Well-Lit,60
MMTI-2025-07653,Manila,Jeepney,Head-on,Risk Level 3,,38.0,Male,0,80824.23,Moderate,Poorly-Lit,80 km/h
MMTI-2025-06214,Muntinlupa,Truck,Side-swipe,Risk Level 2,Clear,48.0,Male,0,55851.64,Moderate,Poorly-Lit,40
MMTI-2025-04703,Paranaque,Car,Side-swipe,1.0,Clear,33.0,male,0,102050.94,Light,Well-Lit,30 kph
MMTI-2025-13190,Manila,Truck,Hit and Run,,Clear,21.0,Male,0,417493.51,Heavy,Well-Lit,60
MMTI-2025-12589,Makati,Motorcycle,Rear-end,Risk Level 2,Cloudy,34.0,F,4,"PHP 244,584.24",Moderate,Well-Lit,100 kph
MMTI-2025-21321,Malabon,Car,Rear-end,3,Clear,30.0,Male,0,37028.29,Heavy,Poorly-Lit,60
MMTI-2025-22631,Paranaque,Motorcycle,Side-swipe,Risk Level 3,Clear,27.0,Male,0,105327.15,Moderate,Unlit,60 km/h
MMTI-2025-19084,Quezon,SUV/Van,Side-swipe,2,Stormy,32.0,Male,0,99999999,Moderate,Well-Lit,40
MMTI-2025-19823,Quezon,SUV/Van,Side-swipe,3.0,Cloudy,34.0,Male,0,,Heavy,dark,40
MMTI-2025-08877,Marikina,Truck,Head-on,3,Clear,34.0,Female,0,62582.85,Heavy,Well-Lit,40
MMTI-2025-02973,Quezon,Motorcycle,Hit and Run,Risk Level 3,Cloudy,28.0,Male,0,445675.26,Heavy,Poorly-Lit,100 km/h
MMTI-2025-17805,Quezon,Jeepney,Side-swipe,,Clear,31.0,Female,0,,Heavy,Well-Lit,60
MMTI-2025-16697,Manila,,Side-swipe,3.0,Clear,33.0,Male,0,72075.09,Heavy,Well-Lit,40
MMTI-2025-12243,Las Pinas,Motorcycle,Head-on,,Cloudy,45.0,Unknown,0,3806.94,Heavy,Well-Lit,60
MMTI-2025-21847,Quezon,,Hit and Run,3.0,Clear,32.0,Female,0,175960.73,Moderate,Well-Lit,60
MMTI-2025-11296,Quezon,Car,Rear-end,3.0,Rainy,-10.0,Female,0,1076779.66,HEAVY,POOR,60
MMTI-2025-16523,Malabon,Truck,Hit and Run,6.0,Rain,23.0,Female,4,,Moderate,Poorly-Lit,60
MMTI-2025-22865,Taguig,Motorcycle,Rear-end,6.0,Cloudy,41.0,Male,1,320307.92,Heavy,Well-Lit,30
MMTI-2025-13299,Quezon,Car,Hit and Run,3,Cloudy,44.0,Female,0,468574.94,Light,Well-Lit,60
MMTI-2025-04872,Manila,Car,Rear-end,3,Cloudy,39.0,Female,0,196502.13,Heavy,Well-Lit,60
MMTI-2025-03818,Mandaluyong,SUV/Van,Rear-end,Risk Level 3,Clear,60.0,Male,0,77131.23,Moderate,well lit,60
MMTI-2025-10516,Quezon,Car,Side-swipe,3.0,Rainy,17.0,Male,0,"PHP 1,045,702.36",Heavy,Poorly-Lit,60 km/h
MMTI-2025-06898,Manila,,Hit and Run,1,Clear,21.0,Male,0,33.1k,Light,Poorly-Lit,60 km/h
MMTI-2025-11797,Mandaluyong,Car,Head-on,3.0,Clear,31.0,Male,0,70671.42,MODERATE,Well-Lit,60
MMTI-2025-08460,Manila,,Head-on,3,Clear,34.0,Male,0,192177.49,MODERATE,Well-Lit,100
MMTI-2025-02494,Taguig,SUV/Van,Head-on,2.0,Clear,31.0,Male,3,176777.49,,Well-Lit,60
MMTI-2025-15955,Quezon,Truck,Side-swipe,Risk Level 3,Rainy,24.0,Male,0,870420.34,Heavy,Well-Lit,60 km/h
MMTI-2025-06459,,Truck,Rear-end,3,Clear,35.0,Male,0,389310.22,Heavy,POOR,30
MMTI-2025-01505,Quezon,Car,Hit and Run,3,Cloudy,26.0,Male,0,521178.27,Heavy,Well-Lit,60 km/h
MMTI-2025-04587,Quezon,Motorcycle,Hit and Run,3,Rainy,41.0,Male,0,639992.04,Heavy,POOR,60 km/h
MMTI-2025-19667,Las Pinas,Car,Side-swipe,3,Clear,34.0,Female,0,209600.86,,Well-Lit,80 kph
MMTI-2025-01033,Quezon,Car,Side-swipe,3,Rainy,45.0,Male,0,1014507.38,Heavy,Lit,60
MMTI-2025-11739,Makati,Car,Rear-end,Risk Level 3,Clear,43.0,Female,0,,Heavy,Well-Lit,60 kph
MMTI-2025-05010,Manila,Car,Head-on,3,Cloudy,55.0,Male,0,197969.51,Heavy,POOR,60 km/h
MMTI-2025-10009,,SUV/Van,Head-on,Risk Level 3,Clear,32.0,Male,0,270042.97,Heavy,Poorly-Lit,40
MMTI-2025-16094,Quezon,Motorcycle,Head-on,Risk Level 3,Rainy,42.0,Female,0,1130974.8,Heavy,Well-Lit,60
MMTI-2025-22027,Quezon,Truck,Side-swipe,3.0,Rainy,45.0,Male,0,1043966.88,Heavy,Well-Lit,60
MMTI-2025-16128,Pasig,Motorcycle,Head-on,3,Clear,20.0,Female,0,135663.21,Heavy,POOR,60
MMTI-2025-02195,Quezon,Car,Rear-end,6,Rainy,48.0,Male,2,1267459.01,MODERATE,Well-Lit,40
MMTI-2025-03266,Caloocan,Car,Hit and Run,3.0,Clear,38.0,Male,0,42213.81,Light,Lit,30
MMTI-2025-14505,Manila,Car,Hit and Run,1.0,Clear,29.0,Male,0,34872.96,,Poorly-Lit,80 km/h
MMTI-2025-10670,Paranaque,Car,Side-swipe,3,Clear,24.0,Male,0,108889.19,Light,Well-Lit,60
MMTI-2025-10169,San Juan,,Rear-end,2,Clear,41.0,Male,0,71214.93,Light,No Lights,40
MMTI-2025-21283, caloocan,SUV/Van,Head-on,Risk Level 3,Rain,,Male,0,223187.85,Heavy,No Lights,100
MMTI-2025-07382,Quezon,Car,Side-swipe,6,Cloudy,59.0,Female,4,388021.41,Heavy,Poorly-Lit,40
MMTI-2025-10837,Quezon,Car,Rear-end,Risk Level 3,,35.0,Male,0,124025.43,Heavy,Well-Lit,60
MMTI-2025-14072,Caloocan,Car,Hit and Run,3,Clear,23.0,male,0,44531.82,LIGHT,Poorly-Lit,60 km/h
MMTI-2025-09530,Paranaque,Motorcycle,Rear-end,3,Clear,17.0,Male,0,"PHP 120,108.77",Moderate,Well-Lit,30
MMTI-2025-00360,Manila,Motorcycle,Side-swipe,Risk Level 3,,23.0,Male,0,,Heavy,Well-Lit,60
MMTI-2025-04306,,Car,Side-swipe,3.0,Clear,28.0,Female,0,194175.82,Heavy,Well-Lit,60
MMTI-2025-07816,Muntinlupa,SUV/Van,Head-on,3,Clear,44.0,Male,0,53798.8,Heavy,Well-Lit,60 km/h
MMTI-2025-18827,Mandaluyong,SUV/Van,Side-swipe,,Clear,30.0,Male,1,90504.29,Heavy,Well-Lit,40
MMTI-2025-10302,Quezon,Car,Head-on,3,Rainy,31.0,Male,0,1229259.77,Heavy,Poorly-Lit,80
MMTI-2025-19987,Pasig,Truck,Side-swipe,Risk Level 3,Clear,29.0,Male,0,144324.73,Heavy,POOR,60
MMTI-2025-12179,,SUV/Van,Side-swipe,3,Clear,43.0,Male,0,"PHP 377,598.96",Heavy,Unlit,60
MMTI-2025-03466,Pasig,Truck,Rear-end,3.0,Clear,56.0,Male,0,155429.86,Moderate,Well-Lit,60
MMTI-2025-08172,Paranaque,Car,Head-on,3.0,Clear,38.0,Female,0,123044.05,Heavy,Unlit,60
MMTI-2025-16284,Quezon,Motorcycle,Rear-end,3,Cloudy,39.0,Male,0,366531.16,Heavy,Well-Lit,60 km/h