Incident_ID,City,Vehicle_Type,Accident_Type,Severity,Weather_Condition,Driver_Age,Driver_Gender,Injury_Count,Damage_Cost_PHP,Traffic_Volume,Road_Lighting,Speed_Limit
MMTI-2025-18582,Manila,Motorcycle,Head-on,6,Cloudy,55.0,Male,3,185234.46,Heavy,Well-Lit,30
MMTI-2025-14008,,Car,Hit and Run,3.0,Clear,62.0,Unknown,0,,Heavy,Well-Lit,60
MMTI-2025-07252,Manila,Truck,Head-on,3,Clear,46.0,M,0,,Heavy,Poorly-Lit,60
MMTI-2025-05198,Muntinlupa,Motorcycle,Hit and Run,3,Clear,38.0,M,0,54685.11,Heavy,Lit,40
MMTI-2025-04708,Quezon,Truck,Side-swipe,Risk Level 6,Rain,,Male,1,2306338.83,Heavy,Well-Lit,60
MMTI-2025-05314,Marikina,,Side-swipe,3.0,Rain,46.0,Male,0,173551.03,Heavy,Poorly-Lit,60
MMTI-2025-13236,Manila,Car,Hit and Run,3,Cloudy,50.0,Female,0,179031.16,Heavy,dark,60
MMTI-2025-13263,Quezon,SUV/Van,Side-swipe,3,Rainy,43.0,Female,0,1278416.89,Moderate,Well-Lit,60 kph
MMTI-2025-03609,Quezon,Motorcycle,Head-on,3,Rainy,44.0,Male,0,1058980.42,Moderate,Poorly-Lit,60
MMTI-2025-16635,Paranaque,Jeepney,Head-on,3.0,Clear,35.0,Female,0,,Moderate,Poorly-Lit,40
MMTI-2025-06022,Pasig,SUV/Van,Rear-end,Risk Level 3,Clear,30.0,Male,0,,Moderate,Well-Lit,80
MMTI-2025-05823,Quezon,Truck,Hit and Run,Risk Level 6,Cloudy,34.0,Female,2,,LIGHT,Well-Lit,60
MMTI-2025-10469,Manila,Jeepney,Hit and Run,,Cloudy,33.0,Male,0,37851.37,Heavy,Well-Lit,80
MMTI-2025-02539,Paranaque,Car,Head-on,2,Clear,32.0,Female,0,71346.33,,Poorly-Lit,60
MMTI-2025-09944,Manila,Motorcycle,Head-on,,Clear,49.0,Male,0,21728.78,Heavy,Well-Lit,60
MMTI-2025-17725,Marikina,Car,Hit and Run,2,Clear,30.0,Male,0,67118.85,Heavy,Poorly-Lit,80 kph
MMTI-2025-18373,Valenzuela,Truck,Hit and Run,6,Clear,32.0,Male,2,37.5k,Moderate,Poorly-Lit,60
MMTI-2025-20316,QUEZON ,Motorcycle,Head-on,,Clear,62.0,Male,0,,Heavy,Well-Lit,40 km/h
MMTI-2025-16978,Makati,Bus,Side-swipe,6,Clear,39.0,female ,1,,Heavy,Well-Lit,60
MMTI-2025-17622,Caloocan,Car,Rear-end,,Clear,37.0,Male,0,73373.96,LIGHT,Unlit,60 km/h
MMTI-2025-02170,Pasig,SUV/Van,Hit and Run,3.0,Clear,29.0,Male,0,129669.51,Moderate,No Lights,60 km/h
MMTI-2025-10538,Marikina,,Hit and Run,6.0,Clear,24.0,Male,2,312338.98,Light,Well-Lit,40
MMTI-2025-16105,,Car,Rear-end,3,Rain,43.0,Male,0,"PHP 219,397.49",,No Lights,60
MMTI-2025-06724,Taguig,SUV/Van,Rear-end,6.0,Rain,25.0,F,1,444115.95,,dark,60
MMTI-2025-01699,Makati,SUV/Van,Head-on,3.0,Cloudy,35.0,Male,0,243573.99,Heavy,Well-Lit,100 km/h
MMTI-2025-06147,,Car,Rear-end,3.0,Clear,,Male,0,253388.61,Heavy,Well-Lit,60
MMTI-2025-07413,Manila,Jeepney,Head-on,,Rain,47.0,Male,0,"PHP 9,810.20",Moderate,Well-Lit,60 km/h
MMTI-2025-01908,,Truck,Head-on,6,Clear,47.0,Unknown,4,1998949.99,HEAVY,dark,60
MMTI-2025-16541,Quezon,Car,Head-on,3.0,Rainy,53.0,Male,3,1645463.3,HEAVY,Well-Lit,60
MMTI-2025-03939,Manila,Car,Head-on,3,Cloudy,25.0,Male,0,196875.57,Heavy,Well-Lit,60 kph
MMTI-2025-15331,Taguig,Motorcycle,Rear-end,3,Cloudy,26.0,Female,0,328205.46,Light,Poorly-Lit,60
MMTI-2025-05550,Quezon,Jeepney,Side-swipe,3,Rainy,43.0,F,0,1256533.78,Moderate,well lit,30
MMTI-2025-22987,Manila,Car,Hit and Run,6,Cloudy,57.0,Male,2,201172.45,Heavy,Lit,60 km/h
MMTI-2025-04374, makati,Jeepney,Rear-end,3.0,Storm,,Female,0,56085.14,Heavy,Unlit,30 kph
MMTI-2025-09938,Quezon,Car,Hit and Run,Risk Level 3,Rainy,23.0,Male,0,"PHP 1,024,646.92",Heavy,Poorly-Lit,40
MMTI-2025-10464,Manila,Truck,Rear-end,2,Clear,23.0,Male,0,201334.38,,Well-Lit,60
MMTI-2025-09842,Quezon,Jeepney,Side-swipe,3,,37.0,Male,0,"PHP 39,877.75",Heavy,well lit,40
MMTI-2025-08330,Quezon,Jeepney,Side-swipe,Risk Level 3,Rainy,24.0,Male,0,1689.3k,Light,Well-Lit,80
MMTI-2025-11127,Pasay,Car,Hit and Run,3,Clear,37.0,Unknown,0,45039.19,Heavy,Well-Lit,60
MMTI-2025-23613,Paranaque,Car,Side-swipe,,Rain,34.0,Male,0,44800.71,Heavy,Well-Lit,40
MMTI-2025-07578,Makati,,Hit and Run,3,Clear,35.0,Female,0,201943.11,Light,Well-Lit,40
MMTI-2025-01602,,Car,Side-swipe,3,Storm,37.0,Male,0,,Heavy,Poorly-Lit,80
MMTI-2025-22192,Quezon,Motorcycle,Head-on,6,Stormy,51.0,Male,3,4500877.54,Moderate,Well-Lit,60
MMTI-2025-14583,MANILA ,Motorcycle,Head-on,2,Clear,,Female,0,16361.31,Moderate,Well-Lit,60
MMTI-2025-22434,Manila,Truck,Side-swipe,6,Clear,50.0,Male,1,163797.22,Heavy,Well-Lit,40
MMTI-2025-15742,Makati,Truck,Head-on,3,Clear,34.0,Male,0,,Moderate,Well-Lit,60
MMTI-2025-17166,Quezon,Car,Side-swipe,3.0,Cloudy,22.0,Male,0,371447.79,Heavy,Well-Lit,80 km/h
MMTI-2025-03339,Quezon,Motorcycle,Hit and Run,6.0,Cloudy,41.0,Male,2,616712.62,HEAVY,Well-Lit,60 km/h
MMTI-2025-17266,Quezon,Car,Rear-end,3,Rainy,27.0,F,0,624673.09,Light,Well-Lit,60
MMTI-2025-12645,Quezon,Car,Side-swipe,6,Stormy,23.0,Female,3,2657829.84,Moderate,Well-Lit,60
MMTI-2025-18642,Marikina,Motorcycle,Rear-end,Risk Level 6,Clear,41.0,F,2,60722.12,Moderate,Poorly-Lit,60 kph
MMTI-2025-16000,,Jeepney,Head-on,3,Clear,30.0,Female,0,40486.6,Heavy,Unlit,40
MMTI-2025-21950,Caloocan,,Head-on,3.0,Clear,47.0,Male,0,92332.64,Heavy,Poorly-Lit,60
MMTI-2025-14118,Makati,Car,Hit and Run,3,Cloudy,56.0,Male,0,215262.92,Heavy,Unlit,60
MMTI-2025-17497,Muntinlupa,Car,Head-on,1.0,Clear,75.0,Male,0,54221.45,Moderate,Well-Lit,60
MMTI-2025-03758,Quezon,Car,Head-on,3,Cloudy,33.0,Male,0,504.8k,Heavy,Well-Lit,80
MMTI-2025-02326,Muntinlupa,Car,Hit and Run,Risk Level 3,Clear,39.0,Male,0,50773.03,Heavy,Well-Lit,60 km/h
MMTI-2025-11331, marikina,Motorcycle,Side-swipe,3,Clear,17.0,Male,0,,Heavy,Unlit,60 km/h
MMTI-2025-15804,San Juan,Motorcycle,Side-swipe,3,,54.0,Female,0,42638.37,Heavy,Well-Lit,80
MMTI-2025-04281,Taguig,Motorcycle,Hit and Run,Risk Level 3,Cloudy,35.0,Male,0,"PHP 301,210.31",Heavy,Well-Lit,60
MMTI-2025-21162,Quezon,SUV/Van,Head-on,,Clear,42.0,Male,0,68.7k,Heavy,Poorly-Lit,80
MMTI-2025-22819,MUNTINLUPA ,SUV/Van,Head-on,3,Rain,,Male,0,467918.74,Light,Poorly-Lit,60
MMTI-2025-00853,Pasig,Car,Head-on,Risk Level 3,Clear,48.0,female ,0,146336.64,Heavy,Well-Lit,60
MMTI-2025-13753,Quezon,SUV/Van,Rear-end,,Clear,51.0,Male,0,30659.1,Moderate,Well-Lit,40
MMTI-2025-12637,Quezon,Motorcycle,Head-on,Risk Level 3,Rainy,31.0,Male,0,1054897.96,Heavy,Lit,40 km/h
MMTI-2025-09740,QUEZON ,Jeepney,Rear-end,,Clear,45.0,Male,0,27994.7,Heavy,Well-Lit,80
MMTI-2025-15572,Taguig,Car,Head-on,Risk Level 3,Cloudy,17.0,Male,0,276104.31,Moderate,Unlit,60 km/h
MMTI-2025-09033,,Truck,Head-on,Risk Level 3,Rain,32.0,Male,0,774541.83,Moderate,Poorly-Lit,40
MMTI-2025-12285,Paranaque,Car,Side-swipe,Risk Level 1,Clear,41.0,Male,0,102037.57,Moderate,Well-Lit,60
MMTI-2025-03071,Valenzuela,Truck,Rear-end,3.0,Clear,29.0,Female,0,37881.55,Heavy,Lit,60 km/h
MMTI-2025-20489,Quezon,Car,Side-swipe,6,Cloudy,25.0,Male,1,350669.86,HEAVY,Well-Lit,60
MMTI-2025-03650,Muntinlupa,Motorcycle,Rear-end,,Cloudy,44.0,Male,0,12733.8,Heavy,POOR,60 km/h
MMTI-2025-11095,Pasay,SUV/Van,Head-on,3,Clear,59.0,Male,0,48107.89,Heavy,Well-Lit,80
MMTI-2025-01337,Quezon,Car,Head-on,6.0,Rainy,43.0,Male,4,1097453.58,Heavy,Poorly-Lit,100
MMTI-2025-17380,Quezon,Car,Rear-end,Risk Level 6,Stormy,35.0,Female,4,4884708.94,Heavy,Poorly-Lit,80
MMTI-2025-01448,Malabon,,Head-on,3,Cloudy,39.0,Female,0,121966.66,Heavy,Poorly-Lit,60
MMTI-2025-16209,,Truck,Side-swipe,6,Cloudy,30.0,Male,4,1722.1k,,Poorly-Lit,40 km/h
MMTI-2025-22520,Valenzuela,Jeepney,Rear-end,,Cloudy,29.0,Female,0,17422.39,Moderate,Well-Lit,60 kph
MMTI-2025-08576,Makati,Bus,Side-swipe,,Clear,31.0,Male,4,191579.16,Heavy,Well-Lit,60 km/h
MMTI-2025-04189,Quezon,SUV/Van,Rear-end,Risk Level 1,Cloudy,47.0,Male,0,416776.9,MODERATE,Well-Lit,30
MMTI-2025-09302,Makati,Jeepney,Hit and Run,Risk Level 3,Clear,37.0,Male,0,,Heavy,Poorly-Lit,60 kph
MMTI-2025-15322,Taguig,Car,Rear-end,1,Cloudy,38.0,Male,0,335019.86,Moderate,dark,60
MMTI-2025-04028, manila,Truck,Head-on,Risk Level 3,Storm,54.0,Male,0,,Heavy,Unlit,30
MMTI-2025-09308,Paranaque,Car,Side-swipe,3,Clear,49.0,Female,0,103454.54,Moderate,No Lights,40
MMTI-2025-21695,Pasig,Car,Head-on,2,Clear,45.0,Male,0,136317.54,Heavy,Well-Lit,60
MMTI-2025-03059,Quezon,Jeepney,Head-on,3,Rainy,21.0,Female,0,926767.9,Heavy,Well-Lit,60 km/h
MMTI-2025-04593,Quezon,Motorcycle,Head-on,6,Rainy,38.0,Male,4,"PHP 671,699.62",Moderate,Well-Lit,80
MMTI-2025-00373,Quezon,Bus,Hit and Run,2.0,,57.0,Male,0,295763.45,Heavy,Well-Lit,80 km/h
MMTI-2025-19997,Marikina,Bus,Side-swipe,,Clear,33.0,Male,0,354663.68,Moderate,dark,30
MMTI-2025-08598,Quezon,,Head-on,6.0,Clear,32.0,Female,3,,Moderate,Poorly-Lit,60
MMTI-2025-14203,Caloocan,Motorcycle,Head-on,Risk Level 3,Clear,53.0,Unknown,0,,Heavy,Lit,100
MMTI-2025-00684,Quezon,Car,Side-swipe,3,Rainy,37.0,F,0,1597448.63,Heavy,Poorly-Lit,30
MMTI-2025-05744,Quezon,Motorcycle,Head-on,6,Stormy,36.0,Male,2,4236817.82,Moderate,Well-Lit,60
MMTI-2025-12648,Quezon,Motorcycle,Rear-end,3.0,Rainy,39.0,M,0,906685.28,HEAVY,Poorly-Lit,80
MMTI-2025-03756,Makati,Bus,Rear-end,Risk Level 3,Clear,,Male,0,,Heavy,Poorly-Lit,80
MMTI-2025-15637,Quezon,Motorcycle,Rear-end,,Clear,44.0,Female,0,10309.72,Moderate,Well-Lit,80
MMTI-2025-07009,Quezon,Motorcycle,Side-swipe,6,Stormy,26.0,Male,2,"PHP 5,369,922.90",Heavy,Well-Lit,60
MMTI-2025-18241,Paranaque,Car,Head-on,3,Clear,50.0,Male,0,"PHP 109,389.17",Moderate,Well-Lit,80
MMTI-2025-19848,Muntinlupa,,Side-swipe,3,Clear,32.0,Female,0,82789.77,Heavy,Well-Lit,30
MMTI-2025-20167,,Bus,Rear-end,Risk Level 2,Clear,42.0,Male,0,181468.49,Moderate,Poorly-Lit,30
MMTI-2025-15136,Quezon,Motorcycle,Hit and Run,3,Rain,63.0,Male,0,,Heavy,Poorly-Lit,80
MMTI-2025-16318,Quezon,Car,Side-swipe,6,Cloudy,28.0,Male,2,"PHP 406,338.26",MODERATE,Poorly-Lit,40
MMTI-2025-16299,San Juan,Truck,Side-swipe,6.0,Rain,,Male,1,0,Heavy,Poorly-Lit,60
MMTI-2025-19339,Paranaque,Car,Rear-end,3.0,Clear,32.0,Male,0,"PHP 104,938.60",Heavy,dark,60 km/h
MMTI-2025-23267,Quezon,Motorcycle,Hit and Run,3,Rainy,20.0,Female,0,852335.0,Heavy,Well-Lit,60 km/h
MMTI-2025-00896,Makati,Car,Rear-end,3,Cloudy,55.0,Female,0,232802.49,Heavy,No Lights,40
MMTI-2025-16507,Quezon,,Rear-end,6,,31.0,Female,1,-500,Heavy,Poorly-Lit,30 km/h
MMTI-2025-08043,San Juan,Bus,Side-swipe,Risk Level 2,Clear,35.0,Male,0,-500,,Poorly-Lit,60
MMTI-2025-16013,Mandaluyong,SUV/Van,Rear-end,3,Clear,34.0,F,0,69834.46,Heavy,Poorly-Lit,40 kph
MMTI-2025-21528,,Truck,Head-on,2,Cloudy,47.0,Male,0,563.5k,Heavy,Unlit,40
MMTI-2025-21635,Quezon,Car,Hit and Run,3,Rainy,42.0,Female,0,1549297.02,Heavy,Well-Lit,40 kph
MMTI-2025-04888,Paranaque,Truck,Side-swipe,3,Clear,21.0,Male,0,117973.39,Heavy,Well-Lit,40
MMTI-2025-08136,Pasig,Motorcycle,Side-swipe,3,Clear,25.0,Male,0,"PHP 157,665.80",Moderate,Well-Lit,30 kph
MMTI-2025-02389, quezon,Jeepney,Side-swipe,3.0,Clear,39.0,Male,0,31971.5,,Well-Lit,60
MMTI-2025-05105,Paranaque,Car,Head-on,3,Clear,46.0,Female,0,"PHP 106,205.88",Heavy,Well-Lit,40
MMTI-2025-22804,Paranaque,SUV/Van,Hit and Run,3,Clear,33.0,female ,0,97186.66,Light,Poorly-Lit,30
MMTI-2025-10260,Makati,Motorcycle,Side-swipe,3.0,Cloudy,43.0,Male,0,268370.23,Heavy,Poorly-Lit,40
MMTI-2025-20109,Caloocan,Truck,Hit and Run,2.0,Clear,36.0,Male,0,44411.38,LIGHT,Poorly-Lit,60
MMTI-2025-19827,Makati,Car,Hit and Run,6,,46.0,Male,2,368953.11,Heavy,Well-Lit,40
MMTI-2025-06871,Mandaluyong,Truck,Rear-end,3,Clear,40.0,Male,0,78711.4,Moderate,Unlit,60 kph
MMTI-2025-09402,Quezon,Motorcycle,Side-swipe,3.0,Cloudy,22.0,Male,0,,Heavy,Poorly-Lit,40 km/h
MMTI-2025-15963,Navotas,Motorcycle,Side-swipe,3,Clear,46.0,Male,0,36366.61,Light,No Lights,60
MMTI-2025-04938,Pasig,Truck,Hit and Run,Risk Level 2,Rain,42.0,Male,0,67038.96,,Well-Lit,80
MMTI-2025-09248,Quezon,Car,Hit and Run,3,Rainy,36.0,Male,0,1278998.1,Light,Well-Lit,40
MMTI-2025-07795,San Juan,Car,Hit and Run,3,Clear,29.0,Male,0,"PHP 38,891.10",Heavy,Well-Lit,60
MMTI-2025-21045,Las Pinas,Jeepney,Rear-end,Risk Level 3,Clear,44.0,Male,0,"PHP 93,577.92",Moderate,Poorly-Lit,60
MMTI-2025-11144,,Jeepney,Head-on,6,Clear,44.0,Male,2,217412.58,Moderate,Well-Lit,40 km/h
MMTI-2025-14752,Makati,Motorcycle,Head-on,3.0,Cloudy,37.0,Male,0,235.6k,Heavy,Well-Lit,60
MMTI-2025-11473,Marikina,Car,Rear-end,1,Clear,48.0,Male,0,62718.44,Moderate,Well-Lit,80
MMTI-2025-12652,Quezon,Car,Rear-end,3,Rainy,31.0,Female,0,1204583.86,Moderate,Well-Lit,30
MMTI-2025-04118,Quezon,SUV/Van,Head-on,3,Rainy,999.0,Male,0,986079.81,Heavy,Lit,60
MMTI-2025-04833,Taguig,Truck,Head-on,3,Cloudy,64.0,Female,0,296472.01,Moderate,Poorly-Lit,60
MMTI-2025-09766,Muntinlupa,Car,Side-swipe,2.0,Clear,53.0,Male,0,53966.15,Heavy,Well-Lit,40
MMTI-2025-06807,Quezon,Car,Head-on,3,Cloudy,24.0,Male,0,397016.47,Heavy,Unlit,80
MMTI-2025-05891,Quezon,Bus,Rear-end,,Rain,34.0,Male,0,"PHP 184,028.32",Heavy,Lit,40
MMTI-2025-12323,MANILA ,Motorcycle,Rear-end,,Cloudy,21.0,Male,1,4.2k,Light,Well-Lit,60
MMTI-2025-09199,Paranaque,Car,Side-swipe,3.0,Clear,34.0,Male,0,"PHP 100,412.94",Moderate,Poorly-Lit,60
MMTI-2025-06931,QUEZON ,Truck,Head-on,3,,37.0,Female,0,,Heavy,Well-Lit,60 km/h
MMTI-2025-13761,Quezon,Car,Head-on,3.0,Rainy,45.0,Female,0,823941.16,Heavy,Well-Lit,60 km/h
MMTI-2025-13024,QUEZON ,Motorcycle,Side-swipe,2.0,Clear,30.0,Male,0,,Moderate,Well-Lit,60 km/h
MMTI-2025-08138, pasay ,,Rear-end,3.0,Rain,40.0,Male,0,"PHP 186,822.28",Heavy,Well-Lit,60
MMTI-2025-08824,Manila,Jeepney,Rear-end,Risk Level 3,Cloudy,40.0,Male,0,100459.31,,Well-Lit,60
MMTI-2025-14656,Manila,Jeepney,Head-on,3.0,Cloudy,42.0,Unknown,0,197308.67,Heavy,Well-Lit,40 km/h
MMTI-2025-08229,Manila,Bus,Side-swipe,1.0,Cloudy,,Female,0,214083.42,Moderate,Unlit,40
MMTI-2025-19764,Pasay,Car,Rear-end,,Clear,,Female,0,73596.25,Heavy,well lit,80 km/h
MMTI-2025-11339,Quezon,Motorcycle,Side-swipe,3,Rainy,39.0,Male,0,680111.56,Heavy,Well-Lit,60
MMTI-2025-22395,,Jeepney,Side-swipe,3,Rain,29.0,Male,0,52258.04,Moderate,No Lights,60
MMTI-2025-07691,Manila,Car,Hit and Run,Risk Level 3,Cloudy,32.0,Male,0,186805.13,Heavy,well lit,60 km/h
MMTI-2025-19303,Pateros,,Side-swipe,3,Clear,27.0,F,0,184983.93,MODERATE,No Lights,60 km/h
MMTI-2025-09575,Pasay,Jeepney,Rear-end,3,,39.0,Female,0,104824.08,HEAVY,Well-Lit,60
MMTI-2025-01533,Quezon,Motorcycle,Rear-end,3,Cloudy,27.0,Male,0,373860.29,Heavy,Well-Lit,60 kph
MMTI-2025-04439,Pasig,,Side-swipe,6,Clear,51.0,Female,3,656454.03,Heavy,Well-Lit,40
MMTI-2025-16832,Mandaluyong,,Rear-end,3.0,Clear,43.0,Male,0,186230.78,Moderate,Well-Lit,60 km/h
MMTI-2025-08396,Valenzuela,Truck,Rear-end,2.0,Clear,25.0,Female,0,335419.94,,Well-Lit,60 km/h
MMTI-2025-10320,Quezon,Car,Side-swipe,3.0,Cloudy,38.0,Male,0,422216.23,Light,Well-Lit,60
MMTI-2025-17746,Manila,SUV/Van,Rear-end,3,Clear,45.0,Male,0,,Heavy,Poorly-Lit,40 km/h
MMTI-2025-17590,Manila,Bus,Side-swipe,2,Clear,,Male,2,141264.05,MODERATE,Well-Lit,60
MMTI-2025-06676, quezon,Jeepney,Side-swipe,3.0,Clear,41.0,Female,0,,Heavy,Well-Lit,60
MMTI-2025-11444,Makati,Jeepney,Rear-end,4.0,Cloudy,32.0,Male,4,"PHP 243,343.06",Heavy,Poorly-Lit,40
MMTI-2025-03409,San Juan,Car,Rear-end,3,Rain,26.0,Male,0,,Heavy,Unlit,40 km/h
MMTI-2025-00364,Manila,Motorcycle,Rear-end,1,Cloudy,150.0,Female,0,177994.56,MODERATE,Well-Lit,80
MMTI-2025-19330,Pasig,Motorcycle,Rear-end,3,Clear,46.0,Female,0,157848.73,Moderate,Poorly-Lit,30
MMTI-2025-11044,Quezon,Jeepney,Hit and Run,6,,44.0,Male,2,225534.4,Moderate,well lit,60 km/h
MMTI-2025-15260,Makati,Motorcycle,Head-on,3.0,Cloudy,36.0,F,0,240985.96,Heavy,dark,30
MMTI-2025-03740,Quezon,Car,Hit and Run,3,Cloudy,53.0,F,0,621025.98,Light,Well-Lit,60
MMTI-2025-13009,Quezon,Car,Hit and Run,3,Rainy,17.0,Male,0,926887.12,Heavy,Well-Lit,40 km/h
MMTI-2025-19221,Pasig,Motorcycle,Rear-end,3,Clear,26.0,Male,0,"PHP 125,983.51",Heavy,Well-Lit,40
MMTI-2025-09774,,Truck,Hit and Run,Risk Level 3,Clear,34.0,Male,0,340381.69,Light,Well-Lit,80
MMTI-2025-01544,Quezon,Motorcycle,Head-on,3,Cloudy,36.0,Female,0,512317.75,Moderate,Well-Lit,60
MMTI-2025-07470,Pasig,,Hit and Run,Risk Level 4,Cloudy,36.0,Male,3,196607.83,Light,Unlit,60
MMTI-2025-18928,Quezon,Jeepney,Side-swipe,,Rain,40.0,Male,0,"PHP 25,000.90",HEAVY,Well-Lit,80 km/h
MMTI-2025-08255,Manila,Motorcycle,Side-swipe,Risk Level 3,Rain,50.0,Female,0,60074.98,,Well-Lit,60 km/h
MMTI-2025-23057,Mandaluyong,Car,Head-on,2.0,Clear,45.0,Male,0,78487.56,Moderate,Well-Lit,40
MMTI-2025-21528,,Truck,Head-on,2,Cloudy,47.0,Male,0,563.5k,Heavy,Unlit,40
MMTI-2025-17333,Quezon,Jeepney,Hit and Run,3,Cloudy,54.0,Male,0,59089.58,,Well-Lit,60 kph
MMTI-2025-01696,Caloocan,,Rear-end,6.0,Clear,49.0,Female,3,677408.3,Heavy,POOR,60
MMTI-2025-20092,Navotas,,Head-on,Risk Level 3,Clear,49.0,Male,0,"PHP 68,677.72",Heavy,Well-Lit,100 km/h
MMTI-2025-04321,San Juan,SUV/Van,Side-swipe,3,Clear,32.0,Male,0,38838.39,Moderate,Well-Lit,100 km/h
MMTI-2025-17916,,Motorcycle,Rear-end,3,Clear,40.0,Male,0,"PHP 50,665.76",Moderate,Well-Lit,30
MMTI-2025-14138,Manila,Motorcycle,Head-on,3.0,Cloudy,25.0,Male,0,178368.63,MODERATE,Well-Lit,60
MMTI-2025-20330,Las Pinas,Car,Side-swipe,3,Clear,25.0,Male,0,89526.17,Heavy,Unlit,80 km/h
MMTI-2025-07487,Las Pinas,Car,Rear-end,2,Clear,54.0,Female,0,87882.35,Heavy,Well-Lit,60
MMTI-2025-06594,Valenzuela,,Rear-end,Risk Level 4,Cloudy,37.0,Male,4,56169.06,Heavy,Well-Lit,40
MMTI-2025-09545,Makati,Car,Rear-end,2,Cloudy,999.0,Male,0,218082.84,Heavy,No Lights,30
MMTI-2025-10109,Mandaluyong,Motorcycle,Hit and Run,3,Clear,35.0,F,0,78456.16,Moderate,Well-Lit,30
MMTI-2025-13947,Marikina,Car,Hit and Run,3,Clear,38.0,Female,0,"PHP 65,184.65",Heavy,Well-Lit,40
MMTI-2025-04580,Quezon,Motorcycle,Hit and Run,3,,33.0,Female,0,"PHP 11,090.63",Moderate,Poorly-Lit,60
MMTI-2025-03953,Quezon,SUV/Van,Side-swipe,3,Rainy,51.0,Male,0,1205097.05,Heavy,Unlit,60 km/h
MMTI-2025-10832, manila,Bus,Rear-end,3,Clear,36.0,Male,0,,HEAVY,Well-Lit,40
MMTI-2025-14714,Manila,,Head-on,3.0,Clear,17.0,Male,0,257209.4,Heavy,Unlit,60
MMTI-2025-17655,Quezon,Car,Hit and Run,3,Stormy,35.0,Male,0,1919830.91,Moderate,Poorly-Lit,40
MMTI-2025-20832, pasig,Motorcycle,Hit and Run,6,Rain,51.0,Male,2,,Moderate,Well-Lit,60
MMTI-2025-06809,,Car,Hit and Run,3,Rain,38.0,M,0,"PHP 228,644.59",Moderate,Unlit,60
MMTI-2025-10601,Quezon,Car,Hit and Run,3,Rainy,30.0,Male,0,675882.75,Heavy,Poorly-Lit,60
MMTI-2025-23193,Quezon,Motorcycle,Side-swipe,3,,55.0,Male,0,48296.96,Heavy,Well-Lit,60 kph
MMTI-2025-09796,Quezon,Truck,Side-swipe,6,Rainy,18.0,Male,4,627183.56,Moderate,Well-Lit,60
MMTI-2025-06832,Las Pinas,Truck,Rear-end,2.0,Clear,47.0,Female,0,94259.05,Heavy,Unlit,60
MMTI-2025-13150,Paranaque,Car,Side-swipe,1,Clear,32.0,Male,0,114845.16,Moderate,Well-Lit,60
MMTI-2025-21950,Caloocan,,Head-on,3.0,Clear,47.0,Male,0,92332.64,Heavy,Poorly-Lit,60
MMTI-2025-17451,Manila,Motorcycle,Hit and Run,3,Cloudy,31.0,Male,0,167635.74,Heavy,Well-Lit,60
MMTI-2025-15083,Quezon,Truck,Rear-end,3,Rainy,38.0,Female,0,1235206.78,Moderate,No Lights,60 kph
MMTI-2025-17008,Las Pinas,Car,Head-on,3,Clear,52.0,Male,0,90710.4,HEAVY,Well-Lit,60
MMTI-2025-14301,,Car,Head-on,3.0,Clear,27.0,Female,0,69.5k,Heavy,well lit,60
MMTI-2025-08258,Quezon,Jeepney,Hit and Run,,Clear,17.0,Female,2,14916.26,Heavy,well lit,60 km/h
MMTI-2025-04600,Pasig,Car,Hit and Run,1,Clear,53.0,Male,0,140985.37,Moderate,POOR,40
MMTI-2025-17392,Mandaluyong,Truck,Side-swipe,Risk Level 1,Clear,34.0,Male,0,68108.59,Moderate,Poorly-Lit,80 kph
MMTI-2025-02697,Mandaluyong,Truck,Rear-end,3,Clear,31.0,Male,0,68177.85,Moderate,Well-Lit,40
MMTI-2025-20474,Manila,Car,Rear-end,3,Cloudy,33.0,female ,0,187161.14,Light,Poorly-Lit,60
MMTI-2025-08401,Marikina,Motorcycle,Head-on,3,Clear,41.0,Male,0,60105.07,Moderate,Poorly-Lit,30
MMTI-2025-14241,Paranaque,Truck,Side-swipe,Risk Level 4,Clear,48.0,Male,1,,Heavy,Well-Lit,60
MMTI-2025-05608,Marikina,Truck,Side-swipe,3,Cloudy,,F,0,1070328.26,Heavy,Poorly-Lit,40
MMTI-2025-18644,Pasig,Motorcycle,Hit and Run,Risk Level 3,,44.0,Male,0,0,Heavy,Poorly-Lit,60
MMTI-2025-02007,Marikina,Car,Hit and Run,Risk Level 2,Clear,47.0,Unknown,0,65106.76,Heavy,Well-Lit,60
MMTI-2025-09628,Paranaque,Motorcycle,Rear-end,2,Clear,25.0,Male,0,101531.7,Heavy,Poorly-Lit,60 km/h
MMTI-2025-17208,Taguig,Car,Rear-end,Risk Level 3,Cloudy,46.0,Male,0,345.8k,Heavy,Well-Lit,40
MMTI-2025-22938,Paranaque,Jeepney,Head-on,3,Clear,29.0,Male,0,108341.79,HEAVY,Unlit,40
MMTI-2025-20790,,Truck,Rear-end,3,Cloudy,29.0,Male,0,1184224.44,Heavy,Well-Lit,100
MMTI-2025-01412,Quezon,Truck,Head-on,3,Cloudy,52.0,Female,0,377358.75,Heavy,Well-Lit,40
MMTI-2025-15367,Taguig,Truck,Side-swipe,2.0,Cloudy,50.0,Unknown,0,325772.32,Light,Well-Lit,60 kph