Incident_ID,City,Vehicle_Type,Accident_Type,Severity,Weather_Condition,Driver_Age,Driver_Gender,Injury_Count,Damage_Cost_PHP,Traffic_Volume,Road_Lighting,Speed_Limit
MMTI-2025-10554,Manila,Car,Head-on,Risk Level 3,Cloudy,44.0,Male,0,189549.36,HEAVY,Well-Lit,80
MMTI-2025-20027,,Motorcycle,Head-on,3,Clear,43.0,Male,0,35427.62,Light,Well-Lit,40
MMTI-2025-00034,Las Pinas,Car,Side-swipe,3,Clear,34.0,Male,0,85732.51,LIGHT,Well-Lit,80
MMTI-2025-15204,Las Pinas,,Rear-end,3.0,Rain,43.0,Female,0,174786.17,Heavy,Well-Lit,60
MMTI-2025-19785,Taguig,Car,Rear-end,3.0,Cloudy,43.0,Male,0,281396.24,LIGHT,dark,60
MMTI-2025-05637,Quezon,SUV/Van,Side-swipe,Risk Level 6,Rainy,48.0,Male,2,976149.23,Light,Well-Lit,80 kph
MMTI-2025-05666,San Juan,Jeepney,Rear-end,,Clear,32.0,Male,0,14662.38,Heavy,Well-Lit,60
MMTI-2025-14088,Mandaluyong,,Rear-end,3,Clear,44.0,Male,0,68103.65,Moderate,No Lights,80
MMTI-2025-15748,Paranaque,Motorcycle,Hit and Run,2,Clear,37.0,Male,0,119483.24,Moderate,Poorly-Lit,40 km/h
MMTI-2025-17050,Mandaluyong,SUV/Van,Head-on,3.0,Clear,47.0,Unknown,0,72456.57,Heavy,Well-Lit,60 km/h
MMTI-2025-18051,,Motorcycle,Hit and Run,Risk Level 3,Storm,29.0,Female,0,23772.43,Moderate,Poorly-Lit,60
MMTI-2025-03362,Quezon,Motorcycle,Side-swipe,3.0,Stormy,30.0,Male,0,99999999,Heavy,Well-Lit,40 kph
MMTI-2025-06655,Paranaque,Car,Side-swipe,3,Clear,31.0,Female,0,99408.74,Heavy,well lit,60 km/h
MMTI-2025-13195,Quezon,Motorcycle,Side-swipe,Risk Level 6,Stormy,27.0,Female,3,2770686.44,Heavy,Poorly-Lit,80 kph
MMTI-2025-22097,Quezon,Motorcycle,Hit and Run,3.0,Rainy,44.0,Male,0,"PHP 656,697.32",Moderate,Well-Lit,60
MMTI-2025-20217,San Juan,,Side-swipe,3,Cloudy,51.0,Male,0,274010.2,Light,Well-Lit,60
MMTI-2025-23286, makati,Bus,Hit and Run,3,,47.0,Male,0,371558.85,Heavy,Poorly-Lit,60 km/h
MMTI-2025-11818,Taguig,Car,Rear-end,Risk Level 6,Cloudy,27.0,Female,1,294086.53,Heavy,Well-Lit,30 km/h
MMTI-2025-05958,Quezon,Car,Side-swipe,Risk Level 6,Cloudy,47.0,Male,4,536970.45,Heavy,Well-Lit,60
MMTI-2025-02555,Manila,Motorcycle,Rear-end,3,Clear,,Female,0,27730.04,Moderate,Well-Lit,60 km/h
MMTI-2025-03369,Taguig,,Hit and Run,2.0,Clear,35.0,Female,0,65171.49,HEAVY,Unlit,60
MMTI-2025-08443,Makati,SUV/Van,Side-swipe,6,Cloudy,40.0,male,4,223.8k,Heavy,dark,40
MMTI-2025-13960,Quezon,Car,Side-swipe,3,Stormy,38.0,Male,0,77777777,Heavy,Well-Lit,40
MMTI-2025-08731,Makati,Motorcycle,Hit and Run,Risk Level 3,Cloudy,41.0,Female,0,220595.79,Heavy,Poorly-Lit,60 km/h
MMTI-2025-17826,MANDALUYONG ,SUV/Van,Head-on,3,Storm,42.0,female ,0,428801.31,,Poorly-Lit,60
MMTI-2025-00602,Taguig,Car,Side-swipe,3,Cloudy,44.0,Female,0,298456.38,Heavy,POOR,40
MMTI-2025-07580,Paranaque,Truck,Side-swipe,6.0,Rain,17.0,Female,4,"PHP 2,795,701.52",,Well-Lit,60
MMTI-2025-20635,Quezon,Car,Hit and Run,6,Stormy,44.0,Male,1,3033103.89,Heavy,Unlit,60 kph
MMTI-2025-13347,Quezon,SUV/Van,Side-swipe,6,Cloudy,28.0,Male,1,383179.58,Heavy,Well-Lit,60 kph
MMTI-2025-11576,Quezon,Car,Hit and Run,3.0,Rainy,47.0,Male,0,"PHP 866,130.70",Heavy,Poorly-Lit,60
MMTI-2025-14062,Taguig,Car,Side-swipe,3.0,Cloudy,32.0,Male,0,304361.19,HEAVY,Well-Lit,40
MMTI-2025-03376,Quezon,Motorcycle,Side-swipe,Risk Level 6,Rainy,37.0,Female,3,819209.6,Heavy,POOR,30 km/h
MMTI-2025-18080,Quezon,Bus,Head-on,2,Clear,25.0,Male,0,403558.18,,Well-Lit,60
MMTI-2025-19056,Mandaluyong,Car,Side-swipe,3,Clear,42.0,Male,0,68569.75,Heavy,Well-Lit,30
MMTI-2025-07295,,Car,Head-on,3,Cloudy,30.0,male,0,193141.04,HEAVY,Poorly-Lit,80
MMTI-2025-13130,Mandaluyong,Car,Side-swipe,6.0,Clear,51.0,Female,1,73098.23,Heavy,Well-Lit,60
MMTI-2025-17084,Quezon,Car,Hit and Run,6.0,Cloudy,51.0,Male,2,362590.65,Heavy,Poorly-Lit,60
MMTI-2025-00594,Taguig,Car,Hit and Run,Risk Level 1,Cloudy,29.0,Female,0,339362.53,Moderate,Well-Lit,30
MMTI-2025-20560,Quezon,Car,Rear-end,3,Rainy,39.0,M,0,1283.1k,Heavy,Poorly-Lit,60
MMTI-2025-02485,MANILA ,Car,Head-on,2,Clear,,Male,0,72475.4,Moderate,Well-Lit,30
MMTI-2025-22621, caloocan,Motorcycle,Side-swipe,3,Clear,,Female,0,35172.43,Heavy,Poorly-Lit,80 km/h
MMTI-2025-02866,Valenzuela,Motorcycle,Side-swipe,3.0,Clear,42.0,Male,0,37551.83,HEAVY,Well-Lit,60
MMTI-2025-04716,Quezon,SUV/Van,Rear-end,3.0,,38.0,Male,0,277485.5,Heavy,Well-Lit,30
MMTI-2025-14487,Quezon,Truck,Hit and Run,Risk Level 3,Rainy,45.0,Male,0,669341.67,Moderate,Poorly-Lit,60
MMTI-2025-13264,Quezon,Car,Rear-end,3.0,Stormy,59.0,Female,0,99999999,Heavy,Well-Lit,60 km/h
MMTI-2025-16229,Quezon,Jeepney,Hit and Run,Risk Level 6,,48.0,Male,4,204317.48,Heavy,Unlit,40 kph
MMTI-2025-13518,Valenzuela,Motorcycle,Rear-end,3,Clear,45.0,Male,0,38160.64,HEAVY,Poorly-Lit,60
MMTI-2025-06280,Paranaque,Car,Rear-end,Risk Level 3,Clear,46.0,Male,0,115543.34,Heavy,Poorly-Lit,60 km/h
MMTI-2025-09633,Manila,SUV/Van,Side-swipe,,Clear,42.0,Male,4,111382.36,Light,Unlit,60
MMTI-2025-01195,Manila,Motorcycle,Side-swipe,Risk Level 3,Rain,,Male,0,9511.33,Heavy,Well-Lit,40 kph
MMTI-2025-10862,Quezon,Bus,Hit and Run,3,,48.0,Male,0,392297.07,Moderate,well lit,30
MMTI-2025-07714,Pasay,Motorcycle,Rear-end,,Rain,35.0,Male,4,5196.1,Heavy,POOR,60
MMTI-2025-23371,Manila,Bus,Side-swipe,3,Cloudy,53.0,Male,0,,Heavy,Unlit,60
MMTI-2025-07214,Quezon,Car,Hit and Run,3,Cloudy,42.0,Male,0,365586.41,Heavy,Well-Lit,60
MMTI-2025-01203,Manila,Bus,Side-swipe,3,Clear,,Male,0,552047.3,Heavy,Well-Lit,30
MMTI-2025-04690,Manila,Truck,Head-on,,Clear,21.0,Male,2,352632.89,Moderate,Lit,40
MMTI-2025-20966,Makati,Car,Side-swipe,Risk Level 3,Cloudy,55.0,Male,0,257301.92,Moderate,Poorly-Lit,60
MMTI-2025-02080,Quezon,Car,Rear-end,3,Rainy,36.0,Male,0,"PHP 1,057,355.27",Heavy,Well-Lit,60
MMTI-2025-05056,Makati,Car,Rear-end,6,Cloudy,53.0,Male,1,211.9k,Moderate,Poorly-Lit,80 kph
MMTI-2025-21218,Taguig,Motorcycle,Side-swipe,3,Clear,21.0,Male,0,,Heavy,Well-Lit,60 km/h
MMTI-2025-19913,Taguig,Motorcycle,Side-swipe,3,Cloudy,39.0,Female,0,302082.51,Moderate,Well-Lit,60 km/h
MMTI-2025-07383,Quezon,Car,Side-swipe,3.0,Rainy,28.0,Male,0,1005395.57,Heavy,No Lights,80
MMTI-2025-00505,Makati,,Side-swipe,,Rain,27.0,Female,0,42127.01,Moderate,POOR,60
MMTI-2025-04508,,Bus,Hit and Run,3.0,Rain,20.0,Male,0,541324.85,Heavy,Unlit,40
MMTI-2025-21172,Quezon,SUV/Van,Head-on,3,,33.0,Female,0,225814.68,Heavy,Poorly-Lit,60
MMTI-2025-17617,Makati,Motorcycle,Hit and Run,3.0,Cloudy,48.0,Male,0,220877.0,Moderate,Unlit,30
MMTI-2025-13855,Quezon,Motorcycle,Side-swipe,Risk Level 3,Rainy,43.0,Male,0,1203049.67,Heavy,Poorly-Lit,60 km/h
MMTI-2025-03780,Mandaluyong,SUV/Van,Side-swipe,3,Clear,36.0,Male,0,"PHP 77,550.39",Heavy,dark,60
MMTI-2025-13400,Makati,Car,Rear-end,3,Cloudy,31.0,Male,0,226695.95,MODERATE,Well-Lit,60 kph
MMTI-2025-04916,Muntinlupa,Car,Rear-end,3,Clear,23.0,Male,0,52515.33,Heavy,Well-Lit,60
MMTI-2025-19630,Quezon,Motorcycle,Head-on,3,Rainy,41.0,Female,0,642947.52,Moderate,Unlit,60
MMTI-2025-18792,Paranaque,Car,Head-on,Risk Level 3,Clear,44.0,Male,0,120448.51,Moderate,Well-Lit,60
MMTI-2025-14308,Pasay,SUV/Van,Hit and Run,3,Clear,39.0,Female,0,45916.23,Heavy,Well-Lit,100
MMTI-2025-16687,Las Pinas,Car,Side-swipe,3.0,Clear,46.0,Female,0,93.4k,Heavy,Well-Lit,40 km/h
MMTI-2025-08574,Pasay,Car,Head-on,Risk Level 1,Clear,26.0,Male,0,47.4k,Moderate,Poorly-Lit,40 kph
MMTI-2025-23188,Quezon,Car,Hit and Run,3,Rainy,42.0,Male,0,1061474.3,Heavy,Poorly-Lit,40 km/h
MMTI-2025-17730,Makati,Bus,Hit and Run,2.0,Clear,43.0,F,0,,Moderate,Well-Lit,40
MMTI-2025-13895,Mandaluyong,Car,Hit and Run,2.0,Clear,34.0,Female,0,31.3k,,Well-Lit,40
MMTI-2025-06654,Mandaluyong,Car,Head-on,3,Clear,38.0,Male,0,72092.29,Heavy,Well-Lit,60
MMTI-2025-21877,Muntinlupa,Truck,Hit and Run,Risk Level 6,Clear,33.0,Female,1,57641.8,Moderate,Lit,80 kph
MMTI-2025-03811,Quezon,Car,Side-swipe,3.0,Rainy,53.0,Female,0,695674.16,Moderate,Well-Lit,80
MMTI-2025-11583,Taguig,Car,Head-on,Risk Level 3,Cloudy,26.0,Male,0,315166.28,Moderate,Poorly-Lit,60
MMTI-2025-14633,Manila,Car,Head-on,6.0,Cloudy,52.0,Male,1,167286.04,Heavy,well lit,80 kph
MMTI-2025-08046,Las Pinas,SUV/Van,Side-swipe,Risk Level 3,Clear,59.0,Male,0,90.2k,Heavy,Well-Lit,40 kph
MMTI-2025-14012,Makati,Motorcycle,Rear-end,2,Cloudy,27.0,Male,0,217252.9,Moderate,Unlit,60
MMTI-2025-04350,,Truck,Head-on,Risk Level 3,Cloudy,35.0,Male,0,0,Moderate,Well-Lit,60
MMTI-2025-11289,Pasay,Bus,Side-swipe,Risk Level 3,Clear,46.0,Male,0,998180.93,,Well-Lit,40
MMTI-2025-20507,Quezon,Motorcycle,Rear-end,3,Cloudy,39.0,Male,0,393502.65,Heavy,Well-Lit,60
MMTI-2025-13055,,,Head-on,3.0,Clear,63.0,Male,0,171437.54,Heavy,Poorly-Lit,60
MMTI-2025-08813,Pasig,Motorcycle,Rear-end,3,Clear,54.0,Female,0,129199.49,Heavy,Well-Lit,100
MMTI-2025-21966,Pasig,Motorcycle,Side-swipe,3.0,Clear,23.0,Female,0,135.1k,Heavy,Well-Lit,30
MMTI-2025-07593,MAKATI ,,Head-on,,Rain,36.0,Male,0,64547.06,Heavy,Well-Lit,60 km/h
MMTI-2025-05723,Manila,Motorcycle,Side-swipe,,,38.0,Female,0,8652.84,Heavy,Well-Lit,60
MMTI-2025-11735,Caloocan,Motorcycle,Hit and Run,Risk Level 3,Clear,30.0,Male,0,"PHP 44,626.71",Moderate,Poorly-Lit,60
MMTI-2025-05195,Pasig,SUV/Van,Rear-end,Risk Level 1,Clear,34.0,Male,0,162364.48,Moderate,Well-Lit,100
MMTI-2025-07961,Pasay,Motorcycle,Rear-end,3,Clear,17.0,Male,0,45367.6,MODERATE,Well-Lit,100
MMTI-2025-18260,Mandaluyong,Motorcycle,Head-on,3,Clear,46.0,Male,0,77711.54,Heavy,Unlit,30 km/h
MMTI-2025-20192,Makati,Car,Hit and Run,3.0,Cloudy,40.0,Female,0,219291.04,Heavy,Well-Lit,60 km/h
MMTI-2025-03081,Las Pinas,Truck,Rear-end,Risk Level 2,Clear,42.0,Male,0,89809.83,MODERATE,Unlit,60
MMTI-2025-14466,Quezon,Truck,Head-on,3,,48.0,Male,0,839485.81,Heavy,Poorly-Lit,60
MMTI-2025-03265,Pasig,Motorcycle,Head-on,3,Clear,57.0,Male,0,153275.88,Moderate,Unlit,80
MMTI-2025-05582,Quezon,Bus,Rear-end,,Clear,37.0,Male,0,153850.98,Moderate,Poorly-Lit,60 km/h
MMTI-2025-14740,Quezon,Motorcycle,Hit and Run,Risk Level 3,Cloudy,59.0,Male,0,416145.36,Heavy,POOR,60
MMTI-2025-16782,Pasay,Truck,Rear-end,3,Clear,45.0,Male,0,49.5k,Moderate,Well-Lit,60 km/h
MMTI-2025-12478,Makati,Truck,Side-swipe,3,Cloudy,56.0,Male,0,217750.34,Heavy,Poorly-Lit,40
MMTI-2025-16561,Makati,Jeepney,Rear-end,Risk Level 3,Cloudy,36.0,Male,0,211857.26,Heavy,Well-Lit,60
MMTI-2025-09701,Paranaque,Car,Rear-end,3,Clear,36.0,Male,0,"PHP 105,327.67",Moderate,Poorly-Lit,60 km/h
MMTI-2025-02984, manila ,Car,Hit and Run,2.0,Clear,45.0,Male,0,55831.77,,Well-Lit,80
MMTI-2025-04347,Manila,Car,Head-on,2.0,Cloudy,32.0,Male,0,72849.76,,Well-Lit,60
MMTI-2025-19062,Manila,Car,Rear-end,3.0,Cloudy,42.0,male,0,196470.35,Heavy,Well-Lit,40
MMTI-2025-10598,Quezon,Car,Rear-end,3,Rainy,42.0,Male,0,721519.65,Moderate,Well-Lit,40 kph
MMTI-2025-15205,Las Pinas,Car,Side-swipe,3,Clear,42.0,Male,0,96.6k,Moderate,Poorly-Lit,80
MMTI-2025-16337,Paranaque,Car,Rear-end,3,Clear,43.0,Male,0,105667.1,Heavy,Poorly-Lit,80
MMTI-2025-13555,Pasig,Car,Rear-end,3,Clear,39.0,Unknown,0,128613.31,Heavy,Well-Lit,60
MMTI-2025-15977,,Bus,Head-on,Risk Level 6,Rain,39.0,Female,1,997711.38,Heavy,Well-Lit,60
MMTI-2025-20312,Quezon,Truck,Hit and Run,3,Rainy,59.0,Female,0,980952.86,Heavy,Well-Lit,80 kph
MMTI-2025-16523,Malabon,Truck,Hit and Run,6.0,Rain,23.0,Female,4,,Moderate,Poorly-Lit,60
MMTI-2025-16468,Taguig,SUV/Van,Hit and Run,Risk Level 2,Cloudy,40.0,Female,0,291685.17,Moderate,Lit,60
MMTI-2025-22365,Quezon,Car,Hit and Run,3.0,Rainy,43.0,Male,0,"PHP 1,444,502.06",Light,Well-Lit,40
MMTI-2025-18026, manila,,Side-swipe,3.0,Clear,40.0,Male,0,285048.12,Light,Well-Lit,60
MMTI-2025-02489,Quezon,SUV/Van,Hit and Run,3,Rainy,34.0,Male,0,930460.14,Heavy,Well-Lit,60
MMTI-2025-10808,Pasig,Motorcycle,Side-swipe,Risk Level 3,Clear,50.0,Male,0,126574.11,Heavy,Well-Lit,100
MMTI-2025-05269,Manila,Car,Head-on,3,Cloudy,41.0,Male,0,203494.93,Moderate,Well-Lit,60
MMTI-2025-12117,,SUV/Van,Head-on,Risk Level 3,Cloudy,45.0,Male,0,127229.31,Heavy,Well-Lit,80
MMTI-2025-22952,Manila,Car,Rear-end,3.0,Clear,49.0,Male,0,61.0k,,dark,40
MMTI-2025-00249,Paranaque,Truck,Rear-end,Risk Level 2,Clear,35.0,Female,0,99760.42,Heavy,Well-Lit,60
MMTI-2025-03072,Paranaque,,Head-on,3,Rain,39.0,Female,0,161460.51,Heavy,Well-Lit,60
MMTI-2025-09435,Mandaluyong,Motorcycle,Head-on,3,Clear,43.0,Female,0,71180.08,Moderate,No Lights,60
MMTI-2025-10545,Makati,Car,Side-swipe,3,Cloudy,47.0,Male,0,218561.97,Moderate,Well-Lit,40
MMTI-2025-01530,Makati,,Rear-end,3,Rain,43.0,female ,0,"PHP 58,221.68",Heavy,Well-Lit,60
MMTI-2025-07770,Quezon,Car,Head-on,3.0,Rainy,34.0,Male,0,960117.69,Heavy,Well-Lit,60
MMTI-2025-18124,Paranaque,Motorcycle,Hit and Run,3,Clear,30.0,Male,0,99265.84,Light,Well-Lit,60
MMTI-2025-02804,Valenzuela,Car,Hit and Run,,Clear,33.0,Male,0,53127.01,Heavy,Unlit,60
MMTI-2025-05089, quezon,Bus,Head-on,3,Clear,150.0,Male,0,,Heavy,Poorly-Lit,60
MMTI-2025-21062,Manila,Car,Head-on,3.0,Cloudy,25.0,Male,0,173.0k,Heavy,Well-Lit,80
MMTI-2025-00741,Quezon,Car,Side-swipe,3,Rainy,29.0,Female,0,1494396.02,MODERATE,Poorly-Lit,40
MMTI-2025-21448,Marikina,SUV/Van,Head-on,3,Clear,39.0,Male,0,63512.4,Heavy,Poorly-Lit,80 kph
MMTI-2025-18481,Quezon,Truck,Rear-end,3,Clear,52.0,Male,0,,Heavy,Well-Lit,60
MMTI-2025-01026,Quezon,,Hit and Run,Risk Level 4,Clear,32.0,Female,3,"PHP 138,449.93",MODERATE,Poorly-Lit,60 km/h
MMTI-2025-07582,Manila,Motorcycle,Hit and Run,6,Cloudy,23.0,Male,1,194064.62,Heavy,Poorly-Lit,40 kph
MMTI-2025-04797,Las Pinas,Truck,Rear-end,Risk Level 3,Clear,17.0,Male,0,87757.91,Heavy,Well-Lit,60
MMTI-2025-02307,Quezon,Car,Hit and Run,3.0,Cloudy,44.0,Female,0,497445.19,Heavy,Well-Lit,60
MMTI-2025-22714,San Juan,Motorcycle,Rear-end,3,,26.0,Male,0,32301.42,Heavy,Well-Lit,60
MMTI-2025-00197,,Motorcycle,Rear-end,Risk Level 3,Clear,,Male,0,8265.14,Heavy,Well-Lit,40 km/h
MMTI-2025-03962,Pasig,SUV/Van,Side-swipe,3,Clear,36.0,Male,0,148713.92,Heavy,No Lights,100
MMTI-2025-10456,Manila,,Side-swipe,3,Rain,26.0,Male,0,175496.72,Heavy,Poorly-Lit,100
MMTI-2025-11870,Pasig,Car,Rear-end,3,Clear,29.0,Female,0,160456.35,Moderate,Unlit,60
MMTI-2025-06749,Quezon,Motorcycle,Side-swipe,,Clear,38.0,Male,0,6948.74,Heavy,Poorly-Lit,40
MMTI-2025-11593,Mandaluyong,Motorcycle,Rear-end,3,Clear,37.0,Male,0,79015.02,Light,No Lights,40
MMTI-2025-08245,Paranaque,Bus,Hit and Run,1.0,Clear,38.0,Male,0,99337.49,,Poorly-Lit,100 km/h
MMTI-2025-07776,Makati,Jeepney,Hit and Run,2,Rain,47.0,Female,0,,Light,Well-Lit,80
MMTI-2025-18577,Taguig,,Side-swipe,3.0,Storm,34.0,F,0,92657.32,Heavy,Well-Lit,100
MMTI-2025-22858,Quezon,SUV/Van,Hit and Run,3,Rainy,44.0,Male,0,1174404.28,Moderate,Well-Lit,80
MMTI-2025-01861,Mandaluyong,Motorcycle,Head-on,3.0,Clear,32.0,Male,0,79883.58,Heavy,Well-Lit,60
MMTI-2025-20765,Quezon,Car,Rear-end,3,Rainy,40.0,Male,0,766546.14,Moderate,Poorly-Lit,60
MMTI-2025-07937,Taguig,Motorcycle,Hit and Run,3.0,Cloudy,42.0,Male,0,314.0k,Moderate,Poorly-Lit,80 kph
MMTI-2025-14411,Valenzuela,Car,Rear-end,Risk Level 3,Rain,52.0,Male,0,76722.31,,Well-Lit,80 km/h
MMTI-2025-09682,,SUV/Van,Head-on,3,Rain,44.0,female ,0,374652.59,,Unlit,60 km/h
MMTI-2025-14214,Quezon,Truck,Head-on,,Clear,37.0,Female,0,139913.61,HEAVY,Well-Lit,60 km/h
MMTI-2025-18267,Caloocan,Car,Hit and Run,2.0,Clear,47.0,Male,0,42735.53,Light,Poorly-Lit,60
MMTI-2025-14272,Makati,SUV/Van,Hit and Run,3,Cloudy,32.0,Male,0,268036.26,Heavy,Well-Lit,60
MMTI-2025-20119,Muntinlupa,Car,Rear-end,3,Clear,18.0,Male,1,51208.59,Heavy,Well-Lit,40
MMTI-2025-20160,Caloocan,,Side-swipe,3.0,Clear,25.0,Male,0,161853.57,Heavy,Poorly-Lit,60
MMTI-2025-06139,Quezon,Car,Head-on,Risk Level 3,Rainy,17.0,Male,0,927570.94,Heavy,Poorly-Lit,40
MMTI-2025-13058,Paranaque,Car,Head-on,Risk Level 3,Clear,33.0,Male,0,111921.72,Heavy,Unlit,60 km/h
MMTI-2025-03029,MANILA ,,Hit and Run,3.0,Clear,28.0,Male,0,43354.59,,Poorly-Lit,60 km/h
MMTI-2025-04165,Manila,,Hit and Run,2,Clear,,Male,4,-25000,Moderate,Well-Lit,60
MMTI-2025-10350,,Jeepney,Hit and Run,6.0,Clear,44.0,Female,2,87589.48,Heavy,Well-Lit,40
MMTI-2025-09160,Makati,Bus,Side-swipe,,Clear,40.0,F,3,282337.01,Moderate,Well-Lit,40 km/h
MMTI-2025-11136,Las Pinas,Car,Rear-end,6,Clear,43.0,Female,2,89640.76,Moderate,Unlit,60
MMTI-2025-14108,Manila,Car,Hit and Run,Risk Level 3,Cloudy,49.0,Male,0,197123.68,Heavy,Well-Lit,40 kph
MMTI-2025-17003,,Car,Hit and Run,3,Rain,47.0,Male,0,198792.69,Heavy,POOR,40
MMTI-2025-12994,Paranaque,Car,Rear-end,3,Clear,54.0,Male,0,110230.58,HEAVY,dark,60
MMTI-2025-11533,Quezon,Truck,Hit and Run,6,Cloudy,35.0,Male,1,491455.06,Moderate,Well-Lit,60
MMTI-2025-21504,Muntinlupa,Car,Side-swipe,Risk Level 4,Clear,31.0,Male,2,56876.15,HEAVY,Well-Lit,60
MMTI-2025-13461,Navotas,Car,Side-swipe,2,,27.0,Male,0,"PHP 55,193.00",Moderate,Well-Lit,60
MMTI-2025-07122,Makati,SUV/Van,Rear-end,2.0,,35.0,Male,0,38833.28,,Well-Lit,80 km/h
MMTI-2025-22139,Quezon,Truck,Side-swipe,2,Cloudy,57.0,Male,0,446009.53,Heavy,Well-Lit,80
MMTI-2025-20397,Quezon,,Hit and Run,3,Clear,28.0,Male,0,106936.82,HEAVY,Well-Lit,60
MMTI-2025-12921,Quezon,Truck,Head-on,3,Rainy,34.0,Female,0,929856.86,Heavy,Well-Lit,30
MMTI-2025-02985,,Jeepney,Hit and Run,3,Cloudy,42.0,Female,0,124867.54,Light,Poorly-Lit,80
MMTI-2025-18003,Quezon,Car,Head-on,Risk Level 3,Stormy,55.0,Male,0,99999999,Heavy,No Lights,40
MMTI-2025-06457,Muntinlupa,SUV/Van,Rear-end,3,,31.0,Male,0,160741.96,Moderate,Poorly-Lit,40
MMTI-2025-14926,Quezon,Truck,Head-on,3,Cloudy,25.0,Male,0,477108.06,Light,Poorly-Lit,60 kph
MMTI-2025-18073,Manila,Motorcycle,Hit and Run,Risk Level 3,Clear,41.0,Male,0,24308.73,,Well-Lit,60 kph
MMTI-2025-16928,Valenzuela,Jeepney,Hit and Run,3,Clear,45.0,Female,0,37862.22,Heavy,Unlit,30 km/h
MMTI-2025-17782,Manila,,Hit and Run,6,Clear,35.0,Male,3,"PHP 165,624.82",Heavy,Well-Lit,60
MMTI-2025-19860,Quezon,Motorcycle,Rear-end,Risk Level 6,Cloudy,50.0,Male,2,492670.88,Heavy,Poorly-Lit,40
MMTI-2025-08422,,Motorcycle,Hit and Run,3,Cloudy,32.0,Female,0,17458.39,Heavy,Poorly-Lit,30
MMTI-2025-02165,Manila,Car,Rear-end,2,,42.0,Female,0,-500,Heavy,Well-Lit,60
MMTI-2025-10446,Manila,Motorcycle,Hit and Run,,Clear,50.0,Male,0,2259.82,Heavy,Well-Lit,60 km/h
MMTI-2025-09934,Quezon,Motorcycle,Rear-end,3,Rainy,43.0,Male,0,826505.99,Heavy,No Lights,40
MMTI-2025-03462,Manila,SUV/Van,Side-swipe,4.0,Cloudy,49.0,Male,1,196.5k,Light,Unlit,60
MMTI-2025-19149,Paranaque,Jeepney,Side-swipe,3,Clear,46.0,Female,0,112098.95,Heavy,No Lights,60
MMTI-2025-07523,Manila,Motorcycle,Side-swipe,Risk Level 3,Rain,24.0,Female,0,,Heavy,Well-Lit,60
MMTI-2025-04526,Quezon,Car,Rear-end,Risk Level 3,Cloudy,48.0,Male,0,467083.42,Heavy,Poorly-Lit,40 km/h
MMTI-2025-08968,Malabon,Car,Head-on,3.0,Clear,45.0,Male,0,37.2k,Moderate,Well-Lit,60
MMTI-2025-19595,Quezon,Car,Hit and Run,3.0,Rainy,25.0,Male,0,663295.17,Heavy,Well-Lit,40 km/h
MMTI-2025-03692,Pasig,,Side-swipe,Risk Level 3,,58.0,Male,0,131391.3,Heavy,Lit,80
MMTI-2025-07566,Pasig,Car,Rear-end,3,Clear,45.0,Male,0,129821.0,Light,Well-Lit,60
MMTI-2025-17674,Taguig,Car,Rear-end,3.0,Cloudy,25.0,Female,0,340934.07,Heavy,Well-Lit,60
MMTI-2025-01479,Manila,Motorcycle,Hit and Run,3,Cloudy,999.0,Male,0,189634.23,Moderate,Poorly-Lit,60 km/h
MMTI-2025-09787,,Motorcycle,Rear-end,3,Cloudy,25.0,Unknown,0,29455.46,Heavy,Unlit,100
MMTI-2025-04244,Marikina,Motorcycle,Side-swipe,3,Clear,55.0,Male,0,"PHP 59,492.97",Heavy,Well-Lit,60 km/h
MMTI-2025-13336,Paranaque,Truck,Head-on,,Clear,39.0,Male,0,299515.67,Heavy,Poorly-Lit,60
MMTI-2025-08953,Paranaque,,Hit and Run,1.0,Clear,25.0,Female,0,40941.92,,dark,40
MMTI-2025-18092,Makati,Bus,Head-on,3,,29.0,Female,0,496593.8,HEAVY,Poorly-Lit,60
MMTI-2025-16704,Quezon,Motorcycle,Rear-end,Risk Level 3,Rainy,42.0,Male,0,819398.74,HEAVY,Well-Lit,80 kph
MMTI-2025-18457,Makati,Car,Rear-end,3.0,Cloudy,53.0,Male,0,265890.95,Heavy,Poorly-Lit,60
MMTI-2025-14862,,Motorcycle,Rear-end,2,,32.0,Male,0,7065.89,,Poorly-Lit,60 km/h
MMTI-2025-17811,Quezon,Car,Rear-end,6,Stormy,27.0,Male,4,4198516.11,Heavy,Poorly-Lit,30
MMTI-2025-18512,,Jeepney,Head-on,3,Clear,54.0,male,0,67683.7,Moderate,Well-Lit,40 km/h
MMTI-2025-01389, caloocan,Motorcycle,Side-swipe,3.0,Clear,36.0,Male,0,13294.52,,POOR,60 km/h
MMTI-2025-23433,Manila,Car,Rear-end,,Clear,32.0,Male,0,"PHP 24,046.50",Heavy,Lit,60
MMTI-2025-12131,Taguig,Car,Hit and Run,3,Cloudy,31.0,F,0,335031.78,Heavy,POOR,40
MMTI-2025-01431,Quezon,Car,Head-on,3.0,Cloudy,49.0,Male,0,374996.82,Heavy,Well-Lit,60 km/h