Incident_ID,City,Vehicle_Type,Accident_Type,Severity,Weather_Condition,Driver_Age,Driver_Gender,Injury_Count,Damage_Cost_PHP,Traffic_Volume,Road_Lighting,Speed_Limit
MMTI-2025-07181,Quezon,Car,Side-swipe,4,Rainy,45.0,Unknown,1,1113042.66,Heavy,Well-Lit,60
MMTI-2025-02266,Pasig,SUV/Van,Head-on,Risk Level 3,Clear,52.0,Female,0,126509.15,Light,Well-Lit,40
MMTI-2025-15980,Quezon,Motorcycle,Rear-end,3.0,Rainy,43.0,Female,0,1236659.71,Light,Poorly-Lit,80
MMTI-2025-06340,Caloocan,Motorcycle,Hit and Run,,Clear,33.0,Male,4,10.7k,Heavy,Poorly-Lit,60 km/h
MMTI-2025-16913,Quezon,Car,Rear-end,3,Rainy,55.0,Male,0,1126231.49,Heavy,No Lights,60
MMTI-2025-00143,Caloocan,Car,Side-swipe,,Storm,55.0,Male,0,57.7k,Heavy,Well-Lit,60
MMTI-2025-03259,Quezon,Car,Side-swipe,Risk Level 3,Rainy,20.0,F,0,849152.58,HEAVY,Unlit,80 km/h
MMTI-2025-10786,Valenzuela,,Side-swipe,,Storm,29.0,Male,0,,Heavy,Well-Lit,80
MMTI-2025-03301,Quezon,Motorcycle,Rear-end,3,Rainy,47.0,Male,0,1375911.44,Moderate,Well-Lit,100
MMTI-2025-17590,Manila,Bus,Side-swipe,2,Clear,,Male,2,141264.05,MODERATE,Well-Lit,60
MMTI-2025-08532,Quezon,SUV/Van,Side-swipe,3.0,Cloudy,36.0,Male,0,352466.56,Heavy,Unlit,40
MMTI-2025-01662,Manila,Truck,Rear-end,3,Cloudy,31.0,Male,0,178756.57,Heavy,Well-Lit,60
MMTI-2025-00372,Mandaluyong,Car,Head-on,3,Clear,50.0,Male,0,71637.72,MODERATE,Poorly-Lit,60
MMTI-2025-11976,Manila,,Hit and Run,3,Clear,38.0,Male,0,242188.12,,Well-Lit,40
MMTI-2025-12688,Taguig,Car,Side-swipe,3.0,Cloudy,34.0,Male,0,284371.43,Heavy,Poorly-Lit,40 km/h
MMTI-2025-03873,Taguig,Jeepney,Side-swipe,Risk Level 6,Cloudy,41.0,Male,3,306661.72,HEAVY,Unlit,80
MMTI-2025-15204,Las Pinas,,Rear-end,3.0,Rain,43.0,Female,0,174786.17,Heavy,Well-Lit,60
MMTI-2025-10262,Muntinlupa,Motorcycle,Hit and Run,3.0,Clear,23.0,Male,0,55671.85,Heavy,Well-Lit,80 km/h
MMTI-2025-22168,,SUV/Van,Side-swipe,3,Clear,45.0,Male,0,348310.37,LIGHT,Poorly-Lit,60
MMTI-2025-13566,Quezon,Car,Rear-end,9,Rainy,33.0,Male,4,1119243.25,Heavy,Well-Lit,80
MMTI-2025-01195,Manila,Motorcycle,Side-swipe,Risk Level 3,Rain,,Male,0,9511.33,Heavy,Well-Lit,40 kph
MMTI-2025-03103,Quezon,Car,Hit and Run,3,Rainy,45.0,Female,0,1037016.88,Heavy,POOR,60
MMTI-2025-19260,Quezon,Car,Hit and Run,3,Rainy,48.0,Female,0,1067074.01,Heavy,Well-Lit,100
MMTI-2025-03094,Quezon,Car,Side-swipe,6,Rainy,43.0,Male,1,"PHP 969,702.93",MODERATE,Unlit,60
MMTI-2025-09016,Pasig,Car,Rear-end,3,Clear,48.0,Male,0,162429.9,Heavy,dark,80
MMTI-2025-12555,Taguig,SUV/Van,Rear-end,3.0,Cloudy,43.0,M,0,329715.63,Heavy,Unlit,30
MMTI-2025-18690,Quezon,Car,Hit and Run,6.0,Stormy,52.0,Male,4,1943.2k,Light,Unlit,30 km/h
MMTI-2025-19920,Makati,Car,Head-on,3,Cloudy,73.0,Male,0,258039.08,Heavy,Poorly-Lit,60 kph
MMTI-2025-19682,Taguig,SUV/Van,Rear-end,6.0,Cloudy,44.0,Male,3,339558.22,Heavy,Well-Lit,40 km/h
MMTI-2025-22874,Mandaluyong,Motorcycle,Rear-end,Risk Level 6,Clear,17.0,Female,4,75746.08,Heavy,Unlit,40
MMTI-2025-21351,Pasay,Car,Rear-end,3.0,Clear,34.0,Male,0,49.1k,Heavy,Well-Lit,60 kph
MMTI-2025-14654,Mandaluyong,Motorcycle,Hit and Run,3.0,Clear,41.0,M,0,76842.09,HEAVY,Well-Lit,30
MMTI-2025-12710,Quezon,Jeepney,Rear-end,3,,40.0,Male,0,84269.93,Moderate,Poorly-Lit,80
MMTI-2025-16116,Manila,Car,Head-on,3,Cloudy,58.0,Male,0,201367.29,Moderate,Well-Lit,40 km/h
MMTI-2025-05039,TAGUIG ,Motorcycle,Hit and Run,3,,39.0,Male,0,11.1k,Heavy,Poorly-Lit,60
MMTI-2025-09080, quezon,Car,Rear-end,3,Clear,,Female,0,139522.29,Moderate,Unlit,60
MMTI-2025-03699,Navotas,Bus,Head-on,,Cloudy,41.0,Male,0,343359.66,Moderate,Well-Lit,60
MMTI-2025-00919,Caloocan,Motorcycle,Side-swipe,2,Storm,62.0,Female,0,"PHP 3,531.69",,Well-Lit,100
MMTI-2025-10269,Caloocan,SUV/Van,Hit and Run,,Rain,37.0,Male,0,74310.98,Light,Well-Lit,80 km/h
MMTI-2025-15649,Las Pinas,Car,Hit and Run,,Clear,46.0,Male,0,38205.13,Heavy,Poorly-Lit,60
MMTI-2025-23524,Quezon,Motorcycle,Hit and Run,6,,25.0,Female,1,61271.04,Heavy,Well-Lit,60 kph
MMTI-2025-10205,Las Pinas,Car,Rear-end,3,Clear,32.0,Female,0,83117.6,Heavy,Well-Lit,40
MMTI-2025-00151,MAKATI ,SUV/Van,Side-swipe,,Clear,17.0,Male,0,75890.79,Moderate,well lit,80
MMTI-2025-06094,Quezon,,Side-swipe,3,Clear,18.0,Male,0,52885.22,Moderate,Well-Lit,30
MMTI-2025-12505,Paranaque,Car,Hit and Run,3,Clear,48.0,Unknown,0,109738.8,Heavy,Poorly-Lit,60
MMTI-2025-08734,Muntinlupa,Bus,Side-swipe,3,Clear,,Male,0,823693.5,Heavy,Poorly-Lit,40
MMTI-2025-00681,Quezon,Motorcycle,Side-swipe,3,Cloudy,38.0,Female,0,467603.91,Moderate,well lit,40
MMTI-2025-23490,Makati,Motorcycle,Side-swipe,,Clear,32.0,Male,3,10020.22,Heavy,Well-Lit,40
MMTI-2025-06805,Quezon,Car,Rear-end,Risk Level 3,Rainy,38.0,Male,0,1243670.38,Moderate,Well-Lit,40
MMTI-2025-11687,Caloocan,Truck,Hit and Run,,,58.0,Male,0,373203.97,Heavy,Unlit,40
MMTI-2025-09275,Quezon,Car,Rear-end,3,Rainy,0.0,Male,0,986141.08,Light,Well-Lit,30
MMTI-2025-06177,Quezon,SUV/Van,Head-on,3,Rainy,41.0,Male,0,963999.71,Heavy,Well-Lit,30 km/h
MMTI-2025-17251,MARIKINA ,SUV/Van,Head-on,1.0,Cloudy,,Female,0,,Light,POOR,80
MMTI-2025-20039,Quezon,Motorcycle,Side-swipe,3,Rainy,25.0,Male,0,1156310.97,Moderate,Poorly-Lit,40
MMTI-2025-16180,Makati,Motorcycle,Side-swipe,3.0,Cloudy,34.0,Male,2,227398.06,Moderate,Well-Lit,80
MMTI-2025-08058,Taguig,Car,Head-on,3.0,Cloudy,25.0,Female,0,298577.18,Heavy,Unlit,80 kph
MMTI-2025-16907,Quezon,,Rear-end,3,Storm,22.0,Male,0,123543.27,Heavy,Well-Lit,40
MMTI-2025-22126,Pasig,Car,Side-swipe,2,Clear,31.0,Male,0,156806.85,HEAVY,Well-Lit,60
MMTI-2025-09937,Taguig,Car,Hit and Run,3.0,Cloudy,23.0,Unknown,0,296272.39,Light,Well-Lit,60 km/h
MMTI-2025-20150,Quezon,,Hit and Run,3,Cloudy,17.0,Male,0,185901.5,Moderate,Well-Lit,30
MMTI-2025-03798,,,Hit and Run,3,Clear,44.0,Female,0,143496.4,Moderate,Poorly-Lit,80
MMTI-2025-03296,Taguig,Car,Rear-end,3.0,Cloudy,43.0,Male,0,319458.05,Heavy,Well-Lit,60
MMTI-2025-03034,Paranaque,Car,Side-swipe,3,Clear,23.0,Male,0,103591.09,Heavy,Poorly-Lit,60
MMTI-2025-22446,Quezon,Car,Hit and Run,3,Cloudy,46.0,Male,0,457406.53,Heavy,Unlit,40
MMTI-2025-14933,Manila,Car,Head-on,3.0,Clear,26.0,Male,0,163706.29,Heavy,Poorly-Lit,60
MMTI-2025-18784,Paranaque,Car,Head-on,3.0,Clear,,Female,0,267657.08,,Well-Lit,60
MMTI-2025-15608,Valenzuela,SUV/Van,Rear-end,3.0,Clear,34.0,Male,0,"PHP 37,898.69",Heavy,Poorly-Lit,60
MMTI-2025-01532,Taguig,Car,Rear-end,Risk Level 3,Cloudy,35.0,Female,0,269639.79,Heavy,No Lights,60
MMTI-2025-10093,Pasay,Car,Hit and Run,Risk Level 3,Clear,23.0,Male,0,48724.79,MODERATE,Well-Lit,60 km/h
MMTI-2025-19799,Manila,Jeepney,Side-swipe,3,,38.0,Male,0,17336.98,Heavy,Well-Lit,60
MMTI-2025-12928,,SUV/Van,Rear-end,3.0,Clear,53.0,Male,0,,Light,Poorly-Lit,80
MMTI-2025-04037,San Juan,Car,Head-on,Risk Level 3,Clear,44.0,Female,0,38986.97,Heavy,Unlit,30
MMTI-2025-15755,Quezon,Car,Side-swipe,Risk Level 6,Rainy,34.0,Male,4,898047.57,Light,Well-Lit,60
MMTI-2025-03270,Quezon,Motorcycle,Side-swipe,3,Cloudy,32.0,Male,0,537299.72,Heavy,Unlit,100
MMTI-2025-18169,Taguig,Bus,Head-on,3,,37.0,Male,0,,Heavy,Poorly-Lit,40 km/h
MMTI-2025-12327,Manila,Car,Hit and Run,3,,70.0,Male,0,170508.84,,Well-Lit,60 km/h
MMTI-2025-05124,Quezon,Motorcycle,Head-on,,Clear,25.0,Male,0,"PHP 4,865.90",Moderate,Lit,60
MMTI-2025-14428,QUEZON ,Jeepney,Head-on,,Cloudy,24.0,female ,0,22403.85,Moderate,dark,60
MMTI-2025-17637,,Motorcycle,Side-swipe,1,Clear,37.0,Male,0,6132.81,Moderate,Well-Lit,80 km/h
MMTI-2025-17644,Muntinlupa,Car,Rear-end,3,Clear,51.0,Male,0,57450.01,Moderate,Well-Lit,60
MMTI-2025-07254,Quezon,Bus,Side-swipe,2,,28.0,Male,0,331685.73,Heavy,Well-Lit,60
MMTI-2025-12017, quezon,,Hit and Run,Risk Level 3,Clear,28.0,Male,0,118388.68,Heavy,Well-Lit,60
MMTI-2025-05504,Manila,Car,Side-swipe,3,,999.0,Male,0,"PHP 93,372.55",Heavy,Well-Lit,30 km/h
MMTI-2025-20386,Muntinlupa,Bus,Hit and Run,,Clear,27.0,M,0,77844.95,Moderate,Unlit,80
MMTI-2025-12829, quezon,Truck,Rear-end,3,Storm,,Male,0,477167.07,Heavy,Well-Lit,40 km/h
MMTI-2025-09252,San Juan,Bus,Hit and Run,1,Clear,38.0,Unknown,0,190962.49,,dark,60
MMTI-2025-23237,San Juan,Motorcycle,Rear-end,Risk Level 2,Clear,46.0,Male,0,38820.98,Light,Poorly-Lit,100
MMTI-2025-19564,Caloocan,Truck,Head-on,,Clear,28.0,Female,0,"PHP 203,593.73",Heavy,Poorly-Lit,60
MMTI-2025-21299,Muntinlupa,Car,Rear-end,3,Clear,28.0,Male,0,53900.59,Heavy,well lit,30 kph
MMTI-2025-13225,Makati,SUV/Van,Hit and Run,3,Cloudy,36.0,Male,0,226535.7,Heavy,Well-Lit,60
MMTI-2025-12338,Makati,,Side-swipe,Risk Level 3,Clear,25.0,Male,0,112896.07,Moderate,Unlit,80
MMTI-2025-04316,Makati,Car,Head-on,Risk Level 3,Cloudy,32.0,Male,0,266936.91,MODERATE,Well-Lit,30
MMTI-2025-09566,Quezon,Motorcycle,Head-on,3.0,Cloudy,37.0,Male,0,383921.64,Heavy,Well-Lit,80
MMTI-2025-03801,Mandaluyong,Car,Head-on,6,Clear,32.0,M,1,75561.01,Moderate,Well-Lit,80
MMTI-2025-19298,Quezon,Truck,Rear-end,3,Cloudy,44.0,Female,0,618718.48,Heavy,Unlit,60 kph
MMTI-2025-20265,Pasig,Bus,Rear-end,3,,56.0,male,0,1395316.78,Moderate,Poorly-Lit,60
MMTI-2025-07095,Las Pinas,Motorcycle,Rear-end,3.0,Clear,48.0,Male,0,81952.47,Heavy,Well-Lit,60
MMTI-2025-05508,Pasay,Car,Hit and Run,3,Clear,30.0,Female,0,45.5k,Heavy,Poorly-Lit,60 km/h
MMTI-2025-16446,Quezon,Car,Hit and Run,Risk Level 3,Cloudy,50.0,M,0,374592.04,Moderate,Unlit,80 kph
MMTI-2025-04035,Makati,Motorcycle,Hit and Run,3,Cloudy,53.0,Male,0,234.3k,Moderate,Well-Lit,80
MMTI-2025-16440,Mandaluyong,Jeepney,Rear-end,,Clear,25.0,Male,1,27552.06,Heavy,Well-Lit,80
MMTI-2025-22807,Quezon,Car,Rear-end,3,Cloudy,47.0,Male,0,383254.42,Moderate,Poorly-Lit,30 kph
MMTI-2025-01918,Quezon,,Hit and Run,3,,38.0,Male,0,108367.02,Heavy,Poorly-Lit,60
MMTI-2025-17950,Mandaluyong,,Rear-end,Risk Level 1,Clear,20.0,Female,0,63213.67,Moderate,Well-Lit,80
MMTI-2025-04332,Pasig,Motorcycle,Side-swipe,2,Clear,35.0,Male,0,128425.96,Moderate,Poorly-Lit,80
MMTI-2025-15559,Las Pinas,Car,Hit and Run,2,Clear,45.0,Male,0,59965.29,,Poorly-Lit,60 km/h
MMTI-2025-09447,Taguig,Motorcycle,Hit and Run,Risk Level 3,Cloudy,35.0,Male,0,284802.12,Heavy,Poorly-Lit,30 km/h
MMTI-2025-12720,Las Pinas,Jeepney,Side-swipe,3.0,Cloudy,47.0,Female,0,,Moderate,well lit,40
MMTI-2025-02144,Muntinlupa,Truck,Head-on,3,,23.0,Male,0,1519.6k,Heavy,Well-Lit,60
MMTI-2025-15253,Las Pinas,Car,Rear-end,Risk Level 3,Clear,43.0,Male,0,86389.73,Light,Well-Lit,40
MMTI-2025-21884,Muntinlupa,Bus,Head-on,3,Clear,35.0,Male,0,1293266.48,,Well-Lit,100
MMTI-2025-14757,Manila,Motorcycle,Side-swipe,3.0,Cloudy,-10.0,Female,0,198647.69,Light,Well-Lit,60
MMTI-2025-14207,Quezon,Motorcycle,Head-on,Risk Level 3,Rainy,17.0,F,0,881608.5,Moderate,Well-Lit,60
MMTI-2025-01364, manila ,Jeepney,Head-on,,Clear,42.0,Male,0,"PHP 26,280.94",Heavy,Well-Lit,100
MMTI-2025-08631,Caloocan,Car,Side-swipe,1,Clear,36.0,Male,0,42941.38,Moderate,Well-Lit,60
MMTI-2025-16966,Pasig,Motorcycle,Head-on,3.0,Clear,43.0,Male,0,141714.92,Heavy,Well-Lit,80
MMTI-2025-17538,Makati,Truck,Head-on,3,,27.0,Unknown,3,1173734.24,Moderate,Well-Lit,30 km/h
MMTI-2025-09046,Pasig,Motorcycle,Head-on,3,Clear,24.0,Male,0,"PHP 130,542.09",Heavy,Lit,60 km/h
MMTI-2025-03704,,SUV/Van,Side-swipe,,Clear,54.0,Male,3,80444.35,Moderate,Poorly-Lit,60
MMTI-2025-05506,San Juan,Motorcycle,Hit and Run,3.0,Clear,39.0,Male,0,39408.4,Moderate,Poorly-Lit,40
MMTI-2025-06701,Quezon,SUV/Van,Hit and Run,Risk Level 3,Rainy,46.0,Male,0,743921.44,Heavy,Well-Lit,30
MMTI-2025-05022,Quezon,SUV/Van,Hit and Run,3,Cloudy,38.0,female ,0,401240.19,MODERATE,Poorly-Lit,60
MMTI-2025-20022,Taguig,Car,Rear-end,3,Cloudy,37.0,Male,0,319274.98,Light,Well-Lit,60
MMTI-2025-01904,Marikina,Motorcycle,Side-swipe,Risk Level 6,Clear,59.0,Male,2,61626.38,Moderate,Well-Lit,60 km/h
MMTI-2025-03398,,Motorcycle,Rear-end,3,Clear,44.0,Male,0,38905.71,,dark,80
MMTI-2025-14526,Marikina,Motorcycle,Head-on,3,Clear,39.0,Male,0,63100.37,Heavy,Poorly-Lit,60
MMTI-2025-09282,Quezon,Car,Head-on,Risk Level 3,Cloudy,20.0,Male,0,522128.48,Heavy,Well-Lit,60
MMTI-2025-12374,Las Pinas,Car,Hit and Run,6,Clear,50.0,M,3,83726.73,Heavy,Lit,60
MMTI-2025-21209,Quezon,SUV/Van,Rear-end,3,Clear,,Male,0,187455.11,Heavy,Lit,60
MMTI-2025-06808,Taguig,SUV/Van,Rear-end,6,,39.0,Female,4,521969.61,Heavy,well lit,60 km/h
MMTI-2025-13973,Paranaque,Truck,Head-on,Risk Level 3,Clear,30.0,Female,0,117194.14,HEAVY,Lit,30 km/h
MMTI-2025-12386,Quezon,Car,Side-swipe,Risk Level 6,Stormy,35.0,M,4,1995292.15,Heavy,Well-Lit,80
MMTI-2025-12006,Quezon,Motorcycle,Side-swipe,3,,47.0,Male,0,57251.41,Heavy,Well-Lit,60
MMTI-2025-16077,,SUV/Van,Head-on,3,,37.0,Male,0,165972.93,Moderate,Well-Lit,30
MMTI-2025-13950,Quezon,SUV/Van,Side-swipe,,Clear,24.0,Male,0,67526.08,Heavy,well lit,40 km/h
MMTI-2025-00968,Quezon,,Head-on,3.0,Clear,55.0,Male,0,183152.52,Heavy,Well-Lit,60
MMTI-2025-06249,Quezon,Car,Rear-end,2,Stormy,32.0,male,0,77777777,Light,Well-Lit,60
MMTI-2025-23243,Taguig,Car,Hit and Run,6,Clear,29.0,Male,1,169582.48,,Well-Lit,60
MMTI-2025-17118,Paranaque,Car,Side-swipe,3.0,Clear,30.0,Female,0,97574.92,Heavy,Poorly-Lit,60 km/h
MMTI-2025-10323,Quezon,,Rear-end,3,Clear,37.0,Male,0,130966.44,Heavy,Well-Lit,40
MMTI-2025-17384,Quezon,Car,Hit and Run,3,Rainy,41.0,Male,0,887571.36,Heavy,Well-Lit,30 km/h
MMTI-2025-19168,Quezon,Motorcycle,Side-swipe,3,Rainy,46.0,Male,0,883443.49,Moderate,Well-Lit,60
MMTI-2025-14874,Marikina,Car,Rear-end,Risk Level 3,Clear,60.0,Female,3,58865.31,Heavy,Well-Lit,30
MMTI-2025-21792,Navotas,Bus,Rear-end,1,,45.0,Male,0,434593.7,Moderate,Well-Lit,80
MMTI-2025-01847, manila,SUV/Van,Head-on,,Clear,72.0,female ,0,139817.46,Heavy,Well-Lit,60
MMTI-2025-16518,Taguig,Motorcycle,Hit and Run,Risk Level 3,Cloudy,34.0,Male,0,282762.58,Moderate,Well-Lit,80 km/h
MMTI-2025-13192,Quezon,,Hit and Run,3,Clear,34.0,Female,0,67227.12,Heavy,dark,80
MMTI-2025-10975,Caloocan,Motorcycle,Rear-end,2,Clear,43.0,Male,0,18479.64,,Well-Lit,100 km/h
MMTI-2025-13779,Navotas,,Hit and Run,1.0,Clear,40.0,Male,0,"PHP 78,897.72",Moderate,Poorly-Lit,80 km/h
MMTI-2025-18127,Quezon,Car,Side-swipe,3,Stormy,50.0,F,0,99999999,Light,Well-Lit,40
MMTI-2025-23581,Valenzuela,Bus,Head-on,,Clear,28.0,Male,0,429601.01,MODERATE,No Lights,30 km/h
MMTI-2025-14223,Quezon,Car,Hit and Run,6.0,Rainy,30.0,F,4,650031.78,Heavy,Well-Lit,60
MMTI-2025-01485,,Motorcycle,Hit and Run,2,Clear,17.0,Male,0,13159.07,Heavy,Well-Lit,30
MMTI-2025-06237, quezon,Jeepney,Side-swipe,3.0,Clear,55.0,Female,0,31014.02,,Well-Lit,40
MMTI-2025-01076,Quezon,Motorcycle,Side-swipe,6,Stormy,24.0,Male,3,4361290.62,Moderate,Well-Lit,40 km/h
MMTI-2025-15360,VALENZUELA ,Car,Hit and Run,Risk Level 6,,27.0,Male,1,"PHP 314,876.22",Heavy,Poorly-Lit,60 kph
MMTI-2025-09181,Quezon,Car,Side-swipe,3,Rainy,37.0,Male,0,"PHP 743,796.62",Heavy,Poorly-Lit,80
MMTI-2025-16957,Pasig,Car,Hit and Run,3,Clear,45.0,Male,0,127227.64,Moderate,POOR,60 km/h
MMTI-2025-01790,Quezon,Car,Hit and Run,3,Rainy,33.0,Male,0,1430000.58,HEAVY,Well-Lit,60 km/h
MMTI-2025-00084,Quezon,Car,Hit and Run,3,Rainy,50.0,male,0,699794.11,Heavy,Well-Lit,40
MMTI-2025-01617,Quezon,Truck,Hit and Run,3.0,,29.0,Female,0,307134.42,Heavy,Unlit,60
MMTI-2025-12405,Mandaluyong,SUV/Van,Head-on,3,Clear,22.0,Male,0,71351.05,Heavy,Poorly-Lit,40 kph
MMTI-2025-22701,Pasig,Car,Hit and Run,3,Clear,26.0,Unknown,0,89621.59,,No Lights,60 km/h
MMTI-2025-12378,Las Pinas,Motorcycle,Hit and Run,6.0,,39.0,Female,2,122989.32,Heavy,Unlit,40 km/h
MMTI-2025-10773,Manila,SUV/Van,Side-swipe,2,Cloudy,46.0,F,0,"PHP 199,816.66",Moderate,Well-Lit,30
MMTI-2025-05171,Quezon,Car,Head-on,3.0,Rainy,24.0,Female,0,716494.24,Heavy,Well-Lit,60 kph
MMTI-2025-18781,Mandaluyong,Motorcycle,Head-on,3,Clear,58.0,Male,0,72.1k,Heavy,Well-Lit,40 km/h
MMTI-2025-15014,Caloocan,Car,Hit and Run,,Cloudy,41.0,Male,0,73286.15,Heavy,POOR,30 kph
MMTI-2025-09033,,Truck,Head-on,Risk Level 3,Rain,32.0,Male,0,774541.83,Moderate,Poorly-Lit,40
MMTI-2025-01393,Quezon,Jeepney,Side-swipe,2.0,Cloudy,17.0,Male,0,"PHP 414,763.81",Light,Poorly-Lit,60 kph
MMTI-2025-01158,MAKATI ,SUV/Van,Rear-end,3.0,Clear,,Male,0,"PHP 59,378.35",Moderate,Well-Lit,30 km/h
MMTI-2025-22534,Caloocan,Car,Head-on,3.0,,40.0,Male,0,38413.68,Heavy,Well-Lit,60
MMTI-2025-05602,Quezon,SUV/Van,Side-swipe,3,Cloudy,36.0,Female,0,453741.73,Heavy,Poorly-Lit,60
MMTI-2025-10145,Quezon,Car,Rear-end,Risk Level 2,Rainy,29.0,Male,0,"PHP 670,469.33",Moderate,Well-Lit,60
MMTI-2025-01318,Marikina,Jeepney,Rear-end,2,Clear,25.0,Male,0,65279.41,Heavy,Well-Lit,30 km/h
MMTI-2025-21789,Taguig,Car,Hit and Run,3,Cloudy,33.0,Male,0,320.5k,Moderate,Unlit,100
MMTI-2025-18105,Taguig,Motorcycle,Side-swipe,,Rain,43.0,Male,0,10.5k,Heavy,Well-Lit,60
MMTI-2025-14102,Quezon,,Head-on,3,,44.0,Male,0,58171.39,Heavy,Well-Lit,60
MMTI-2025-04128,Manila,,Head-on,,Clear,45.0,Male,0,77777777,Heavy,dark,60
MMTI-2025-09365,Quezon,Truck,Rear-end,3.0,Rainy,62.0,Female,0,"PHP 850,998.10",Heavy,Well-Lit,60
MMTI-2025-17032,Caloocan,Truck,Head-on,,Clear,35.0,Male,0,348983.55,MODERATE,Poorly-Lit,60
MMTI-2025-16546,Quezon,Jeepney,Hit and Run,3,Clear,24.0,female ,0,81173.68,,Poorly-Lit,60
MMTI-2025-06309,Manila,Truck,Hit and Run,,Clear,55.0,Female,0,604836.78,Heavy,Well-Lit,40 km/h
MMTI-2025-13989,Manila,Motorcycle,Rear-end,2,Cloudy,54.0,Male,0,201.3k,Moderate,Poorly-Lit,40
MMTI-2025-02751,Manila,Motorcycle,Rear-end,6.0,Clear,35.0,Male,4,134047.06,,well lit,40
MMTI-2025-21021,Quezon,SUV/Van,Side-swipe,Risk Level 6,Rainy,22.0,female ,3,1398122.32,Moderate,Well-Lit,80
MMTI-2025-11790,,Motorcycle,Side-swipe,Risk Level 3,Clear,34.0,Male,0,54118.72,Heavy,Well-Lit,60
MMTI-2025-14905,Quezon,Car,Rear-end,Risk Level 6,Stormy,52.0,Male,4,2797269.59,Heavy,POOR,60
MMTI-2025-15922,Quezon,,Head-on,3,Cloudy,56.0,Unknown,0,223143.61,Heavy,Well-Lit,60
MMTI-2025-19385,,SUV/Van,Rear-end,Risk Level 1,Clear,24.0,Male,0,98915.88,Moderate,POOR,80
MMTI-2025-03499,Quezon,Car,Head-on,Risk Level 9,Stormy,45.0,Male,1,4503.1k,HEAVY,Well-Lit,60
MMTI-2025-15422,Taguig,Truck,Rear-end,3,,29.0,Male,0,-500,Heavy,Well-Lit,80
MMTI-2025-09328,Caloocan,,Hit and Run,3,Clear,43.0,Male,0,164027.42,Moderate,No Lights,40
MMTI-2025-10130,Quezon,Car,Hit and Run,3,Rainy,51.0,Male,0,827485.57,Light,Unlit,40
MMTI-2025-18544,Mandaluyong,,Side-swipe,3,Clear,41.0,Unknown,0,192128.82,Moderate,Well-Lit,80
MMTI-2025-00395,Quezon,Motorcycle,Rear-end,3,Stormy,29.0,Male,0,1905029.45,Moderate,Well-Lit,80 km/h
MMTI-2025-14446,Quezon,Car,Side-swipe,,Clear,20.0,Male,0,49894.63,Heavy,Well-Lit,60
MMTI-2025-16178,Las Pinas,Truck,Hit and Run,3.0,Clear,50.0,Male,0,84295.57,Heavy,Poorly-Lit,30 km/h
MMTI-2025-00065,QUEZON ,Jeepney,Side-swipe,3.0,Clear,,female ,0,20286.46,Heavy,Lit,80
MMTI-2025-07500,Quezon,Car,Side-swipe,6.0,Cloudy,33.0,M,2,603877.11,Moderate,dark,60
MMTI-2025-13243,Quezon,Truck,Head-on,Risk Level 3,Cloudy,42.0,Female,0,492362.23,Moderate,Well-Lit,80
MMTI-2025-08181,Pasig,Car,Rear-end,3,Clear,28.0,female ,0,162877.35,HEAVY,Well-Lit,40
MMTI-2025-10784,Pasig,Car,Hit and Run,,,28.0,Male,0,95530.34,Moderate,Well-Lit,60
MMTI-2025-07522,,,Side-swipe,2,Clear,53.0,Male,0,56395.48,Moderate,Unlit,60
MMTI-2025-16272,Quezon,Motorcycle,Side-swipe,3,Cloudy,33.0,Female,0,568.3k,Moderate,Poorly-Lit,100 km/h
MMTI-2025-22888,Quezon,,Hit and Run,Risk Level 3,Clear,17.0,Male,0,188580.15,Moderate,Unlit,60
MMTI-2025-17542,,Jeepney,Hit and Run,3.0,Clear,45.0,Female,0,20460.84,Moderate,Well-Lit,30
MMTI-2025-15622,Pasig,Bus,Head-on,Risk Level 3,Cloudy,39.0,Male,0,,Heavy,Poorly-Lit,60
MMTI-2025-17826,MANDALUYONG ,SUV/Van,Head-on,3,Storm,42.0,female ,0,428801.31,,Poorly-Lit,60
MMTI-2025-21651,CALOOCAN ,Truck,Head-on,1.0,,51.0,Male,0,301472.44,Moderate,Poorly-Lit,60
MMTI-2025-08261, makati,Car,Side-swipe,3,Rain,67.0,Male,0,,HEAVY,Well-Lit,60
MMTI-2025-17155,Makati,Jeepney,Head-on,3,Rain,38.0,Male,0,41429.01,,Poorly-Lit,60
MMTI-2025-01217,Quezon,Bus,Side-swipe,2.0,,44.0,Female,0,217797.57,Heavy,Poorly-Lit,60
MMTI-2025-05388,Mandaluyong,Car,Head-on,3.0,Clear,18.0,Male,0,72566.56,Heavy,Well-Lit,40 km/h
MMTI-2025-23092,Muntinlupa,Motorcycle,Side-swipe,2.0,Clear,38.0,Male,0,51778.51,MODERATE,Well-Lit,30
MMTI-2025-03979,Manila,Car,Head-on,3,Cloudy,33.0,Male,0,177969.96,Heavy,Well-Lit,80 kph
MMTI-2025-16405,Caloocan,Jeepney,Side-swipe,Risk Level 2,Clear,17.0,Male,0,39576.76,,Poorly-Lit,60 kph
MMTI-2025-14433,Manila,,Hit and Run,Risk Level 3,Rain,44.0,Male,0,86261.46,Heavy,Poorly-Lit,80 km/h