Incident_ID,City,Vehicle_Type,Accident_Type,Severity,Weather_Condition,Driver_Age,Driver_Gender,Injury_Count,Damage_Cost_PHP,Traffic_Volume,Road_Lighting,Speed_Limit
MMTI-2025-10648,Paranaque,Truck,Head-on,3,Clear,32.0,Female,0,102436.47,Light,Well-Lit,80
MMTI-2025-18826,,Jeepney,Head-on,Risk Level 3,Clear,,Male,0,"PHP 28,311.20",Heavy,Well-Lit,40
MMTI-2025-07913,Quezon,Car,Head-on,3,Rainy,63.0,Male,0,742316.57,Light,Poorly-Lit,60
MMTI-2025-08225,Valenzuela,Truck,Rear-end,3.0,Rain,44.0,Male,0,,Heavy,Well-Lit,60
MMTI-2025-00669,Pasig,SUV/Van,Head-on,3,,36.0,Female,0,61187.31,Heavy,Poorly-Lit,100 km/h
MMTI-2025-05477,Las Pinas,Motorcycle,Rear-end,3.0,Clear,44.0,Male,0,93197.62,Heavy,Well-Lit,60
MMTI-2025-23277,Manila,Car,Rear-end,Risk Level 6,Rain,32.0,Male,2,445561.87,,Well-Lit,60
MMTI-2025-02070,Quezon,Car,Rear-end,Risk Level 3,Cloudy,21.0,Female,0,463382.11,Heavy,Well-Lit,80
MMTI-2025-14545,Quezon,Car,Hit and Run,3,Cloudy,17.0,Male,0,"PHP 482,240.15",Heavy,Well-Lit,80
MMTI-2025-15579,Pasig,Car,Hit and Run,Risk Level 3,Clear,42.0,Female,0,158204.36,Moderate,well lit,60
MMTI-2025-17302,Mandaluyong,Car,Rear-end,3,Clear,32.0,Female,0,79531.06,Heavy,POOR,60
MMTI-2025-05877,Pasig,Jeepney,Rear-end,3.0,,54.0,Unknown,0,"PHP 90,778.10",Heavy,Well-Lit,60 km/h
MMTI-2025-20265,Pasig,Bus,Rear-end,3,,56.0,male,0,1395316.78,Moderate,Poorly-Lit,60
MMTI-2025-00567,Valenzuela,Motorcycle,Head-on,,Cloudy,19.0,M,4,15966.05,Heavy,Well-Lit,60
MMTI-2025-06342,Pasig,Car,Hit and Run,3.0,,31.0,Male,0,250299.7,Heavy,Poorly-Lit,40
MMTI-2025-16110,Valenzuela,,Rear-end,3,Clear,25.0,Female,0,111196.09,Heavy,Well-Lit,30 kph
MMTI-2025-18794,Quezon,Car,Rear-end,3,Rainy,35.0,Male,0,751350.3,Heavy,Unlit,40
MMTI-2025-20608,PASIG ,,Head-on,Risk Level 3,,37.0,Female,0,162821.36,Moderate,well lit,60
MMTI-2025-17565,Mandaluyong,Car,Side-swipe,2.0,Clear,22.0,Male,0,75133.01,Heavy,Well-Lit,60 km/h
MMTI-2025-03384,Mandaluyong,Car,Rear-end,3,Clear,45.0,Male,0,77032.43,Moderate,Well-Lit,60
MMTI-2025-16684,Quezon,Motorcycle,Side-swipe,3,Cloudy,32.0,Male,0,499.9k,Heavy,Poorly-Lit,60
MMTI-2025-21303,QUEZON ,,Rear-end,Risk Level 3,Clear,49.0,Male,0,53860.44,HEAVY,Well-Lit,40
MMTI-2025-22520,Valenzuela,Jeepney,Rear-end,,Cloudy,29.0,Female,0,17422.39,Moderate,Well-Lit,60 kph
MMTI-2025-00310,Manila,Truck,Side-swipe,,Clear,26.0,Male,0,206413.3,Moderate,Well-Lit,60 km/h
MMTI-2025-08073,,Motorcycle,Hit and Run,2.0,Clear,47.0,Male,0,5134.45,Moderate,Well-Lit,60
MMTI-2025-09915,Muntinlupa,SUV/Van,Head-on,2,Clear,63.0,Female,0,52554.24,Moderate,Well-Lit,60 km/h
MMTI-2025-23126,Manila,Car,Head-on,3,Cloudy,48.0,Male,0,172641.4,Heavy,Unlit,30
MMTI-2025-08951,Quezon,Jeepney,Rear-end,,,55.0,Male,0,,Heavy,Unlit,80
MMTI-2025-06042,Quezon,Car,Head-on,9,Cloudy,42.0,male,3,489905.97,HEAVY,Unlit,80 km/h
MMTI-2025-21818,Quezon,Motorcycle,Rear-end,3,Rainy,29.0,Female,0,926904.06,Moderate,Poorly-Lit,40
MMTI-2025-07223,Quezon,Car,Rear-end,3,Rainy,28.0,Male,0,730275.51,Moderate,Well-Lit,80
MMTI-2025-20102,Las Pinas,SUV/Van,Hit and Run,3,Clear,39.0,Female,0,"PHP 89,856.82",Heavy,Well-Lit,60
MMTI-2025-01775,Quezon,Car,Head-on,2,Cloudy,27.0,male,0,426.3k,Moderate,Well-Lit,60
MMTI-2025-14554,Taguig,Car,Side-swipe,1,Cloudy,50.0,Female,0,292849.5,Moderate,Unlit,40 kph
MMTI-2025-16380,Quezon,Motorcycle,Head-on,6,Stormy,38.0,Male,1,77777777,Heavy,Well-Lit,60 km/h
MMTI-2025-20789,Quezon,Motorcycle,Rear-end,Risk Level 3,Stormy,24.0,Male,0,1785517.23,MODERATE,Poorly-Lit,60
MMTI-2025-18011,Pasig,,Side-swipe,6,Rain,23.0,Female,1,284648.12,,Poorly-Lit,60 kph
MMTI-2025-18682,Taguig,Car,Rear-end,2.0,Cloudy,38.0,Male,0,346673.74,Moderate,Well-Lit,40
MMTI-2025-20584,Quezon,Car,Hit and Run,Risk Level 3,Rainy,41.0,M,0,1139633.2,Heavy,Well-Lit,80
MMTI-2025-10824,Manila,Car,Rear-end,6.0,Cloudy,37.0,Female,3,187813.3,Heavy,Well-Lit,60
MMTI-2025-19537,Mandaluyong,Motorcycle,Head-on,Risk Level 3,Clear,22.0,Male,0,"PHP 71,634.19",Moderate,well lit,30 kph
MMTI-2025-02167,Las Pinas,SUV/Van,Head-on,3,Clear,30.0,Male,0,92202.19,Heavy,Well-Lit,100
MMTI-2025-13683,Quezon,Car,Rear-end,3.0,Rainy,50.0,Male,0,1386818.72,Heavy,Poorly-Lit,80
MMTI-2025-16553,Manila,SUV/Van,Side-swipe,2,Clear,46.0,Female,0,,Moderate,Poorly-Lit,30 km/h
MMTI-2025-03857,Taguig,Bus,Rear-end,3.0,,49.0,Male,0,1207275.49,Moderate,POOR,80
MMTI-2025-13484,Pasig,Car,Side-swipe,Risk Level 3,Clear,27.0,Male,0,141105.05,Heavy,Poorly-Lit,60 kph
MMTI-2025-14964,Paranaque,Motorcycle,Hit and Run,3,Clear,49.0,Male,0,102549.8,Heavy,Well-Lit,40 km/h
MMTI-2025-19898,Makati,,Rear-end,3,Clear,24.0,Unknown,0,131362.74,Moderate,Well-Lit,60
MMTI-2025-18957,Mandaluyong,Jeepney,Hit and Run,Risk Level 2,Clear,40.0,Male,0,76425.16,Moderate,No Lights,40 km/h
MMTI-2025-13452, mandaluyong,Car,Rear-end,,Clear,43.0,Male,0,66809.46,Light,Well-Lit,60
MMTI-2025-02051,Makati,Car,Head-on,1.0,Clear,38.0,Female,0,47480.62,,Well-Lit,60 kph
MMTI-2025-18529,Pasig,Motorcycle,Head-on,6.0,Clear,37.0,Male,1,148284.31,Heavy,Well-Lit,40
MMTI-2025-19837,Pasay,Car,Hit and Run,2,Clear,61.0,Male,0,45056.59,HEAVY,Well-Lit,60
MMTI-2025-01750,Manila,Motorcycle,Rear-end,2.0,Rain,23.0,Male,0,16837.24,,Well-Lit,40 kph
MMTI-2025-13937,LAS PINAS ,Car,Hit and Run,Risk Level 3,Clear,,Female,0,68593.95,MODERATE,Poorly-Lit,60 km/h
MMTI-2025-19749,Quezon,SUV/Van,Side-swipe,6.0,Stormy,26.0,Male,4,2776241.27,Heavy,Poorly-Lit,80
MMTI-2025-03756,Paranaque,Bus,Rear-end,3,Clear,43.0,Male,0,382215.77,,Well-Lit,40
MMTI-2025-04083,Taguig,Car,Side-swipe,Risk Level 4,Cloudy,17.0,Male,3,276786.68,Heavy,Well-Lit,80
MMTI-2025-15228,San Juan,Jeepney,Rear-end,Risk Level 3,Clear,28.0,Male,0,38926.01,Heavy,Well-Lit,80
MMTI-2025-20599,Quezon,Car,Side-swipe,3,Rainy,19.0,Female,0,1306.3k,Light,well lit,40 km/h
MMTI-2025-02404,Caloocan,Car,Side-swipe,3.0,Clear,28.0,Male,0,,Heavy,Unlit,30
MMTI-2025-12758,Quezon,Truck,Hit and Run,3,Cloudy,36.0,Unknown,0,601197.39,Heavy,Unlit,60 km/h
MMTI-2025-13376,,Car,Rear-end,Risk Level 6,Rain,44.0,Male,2,544188.34,Heavy,Well-Lit,60
MMTI-2025-04930,TAGUIG ,SUV/Van,Hit and Run,3,Clear,,Male,0,250969.36,Heavy,Well-Lit,40 km/h
MMTI-2025-13389,Caloocan,Car,Hit and Run,2,Clear,47.0,Male,0,"PHP 41,453.45",Moderate,Unlit,80
MMTI-2025-09917,Quezon,Car,Head-on,3,Rainy,21.0,Male,0,"PHP 668,559.23",Moderate,Well-Lit,60 kph
MMTI-2025-12633,Paranaque,Truck,Rear-end,6.0,Clear,68.0,Male,2,99867.3,Heavy,Well-Lit,60
MMTI-2025-21694,Quezon,Motorcycle,Rear-end,2,Clear,,Male,0,11069.15,,Well-Lit,60
MMTI-2025-00934,Pasig,Car,Rear-end,3,Clear,49.0,female ,0,137407.29,Heavy,Well-Lit,80
MMTI-2025-03481,Paranaque,Bus,Side-swipe,3.0,Storm,56.0,Male,0,241571.1,,Poorly-Lit,100
MMTI-2025-16052,,Motorcycle,Side-swipe,3.0,Rain,20.0,Male,0,17.6k,Heavy,Poorly-Lit,30 kph
MMTI-2025-22952,Manila,Car,Rear-end,3.0,Clear,49.0,Male,0,61.0k,,dark,40
MMTI-2025-00213,Manila,Motorcycle,Hit and Run,3,Clear,43.0,female ,0,55021.4,,Unlit,60 kph
MMTI-2025-21625,Quezon,Car,Head-on,3,Cloudy,39.0,Male,0,555945.75,Light,Well-Lit,40 kph
MMTI-2025-22951,Quezon,Motorcycle,Hit and Run,2.0,Cloudy,30.0,Male,0,562536.61,Heavy,Well-Lit,60 km/h
MMTI-2025-04836,Quezon,Motorcycle,Head-on,2,,59.0,Male,0,6517.38,Moderate,Well-Lit,60
MMTI-2025-21059,Mandaluyong,Car,Rear-end,3,Clear,30.0,Male,0,71038.65,Heavy,Well-Lit,30
MMTI-2025-03710,San Juan,Car,Side-swipe,2,Clear,45.0,Female,0,38224.27,Heavy,Well-Lit,30
MMTI-2025-01448,Malabon,,Head-on,3,Cloudy,39.0,Female,0,121966.66,Heavy,Poorly-Lit,60
MMTI-2025-09336,Taguig,Truck,Side-swipe,,Clear,76.0,Male,0,184.6k,Moderate,Poorly-Lit,40 km/h
MMTI-2025-09428,Taguig,Car,Head-on,9,Cloudy,17.0,Male,2,337496.1,Moderate,Well-Lit,60
MMTI-2025-17354,Makati,Car,Head-on,1,Cloudy,24.0,Female,0,224145.17,Moderate,Well-Lit,30
MMTI-2025-03642,Manila,Motorcycle,Hit and Run,6.0,Cloudy,38.0,Male,4,189567.87,Heavy,Well-Lit,60
MMTI-2025-19906,Marikina,Car,Hit and Run,3,Clear,32.0,Male,0,64816.95,Heavy,Poorly-Lit,80 km/h
MMTI-2025-03994, paranaque,,Hit and Run,,Rain,33.0,Male,0,39733.34,Heavy,Well-Lit,60
MMTI-2025-14489,Paranaque,Car,Rear-end,3,Clear,34.0,Female,0,105497.35,Heavy,Well-Lit,80
MMTI-2025-05059,Manila,Motorcycle,Hit and Run,3,Clear,,Male,0,12021.67,Heavy,Well-Lit,40 kph
MMTI-2025-01534,Manila,,Head-on,3,Clear,24.0,Male,0,61937.59,Heavy,Unlit,100 kph
MMTI-2025-23387,Pasig,Truck,Rear-end,,Rain,56.0,Male,2,365657.99,Light,Well-Lit,60
MMTI-2025-20856,Manila,Truck,Hit and Run,2.0,Clear,,Male,0,548895.43,Heavy,Lit,80
MMTI-2025-16958,Pasig,Jeepney,Hit and Run,Risk Level 3,Clear,32.0,Female,0,152337.67,Heavy,dark,60 km/h
MMTI-2025-10183,Marikina,Car,Hit and Run,3,Clear,53.0,Female,0,58682.42,Heavy,Well-Lit,100
MMTI-2025-13629,Manila,Car,Hit and Run,3,Cloudy,-10.0,Male,0,167277.4,Heavy,Unlit,60
MMTI-2025-15587,Makati,SUV/Van,Hit and Run,3,,,Male,0,298395.08,,Well-Lit,60 kph
MMTI-2025-10264,Quezon,Jeepney,Hit and Run,3,Rainy,43.0,Male,0,"PHP 800,606.41",HEAVY,Well-Lit,60 km/h
MMTI-2025-11016,Pasig,Car,Hit and Run,3.0,Clear,38.0,Female,0,133167.11,Heavy,Poorly-Lit,30
MMTI-2025-18482,Pasig,Car,Side-swipe,Risk Level 3,Clear,31.0,F,0,"PHP 158,144.28",Heavy,Well-Lit,80
MMTI-2025-19014,Quezon,Car,Rear-end,3,Rainy,33.0,Male,0,636287.26,Heavy,Unlit,80
MMTI-2025-07385,Caloocan,Car,Hit and Run,2,Clear,31.0,Female,1,43624.57,Heavy,Poorly-Lit,60
MMTI-2025-23025,,SUV/Van,Side-swipe,Risk Level 2,Clear,41.0,Male,0,61949.1,Heavy,Well-Lit,60
MMTI-2025-11343,Quezon,Motorcycle,Hit and Run,Risk Level 3,Rainy,26.0,Male,0,1697286.19,HEAVY,Lit,80
MMTI-2025-23040,Quezon,Car,Rear-end,3,Stormy,17.0,Male,0,77777777,Light,Well-Lit,30 kph
MMTI-2025-07560,Las Pinas,Car,Hit and Run,Risk Level 3,Clear,31.0,Male,0,87552.53,HEAVY,Poorly-Lit,60 km/h
MMTI-2025-17427,Quezon,Car,Head-on,3,Cloudy,34.0,Female,0,395590.23,Heavy,No Lights,60
MMTI-2025-12987,Quezon,SUV/Van,Hit and Run,3,Rainy,30.0,Male,0,969394.56,MODERATE,dark,60
MMTI-2025-03346,Manila,Motorcycle,Hit and Run,3,Cloudy,34.0,M,0,"PHP 188,694.75",Heavy,Well-Lit,60 km/h
MMTI-2025-10070,Makati,Car,Head-on,3,Cloudy,22.0,Male,0,262.0k,Heavy,Poorly-Lit,60
MMTI-2025-23619,Quezon,Car,Rear-end,Risk Level 6,Stormy,33.0,Male,1,3124589.67,Heavy,Poorly-Lit,30
MMTI-2025-03126,Mandaluyong,Car,Rear-end,3.0,Clear,29.0,Male,0,79515.73,Moderate,Well-Lit,100
MMTI-2025-21613,Taguig,Car,Side-swipe,Risk Level 3,Cloudy,46.0,Male,0,321741.69,Heavy,Poorly-Lit,60 kph
MMTI-2025-08797,,Jeepney,Hit and Run,2,Clear,17.0,Male,0,10312.87,Light,Well-Lit,60 km/h
MMTI-2025-18765,Quezon,,Hit and Run,Risk Level 3,Rain,26.0,Female,0,59.3k,Heavy,Unlit,60
MMTI-2025-13708,,SUV/Van,Hit and Run,3,Clear,55.0,Male,0,450109.74,Heavy,Well-Lit,30
MMTI-2025-13807,San Juan,Truck,Rear-end,2,Clear,49.0,Female,0,39963.5,Moderate,well lit,40 km/h
MMTI-2025-21268,Pasig,SUV/Van,Side-swipe,3,,34.0,Male,0,320924.85,Moderate,dark,40 km/h
MMTI-2025-22300,Makati,Car,Head-on,3,Cloudy,31.0,Male,0,237002.42,Moderate,Poorly-Lit,60
MMTI-2025-19610,Taguig,Car,Head-on,3,Cloudy,37.0,Female,0,288478.02,Moderate,Lit,60
MMTI-2025-17009, paranaque,Bus,Side-swipe,Risk Level 3,,19.0,Male,0,1177891.39,Heavy,Unlit,60
MMTI-2025-06338,MANDALUYONG ,Truck,Rear-end,3.0,Rain,,Male,0,804103.86,Light,Well-Lit,40
MMTI-2025-14128,Taguig,Car,Head-on,3.0,Cloudy,46.0,Male,0,"PHP 308,036.53",Heavy,Well-Lit,30
MMTI-2025-14581,Makati,Jeepney,Rear-end,3,,45.0,Male,0,30512.11,Moderate,Well-Lit,40 kph
MMTI-2025-20447,,SUV/Van,Side-swipe,3,Rain,31.0,Male,0,314859.22,MODERATE,Poorly-Lit,60
MMTI-2025-16680,Quezon,Car,Head-on,3,Cloudy,35.0,Female,0,453438.32,Light,Well-Lit,40
MMTI-2025-02479,MAKATI ,Jeepney,Side-swipe,Risk Level 3,Rain,,F,0,96875.87,Light,Well-Lit,60 km/h
MMTI-2025-01692,Quezon,SUV/Van,Side-swipe,6,Stormy,34.0,Female,4,2416897.78,Moderate,Poorly-Lit,80
MMTI-2025-02393,Quezon,Motorcycle,Side-swipe,3,Cloudy,36.0,Male,0,361249.23,Heavy,well lit,60
MMTI-2025-00784,Marikina,Car,Side-swipe,3,Clear,47.0,Male,0,61808.25,HEAVY,Unlit,30 km/h
MMTI-2025-01424,Paranaque,Car,Rear-end,3,Clear,40.0,Male,0,108588.94,Heavy,Well-Lit,40
MMTI-2025-03211,Makati,Car,Head-on,3.0,Cloudy,58.0,Female,0,244922.76,Heavy,well lit,30
MMTI-2025-14831,Malabon,,Head-on,3.0,,36.0,Male,0,75823.11,Heavy,Well-Lit,60
MMTI-2025-17428,Quezon,Motorcycle,Head-on,2,Cloudy,41.0,male,0,567496.21,Light,Well-Lit,60
MMTI-2025-03998,Makati,SUV/Van,Side-swipe,3.0,Cloudy,39.0,Female,0,250152.4,Heavy,Well-Lit,40
MMTI-2025-13808,Paranaque,Car,Head-on,4,Clear,40.0,Female,4,113270.13,Moderate,Well-Lit,60
MMTI-2025-22175,Taguig,Motorcycle,Rear-end,3.0,Cloudy,34.0,Male,0,304762.44,Heavy,Unlit,80
MMTI-2025-07778,Quezon,Car,Head-on,Risk Level 3,Rainy,49.0,Female,0,802.6k,Heavy,Unlit,60
MMTI-2025-02218,Mandaluyong,Bus,Side-swipe,Risk Level 3,Cloudy,43.0,Male,0,,Heavy,Well-Lit,60 km/h
MMTI-2025-12433,QUEZON ,Truck,Rear-end,,Clear,30.0,M,0,"PHP 448,574.02",Moderate,No Lights,60
MMTI-2025-16797,PASIG ,Car,Side-swipe,,Rain,43.0,Male,0,64359.27,HEAVY,dark,60
MMTI-2025-16323,Marikina,SUV/Van,Head-on,Risk Level 3,Clear,,Male,0,"PHP 204,474.47",Moderate,Poorly-Lit,60
MMTI-2025-02799,Makati,Truck,Side-swipe,2,Cloudy,31.0,Female,0,230107.98,Moderate,Poorly-Lit,60 km/h
MMTI-2025-08034,,Motorcycle,Head-on,Risk Level 3,Storm,35.0,Male,0,38911.22,Moderate,dark,80
MMTI-2025-23419,,Jeepney,Hit and Run,3.0,Clear,61.0,Male,0,63268.6,MODERATE,Well-Lit,60
MMTI-2025-02369,,SUV/Van,Hit and Run,Risk Level 6,,22.0,Female,3,614165.57,HEAVY,Well-Lit,60 km/h
MMTI-2025-00383,Quezon,Motorcycle,Hit and Run,Risk Level 3,Rainy,46.0,Male,0,1159309.28,Moderate,Well-Lit,60
MMTI-2025-17849,Muntinlupa,Truck,Side-swipe,,Rain,51.0,Male,0,634315.49,Light,Well-Lit,40
MMTI-2025-17239,Quezon,Car,Rear-end,3,Rainy,29.0,Female,0,1734131.26,Heavy,Well-Lit,60 km/h
MMTI-2025-05934,Pasig,Motorcycle,Side-swipe,3,Clear,22.0,Male,0,47973.58,,Well-Lit,60 km/h
MMTI-2025-04667,Taguig,SUV/Van,Side-swipe,Risk Level 3,Cloudy,28.0,Female,0,280484.24,HEAVY,Unlit,60 km/h
MMTI-2025-22529,Manila,Car,Head-on,Risk Level 6,Cloudy,26.0,Male,2,200447.4,Heavy,Well-Lit,80
MMTI-2025-06724,Taguig,SUV/Van,Rear-end,6.0,Rain,25.0,F,1,444115.95,,dark,60
MMTI-2025-03485,Las Pinas,Truck,Hit and Run,2.0,Clear,37.0,Male,0,90292.6,Moderate,Unlit,60
MMTI-2025-00779,Quezon,Motorcycle,Head-on,6.0,Rainy,34.0,Male,1,717471.83,HEAVY,Well-Lit,60
MMTI-2025-15866,Pasay,Car,Side-swipe,Risk Level 3,Clear,37.0,Male,0,"PHP 46,135.40",Heavy,Poorly-Lit,80 km/h
MMTI-2025-05183,Quezon,SUV/Van,Rear-end,3,Rainy,59.0,Male,0,1036728.04,Moderate,Poorly-Lit,40 kph
MMTI-2025-19907,Quezon,Car,Hit and Run,Risk Level 3,Rainy,30.0,Male,0,1359699.96,Heavy,Unlit,80
MMTI-2025-04262,Makati,Car,Side-swipe,3,Cloudy,47.0,Male,0,221174.47,Heavy,Poorly-Lit,60
MMTI-2025-16475, navotas,,Head-on,3,Cloudy,,Male,0,162091.25,Heavy,Poorly-Lit,60
MMTI-2025-04834,Mandaluyong,SUV/Van,Hit and Run,3.0,Clear,24.0,Female,0,77295.63,Heavy,POOR,40 km/h
MMTI-2025-23584,Quezon,Car,Hit and Run,3.0,Cloudy,26.0,Male,0,601639.48,Light,Well-Lit,40
MMTI-2025-07934,Paranaque,SUV/Van,Hit and Run,3,Rain,34.0,Male,0,,Heavy,Poorly-Lit,40
MMTI-2025-08761,,Motorcycle,Side-swipe,6.0,Clear,150.0,male,3,64115.27,Heavy,Poorly-Lit,30
MMTI-2025-09580,Las Pinas,Car,Hit and Run,3,Clear,51.0,Female,0,89010.99,Heavy,Unlit,100 kph
MMTI-2025-09472,,Truck,Head-on,Risk Level 3,Clear,44.0,Male,0,1687543.98,Light,Well-Lit,60 kph
MMTI-2025-11290,Pasig,Car,Rear-end,3.0,Clear,51.0,Male,0,141514.75,Moderate,Poorly-Lit,30
MMTI-2025-17865, quezon ,Motorcycle,Side-swipe,3,,37.0,Female,0,37353.85,Heavy,Well-Lit,40
MMTI-2025-12194,Quezon,Car,Rear-end,6,Cloudy,40.0,Female,1,363453.79,Moderate,Well-Lit,60 km/h
MMTI-2025-01920,Pasig,Car,Side-swipe,3.0,Clear,18.0,Female,0,129199.46,HEAVY,POOR,80
MMTI-2025-06978,,Bus,Side-swipe,Risk Level 6,Cloudy,0.0,Female,1,2673002.57,Moderate,Poorly-Lit,60
MMTI-2025-03302,Quezon,Motorcycle,Head-on,,Clear,20.0,Male,0,6124.34,Moderate,No Lights,40 km/h
MMTI-2025-02649,Pasig,Motorcycle,Hit and Run,3.0,Clear,45.0,Male,0,137594.57,Heavy,well lit,60
MMTI-2025-17073,Manila,Jeepney,Hit and Run,,Clear,35.0,Male,0,45979.69,Heavy,No Lights,40
MMTI-2025-15680,,Car,Hit and Run,Risk Level 3,Clear,55.0,Male,0,40438.81,Heavy,Poorly-Lit,60
MMTI-2025-11147,Quezon,SUV/Van,Head-on,,Storm,44.0,Female,0,"PHP 114,622.27",Moderate,Well-Lit,60
MMTI-2025-22331,Makati,Car,Rear-end,3,Cloudy,24.0,Male,0,263190.84,Heavy,Poorly-Lit,30 km/h
MMTI-2025-03555,Caloocan,Motorcycle,Head-on,3,Clear,30.0,Female,0,42075.6,Heavy,Well-Lit,30
MMTI-2025-09778,Makati,Car,Side-swipe,3,Cloudy,25.0,Male,0,234774.03,Moderate,Well-Lit,60
MMTI-2025-08415,Taguig,Car,Hit and Run,4,Cloudy,48.0,Female,3,292443.49,Moderate,Well-Lit,80
MMTI-2025-12859,Paranaque,Car,Rear-end,3,Clear,35.0,Male,0,"PHP 121,681.10",Heavy,Well-Lit,60
MMTI-2025-15040,Makati,,Side-swipe,3.0,Clear,32.0,Male,0,,Heavy,No Lights,60
MMTI-2025-17544,Quezon,Car,Rear-end,6.0,Stormy,33.0,Male,3,1891922.27,Moderate,Well-Lit,60 kph
MMTI-2025-05813,SAN JUAN ,Jeepney,Hit and Run,3,,29.0,Male,0,68260.68,Heavy,POOR,30 km/h
MMTI-2025-02929,,Truck,Side-swipe,2,,44.0,Male,0,440.1k,Light,Unlit,40
MMTI-2025-07873, pasig,Bus,Side-swipe,Risk Level 3,,40.0,Male,0,1079376.83,,Well-Lit,40 km/h
MMTI-2025-13834,Caloocan,SUV/Van,Rear-end,,Storm,50.0,Female,0,135213.68,Heavy,well lit,60 km/h
MMTI-2025-17025,Las Pinas,Bus,Rear-end,3,Clear,59.0,Female,0,,Heavy,Well-Lit,80
MMTI-2025-16914,Paranaque,Truck,Rear-end,,Storm,39.0,Female,0,314418.33,Heavy,Well-Lit,30
MMTI-2025-01769,Manila,Car,Rear-end,3,Clear,,Female,0,137513.88,Moderate,Well-Lit,60
MMTI-2025-05660,Pasig,Car,Hit and Run,3,Clear,59.0,Male,0,129841.82,Moderate,Well-Lit,60
MMTI-2025-18470,Mandaluyong,Car,Hit and Run,2.0,Clear,42.0,Female,0,"PHP 80,621.18",Heavy,Poorly-Lit,80 km/h
MMTI-2025-11680,Makati,Car,Hit and Run,1,Clear,36.0,Male,0,55357.2,,Well-Lit,60
MMTI-2025-12039,Quezon,Car,Side-swipe,3,Rainy,42.0,Male,0,899106.57,Moderate,Well-Lit,80 km/h
MMTI-2025-02324,Mandaluyong,Car,Side-swipe,Risk Level 3,Cloudy,39.0,Female,0,,,Well-Lit,100
MMTI-2025-09769,Taguig,Car,Rear-end,3,Cloudy,53.0,Male,0,296079.45,Heavy,Unlit,40
MMTI-2025-01565,,Motorcycle,Hit and Run,3,Clear,58.0,Male,0,38282.92,Heavy,Poorly-Lit,30
MMTI-2025-09018,Navotas,Truck,Side-swipe,3,Clear,31.0,Male,0,,Heavy,Well-Lit,60
MMTI-2025-12391,Makati,Truck,Head-on,3,,36.0,Male,0,"PHP 914,719.28",Heavy,Well-Lit,100
MMTI-2025-23318,Navotas,,Head-on,3.0,Rain,18.0,Female,0,70942.14,Moderate,Well-Lit,60
MMTI-2025-20761,Quezon,Car,Side-swipe,3,Rainy,19.0,Male,0,1411016.92,Heavy,Unlit,60
MMTI-2025-03878,San Juan,Car,Hit and Run,3.0,Clear,48.0,Female,0,39303.25,Heavy,Well-Lit,60 km/h
MMTI-2025-18956,Marikina,Car,Hit and Run,3,Clear,25.0,M,0,59164.12,Heavy,Poorly-Lit,40
MMTI-2025-15430,Manila,,Side-swipe,3.0,Clear,35.0,male,0,127246.29,Heavy,Well-Lit,80 km/h
MMTI-2025-14102,Quezon,,Head-on,3,,44.0,Male,0,58171.39,Heavy,Well-Lit,60
MMTI-2025-08376,QUEZON ,Car,Hit and Run,3,Clear,28.0,Female,0,,Heavy,Unlit,60
MMTI-2025-01760,Pasig,Motorcycle,Head-on,2.0,Clear,31.0,Female,0,159294.86,Heavy,No Lights,100 km/h
MMTI-2025-18725,Quezon,Car,Rear-end,3,Rainy,52.0,Male,0,1197389.85,Heavy,dark,60 km/h
MMTI-2025-22339,,Bus,Side-swipe,Risk Level 3,Cloudy,35.0,Male,0,"PHP 484,804.61",Heavy,Poorly-Lit,40 km/h
MMTI-2025-21570,,Motorcycle,Side-swipe,3,Clear,32.0,Male,0,34980.44,Heavy,Lit,60
MMTI-2025-18319,Manila,,Head-on,2,Clear,25.0,Male,0,77777777,Moderate,Poorly-Lit,60 km/h
MMTI-2025-06693,Taguig,Car,Rear-end,Risk Level 3,Clear,26.0,female ,0,,Heavy,Well-Lit,100
MMTI-2025-19402,Quezon,Car,Head-on,,Storm,30.0,Male,0,82876.21,Moderate,Poorly-Lit,60 km/h
MMTI-2025-12316,Muntinlupa,Car,Head-on,2,Clear,33.0,Male,0,55.9k,Moderate,Poorly-Lit,60 km/h
MMTI-2025-10323,Quezon,,Rear-end,3,Clear,37.0,Male,0,130966.44,Heavy,Well-Lit,40
MMTI-2025-22237,Quezon,Car,Side-swipe,3,Rainy,49.0,Male,0,1713875.3,MODERATE,Poorly-Lit,60 km/h
MMTI-2025-15372,Mandaluyong,Motorcycle,Side-swipe,2.0,Clear,30.0,Male,0,75996.22,HEAVY,Well-Lit,60
MMTI-2025-12203,Quezon,SUV/Van,Side-swipe,6.0,Cloudy,23.0,Male,4,591012.02,Heavy,Lit,60
MMTI-2025-19732,Paranaque,Car,Hit and Run,6.0,Clear,21.0,Male,2,114697.43,Heavy,Well-Lit,60
MMTI-2025-00742,Quezon,SUV/Van,Hit and Run,3,Cloudy,49.0,Male,0,451899.99,Heavy,POOR,80
MMTI-2025-05091,Marikina,Truck,Side-swipe,3,Clear,57.0,Male,0,1598805.31,,Poorly-Lit,80
MMTI-2025-02021,Las Pinas,Car,Side-swipe,3.0,Clear,38.0,F,0,82044.78,Heavy,Poorly-Lit,30