Incident_ID,City,Vehicle_Type,Accident_Type,Severity,Weather_Condition,Driver_Age,Driver_Gender,Injury_Count,Damage_Cost_PHP,Traffic_Volume,Road_Lighting,Speed_Limit
MMTI-2025-20801,Manila,Motorcycle,Head-on,Risk Level 3,Clear,,Female,0,40666.08,Heavy,Poorly-Lit,40
MMTI-2025-09744,Marikina,Jeepney,Hit and Run,,Clear,34.0,Female,0,45119.7,Moderate,Well-Lit,60
MMTI-2025-18193,Las Pinas,Jeepney,Side-swipe,,Clear,42.0,Male,0,37912.48,Heavy,Well-Lit,60 km/h
MMTI-2025-16899,Marikina,Motorcycle,Side-swipe,Risk Level 2,Clear,17.0,Male,0,60073.18,Heavy,Well-Lit,60 kph
MMTI-2025-08423,Paranaque,Jeepney,Rear-end,2,Clear,34.0,Female,0,19515.13,,Well-Lit,60 km/h
MMTI-2025-23596,Taguig,Car,Head-on,3,Cloudy,33.0,Male,0,306109.99,Heavy,Well-Lit,80 km/h
MMTI-2025-00025,Quezon,Motorcycle,Side-swipe,Risk Level 3,Cloudy,41.0,male,0,500663.42,Heavy,Poorly-Lit,60
MMTI-2025-09822,Quezon,Motorcycle,Rear-end,3.0,Cloudy,59.0,Male,0,545561.08,Heavy,Well-Lit,60
MMTI-2025-09299,Valenzuela,,Rear-end,2,Clear,54.0,Male,0,"PHP 63,910.12",Heavy,dark,40
MMTI-2025-01515,Manila,,Head-on,,Clear,150.0,Female,0,61838.46,Heavy,Poorly-Lit,60
MMTI-2025-05215,Makati,SUV/Van,Side-swipe,3.0,Cloudy,43.0,Male,0,223645.84,Moderate,dark,80 km/h
MMTI-2025-18853,Taguig,Car,Side-swipe,3.0,Cloudy,30.0,Male,0,342.5k,Heavy,No Lights,40 kph
MMTI-2025-21410,Manila,Truck,Hit and Run,,Clear,77.0,Male,0,466029.49,Light,Well-Lit,60 km/h
MMTI-2025-16798,,Bus,Head-on,3,Rain,31.0,Male,0,702956.48,Moderate,Well-Lit,60
MMTI-2025-00513,Quezon,Car,Rear-end,Risk Level 2,Cloudy,55.0,Male,0,563560.56,Moderate,Well-Lit,80
MMTI-2025-10102,Las Pinas,Jeepney,Side-swipe,3,Clear,39.0,Male,0,"PHP 83,911.16",Heavy,Well-Lit,80 kph
MMTI-2025-04556,Makati,,Side-swipe,3.0,Clear,41.0,Male,0,166686.14,HEAVY,POOR,80
MMTI-2025-08709,Mandaluyong,Motorcycle,Head-on,Risk Level 3,Clear,56.0,female ,0,69069.7,Light,dark,40 km/h
MMTI-2025-23142,Quezon,Motorcycle,Side-swipe,3.0,Rainy,46.0,Male,0,822581.02,Heavy,Well-Lit,60 km/h
MMTI-2025-15874,Paranaque,,Side-swipe,3.0,Clear,34.0,Female,0,75460.88,Heavy,Poorly-Lit,60
MMTI-2025-16606,Muntinlupa,Car,Head-on,3.0,Cloudy,31.0,Male,0,,Heavy,Well-Lit,100
MMTI-2025-13519,Muntinlupa,Motorcycle,Side-swipe,3,Storm,38.0,Female,0,33826.96,,Well-Lit,80
MMTI-2025-11417,Quezon,Motorcycle,Head-on,3,Rainy,40.0,Female,0,1304927.69,Heavy,Well-Lit,40
MMTI-2025-01832,San Juan,Truck,Head-on,3.0,Clear,49.0,Male,0,,Heavy,Well-Lit,80
MMTI-2025-13651,Manila,Car,Head-on,2,Cloudy,38.0,Male,0,165475.04,Moderate,Poorly-Lit,60 km/h
MMTI-2025-08681,Quezon,Car,Rear-end,Risk Level 6,Rainy,65.0,Female,1,662.6k,Heavy,Poorly-Lit,80
MMTI-2025-12935,Muntinlupa,Car,Side-swipe,Risk Level 3,Clear,39.0,Male,0,52014.52,Heavy,Well-Lit,60
MMTI-2025-10677,Quezon,Jeepney,Head-on,3.0,,44.0,Male,0,19621.99,Moderate,Well-Lit,60
MMTI-2025-14567,Quezon,Car,Head-on,Risk Level 3,Rainy,55.0,Female,0,1174778.79,Heavy,well lit,60
MMTI-2025-18346,Pasig,Car,Side-swipe,Risk Level 3,Clear,52.0,Male,0,153434.59,Moderate,Well-Lit,60
MMTI-2025-21409,Quezon,,Rear-end,,Rain,40.0,Female,0,68343.54,Heavy,Well-Lit,60 km/h
MMTI-2025-14289, manila,Motorcycle,Head-on,2,Clear,43.0,Male,0,14202.2,,Well-Lit,60
MMTI-2025-08976,Pasay,Truck,Rear-end,3,Clear,28.0,Male,0,49628.88,Moderate,Well-Lit,60
MMTI-2025-01209,,SUV/Van,Hit and Run,3,,42.0,Male,0,124487.37,Heavy,Poorly-Lit,60
MMTI-2025-15739,,SUV/Van,Head-on,3,Clear,33.0,Male,0,215582.07,Heavy,Poorly-Lit,80
MMTI-2025-15895,Quezon,Motorcycle,Side-swipe,3,Cloudy,34.0,Male,0,458284.17,Moderate,Poorly-Lit,80
MMTI-2025-00284,Manila,Car,Head-on,3,Clear,28.0,Male,0,"PHP 189,221.85",,Well-Lit,40 km/h
MMTI-2025-00338,Quezon,Truck,Rear-end,6.0,Cloudy,25.0,Male,3,455787.47,Heavy,well lit,80 kph
MMTI-2025-13276,Makati,Car,Hit and Run,3.0,Cloudy,28.0,Male,0,240002.31,Heavy,Well-Lit,40 km/h
MMTI-2025-16331,Quezon,Bus,Hit and Run,3.0,Rain,24.0,Male,0,,Moderate,Poorly-Lit,30
MMTI-2025-20901,Taguig,SUV/Van,Hit and Run,,Rain,50.0,Male,0,115355.94,Heavy,Well-Lit,80
MMTI-2025-01826,Makati,Motorcycle,Head-on,3,Cloudy,26.0,M,0,234400.9,Moderate,Well-Lit,80 km/h
MMTI-2025-17366,Marikina,,Hit and Run,Risk Level 3,Clear,0.0,Male,0,73396.98,Heavy,Unlit,60
MMTI-2025-14057,Quezon,,Rear-end,Risk Level 9,Storm,43.0,Male,2,201459.98,Heavy,Poorly-Lit,40
MMTI-2025-07082, manila,SUV/Van,Side-swipe,3,Rain,29.0,Male,0,,,Well-Lit,60 km/h
MMTI-2025-02309,Quezon,Motorcycle,Side-swipe,3,Rain,,Female,0,46154.29,MODERATE,Well-Lit,30
MMTI-2025-10336,Makati,,Head-on,,Clear,,Male,0,57377.44,Moderate,Poorly-Lit,60
MMTI-2025-04273,Quezon,Truck,Head-on,3.0,Rainy,46.0,female ,0,1510223.78,Heavy,Poorly-Lit,80 km/h
MMTI-2025-00624,,Bus,Side-swipe,6.0,Clear,69.0,Male,4,,Moderate,Well-Lit,100
MMTI-2025-15279,Manila,Car,Hit and Run,3,,29.0,Male,0,78873.7,Light,Well-Lit,80 km/h
MMTI-2025-03069,Quezon,Car,Hit and Run,6,Stormy,36.0,Female,4,2417036.65,Light,Poorly-Lit,30
MMTI-2025-15138,Quezon,Motorcycle,Head-on,3,Cloudy,35.0,Male,0,415587.8,Heavy,well lit,60 kph
MMTI-2025-15586,Quezon,Car,Hit and Run,3,Rainy,40.0,Male,0,685485.09,Heavy,Well-Lit,40 kph
MMTI-2025-07989,,Jeepney,Hit and Run,Risk Level 2,Clear,36.0,Male,0,,Moderate,Unlit,40
MMTI-2025-14519,Manila,Car,Head-on,3,Cloudy,17.0,Male,0,207.2k,Moderate,Poorly-Lit,40
MMTI-2025-15263,,Truck,Hit and Run,3.0,Rain,17.0,Male,0,1953468.42,Heavy,Well-Lit,60
MMTI-2025-02163,,SUV/Van,Hit and Run,,Clear,26.0,Female,0,70.2k,Moderate,dark,30 km/h
MMTI-2025-17805,Las Pinas,SUV/Van,Side-swipe,Risk Level 3,Clear,33.0,Female,0,83769.63,Heavy,Poorly-Lit,60
MMTI-2025-11934,Marikina,Motorcycle,Side-swipe,3,Clear,29.0,Female,0,63281.92,Heavy,well lit,60
MMTI-2025-21197,Pasay,Car,Rear-end,Risk Level 3,Clear,29.0,Male,0,48900.6,Heavy,Poorly-Lit,60
MMTI-2025-06551,Quezon,Car,Rear-end,3.0,Cloudy,48.0,Male,0,619077.12,Moderate,Well-Lit,80
MMTI-2025-03698,Pasay,SUV/Van,Head-on,3,Clear,42.0,Unknown,0,50308.15,Light,Well-Lit,100
MMTI-2025-09824,Manila,Car,Hit and Run,6.0,Cloudy,42.0,Male,1,166961.18,Moderate,Well-Lit,60 km/h
MMTI-2025-02413,Pasay,Motorcycle,Rear-end,2,Clear,22.0,Male,0,50201.31,Moderate,Well-Lit,60
MMTI-2025-19884,Makati,Motorcycle,Side-swipe,3.0,Cloudy,55.0,Male,0,218108.03,Heavy,Well-Lit,80
MMTI-2025-18016,Manila,Jeepney,Side-swipe,,Rain,27.0,Female,0,32242.74,Moderate,Well-Lit,60 km/h
MMTI-2025-21493,,Car,Head-on,3,Storm,46.0,Male,0,197951.53,HEAVY,Well-Lit,60 kph
MMTI-2025-03903,Manila,Car,Side-swipe,3,Cloudy,39.0,Female,0,211203.11,Moderate,Well-Lit,40
MMTI-2025-08064,Quezon,Car,Hit and Run,3,Clear,43.0,Male,0,,Heavy,Well-Lit,60
MMTI-2025-11314,Quezon,Truck,Head-on,3,Rainy,17.0,Male,0,1698347.87,Heavy,Well-Lit,60 km/h
MMTI-2025-14536,Quezon,SUV/Van,Head-on,4,Cloudy,29.0,Male,1,579682.18,HEAVY,Well-Lit,40 kph
MMTI-2025-11635,Quezon,,Side-swipe,3,Clear,37.0,Male,0,58402.66,MODERATE,Well-Lit,60
MMTI-2025-19971,Quezon,Car,Side-swipe,Risk Level 3,Cloudy,34.0,male,0,397993.06,Heavy,Well-Lit,60 kph
MMTI-2025-23172,,Bus,Hit and Run,Risk Level 6,Clear,57.0,Female,4,2251578.67,Heavy,Poorly-Lit,60
MMTI-2025-01718,,,Head-on,3,Clear,29.0,Male,0,254.6k,Heavy,Well-Lit,60
MMTI-2025-07888,Pasig,,Hit and Run,3,Cloudy,21.0,Male,0,118534.02,,Well-Lit,40 km/h
MMTI-2025-19284,Manila,Motorcycle,Head-on,Risk Level 3,Cloudy,30.0,Female,0,207620.69,Heavy,Unlit,80
MMTI-2025-19206,Taguig,Car,Head-on,3,Cloudy,47.0,Male,0,298236.42,Moderate,Poorly-Lit,40
MMTI-2025-08164,Quezon,Car,Head-on,9,Rainy,999.0,Male,3,661951.48,Heavy,Well-Lit,40
MMTI-2025-12135,Makati,Motorcycle,Hit and Run,3,Cloudy,34.0,Male,0,231913.7,Moderate,Poorly-Lit,60
MMTI-2025-14638,Muntinlupa,Car,Side-swipe,3.0,Clear,54.0,Male,0,52351.69,Heavy,Well-Lit,60
MMTI-2025-04457,Quezon,Car,Side-swipe,6,Cloudy,35.0,Female,3,476380.72,Moderate,POOR,40
MMTI-2025-11660,Makati,,Side-swipe,Risk Level 6,Clear,17.0,Male,1,,Moderate,Well-Lit,40
MMTI-2025-04348,Quezon,Car,Side-swipe,Risk Level 3,Rainy,44.0,Female,0,799993.71,Heavy,Well-Lit,100
MMTI-2025-14379,Marikina,Car,Hit and Run,3,Clear,32.0,Male,0,58345.57,Heavy,Well-Lit,60
MMTI-2025-16489,Paranaque,Motorcycle,Side-swipe,3,Clear,39.0,Male,0,116058.91,Heavy,No Lights,60 km/h
MMTI-2025-04113,Paranaque,Car,Rear-end,3,Clear,42.0,Male,0,"PHP 114,481.09",Moderate,Well-Lit,40
MMTI-2025-03541,Quezon,Car,Rear-end,3.0,Rainy,33.0,Male,0,849415.17,Moderate,Well-Lit,60
MMTI-2025-16494,Paranaque,Truck,Head-on,3,,47.0,Male,0,660103.99,Heavy,Poorly-Lit,60
MMTI-2025-09062,Quezon,Motorcycle,Side-swipe,Risk Level 3,Cloudy,999.0,Male,0,510675.86,Heavy,Well-Lit,100
MMTI-2025-05527,MALABON ,Truck,Side-swipe,2,Cloudy,34.0,Male,0,289014.94,,Poorly-Lit,40
MMTI-2025-01586,Navotas,SUV/Van,Hit and Run,2.0,,31.0,Male,0,110839.52,Heavy,dark,80
MMTI-2025-22348,Quezon,Motorcycle,Rear-end,3,Rainy,18.0,Male,0,1545333.12,Heavy,Well-Lit,80
MMTI-2025-07902,Manila,Bus,Head-on,3,Rain,,Female,0,"PHP 770,616.62",Heavy,POOR,40 kph
MMTI-2025-10764,Quezon,Motorcycle,Side-swipe,Risk Level 3,Clear,46.0,Male,0,,Heavy,Well-Lit,60
MMTI-2025-22055,Pasig,Car,Rear-end,3,Clear,44.0,Male,0,132370.69,Heavy,Well-Lit,60
MMTI-2025-00047,Quezon,Car,Rear-end,3.0,Rainy,59.0,Male,0,1302340.59,Moderate,Poorly-Lit,40
MMTI-2025-10054,Valenzuela,,Rear-end,3.0,Clear,45.0,Male,0,170098.27,,Poorly-Lit,60
MMTI-2025-05649,Pasig,SUV/Van,Head-on,3.0,Clear,34.0,Male,0,156057.56,Heavy,Well-Lit,60
MMTI-2025-11471,Manila,Jeepney,Rear-end,3,Clear,28.0,Female,0,,Moderate,Well-Lit,60
MMTI-2025-18110,Pasig,Car,Hit and Run,3,Clear,37.0,Male,0,156244.76,Heavy,Well-Lit,40
MMTI-2025-10938,Quezon,Car,Side-swipe,3,Cloudy,43.0,Male,0,357598.71,Heavy,Well-Lit,60
MMTI-2025-02788,,SUV/Van,Side-swipe,3,Rain,43.0,Male,0,112531.63,Heavy,Well-Lit,60
MMTI-2025-07110,Taguig,Bus,Side-swipe,Risk Level 3,Clear,38.0,Male,0,,Heavy,Poorly-Lit,80
MMTI-2025-01963,Quezon,,Side-swipe,2,Clear,30.0,Female,0,74288.66,Heavy,Well-Lit,60
MMTI-2025-03972,,Car,Side-swipe,3,Storm,60.0,Female,0,168777.54,Heavy,Well-Lit,30 kph
MMTI-2025-07911,Manila,Truck,Rear-end,3,Cloudy,21.0,Female,0,"PHP 170,548.53",Heavy,Poorly-Lit,80
MMTI-2025-02974,,Truck,Rear-end,6,Clear,20.0,Male,1,1240815.65,HEAVY,Well-Lit,30 kph
MMTI-2025-11225,Quezon,Car,Hit and Run,3,Cloudy,41.0,Male,0,597680.23,Heavy,Poorly-Lit,80
MMTI-2025-17897,Makati,Jeepney,Head-on,Risk Level 3,Clear,,M,0,36458.03,Moderate,Well-Lit,80
MMTI-2025-09506,Quezon,Bus,Hit and Run,,Clear,150.0,F,0,206953.04,,Poorly-Lit,60
MMTI-2025-06874,Paranaque,SUV/Van,Hit and Run,Risk Level 2,Clear,21.0,Male,0,"PHP 121,291.93",Light,Lit,80
MMTI-2025-16358,Quezon,Car,Hit and Run,3,Rainy,34.0,male,0,986218.75,Heavy,Well-Lit,60
MMTI-2025-12805,Quezon,,Head-on,,Clear,26.0,Male,0,32.7k,Moderate,Well-Lit,80 km/h
MMTI-2025-15433,,Jeepney,Head-on,Risk Level 3,Clear,35.0,Male,0,52002.19,Heavy,Well-Lit,60 kph
MMTI-2025-22143,Taguig,Car,Side-swipe,Risk Level 3,Cloudy,38.0,Male,0,295000.24,Heavy,Well-Lit,80
MMTI-2025-07970,Quezon,Jeepney,Head-on,3,Cloudy,31.0,Male,0,478688.28,Heavy,Well-Lit,40
MMTI-2025-22216,CALOOCAN ,,Hit and Run,3,Clear,25.0,Male,0,124034.57,Heavy,Well-Lit,40 kph
MMTI-2025-01818,Quezon,Car,Hit and Run,6.0,Cloudy,48.0,Male,4,377042.7,Moderate,Poorly-Lit,60 km/h
MMTI-2025-03096,Malabon,Motorcycle,Hit and Run,3,Rain,17.0,male,0,,Heavy,Well-Lit,40
MMTI-2025-02522,Mandaluyong,,Head-on,3,Rain,29.0,Male,0,,Heavy,Poorly-Lit,60
MMTI-2025-21260,Quezon,Car,Hit and Run,3,Cloudy,46.0,Male,0,535770.05,Heavy,Poorly-Lit,60 km/h
MMTI-2025-03579,Manila,Car,Hit and Run,3.0,Cloudy,37.0,Male,0,187221.11,Heavy,Well-Lit,30 km/h
MMTI-2025-18466,Manila,Bus,Head-on,3.0,,31.0,Male,0,"PHP 181,862.16",HEAVY,Well-Lit,60
MMTI-2025-12439,Malabon,Car,Head-on,3,Clear,41.0,Male,0,36670.74,Heavy,Well-Lit,60
MMTI-2025-02085,Quezon,Car,Hit and Run,3.0,Cloudy,36.0,Female,0,483117.85,Heavy,Well-Lit,40
MMTI-2025-00574,Quezon,Jeepney,Head-on,Risk Level 3,,30.0,Male,0,63951.48,Moderate,Poorly-Lit,60
MMTI-2025-11043,Paranaque,Motorcycle,Hit and Run,Risk Level 3,Clear,37.0,Male,0,113797.93,MODERATE,Well-Lit,60
MMTI-2025-15433,,Jeepney,Head-on,Risk Level 3,Clear,35.0,Male,0,52002.19,Heavy,Well-Lit,60 kph
MMTI-2025-22190,Quezon,Car,Head-on,1,Cloudy,44.0,Female,0,436559.88,Moderate,Well-Lit,60
MMTI-2025-13450,Quezon,Car,Hit and Run,Risk Level 3,Cloudy,21.0,Male,0,"PHP 537,713.48",Heavy,Unlit,40
MMTI-2025-21310,Pasig,SUV/Van,Side-swipe,3.0,Clear,41.0,Male,0,141216.09,Heavy,Unlit,60
MMTI-2025-03201,,Bus,Hit and Run,3.0,Clear,42.0,Male,0,375856.59,Heavy,Well-Lit,60 km/h
MMTI-2025-22742,Makati,Car,Side-swipe,3.0,Cloudy,19.0,Male,0,237120.39,MODERATE,Well-Lit,40 km/h
MMTI-2025-10615,Quezon,Jeepney,Head-on,1.0,Clear,,Female,0,,Moderate,Well-Lit,60
MMTI-2025-08953,Paranaque,,Hit and Run,1.0,Clear,25.0,Female,0,40941.92,,dark,40
MMTI-2025-01914,Muntinlupa,Car,Rear-end,3,Clear,51.0,Male,0,55194.78,HEAVY,Poorly-Lit,80
MMTI-2025-21788,Makati,SUV/Van,Side-swipe,Risk Level 3,Rain,54.0,Male,0,,MODERATE,Well-Lit,30 km/h
MMTI-2025-07412,Quezon,SUV/Van,Head-on,3,Rainy,47.0,Male,0,1285781.72,Heavy,Poorly-Lit,40
MMTI-2025-13981,Quezon,Car,Head-on,Risk Level 3,Rainy,35.0,Male,0,731666.69,Heavy,Poorly-Lit,40
MMTI-2025-01476,Pasig,Car,Head-on,Risk Level 2,Clear,20.0,Male,0,132997.48,Heavy,Well-Lit,30
MMTI-2025-18007,Paranaque,Car,Head-on,3,Clear,40.0,Male,0,111586.12,Moderate,Well-Lit,60
MMTI-2025-23343,Manila,Truck,Hit and Run,Risk Level 3,Cloudy,35.0,Male,0,198046.1,Heavy,Poorly-Lit,60
MMTI-2025-19896,Quezon,Car,Rear-end,4,Rainy,33.0,Female,3,792.1k,Moderate,Well-Lit,60
MMTI-2025-07051,,Truck,Hit and Run,9.0,Clear,29.0,Male,3,5184542.1,Moderate,Well-Lit,60
MMTI-2025-16956,Quezon,Car,Hit and Run,6,Rainy,43.0,Unknown,4,1502389.85,HEAVY,Poorly-Lit,60 km/h
MMTI-2025-15605,Caloocan,Motorcycle,Side-swipe,,Cloudy,,Male,0,18149.05,HEAVY,Poorly-Lit,80
MMTI-2025-04732,Quezon,Motorcycle,Side-swipe,Risk Level 3,Cloudy,999.0,Female,0,422453.05,Heavy,Unlit,60
MMTI-2025-00454,Muntinlupa,Car,Head-on,3,Clear,20.0,Male,0,52891.85,Heavy,Well-Lit,60 kph
MMTI-2025-01944,Quezon,Car,Rear-end,Risk Level 3,Cloudy,32.0,Male,0,495582.12,Heavy,Well-Lit,60 km/h
MMTI-2025-04394,Mandaluyong,SUV/Van,Head-on,3,Clear,39.0,Male,0,75.3k,Moderate,Well-Lit,60
MMTI-2025-01936,Manila,Car,Head-on,3,Cloudy,22.0,Male,0,175821.88,Heavy,Well-Lit,60
MMTI-2025-23179,MANILA ,SUV/Van,Side-swipe,3.0,Rain,,Female,0,111020.81,Moderate,Unlit,40
MMTI-2025-15994,Pasig,Car,Side-swipe,3,Clear,999.0,Male,0,157462.42,Heavy,Lit,40
MMTI-2025-08942,Quezon,Car,Rear-end,Risk Level 3,Clear,59.0,Female,0,,Heavy,Well-Lit,60 km/h
MMTI-2025-19950,Navotas,Car,Head-on,3.0,Clear,42.0,Male,0,36370.41,Moderate,Poorly-Lit,40
MMTI-2025-18197,Makati,Car,Rear-end,Risk Level 3,Cloudy,17.0,Male,0,239403.62,Heavy,Poorly-Lit,30 kph
MMTI-2025-13698,Quezon,SUV/Van,Rear-end,3.0,Cloudy,45.0,Male,0,382927.54,Heavy,Well-Lit,60
MMTI-2025-12883,,Car,Hit and Run,3.0,Rain,33.0,Male,0,109647.15,Moderate,well lit,40
MMTI-2025-07038,Pasay,Car,Rear-end,2.0,Clear,45.0,Male,0,44996.28,Heavy,Well-Lit,40
MMTI-2025-08179,Quezon,Car,Hit and Run,3,Rainy,50.0,Female,0,1413550.61,Heavy,Well-Lit,60
MMTI-2025-17507,Quezon,Motorcycle,Rear-end,6.0,Rainy,46.0,Male,4,"PHP 778,479.36",Light,Well-Lit,80
MMTI-2025-00203,Paranaque,Car,Rear-end,Risk Level 3,Clear,38.0,male,0,99.7k,Heavy,Poorly-Lit,40 km/h
MMTI-2025-11630,MARIKINA ,Jeepney,Rear-end,3,,37.0,Male,0,71222.85,Heavy,Well-Lit,40 kph
MMTI-2025-08155,Marikina,Motorcycle,Hit and Run,2,Clear,30.0,Male,0,65897.38,Heavy,No Lights,100
MMTI-2025-23026,Manila,SUV/Van,Head-on,Risk Level 3,Cloudy,65.0,Male,0,170763.99,Moderate,Well-Lit,80
MMTI-2025-18096,Quezon,SUV/Van,Rear-end,6,Clear,,Female,2,375042.16,Heavy,Poorly-Lit,60
MMTI-2025-12748,Quezon,Truck,Rear-end,3,Cloudy,27.0,Male,1,508999.49,Heavy,Well-Lit,60
MMTI-2025-08010,Pasig,SUV/Van,Head-on,Risk Level 1,Clear,36.0,Male,0,139708.11,Light,Well-Lit,60 km/h
MMTI-2025-05368,Mandaluyong,,Hit and Run,Risk Level 3,Clear,29.0,Male,0,137271.0,MODERATE,Well-Lit,80 km/h
MMTI-2025-08248,Taguig,Car,Rear-end,3,Cloudy,19.0,Female,0,338345.61,Heavy,Poorly-Lit,100
MMTI-2025-03165,Pasig,Truck,Head-on,3.0,Clear,32.0,Female,0,,Moderate,Well-Lit,60 kph
MMTI-2025-11485,,,Hit and Run,3,Clear,39.0,Male,0,77777777,Moderate,Well-Lit,60
MMTI-2025-12112,Quezon,Car,Head-on,3,Stormy,51.0,Male,0,"PHP 1,766,527.82",Heavy,Poorly-Lit,80
MMTI-2025-10747,Taguig,Truck,Head-on,Risk Level 3,Cloudy,51.0,Male,0,283503.74,Light,Well-Lit,60
MMTI-2025-03751,Quezon,Car,Rear-end,3,Rainy,56.0,Male,0,728601.15,Heavy,Poorly-Lit,60
MMTI-2025-17969,Manila,,Side-swipe,3,Clear,36.0,Female,0,183477.15,Moderate,Well-Lit,40
MMTI-2025-19217,,Car,Head-on,3,Clear,27.0,Male,0,230094.33,Moderate,Well-Lit,40
MMTI-2025-08480,Taguig,Car,Head-on,3,Cloudy,23.0,Male,0,"PHP 294,386.20",Moderate,Well-Lit,60
MMTI-2025-12956,Paranaque,Car,Hit and Run,3,Clear,43.0,Male,0,"PHP 101,979.33",Moderate,Unlit,30
MMTI-2025-16037,Quezon,Motorcycle,Hit and Run,Risk Level 3,Rainy,42.0,Male,0,687888.28,Heavy,Poorly-Lit,60
MMTI-2025-09078,Pasig,SUV/Van,Head-on,Risk Level 2,Clear,39.0,M,0,57486.5,,Poorly-Lit,30
MMTI-2025-07761,Pasig,Car,Side-swipe,3,Clear,30.0,Male,0,139741.65,Heavy,Well-Lit,80
MMTI-2025-12132,Quezon,Car,Head-on,3,Storm,40.0,Male,0,,Heavy,Well-Lit,80
MMTI-2025-09423,Makati,Truck,Hit and Run,3,Cloudy,46.0,Male,0,260223.14,Moderate,Lit,60
MMTI-2025-17047,,Bus,Head-on,3,Rain,20.0,male,0,609090.45,Heavy,Well-Lit,60 km/h
MMTI-2025-01248,Caloocan,Motorcycle,Side-swipe,3,Clear,33.0,Female,0,44057.96,Heavy,Unlit,60
MMTI-2025-21942,Taguig,SUV/Van,Head-on,Risk Level 3,Cloudy,25.0,Male,0,269106.95,Moderate,Well-Lit,40
MMTI-2025-21350,Taguig,Car,Rear-end,3,Cloudy,44.0,Female,0,344147.76,Moderate,Well-Lit,60
MMTI-2025-11728,Taguig,SUV/Van,Head-on,3,,28.0,Male,0,241847.36,Heavy,Well-Lit,40
MMTI-2025-03662,Marikina,Car,Hit and Run,3,Clear,45.0,F,0,65645.8,Moderate,Well-Lit,100
MMTI-2025-19903,Marikina,Car,Rear-end,3,Clear,32.0,Female,0,65456.7,Heavy,Well-Lit,60 km/h
MMTI-2025-20226,PATEROS ,Truck,Hit and Run,,Clear,30.0,F,0,179863.84,Heavy,Well-Lit,60
MMTI-2025-02870,Pasig,,Head-on,Risk Level 3,Rain,63.0,Male,0,246396.4,Heavy,Unlit,40 km/h
MMTI-2025-17038,,Jeepney,Head-on,3,Rain,31.0,Male,0,113784.54,,POOR,40 km/h
MMTI-2025-13534,Quezon,Car,Hit and Run,3.0,Cloudy,37.0,M,0,538805.75,Heavy,Well-Lit,60
MMTI-2025-09551,Quezon,Truck,Hit and Run,3,Cloudy,30.0,M,0,617970.81,Heavy,Well-Lit,60
MMTI-2025-19116,Paranaque,Motorcycle,Head-on,3,Clear,40.0,Male,0,106.0k,Heavy,Well-Lit,80
MMTI-2025-20794,Quezon,Truck,Side-swipe,1,Clear,45.0,Female,0,,Light,Well-Lit,60
MMTI-2025-00733,Quezon,Car,Head-on,3.0,Rainy,150.0,Male,0,786168.95,Heavy,Well-Lit,60 kph
MMTI-2025-00761,Manila,SUV/Van,Side-swipe,3,Clear,34.0,Male,0,,MODERATE,Well-Lit,60
MMTI-2025-01849,Muntinlupa,Truck,Side-swipe,3.0,Clear,32.0,Male,0,57662.43,Heavy,Poorly-Lit,40 km/h
MMTI-2025-17116,Quezon,Jeepney,Head-on,3,,17.0,Male,0,115884.96,Heavy,Well-Lit,40
MMTI-2025-23350,Quezon,Truck,Side-swipe,3,Rainy,40.0,female ,0,1011837.88,Heavy,Well-Lit,60
MMTI-2025-12823,,Motorcycle,Side-swipe,6.0,Clear,38.0,Male,4,,Heavy,Poorly-Lit,40
MMTI-2025-05892,,Jeepney,Side-swipe,3.0,Rain,43.0,Male,0,92728.02,Moderate,Well-Lit,40
MMTI-2025-12530,Quezon,Jeepney,Head-on,,Clear,35.0,Male,0,27463.62,Moderate,Lit,40
MMTI-2025-11087,Quezon,SUV/Van,Head-on,3.0,Rainy,32.0,Male,0,732041.81,Moderate,Poorly-Lit,60
MMTI-2025-00272,Paranaque,Bus,Rear-end,,Clear,28.0,Female,0,194806.94,Moderate,Poorly-Lit,100
MMTI-2025-13478,Paranaque,Car,Head-on,2,Clear,41.0,Male,0,105297.39,Heavy,Well-Lit,60
MMTI-2025-14354,MANILA ,,Head-on,3,Clear,40.0,Male,0,-500,Heavy,Well-Lit,40
MMTI-2025-22358,Manila,Motorcycle,Side-swipe,3,,45.0,Male,0,"PHP 34,112.85",Light,Poorly-Lit,60 kph
MMTI-2025-00369,Mandaluyong,Motorcycle,Side-swipe,,Clear,28.0,Male,0,"PHP 10,398.31",Heavy,Well-Lit,60
MMTI-2025-00614,Manila,Truck,Head-on,,Rain,33.0,Male,0,250824.56,Heavy,Unlit,100
MMTI-2025-05705,Quezon,Jeepney,Side-swipe,3,Cloudy,31.0,Male,0,393.4k,Light,Poorly-Lit,60
MMTI-2025-03121,Quezon,Car,Rear-end,6,Rainy,17.0,male,3,1447346.28,Light,Well-Lit,60 km/h
MMTI-2025-13051,Paranaque,Car,Rear-end,6,Clear,38.0,Male,3,529.9k,,dark,30
MMTI-2025-22384,,SUV/Van,Rear-end,6,Rain,30.0,female ,4,1005.9k,Heavy,No Lights,30
MMTI-2025-16598,,Truck,Hit and Run,3.0,Cloudy,65.0,Male,0,244.5k,Heavy,POOR,30