Incident_ID,City,Vehicle_Type,Accident_Type,Severity,Weather_Condition,Driver_Age,Driver_Gender,Injury_Count,Damage_Cost_PHP,Traffic_Volume,Road_Lighting,Speed_Limit
MMTI-2025-12123,Taguig,,Side-swipe,3,Rain,43.0,Male,0,212856.61,Heavy,Well-Lit,80
MMTI-2025-20373,Pasig,Car,Side-swipe,3,Clear,50.0,Male,0,143044.55,Light,Poorly-Lit,60
MMTI-2025-15494,Pasig,Car,Hit and Run,3,Clear,29.0,Male,0,132329.71,Heavy,Well-Lit,80
MMTI-2025-14121,Quezon,,Head-on,3,Storm,,male,0,,Heavy,Well-Lit,80
MMTI-2025-21848,Pasay,Motorcycle,Side-swipe,2,Clear,22.0,Male,0,49568.48,Heavy,Well-Lit,40
MMTI-2025-17951,Makati,Car,Rear-end,3.0,Cloudy,38.0,Male,0,224718.73,HEAVY,Well-Lit,80 km/h
MMTI-2025-18683,Manila,Truck,Rear-end,,Cloudy,27.0,Female,0,423419.53,Moderate,Poorly-Lit,60
MMTI-2025-13904,Taguig,Car,Head-on,3.0,Rain,58.0,Male,0,169333.26,,Well-Lit,80
MMTI-2025-19045,San Juan,Motorcycle,Side-swipe,3,Clear,39.0,Male,0,40796.62,Heavy,Well-Lit,80 kph
MMTI-2025-17168,Taguig,Motorcycle,Side-swipe,Risk Level 3,Clear,,Female,0,35404.8,Moderate,dark,30
MMTI-2025-11768,Mandaluyong,Truck,Side-swipe,3,Clear,,Female,0,1817576.54,Heavy,Well-Lit,80
MMTI-2025-14594,Quezon,Car,Side-swipe,3.0,Rainy,33.0,Male,0,795826.45,Moderate,Poorly-Lit,60 km/h
MMTI-2025-21431,Pasig,Motorcycle,Side-swipe,Risk Level 3,Clear,38.0,female ,0,136072.42,HEAVY,Well-Lit,60
MMTI-2025-06740, manila,SUV/Van,Head-on,,Rain,43.0,Female,3,43279.52,Heavy,Well-Lit,60
MMTI-2025-03092,Pasig,Motorcycle,Rear-end,3,Clear,52.0,Female,0,142941.31,Moderate,Well-Lit,40
MMTI-2025-03813,Manila,Jeepney,Head-on,,Storm,66.0,Male,0,17251.93,Heavy,Unlit,60 km/h
MMTI-2025-18183,Quezon,Car,Rear-end,3,Rainy,27.0,Male,0,1657861.05,HEAVY,Unlit,60
MMTI-2025-19767,Makati,Bus,Head-on,3,Rain,17.0,Male,0,318.6k,,Well-Lit,30
MMTI-2025-22350,PASIG ,,Hit and Run,3,Clear,31.0,male,0,82300.39,Moderate,Well-Lit,40 km/h
MMTI-2025-21020,,Car,Side-swipe,3,Clear,45.0,Male,0,,Heavy,Well-Lit,60
MMTI-2025-11117,Manila,Truck,Rear-end,,Clear,27.0,Male,0,,Moderate,well lit,60
MMTI-2025-15761,Manila,Truck,Head-on,4,Cloudy,17.0,Male,1,816170.98,,Well-Lit,40 km/h
MMTI-2025-14321,Manila,Motorcycle,Side-swipe,6,,50.0,Male,2,82829.95,Heavy,Well-Lit,80
MMTI-2025-22256,Paranaque,SUV/Van,Head-on,Risk Level 3,Clear,57.0,Male,0,104565.24,Heavy,Poorly-Lit,40
MMTI-2025-23616,Las Pinas,Car,Side-swipe,2,Clear,43.0,Female,0,88012.53,Moderate,Lit,60
MMTI-2025-15683,Makati,Car,Side-swipe,Risk Level 3,Cloudy,34.0,Male,0,238610.21,Heavy,Poorly-Lit,60 kph
MMTI-2025-07329,Quezon,Motorcycle,Head-on,3.0,Rainy,58.0,Female,0,"PHP 1,634,489.16",HEAVY,Lit,30
MMTI-2025-08647,Quezon,,Rear-end,3,Storm,44.0,Male,0,"PHP 113,382.85",,No Lights,30
MMTI-2025-16955, marikina ,,Hit and Run,3.0,Clear,35.0,Female,0,,Heavy,Well-Lit,40 km/h
MMTI-2025-07237,,Jeepney,Head-on,Risk Level 2,Clear,46.0,Male,0,24.5k,Heavy,Well-Lit,40
MMTI-2025-05444,Marikina,,Hit and Run,6,Clear,50.0,Male,1,239330.65,Heavy,Poorly-Lit,60
MMTI-2025-05032,Manila,Truck,Head-on,,Clear,41.0,Male,0,144307.91,Heavy,Well-Lit,60 kph
MMTI-2025-01537,Makati,Truck,Head-on,3.0,Cloudy,41.0,Male,0,258.0k,Moderate,Well-Lit,40
MMTI-2025-14278,Navotas,Truck,Rear-end,Risk Level 6,Rain,44.0,Female,4,"PHP 1,851,203.81",,Poorly-Lit,60
MMTI-2025-12886,Pasig,Motorcycle,Rear-end,6,Clear,36.0,Male,3,156960.6,Light,Well-Lit,60
MMTI-2025-21491,Manila,Motorcycle,Head-on,Risk Level 3,Clear,39.0,female ,0,,Light,Poorly-Lit,60
MMTI-2025-06717,Pateros,SUV/Van,Side-swipe,3,Rain,61.0,Male,0,,MODERATE,Poorly-Lit,80
MMTI-2025-15238,Taguig,Car,Head-on,3,Cloudy,28.0,Female,0,291334.6,Heavy,Well-Lit,60
MMTI-2025-21438,MAKATI ,,Hit and Run,3,Rain,36.0,Male,0,99999999,Moderate,Well-Lit,30 km/h
MMTI-2025-09157, manila,Truck,Side-swipe,3.0,Clear,22.0,Female,0,723518.63,,Well-Lit,100
MMTI-2025-05855,Taguig,Jeepney,Side-swipe,Risk Level 3,Rain,,Female,0,,,Well-Lit,80 km/h
MMTI-2025-09965,Manila,Car,Side-swipe,3.0,Cloudy,31.0,Female,0,"PHP 182,185.22",Heavy,Well-Lit,60
MMTI-2025-04809,Pasig,Car,Head-on,Risk Level 3,Clear,36.0,Female,0,134681.62,Heavy,Well-Lit,60 km/h
MMTI-2025-21152,Paranaque,Motorcycle,Rear-end,2.0,Clear,26.0,Unknown,0,100854.45,Heavy,Well-Lit,60 kph
MMTI-2025-08999,,Car,Rear-end,2,Clear,46.0,Male,0,76174.38,Heavy,dark,80
MMTI-2025-19209,Taguig,Car,Side-swipe,3,Cloudy,38.0,Male,0,272784.93,Heavy,Well-Lit,60
MMTI-2025-19993,Quezon,Truck,Hit and Run,3.0,Clear,,Male,0,413907.86,Heavy,Well-Lit,80 kph
MMTI-2025-18986,Manila,Motorcycle,Hit and Run,Risk Level 2,Cloudy,60.0,Male,0,166.9k,Moderate,dark,30
MMTI-2025-17913,Quezon,Truck,Rear-end,6,Rainy,48.0,Male,3,"PHP 1,252,470.41",Heavy,Well-Lit,60
MMTI-2025-16376,MANILA ,Motorcycle,Side-swipe,,Clear,19.0,Male,0,17751.24,Moderate,Well-Lit,30 km/h
MMTI-2025-11436,Caloocan,Car,Hit and Run,3.0,Clear,27.0,Male,0,42340.42,Heavy,dark,40
MMTI-2025-15701,MUNTINLUPA ,,Rear-end,3,Storm,,M,0,86051.43,Heavy,Poorly-Lit,60 km/h
MMTI-2025-23435,Manila,Car,Side-swipe,3.0,Cloudy,150.0,Male,0,211159.12,Heavy,POOR,60
MMTI-2025-16119,Marikina,Car,Side-swipe,3,Clear,43.0,Female,0,64511.57,Heavy,Well-Lit,40
MMTI-2025-01644,Pasig,Car,Rear-end,3.0,Clear,53.0,Male,0,130707.84,Moderate,Well-Lit,40
MMTI-2025-11660,Makati,,Side-swipe,Risk Level 6,Clear,17.0,Male,1,,Moderate,Well-Lit,40
MMTI-2025-09463,Paranaque,SUV/Van,Side-swipe,4.0,Clear,33.0,Female,3,118609.04,Heavy,Well-Lit,60
MMTI-2025-13207,MANILA ,Truck,Rear-end,,Clear,37.0,Male,0,464602.28,Heavy,Well-Lit,40 km/h
MMTI-2025-10508,Taguig,,Head-on,Risk Level 2,Clear,33.0,Male,0,83709.93,Moderate,dark,60
MMTI-2025-10022,,Jeepney,Side-swipe,3,Clear,33.0,Female,0,148445.51,Heavy,Well-Lit,40 km/h
MMTI-2025-19269,Taguig,Car,Side-swipe,Risk Level 3,Cloudy,36.0,Male,0,341264.03,Heavy,No Lights,80
MMTI-2025-07238,Paranaque,Car,Head-on,3.0,Clear,26.0,Male,0,109422.54,Heavy,Well-Lit,80
MMTI-2025-08636,Quezon,Motorcycle,Hit and Run,Risk Level 3,Rainy,42.0,Male,0,1140765.3,Heavy,Poorly-Lit,60
MMTI-2025-06033,Quezon,Motorcycle,Head-on,3,Rainy,28.0,Male,0,"PHP 1,656,292.22",HEAVY,Poorly-Lit,60
MMTI-2025-21516,Marikina,Car,Rear-end,3,Clear,65.0,Female,0,59375.27,Light,Well-Lit,40
MMTI-2025-08846,Mandaluyong,Motorcycle,Hit and Run,3,Clear,58.0,Female,0,"PHP 73,013.72",Moderate,Poorly-Lit,60 km/h
MMTI-2025-13978,Quezon,Car,Side-swipe,4,Rainy,37.0,Male,1,1091.6k,Moderate,Well-Lit,80
MMTI-2025-21594,Makati,Bus,Hit and Run,,Clear,52.0,Female,0,"PHP 322,929.11",Heavy,Lit,40
MMTI-2025-02457,Quezon,SUV/Van,Side-swipe,3.0,Rainy,30.0,Male,0,"PHP 812,005.08",Heavy,Well-Lit,100
MMTI-2025-14728,Makati,Car,Head-on,3,Cloudy,56.0,Male,0,211916.87,Heavy,Unlit,60
MMTI-2025-16415,Makati,Car,Hit and Run,1,Cloudy,37.0,Female,0,220502.69,Moderate,Well-Lit,30 km/h
MMTI-2025-05689,Quezon,Car,Rear-end,3.0,Cloudy,36.0,Female,0,379474.36,Heavy,Well-Lit,60 km/h
MMTI-2025-13131,Quezon,Car,Hit and Run,3,Rainy,49.0,Male,0,1615453.68,Moderate,Well-Lit,60 km/h
MMTI-2025-07751,Paranaque,SUV/Van,Hit and Run,3.0,Storm,49.0,Male,0,,Heavy,Unlit,60
MMTI-2025-04770,Pasig,Car,Rear-end,6,Clear,54.0,F,1,136622.69,Heavy,Well-Lit,80
MMTI-2025-02471,Quezon,Motorcycle,Head-on,3,Rain,,Female,0,20918.16,Heavy,Unlit,30
MMTI-2025-15179,San Juan,Truck,Head-on,,Cloudy,25.0,Male,0,"PHP 290,393.88",Moderate,Unlit,60 kph
MMTI-2025-09111,Quezon,Car,Side-swipe,3.0,Stormy,21.0,Male,0,99999999,Moderate,well lit,60 km/h
MMTI-2025-04180,Quezon,Car,Side-swipe,3,Rainy,38.0,Male,0,899678.93,HEAVY,Well-Lit,40
MMTI-2025-10752,Quezon,Car,Side-swipe,3.0,Rainy,46.0,Female,0,645275.28,HEAVY,Well-Lit,60 km/h
MMTI-2025-19401,Manila,Car,Side-swipe,3.0,Cloudy,49.0,Male,0,196279.62,Heavy,Well-Lit,100
MMTI-2025-11074,Taguig,Motorcycle,Rear-end,3,Cloudy,51.0,Female,0,333807.78,Heavy,Well-Lit,40
MMTI-2025-11631,Quezon,Bus,Side-swipe,,Clear,-10.0,Male,0,332332.27,Heavy,Well-Lit,60
MMTI-2025-02168,Makati,Car,Side-swipe,3.0,Cloudy,39.0,Male,0,214626.93,Moderate,Unlit,60
MMTI-2025-04290,,Motorcycle,Hit and Run,3.0,Clear,30.0,Female,0,16383.42,Heavy,Well-Lit,40
MMTI-2025-14471,Muntinlupa,Truck,Head-on,3,Clear,41.0,Female,0,52231.57,Heavy,well lit,60
MMTI-2025-00920,Marikina,Car,Hit and Run,Risk Level 3,Clear,17.0,Female,0,65894.35,Heavy,Poorly-Lit,80 kph
MMTI-2025-03399,,SUV/Van,Side-swipe,2.0,Clear,45.0,Male,4,98940.49,Moderate,well lit,60
MMTI-2025-00756,Makati,SUV/Van,Rear-end,2.0,Clear,28.0,Male,1,135766.22,,Unlit,40
MMTI-2025-22163,San Juan,Motorcycle,Side-swipe,6.0,Clear,47.0,Male,2,39368.34,Heavy,Well-Lit,80
MMTI-2025-15200,Makati,Motorcycle,Hit and Run,2,Cloudy,32.0,Male,0,228947.57,Heavy,Poorly-Lit,60
MMTI-2025-13609,Quezon,SUV/Van,Side-swipe,4,Rainy,20.0,Male,2,637477.27,Moderate,POOR,40
MMTI-2025-04250,Valenzuela,SUV/Van,Hit and Run,3,Clear,0.0,F,0,51375.67,,Well-Lit,40 kph
MMTI-2025-22823,Quezon,Car,Hit and Run,Risk Level 3,Cloudy,24.0,Male,0,"PHP 621,013.27",Heavy,Unlit,60
MMTI-2025-11396,Las Pinas,Car,Hit and Run,Risk Level 3,Clear,48.0,Male,0,84513.03,Heavy,Well-Lit,60
MMTI-2025-20678,Quezon,Car,Hit and Run,6,Stormy,47.0,Male,1,2735597.42,HEAVY,Well-Lit,80
MMTI-2025-22885,Mandaluyong,Car,Hit and Run,Risk Level 3,Clear,48.0,Male,0,69.8k,Heavy,Unlit,60 kph
MMTI-2025-08759,Muntinlupa,Car,Rear-end,3.0,Clear,53.0,Male,0,55810.22,Moderate,Well-Lit,30
MMTI-2025-22596,Quezon,Motorcycle,Rear-end,3,Cloudy,17.0,Male,0,380994.11,Heavy,Well-Lit,60
MMTI-2025-00597,Pasig,Car,Rear-end,1,Clear,41.0,Male,0,128440.97,Moderate,Well-Lit,80
MMTI-2025-13270,Taguig,,Head-on,3,Rain,0.0,Male,0,67141.26,Moderate,Well-Lit,30
MMTI-2025-11519,Quezon,Car,Head-on,Risk Level 3,Rainy,38.0,Male,0,1105328.99,Moderate,Poorly-Lit,60 km/h
MMTI-2025-20676,,Bus,Side-swipe,3,Clear,56.0,Female,0,"PHP 738,188.63",Moderate,Poorly-Lit,60
MMTI-2025-16187,Quezon,SUV/Van,Side-swipe,3,Rainy,56.0,Male,0,1302464.57,Moderate,Well-Lit,60
MMTI-2025-05428,Quezon,Car,Hit and Run,3.0,Cloudy,39.0,F,0,405974.46,Light,Well-Lit,60
MMTI-2025-19697,Caloocan,Truck,Rear-end,3.0,Storm,,Male,0,601685.1,Light,Poorly-Lit,40 km/h
MMTI-2025-01260,Makati,,Hit and Run,2,Clear,34.0,Female,0,15988.68,Light,Poorly-Lit,80
MMTI-2025-14305,Quezon,Motorcycle,Head-on,1.0,Cloudy,33.0,Male,0,609188.22,Moderate,Well-Lit,100
MMTI-2025-04087,Manila,Car,Hit and Run,,Clear,0.0,Male,0,49306.25,Heavy,Well-Lit,80
MMTI-2025-09243,Caloocan,Car,Hit and Run,Risk Level 3,Clear,46.0,Male,0,42825.62,Heavy,Unlit,60
MMTI-2025-18777,Quezon,Car,Head-on,Risk Level 3,Rainy,40.0,Male,0,1196.1k,Moderate,Well-Lit,80 km/h
MMTI-2025-06870,Pasay,Car,Hit and Run,3,Clear,50.0,Male,0,44949.46,Light,POOR,60
MMTI-2025-07425, mandaluyong,Bus,Hit and Run,3,Rain,37.0,Male,0,,Heavy,Poorly-Lit,80
MMTI-2025-03573,Makati,Car,Hit and Run,2,Cloudy,30.0,Female,0,228776.81,Light,Well-Lit,60 km/h
MMTI-2025-09065,Marikina,Motorcycle,Side-swipe,3.0,Clear,44.0,F,0,63602.01,Heavy,Well-Lit,30
MMTI-2025-16896,Marikina,Jeepney,Head-on,3,,40.0,Male,0,"PHP 90,786.85",Heavy,Well-Lit,60
MMTI-2025-08965,,SUV/Van,Rear-end,3.0,Clear,37.0,Female,0,175631.34,Heavy,Well-Lit,60 km/h
MMTI-2025-13891,Quezon,Car,Hit and Run,Risk Level 3,Rainy,52.0,Male,0,936074.0,Heavy,Poorly-Lit,80
MMTI-2025-02840,Quezon,Car,Head-on,3,Rainy,55.0,Male,0,1054510.8,Heavy,dark,60
MMTI-2025-20072,Manila,Car,Hit and Run,3.0,,49.0,male,0,226556.12,Light,Well-Lit,60 kph
MMTI-2025-02473,Manila,Car,Side-swipe,Risk Level 3,Cloudy,43.0,Male,0,173290.67,Heavy,Well-Lit,40
MMTI-2025-07709,Quezon,Motorcycle,Rear-end,Risk Level 3,Cloudy,56.0,Female,0,397.7k,Moderate,Well-Lit,60
MMTI-2025-20137,Taguig,Car,Rear-end,3,Cloudy,47.0,Male,0,335178.17,Light,No Lights,60
MMTI-2025-20760,Pasig,Car,Hit and Run,3,Clear,44.0,female ,0,152613.01,Heavy,Poorly-Lit,60
MMTI-2025-18927,Paranaque,,Hit and Run,3.0,Rain,47.0,Male,0,,Light,Well-Lit,60
MMTI-2025-20253,Pasay,Jeepney,Hit and Run,3,Clear,17.0,Male,0,45860.58,Heavy,Unlit,80
MMTI-2025-18133,Quezon,Motorcycle,Side-swipe,6.0,Stormy,44.0,Female,4,1996783.86,Moderate,POOR,60
MMTI-2025-01153,Quezon,Jeepney,Hit and Run,3.0,Rainy,23.0,Male,0,676587.97,Heavy,dark,60
MMTI-2025-03583, manila,Jeepney,Head-on,Risk Level 3,,54.0,Female,0,28780.01,Moderate,Poorly-Lit,40 km/h
MMTI-2025-01503,Marikina,Car,Rear-end,3,Clear,24.0,Male,0,58692.99,Moderate,Unlit,80 km/h
MMTI-2025-18684,Quezon,Car,Side-swipe,3,Rainy,57.0,Male,0,986695.9,Heavy,Poorly-Lit,60
MMTI-2025-12066,Muntinlupa,Motorcycle,Hit and Run,3,Clear,53.0,Female,0,55334.56,Moderate,Poorly-Lit,60
MMTI-2025-01891,Marikina,Truck,Rear-end,2,Clear,43.0,Male,0,58962.75,Light,Well-Lit,60
MMTI-2025-22041,Quezon,Motorcycle,Rear-end,3.0,Rainy,17.0,Male,0,742893.18,Heavy,Well-Lit,60
MMTI-2025-18116,Pasig,Motorcycle,Head-on,3,Clear,45.0,Male,0,147598.11,Heavy,Well-Lit,80
MMTI-2025-18371,Manila,Car,Head-on,Risk Level 3,Cloudy,39.0,Female,0,185308.28,HEAVY,POOR,40 km/h
MMTI-2025-07914,,Motorcycle,Hit and Run,3,Clear,58.0,Male,0,50716.2,Moderate,Well-Lit,60 km/h
MMTI-2025-21533,Manila,Truck,Head-on,3,Clear,29.0,Male,0,,Heavy,Well-Lit,30 km/h
MMTI-2025-06338,MANDALUYONG ,Truck,Rear-end,3.0,Rain,,Male,0,804103.86,Light,Well-Lit,40
MMTI-2025-13108,Quezon,Car,Hit and Run,3,Rainy,39.0,Male,0,"PHP 1,239,514.88",Heavy,Poorly-Lit,40
MMTI-2025-00343,Makati,Motorcycle,Hit and Run,6,Cloudy,17.0,Female,2,252883.83,MODERATE,Poorly-Lit,60
MMTI-2025-10685,Taguig,Motorcycle,Head-on,3,Cloudy,17.0,Male,0,306073.07,Moderate,Lit,60
MMTI-2025-09408,Makati,Motorcycle,Side-swipe,3,Cloudy,44.0,Male,0,241004.35,Moderate,dark,60
MMTI-2025-06283,Makati,Bus,Head-on,Risk Level 3,,30.0,Male,0,1033035.19,Heavy,Well-Lit,60 km/h
MMTI-2025-20456,,Truck,Hit and Run,3,Rain,60.0,Female,0,1511108.93,,Well-Lit,60 km/h
MMTI-2025-02594,Las Pinas,Car,Side-swipe,3,Clear,29.0,Male,0,88772.59,HEAVY,Poorly-Lit,60
MMTI-2025-08467,Manila,Motorcycle,Head-on,3.0,Cloudy,44.0,Unknown,0,206721.81,Light,Well-Lit,30 km/h
MMTI-2025-07897,Manila,Car,Head-on,3.0,Clear,54.0,Male,0,,Heavy,Well-Lit,60 kph
MMTI-2025-18423,Makati,SUV/Van,Rear-end,3.0,,36.0,F,0,"PHP 219,642.84",Heavy,Poorly-Lit,80
MMTI-2025-00377, quezon,Jeepney,Hit and Run,3,Rain,,male,0,87160.99,Heavy,Unlit,60
MMTI-2025-17413,Pasig,Car,Head-on,2,Clear,38.0,M,0,128138.04,Heavy,dark,60
MMTI-2025-05791,Taguig,Car,Hit and Run,3.0,Cloudy,40.0,Female,0,291456.48,Heavy,Well-Lit,80
MMTI-2025-17685,Marikina,Motorcycle,Rear-end,2,Clear,45.0,Male,0,59749.91,Moderate,No Lights,100
MMTI-2025-20579,Quezon,SUV/Van,Hit and Run,Risk Level 3,Storm,38.0,Male,0,,Heavy,Well-Lit,60 km/h
MMTI-2025-14113,Quezon,SUV/Van,Hit and Run,3.0,Rainy,29.0,Female,0,1142850.77,Moderate,Well-Lit,60
MMTI-2025-15156,Taguig,Motorcycle,Rear-end,6.0,Rain,53.0,male,2,,Heavy,Poorly-Lit,100 km/h
MMTI-2025-19082,MARIKINA ,Truck,Rear-end,3,,41.0,F,0,1558434.64,Heavy,well lit,30
MMTI-2025-01433,Taguig,Car,Hit and Run,6.0,Cloudy,28.0,Male,2,300946.77,HEAVY,Well-Lit,100 km/h
MMTI-2025-21934,Quezon,SUV/Van,Side-swipe,Risk Level 3,Rainy,28.0,male,0,699324.53,Heavy,Well-Lit,60 kph
MMTI-2025-16691,,SUV/Van,Side-swipe,,Clear,32.0,Male,0,153557.51,Heavy,Poorly-Lit,60
MMTI-2025-04039,,Bus,Hit and Run,2.0,Clear,39.0,Male,0,205550.86,Moderate,Poorly-Lit,60
MMTI-2025-15383,Manila,Motorcycle,Head-on,Risk Level 3,Cloudy,34.0,Male,0,194124.27,Heavy,Poorly-Lit,60 km/h
MMTI-2025-18156,Pasay,Car,Side-swipe,Risk Level 3,Clear,48.0,Female,0,44916.84,Moderate,Well-Lit,100
MMTI-2025-17262,Quezon,Car,Rear-end,Risk Level 3,Cloudy,28.0,Male,4,449435.62,Moderate,Well-Lit,40 km/h
MMTI-2025-14981,Quezon,Car,Hit and Run,,Clear,41.0,Female,0,66212.79,HEAVY,Well-Lit,80 km/h
MMTI-2025-12516,Paranaque,Car,Side-swipe,3.0,Clear,40.0,Female,0,103507.3,Moderate,Poorly-Lit,60 km/h
MMTI-2025-04460,Marikina,Motorcycle,Side-swipe,6,Clear,17.0,Male,2,60517.01,Heavy,Well-Lit,60
MMTI-2025-03481,Paranaque,Bus,Side-swipe,3.0,Storm,56.0,Male,0,241571.1,,Poorly-Lit,100
MMTI-2025-22364,Quezon,Car,Side-swipe,3.0,Rain,52.0,female ,0,,Heavy,Well-Lit,60 kph
MMTI-2025-04400,PASAY ,Bus,Hit and Run,3,,25.0,Male,0,"PHP 922,707.75",Heavy,Well-Lit,60 km/h
MMTI-2025-01560,Manila,Car,Head-on,2,,41.0,Male,2,77777777,Light,Poorly-Lit,60
MMTI-2025-04832,Navotas,Motorcycle,Side-swipe,3.0,Clear,46.0,Female,0,36547.74,Heavy,Unlit,30
MMTI-2025-08122,Quezon,SUV/Van,Rear-end,3,Cloudy,44.0,Male,0,396798.32,Heavy,Poorly-Lit,60
MMTI-2025-21401,Marikina,Jeepney,Side-swipe,,Cloudy,40.0,Male,0,51256.5,Heavy,Well-Lit,60
MMTI-2025-16029,Manila,Truck,Head-on,Risk Level 6,Cloudy,47.0,Male,4,192001.13,Light,dark,60
MMTI-2025-05972,Mandaluyong,Motorcycle,Head-on,Risk Level 3,Clear,34.0,M,0,"PHP 77,177.59",LIGHT,Poorly-Lit,60
MMTI-2025-07318,Quezon,Car,Rear-end,3,Stormy,33.0,Male,0,77777777,Heavy,Poorly-Lit,60
MMTI-2025-21632,,Bus,Hit and Run,Risk Level 3,Clear,29.0,Female,0,415573.88,Heavy,Well-Lit,60 km/h
MMTI-2025-07090,,Jeepney,Head-on,2,Rain,53.0,Female,0,43401.34,Moderate,Poorly-Lit,40
MMTI-2025-04819,Paranaque,SUV/Van,Head-on,3,Clear,26.0,Male,0,109066.09,HEAVY,Poorly-Lit,80
MMTI-2025-22480,Quezon,,Rear-end,,Clear,24.0,Male,0,44181.76,Heavy,Unlit,60 km/h
MMTI-2025-05803,Quezon,Car,Side-swipe,Risk Level 3,Rainy,31.0,Male,0,1282681.88,Heavy,Poorly-Lit,60
MMTI-2025-16104,Paranaque,Car,Side-swipe,Risk Level 3,Clear,49.0,Male,0,,,Well-Lit,60
MMTI-2025-13847,Paranaque,Car,Head-on,3.0,Clear,32.0,Male,0,111462.98,Heavy,Poorly-Lit,40 km/h
MMTI-2025-21911,Paranaque,Car,Hit and Run,2,Clear,0.0,Male,0,25347.48,,dark,60
MMTI-2025-11768,Mandaluyong,Truck,Side-swipe,3,Clear,,Female,0,1817576.54,Heavy,Well-Lit,80
MMTI-2025-13011,Taguig,Motorcycle,Side-swipe,3.0,Cloudy,20.0,Male,0,270820.94,Heavy,Well-Lit,60
MMTI-2025-02698,Quezon,Car,Rear-end,Risk Level 3,Cloudy,39.0,Male,0,437080.47,Moderate,dark,60 km/h
MMTI-2025-03826,Caloocan,,Side-swipe,6.0,Clear,35.0,F,3,487416.57,Heavy,Well-Lit,60 km/h
MMTI-2025-15942,MALABON ,Car,Head-on,3.0,Cloudy,33.0,Male,0,,Heavy,well lit,60 kph
MMTI-2025-00438,Quezon,Jeepney,Head-on,Risk Level 3,Rainy,36.0,Male,0,1603340.58,Heavy,No Lights,100
MMTI-2025-17723,Mandaluyong,SUV/Van,Side-swipe,Risk Level 3,Clear,38.0,Male,0,69224.65,Moderate,Poorly-Lit,40
MMTI-2025-04466,Quezon,Motorcycle,Rear-end,2,Clear,,Male,0,3519.35,Heavy,Poorly-Lit,80
MMTI-2025-01540,San Juan,Truck,Side-swipe,Risk Level 3,Rain,55.0,Male,0,780168.2,,Well-Lit,60
MMTI-2025-08942,Quezon,Car,Rear-end,Risk Level 3,Clear,59.0,Female,0,,Heavy,Well-Lit,60 km/h
MMTI-2025-00095,Pasay,Motorcycle,Hit and Run,2.0,Clear,999.0,Female,0,46266.58,Moderate,Poorly-Lit,60 kph
MMTI-2025-17316,Manila,Motorcycle,Hit and Run,2,Cloudy,31.0,Male,0,167.4k,Heavy,Well-Lit,30
MMTI-2025-09022,Paranaque,,Hit and Run,3.0,Rain,33.0,Female,0,115543.18,Heavy,Well-Lit,40 km/h
MMTI-2025-13878,Makati,Truck,Rear-end,3.0,Cloudy,52.0,Male,0,,Heavy,POOR,60
MMTI-2025-15634,Valenzuela,Car,Rear-end,6,Clear,28.0,Male,2,38113.67,Heavy,Poorly-Lit,40 km/h
MMTI-2025-13023,Manila,Truck,Rear-end,6.0,,-10.0,Female,4,"PHP 2,162,023.74",Moderate,Well-Lit,60 km/h
MMTI-2025-10721,MAKATI ,,Hit and Run,3,Clear,21.0,Male,0,302268.27,Moderate,Unlit,60
MMTI-2025-18011,Quezon,Car,Side-swipe,6,Cloudy,20.0,Female,1,392732.97,Moderate,well lit,40
MMTI-2025-02179,Quezon,Truck,Head-on,,Cloudy,37.0,Female,0,426792.11,Heavy,Well-Lit,80
MMTI-2025-06990,Quezon,Bus,Rear-end,,Cloudy,35.0,Male,2,256352.09,Heavy,Well-Lit,80
MMTI-2025-18500,Marikina,Bus,Rear-end,1.0,Clear,,Male,0,70436.72,Moderate,Well-Lit,40 kph
MMTI-2025-01398,Quezon,Car,Rear-end,3.0,Stormy,26.0,Male,0,77777777,Moderate,Well-Lit,80
MMTI-2025-21846,Marikina,SUV/Van,Hit and Run,4,Clear,45.0,Male,2,61012.68,Heavy,Well-Lit,40
MMTI-2025-10274,Quezon,SUV/Van,Side-swipe,,Clear,42.0,Female,0,,HEAVY,Well-Lit,60
MMTI-2025-22672,Pasig,Car,Side-swipe,2,Clear,38.0,Female,0,"PHP 158,456.13",Heavy,Well-Lit,80
MMTI-2025-02994,,Jeepney,Side-swipe,3,Clear,37.0,Female,0,89881.76,Moderate,Well-Lit,60
MMTI-2025-05632,Paranaque,Car,Hit and Run,3,Clear,17.0,Male,0,122096.46,Heavy,Well-Lit,40
MMTI-2025-20005,Quezon,Motorcycle,Rear-end,Risk Level 3,Stormy,43.0,M,0,77777777,Heavy,Well-Lit,60 kph
MMTI-2025-07627,Quezon,Truck,Side-swipe,3,Rainy,41.0,Male,0,678207.07,Moderate,Well-Lit,100
MMTI-2025-07460,Quezon,Motorcycle,Head-on,3.0,Rainy,28.0,Male,0,1138833.99,Moderate,Poorly-Lit,30
MMTI-2025-11263,MAKATI ,Motorcycle,Rear-end,3,Clear,46.0,female ,0,,Heavy,Poorly-Lit,40
MMTI-2025-04947,Quezon,Motorcycle,Head-on,Risk Level 3,Stormy,24.0,Male,0,1919241.73,Heavy,Well-Lit,60