Incident_ID,City,Vehicle_Type,Accident_Type,Severity,Weather_Condition,Driver_Age,Driver_Gender,Injury_Count,Damage_Cost_PHP,Traffic_Volume,Road_Lighting,Speed_Limit
MMTI-2025-13321,Quezon,Truck,Hit and Run,3,Rainy,37.0,Male,0,930.2k,Heavy,Well-Lit,60
MMTI-2025-21295,Muntinlupa,Car,Side-swipe,3,Clear,32.0,Male,0,52402.31,Moderate,dark,40
MMTI-2025-09250,Quezon,Car,Rear-end,6,Stormy,51.0,Female,1,2058107.71,Heavy,Well-Lit,100
MMTI-2025-01815,QUEZON ,Motorcycle,Rear-end,3,Rain,37.0,Male,0,11824.39,,Unlit,40 km/h
MMTI-2025-00794,Quezon,Car,Side-swipe,3,Rainy,46.0,Male,0,878702.71,Moderate,dark,60 km/h
MMTI-2025-08234,,Bus,Side-swipe,3,Rain,36.0,Male,0,1452345.74,Heavy,Well-Lit,80
MMTI-2025-15891,Quezon,Truck,Rear-end,3.0,Stormy,49.0,Male,0,77777777,Heavy,Well-Lit,60
MMTI-2025-09269,Makati,,Side-swipe,3,Clear,59.0,Female,0,154489.72,HEAVY,Well-Lit,60
MMTI-2025-12434,Pasay,Car,Rear-end,,Clear,0.0,Female,0,"PHP 60,864.33",Heavy,Well-Lit,60 km/h
MMTI-2025-20425,Manila,SUV/Van,Head-on,6.0,,46.0,Male,2,818201.64,Heavy,Poorly-Lit,30
MMTI-2025-13748,Quezon,Motorcycle,Hit and Run,Risk Level 3,Rainy,61.0,Male,0,1213068.4,Heavy,Well-Lit,40
MMTI-2025-06329,Manila,Motorcycle,Rear-end,3,Clear,34.0,Male,0,,Heavy,Well-Lit,30 km/h
MMTI-2025-18419,Quezon,Car,Head-on,6,Cloudy,52.0,Female,4,528000.29,Heavy,Well-Lit,60 km/h
MMTI-2025-17665,Manila,Car,Rear-end,3,Cloudy,39.0,Male,0,203696.98,Light,Poorly-Lit,40
MMTI-2025-12361,Paranaque,Car,Head-on,3,Clear,28.0,Male,0,104036.67,Light,Poorly-Lit,60
MMTI-2025-10430,,Jeepney,Head-on,2,Clear,54.0,Female,0,22263.32,Light,Well-Lit,40 km/h
MMTI-2025-02328,Taguig,Car,Hit and Run,3.0,Cloudy,48.0,Female,0,308023.79,Heavy,Poorly-Lit,40
MMTI-2025-03908,Pasig,Jeepney,Rear-end,3.0,Cloudy,40.0,Male,0,,HEAVY,Well-Lit,40 km/h
MMTI-2025-10451,Quezon,Motorcycle,Side-swipe,3,Cloudy,25.0,Female,3,369800.2,Heavy,well lit,80 km/h
MMTI-2025-22879,,Bus,Rear-end,3,Rain,21.0,Female,0,586270.26,Heavy,POOR,60
MMTI-2025-18881,Caloocan,Car,Side-swipe,6,Clear,48.0,Male,1,42995.14,Heavy,Well-Lit,40
MMTI-2025-18377,Manila,Motorcycle,Rear-end,3.0,,51.0,Male,0,9578.91,Heavy,Well-Lit,40
MMTI-2025-22182,Quezon,Car,Head-on,6,Cloudy,17.0,Male,4,"PHP 458,453.78",Light,Unlit,40
MMTI-2025-22567,Pasay,Motorcycle,Rear-end,3,Clear,38.0,Male,0,46162.84,Heavy,Well-Lit,60 km/h
MMTI-2025-04694,Quezon,Motorcycle,Rear-end,3,Rainy,34.0,Male,0,938914.59,Moderate,Well-Lit,80
MMTI-2025-12097,Makati,Car,Side-swipe,Risk Level 3,Cloudy,23.0,Male,0,217822.84,Heavy,Unlit,80
MMTI-2025-00891,Quezon,Motorcycle,Side-swipe,3.0,Rainy,31.0,Male,0,"PHP 1,413,406.34",Moderate,Well-Lit,60
MMTI-2025-14817,Paranaque,Bus,Rear-end,,Clear,43.0,Male,0,"PHP 151,174.14",Heavy,Well-Lit,40 kph
MMTI-2025-20144,Quezon,Jeepney,Side-swipe,6.0,Cloudy,37.0,Male,3,228396.75,,Well-Lit,60 km/h
MMTI-2025-01229,Manila,Car,Rear-end,3,Clear,38.0,Male,0,,Heavy,Well-Lit,40
MMTI-2025-07944,,Truck,Head-on,6,Clear,39.0,Female,1,4960035.99,Heavy,Poorly-Lit,60 km/h
MMTI-2025-00707,,Bus,Side-swipe,Risk Level 3,Clear,,Male,0,292155.83,Heavy,Well-Lit,40
MMTI-2025-12905,Manila,Car,Rear-end,3.0,Cloudy,43.0,Female,0,192068.5,Heavy,Well-Lit,30
MMTI-2025-19701,Valenzuela,Bus,Head-on,2.0,,52.0,Male,0,496457.2,Heavy,Unlit,40
MMTI-2025-07395,Quezon,Motorcycle,Head-on,3,Cloudy,-10.0,Female,0,560482.4,Light,Well-Lit,80
MMTI-2025-18328,Taguig,Car,Rear-end,3,Cloudy,33.0,Male,0,281.2k,Heavy,well lit,60
MMTI-2025-06740, manila,SUV/Van,Head-on,,Rain,43.0,Female,3,43279.52,Heavy,Well-Lit,60
MMTI-2025-02730,Makati,Car,Head-on,Risk Level 3,Clear,41.0,Male,0,162496.04,,Well-Lit,30 kph
MMTI-2025-15642,San Juan,Car,Side-swipe,Risk Level 3,Clear,17.0,Male,0,40119.5,Moderate,Unlit,40
MMTI-2025-18193,Paranaque,Motorcycle,Side-swipe,3,Clear,44.0,Male,0,122522.9,MODERATE,Well-Lit,30
MMTI-2025-10026,Quezon,Motorcycle,Rear-end,4,Cloudy,78.0,Female,2,455750.68,Heavy,Well-Lit,60
MMTI-2025-19836,Quezon,Motorcycle,Head-on,2.0,,32.0,Male,0,14420.15,Heavy,Well-Lit,80 km/h
MMTI-2025-11848,Makati,Car,Rear-end,3,,44.0,Female,0,239245.73,HEAVY,Poorly-Lit,30
MMTI-2025-14830,,Motorcycle,Side-swipe,3.0,Clear,42.0,Male,0,64638.43,Heavy,Well-Lit,60
MMTI-2025-08666,,Motorcycle,Head-on,Risk Level 3,Rain,41.0,Female,0,21744.82,Light,Well-Lit,60 km/h
MMTI-2025-05556,Makati,Truck,Rear-end,6,,39.0,Male,1,2920439.86,Heavy,Unlit,40
MMTI-2025-23048,Las Pinas,Car,Side-swipe,1,Clear,43.0,Male,0,85441.26,Light,Poorly-Lit,40
MMTI-2025-05552,Makati,Jeepney,Hit and Run,3,,,Female,0,,Moderate,Poorly-Lit,80 kph
MMTI-2025-05898,TAGUIG ,Bus,Hit and Run,3,Clear,31.0,Male,0,499672.54,,Poorly-Lit,100 km/h
MMTI-2025-07490,Quezon,Bus,Hit and Run,3,,38.0,female ,0,"PHP 156,625.36",Moderate,Well-Lit,60
MMTI-2025-12462,Quezon,Motorcycle,Rear-end,6,Cloudy,17.0,Female,2,430272.13,Heavy,No Lights,40
MMTI-2025-11786,Quezon,Car,Hit and Run,Risk Level 3,Rainy,30.0,Male,0,658793.52,Heavy,Well-Lit,30 kph
MMTI-2025-10032,Quezon,SUV/Van,Head-on,Risk Level 3,Rainy,26.0,female ,0,794864.53,Heavy,Well-Lit,30
MMTI-2025-17095,Quezon,Car,Head-on,3,Rainy,43.0,Male,3,654922.32,Light,Well-Lit,40
MMTI-2025-23349,Quezon,Car,Head-on,3.0,Rainy,32.0,Male,0,812115.68,Light,Well-Lit,60
MMTI-2025-20953,,Car,Side-swipe,,Clear,31.0,Female,0,0,Moderate,Well-Lit,60
MMTI-2025-06242,Muntinlupa,Bus,Head-on,,Cloudy,43.0,Male,0,231196.27,Heavy,Lit,60 km/h
MMTI-2025-14589,Marikina,SUV/Van,Rear-end,3,,43.0,Male,0,107084.45,Heavy,Well-Lit,60
MMTI-2025-19580,Quezon,Car,Side-swipe,Risk Level 3,Rainy,56.0,male,0,671326.71,Heavy,Well-Lit,100 km/h
MMTI-2025-20085,Mandaluyong,Car,Hit and Run,3.0,Clear,47.0,Male,0,73851.33,Heavy,well lit,40 km/h
MMTI-2025-01640,Manila,Motorcycle,Side-swipe,3.0,,,Male,0,33575.14,Heavy,dark,80
MMTI-2025-18136,,Bus,Side-swipe,Risk Level 6,Clear,32.0,Male,4,2031930.58,Heavy,Well-Lit,60
MMTI-2025-14242,Quezon,Truck,Hit and Run,Risk Level 3,Clear,44.0,Male,0,,Heavy,Poorly-Lit,80
MMTI-2025-03762,Quezon,Car,Rear-end,3.0,Rainy,51.0,Male,0,837938.12,Heavy,Unlit,40
MMTI-2025-07972,Quezon,SUV/Van,Head-on,3,Clear,48.0,Male,0,,Heavy,Well-Lit,30
MMTI-2025-13348,Muntinlupa,Car,Head-on,3,Clear,43.0,Male,0,55411.69,Heavy,Poorly-Lit,100 km/h
MMTI-2025-15682,Makati,,Side-swipe,3,Rain,22.0,Female,0,167243.1,Heavy,Well-Lit,60 km/h
MMTI-2025-03233,Pasig,Car,Rear-end,2,Clear,50.0,Female,3,156636.91,Moderate,Poorly-Lit,40 km/h
MMTI-2025-15998,Manila,Car,Rear-end,Risk Level 3,Cloudy,40.0,Male,0,169949.71,MODERATE,Lit,60
MMTI-2025-15098,Paranaque,Car,Side-swipe,3.0,Clear,59.0,Male,0,120122.77,Moderate,Poorly-Lit,60
MMTI-2025-03445,San Juan,Jeepney,Head-on,3.0,Clear,42.0,Male,0,39.8k,Moderate,Well-Lit,60 km/h
MMTI-2025-21971,PARANAQUE ,,Hit and Run,3.0,,30.0,Male,0,"PHP 115,293.85",Heavy,Well-Lit,40 km/h
MMTI-2025-22122,Manila,Car,Rear-end,3,Cloudy,21.0,Male,0,170964.36,Light,Unlit,80
MMTI-2025-04695,Paranaque,,Hit and Run,Risk Level 3,Clear,37.0,Female,0,258048.01,Heavy,Well-Lit,60
MMTI-2025-02239,Manila,Motorcycle,Side-swipe,3,Clear,44.0,Male,0,13660.32,,Well-Lit,60
MMTI-2025-05598,MANILA ,Motorcycle,Side-swipe,3.0,Clear,,M,0,"PHP 33,116.94",Moderate,No Lights,60 kph
MMTI-2025-10219,Quezon,Motorcycle,Rear-end,6,Rainy,34.0,male,4,664429.78,LIGHT,Poorly-Lit,80 km/h
MMTI-2025-07680,Pasay,Car,Rear-end,2,Clear,39.0,Male,0,45.0k,Heavy,Poorly-Lit,80
MMTI-2025-10397,Taguig,Truck,Head-on,3.0,Cloudy,28.0,F,0,319206.87,Heavy,Lit,60
MMTI-2025-12937,Paranaque,Truck,Hit and Run,6,,38.0,Female,2,3564610.31,Moderate,well lit,60
MMTI-2025-02907, marikina,Truck,Head-on,,Clear,42.0,Male,0,147217.88,Heavy,Poorly-Lit,60
MMTI-2025-00547,Manila,Car,Hit and Run,3,Cloudy,22.0,Male,0,203951.82,Heavy,Poorly-Lit,60 km/h
MMTI-2025-09848,Makati,Jeepney,Rear-end,3.0,Cloudy,49.0,Male,0,213954.25,Heavy,Well-Lit,60 km/h
MMTI-2025-16066,Manila,,Head-on,3,Rain,21.0,Female,0,203763.22,Moderate,Well-Lit,60
MMTI-2025-05868,,Motorcycle,Head-on,Risk Level 3,Storm,40.0,Male,0,55335.55,,Well-Lit,60
MMTI-2025-22732,Quezon,Motorcycle,Rear-end,3.0,Cloudy,27.0,Male,0,494394.47,Moderate,Well-Lit,30 kph
MMTI-2025-01709,Taguig,Car,Side-swipe,6.0,Cloudy,36.0,Female,3,303348.12,Moderate,Poorly-Lit,60
MMTI-2025-13281,Taguig,Truck,Side-swipe,3,Cloudy,55.0,Female,0,315474.43,HEAVY,dark,40 km/h
MMTI-2025-18584,Marikina,Motorcycle,Hit and Run,Risk Level 3,Clear,31.0,Male,0,62977.68,MODERATE,Well-Lit,60
MMTI-2025-19108,MANILA ,Motorcycle,Side-swipe,,Clear,21.0,Unknown,0,"PHP 18,155.02",Heavy,Well-Lit,80
MMTI-2025-14642,Makati,,Side-swipe,Risk Level 2,Clear,49.0,Female,0,22.8k,Moderate,Well-Lit,30 kph
MMTI-2025-01572,,Jeepney,Hit and Run,Risk Level 3,Rain,43.0,Male,0,,Light,Well-Lit,60 km/h
MMTI-2025-15915,Mandaluyong,Car,Hit and Run,3,Clear,48.0,Male,0,75710.39,Heavy,Poorly-Lit,40
MMTI-2025-12087,Manila,Car,Hit and Run,3.0,Rain,49.0,Male,0,,Heavy,Poorly-Lit,60
MMTI-2025-23251,Pasig,Car,Head-on,3,Clear,37.0,Female,0,145368.56,Heavy,Well-Lit,80
MMTI-2025-14289, manila,Motorcycle,Head-on,2,Clear,43.0,Male,0,14202.2,,Well-Lit,60
MMTI-2025-20688,Marikina,SUV/Van,Head-on,Risk Level 2,Clear,23.0,Female,1,67665.02,Light,Well-Lit,60
MMTI-2025-01588,Taguig,Motorcycle,Side-swipe,6,Cloudy,0.0,Male,2,"PHP 326,271.90",Heavy,Well-Lit,40 km/h
MMTI-2025-16367,Quezon,Motorcycle,Side-swipe,3,Rainy,52.0,Male,0,1033311.36,Heavy,Well-Lit,40
MMTI-2025-18233,Mandaluyong,Car,Rear-end,3,Clear,40.0,M,0,72536.44,Moderate,dark,40
MMTI-2025-11244,Manila,Car,Rear-end,3,Clear,38.0,Male,0,,Moderate,Poorly-Lit,60 km/h
MMTI-2025-00951,Quezon,,Head-on,3.0,Cloudy,36.0,Male,0,103888.43,Moderate,Well-Lit,60 km/h
MMTI-2025-07906,Paranaque,Car,Rear-end,3,Clear,30.0,Female,0,113127.87,Moderate,Well-Lit,60
MMTI-2025-03539,Quezon,SUV/Van,Head-on,3,Stormy,44.0,M,0,99999999,Heavy,Poorly-Lit,60 km/h
MMTI-2025-07586,Quezon,Truck,Side-swipe,6,Rainy,51.0,Male,1,771517.06,Heavy,Lit,80
MMTI-2025-19293,Quezon,,Side-swipe,Risk Level 3,Cloudy,38.0,Male,0,176066.93,Heavy,Well-Lit,40
MMTI-2025-15266,Mandaluyong,Car,Hit and Run,3,Clear,31.0,F,0,76.9k,Heavy,Lit,60
MMTI-2025-02401,Paranaque,Car,Hit and Run,3,Clear,35.0,Male,0,114031.61,Moderate,Unlit,80
MMTI-2025-22565,Makati,Motorcycle,Side-swipe,Risk Level 3,Cloudy,35.0,Male,0,213.1k,Light,Poorly-Lit,60 kph
MMTI-2025-13132,Quezon,Motorcycle,Hit and Run,3.0,Rainy,27.0,Female,0,928575.18,HEAVY,Well-Lit,60
MMTI-2025-15926,Quezon,Motorcycle,Hit and Run,3,Cloudy,30.0,Male,0,477843.11,Heavy,Unlit,60
MMTI-2025-11874,Quezon,Car,Rear-end,Risk Level 6,Stormy,33.0,Female,2,1972623.93,Heavy,Well-Lit,80
MMTI-2025-22032,Muntinlupa,Car,Hit and Run,3.0,Clear,41.0,Male,0,52807.13,Heavy,Poorly-Lit,60
MMTI-2025-08087,Taguig,Car,Head-on,Risk Level 3,Cloudy,43.0,Female,0,282602.32,Heavy,well lit,80
MMTI-2025-17203,Taguig,SUV/Van,Side-swipe,,Rain,34.0,Female,0,,Moderate,Well-Lit,60 km/h
MMTI-2025-15534,Muntinlupa,Car,Rear-end,3,Clear,43.0,Male,0,54379.79,Moderate,Well-Lit,40
MMTI-2025-07518,Pasay,Car,Rear-end,Risk Level 3,Clear,30.0,Male,0,"PHP 46,601.39",Heavy,Poorly-Lit,80 km/h
MMTI-2025-22575,Quezon,Jeepney,Hit and Run,,Clear,44.0,Female,0,-500,Heavy,Well-Lit,60 km/h
MMTI-2025-05109,Quezon,Jeepney,Side-swipe,3,Clear,30.0,Male,0,77122.58,,Poorly-Lit,100
MMTI-2025-17952,Manila,Truck,Head-on,3,Clear,,Female,0,1878320.6,Light,Poorly-Lit,60
MMTI-2025-21247,,Truck,Side-swipe,3,Rain,44.0,Male,0,1232270.0,Heavy,Unlit,40
MMTI-2025-01653,Pasig,SUV/Van,Side-swipe,3,Clear,45.0,Male,0,130.3k,Heavy,Poorly-Lit,40 km/h
MMTI-2025-09242,Paranaque,Car,Head-on,3.0,Clear,49.0,Male,0,98917.46,Moderate,Well-Lit,80
MMTI-2025-16804,Caloocan,Jeepney,Head-on,Risk Level 3,Clear,28.0,Female,0,,Moderate,Poorly-Lit,80 km/h
MMTI-2025-00129,Pateros,,Rear-end,3.0,Rain,51.0,Female,0,93599.2,Heavy,POOR,60 km/h
MMTI-2025-16458,Paranaque,Car,Hit and Run,6,Clear,31.0,Male,3,116968.33,Heavy,Well-Lit,40 km/h
MMTI-2025-13502,Manila,,Hit and Run,3,Clear,22.0,Male,0,97.2k,Moderate,Well-Lit,80
MMTI-2025-04752,Makati,SUV/Van,Hit and Run,3,Cloudy,17.0,Male,0,240107.06,Moderate,Poorly-Lit,60
MMTI-2025-22971,Muntinlupa,Truck,Hit and Run,Risk Level 1,Cloudy,43.0,Male,0,,LIGHT,Well-Lit,60 km/h
MMTI-2025-14101,Pasig,Truck,Head-on,Risk Level 3,Clear,30.0,Male,0,156.0k,Moderate,Well-Lit,40
MMTI-2025-21621,,Motorcycle,Hit and Run,3,Clear,33.0,Male,0,30915.95,Heavy,Well-Lit,30
MMTI-2025-12035,Quezon,Car,Hit and Run,3.0,Rainy,29.0,Female,0,1016617.83,Heavy,Poorly-Lit,60
MMTI-2025-22835,San Juan,Car,Head-on,Risk Level 3,,48.0,female ,0,141046.2,Moderate,Unlit,60
MMTI-2025-02796,Quezon,,Side-swipe,6,Clear,49.0,Male,3,171887.5,MODERATE,POOR,60
MMTI-2025-11264,Manila,Motorcycle,Side-swipe,Risk Level 3,Clear,27.0,Male,0,39979.05,,Poorly-Lit,100
MMTI-2025-13543,Marikina,SUV/Van,Side-swipe,Risk Level 3,,59.0,Unknown,0,-25000,Moderate,Unlit,30
MMTI-2025-13869,Paranaque,Bus,Hit and Run,,Clear,48.0,Male,0,371919.63,Heavy,Well-Lit,80
MMTI-2025-08785,Quezon,Car,Rear-end,3.0,Rainy,56.0,Male,0,1233016.55,Heavy,Well-Lit,60 km/h
MMTI-2025-02742,Quezon,Motorcycle,Side-swipe,3,Cloudy,28.0,Male,0,424441.41,Heavy,POOR,60
MMTI-2025-01508,Pasig,SUV/Van,Rear-end,4.0,Clear,52.0,Male,1,145518.35,HEAVY,Well-Lit,60
MMTI-2025-02967,,Jeepney,Rear-end,3.0,Rain,40.0,Male,0,54294.13,Heavy,Well-Lit,60
MMTI-2025-17641,Valenzuela,Truck,Side-swipe,3.0,,35.0,Male,0,657803.29,Heavy,Well-Lit,40 km/h
MMTI-2025-13602,Makati,Car,Hit and Run,9.0,Cloudy,45.0,Male,3,265352.84,Heavy,Poorly-Lit,80
MMTI-2025-01772,Quezon,Car,Side-swipe,Risk Level 3,Rainy,29.0,F,0,"PHP 800,741.12",Heavy,Well-Lit,60
MMTI-2025-22292,Makati,Truck,Hit and Run,2.0,Cloudy,36.0,Male,0,"PHP 234,582.49",Heavy,Well-Lit,40 km/h
MMTI-2025-19753,Manila,,Side-swipe,2.0,,32.0,Male,0,"PHP 98,506.72",Moderate,Well-Lit,100
MMTI-2025-15073,Caloocan,SUV/Van,Rear-end,3,Clear,42.0,Male,0,41601.17,Heavy,Well-Lit,40 kph
MMTI-2025-17450,Manila,Jeepney,Rear-end,3,Rain,19.0,Male,0,"PHP 71,222.04",,Well-Lit,40
MMTI-2025-21380,Pasig,Motorcycle,Head-on,3,Clear,57.0,Male,0,161197.69,Heavy,Poorly-Lit,60
MMTI-2025-16186,Paranaque,Motorcycle,Rear-end,2,Clear,42.0,Male,0,115460.12,Light,Well-Lit,60 km/h
MMTI-2025-16310,Quezon,Car,Head-on,6.0,Cloudy,54.0,Male,2,518568.61,Heavy,Well-Lit,30
MMTI-2025-12287,Taguig,Motorcycle,Hit and Run,3,Cloudy,34.0,Male,0,345530.11,Heavy,Well-Lit,60
MMTI-2025-07209,Quezon,,Head-on,Risk Level 1,Clear,49.0,Male,0,17248.46,Moderate,Poorly-Lit,80 km/h
MMTI-2025-07138,Paranaque,Car,Side-swipe,4.0,Clear,45.0,Female,4,102220.46,LIGHT,Well-Lit,40
MMTI-2025-06278,Quezon,Car,Head-on,6.0,Cloudy,59.0,Male,2,391505.57,Heavy,Lit,80 km/h
MMTI-2025-16595,Quezon,Car,Head-on,6,Stormy,44.0,Male,3,4162903.52,Heavy,Well-Lit,60
MMTI-2025-17073,Manila,Jeepney,Hit and Run,,Clear,35.0,Male,0,45979.69,Heavy,No Lights,40
MMTI-2025-15568,Quezon,Car,Rear-end,,Clear,36.0,Female,0,81.2k,Moderate,Well-Lit,40
MMTI-2025-00760,Taguig,,Head-on,3,Clear,48.0,Male,0,52780.04,Heavy,Unlit,60 km/h
MMTI-2025-22356,Las Pinas,Truck,Rear-end,2,Clear,,Male,0,141772.14,Moderate,Well-Lit,60
MMTI-2025-03312,Marikina,Motorcycle,Hit and Run,Risk Level 3,Clear,45.0,Male,0,61153.08,HEAVY,well lit,60
MMTI-2025-13764,Manila,Car,Rear-end,3.0,Cloudy,42.0,Male,0,186562.35,Moderate,dark,40 kph
MMTI-2025-22038,Quezon,Car,Head-on,6,Rainy,42.0,Male,3,1032156.5,Heavy,Poorly-Lit,60
MMTI-2025-03287,Quezon,,Rear-end,Risk Level 3,Clear,35.0,Male,0,172395.52,Moderate,Well-Lit,60
MMTI-2025-18684,Quezon,Jeepney,Side-swipe,3,Rainy,27.0,F,0,823951.18,HEAVY,Poorly-Lit,60
MMTI-2025-09359,Quezon,Car,Head-on,3.0,Rainy,19.0,Male,0,1046507.97,Heavy,Well-Lit,80 kph
MMTI-2025-12122,Quezon,Car,Rear-end,3.0,Rainy,41.0,Male,0,852807.38,MODERATE,Well-Lit,60
MMTI-2025-05731,Pasig,Truck,Head-on,3,Clear,33.0,Male,0,148941.66,Heavy,Unlit,60 km/h
MMTI-2025-05882,Makati,Car,Side-swipe,2,Cloudy,40.0,Male,0,"PHP 231,135.42",Moderate,Poorly-Lit,30
MMTI-2025-07707,MAKATI ,Bus,Side-swipe,Risk Level 3,,35.0,Male,0,767912.82,Heavy,No Lights,40 km/h
MMTI-2025-13769,Quezon,Truck,Hit and Run,1,Cloudy,41.0,Male,0,"PHP 399,112.35",Moderate,Well-Lit,60
MMTI-2025-12519,San Juan,Motorcycle,Head-on,3.0,,35.0,Male,0,14831.66,Heavy,Well-Lit,100 km/h
MMTI-2025-01941,Quezon,,Side-swipe,2,Clear,39.0,Male,0,20911.12,Heavy,Unlit,30
MMTI-2025-21971,PARANAQUE ,,Hit and Run,3.0,,30.0,Male,0,"PHP 115,293.85",Heavy,Well-Lit,40 km/h
MMTI-2025-04567,Makati,Truck,Head-on,3,Cloudy,45.0,Male,0,244228.85,Heavy,well lit,60 km/h
MMTI-2025-07789,Quezon,SUV/Van,Head-on,3.0,Rainy,35.0,Male,0,941847.55,Heavy,Poorly-Lit,100
MMTI-2025-01482,Las Pinas,Truck,Hit and Run,2.0,Clear,25.0,Male,0,91657.93,Heavy,Well-Lit,40
MMTI-2025-08928,Quezon,Car,Side-swipe,3,Cloudy,54.0,Male,0,516551.51,Moderate,Well-Lit,60
MMTI-2025-08193,Pasay,SUV/Van,Head-on,3,Clear,35.0,Male,0,416513.5,,No Lights,40
MMTI-2025-22525,Quezon,Car,Head-on,6,Cloudy,40.0,Male,4,356925.5,Moderate,well lit,60 km/h
MMTI-2025-10194,Quezon,Car,Side-swipe,6,Rainy,23.0,Male,1,746593.6,Heavy,Well-Lit,60
MMTI-2025-01308,Quezon,Car,Head-on,6,Stormy,42.0,Male,1,2050.7k,Heavy,Unlit,80 kph
MMTI-2025-22366,Marikina,Motorcycle,Side-swipe,3,Clear,29.0,Female,0,61510.17,Moderate,Poorly-Lit,30
MMTI-2025-12252,Quezon,Car,Rear-end,Risk Level 3,Rainy,49.0,Female,0,1462469.5,Heavy,Poorly-Lit,40
MMTI-2025-15095,Pasay,Motorcycle,Hit and Run,3.0,Clear,,Male,0,32597.71,Heavy,Well-Lit,40
MMTI-2025-12274, pasig,SUV/Van,Hit and Run,4,Clear,,Male,4,101468.63,Moderate,Poorly-Lit,80 kph
MMTI-2025-03868,Quezon,Car,Side-swipe,3.0,Cloudy,17.0,Male,0,434938.82,Heavy,Well-Lit,100
MMTI-2025-03140,,Truck,Head-on,6,Clear,43.0,Male,4,4992143.07,Moderate,Well-Lit,60 km/h
MMTI-2025-04991,Quezon,Motorcycle,Rear-end,6.0,Stormy,32.0,Female,1,4404.2k,Moderate,Well-Lit,60
MMTI-2025-12684,Las Pinas,Motorcycle,Side-swipe,3.0,,17.0,Female,0,28479.97,HEAVY,POOR,40 km/h
MMTI-2025-04952,Quezon,Car,Side-swipe,3,Rainy,37.0,Male,0,760301.11,Heavy,Poorly-Lit,80
MMTI-2025-18281,Quezon,Bus,Head-on,3,Clear,39.0,Male,0,"PHP 241,585.70",,Poorly-Lit,60
MMTI-2025-10602,Muntinlupa,SUV/Van,Hit and Run,3.0,Clear,42.0,Female,0,57166.02,Moderate,Well-Lit,40 km/h
MMTI-2025-06509,Caloocan,Truck,Rear-end,4.0,Clear,55.0,Male,3,,Moderate,Well-Lit,30
MMTI-2025-09609,Paranaque,Jeepney,Rear-end,Risk Level 3,Clear,38.0,Male,0,111069.66,Moderate,Poorly-Lit,100 km/h
MMTI-2025-11696,MANILA ,Car,Rear-end,2.0,,34.0,Male,0,43949.16,Heavy,Poorly-Lit,40 km/h
MMTI-2025-08978,Marikina,Car,Head-on,3.0,Clear,37.0,Male,0,67569.65,Moderate,No Lights,60
MMTI-2025-04521,Taguig,Car,Rear-end,3.0,Cloudy,47.0,Male,0,270169.25,LIGHT,Well-Lit,40
MMTI-2025-16338,Quezon,Truck,Side-swipe,3.0,Cloudy,35.0,Male,0,362612.84,Heavy,Unlit,60
MMTI-2025-04726,Taguig,Car,Rear-end,3,Cloudy,30.0,Male,0,298206.61,HEAVY,Poorly-Lit,60
MMTI-2025-11752,Manila,Truck,Hit and Run,Risk Level 3,Cloudy,35.0,Female,0,166931.85,Heavy,Well-Lit,60
MMTI-2025-20254,Quezon,Car,Hit and Run,3,Rainy,29.0,Male,0,1327888.95,HEAVY,Well-Lit,40
MMTI-2025-04887,Mandaluyong,SUV/Van,Side-swipe,3.0,Clear,38.0,Male,0,66728.97,,Well-Lit,60 kph
MMTI-2025-21051,Las Pinas,Truck,Rear-end,3,Clear,35.0,Female,0,83544.5,HEAVY,Poorly-Lit,80
MMTI-2025-14263,Quezon,Car,Hit and Run,Risk Level 3,Rainy,999.0,Unknown,0,1132415.63,Heavy,Well-Lit,60
MMTI-2025-13407,Las Pinas,Car,Hit and Run,Risk Level 3,Clear,31.0,Male,0,85796.95,Heavy,Poorly-Lit,60 km/h
MMTI-2025-01631,Quezon,SUV/Van,Hit and Run,3,Rainy,47.0,Male,0,1081270.94,Heavy,POOR,60
MMTI-2025-23384,Quezon,Car,Hit and Run,3,Rainy,38.0,Male,0,661112.23,Heavy,Poorly-Lit,60
MMTI-2025-00371,Las Pinas,Motorcycle,Side-swipe,3,Clear,51.0,Male,0,84345.74,Heavy,Poorly-Lit,60
MMTI-2025-14485,Marikina,Car,Hit and Run,6,Clear,33.0,Male,2,60124.18,Moderate,dark,40
MMTI-2025-17924,Manila,Car,Rear-end,3,Cloudy,41.0,Male,0,195921.27,HEAVY,Well-Lit,40
MMTI-2025-11871, manila,Car,Hit and Run,,Clear,51.0,Male,0,98341.5,Heavy,Well-Lit,60
MMTI-2025-01930,Makati,Truck,Hit and Run,,Clear,42.0,Female,0,490783.17,Heavy,Unlit,80 km/h
MMTI-2025-22164,Makati,Car,Hit and Run,2,Cloudy,31.0,Male,0,255716.49,Heavy,Poorly-Lit,60 kph
MMTI-2025-16424,Las Pinas,Car,Head-on,3.0,Clear,33.0,Male,0,96601.52,MODERATE,Lit,80
MMTI-2025-09645,Quezon,Motorcycle,Rear-end,3.0,Rainy,24.0,Female,0,721682.86,HEAVY,well lit,60 km/h
MMTI-2025-05060,Mandaluyong,Car,Side-swipe,3,Clear,38.0,Male,0,81323.67,Heavy,Well-Lit,60
MMTI-2025-19660,Makati,Motorcycle,Head-on,3,Storm,,Male,0,22.9k,Heavy,Poorly-Lit,60 km/h