Incident_ID,City,Vehicle_Type,Accident_Type,Severity,Weather_Condition,Driver_Age,Driver_Gender,Injury_Count,Damage_Cost_PHP,Traffic_Volume,Road_Lighting,Speed_Limit
MMTI-2025-00233,Pasay,Car,Head-on,3.0,Clear,36.0,Male,0,45531.77,Heavy,Poorly-Lit,60
MMTI-2025-07396,Quezon,Motorcycle,Hit and Run,3.0,Rainy,25.0,Male,0,"PHP 766,735.87",Heavy,No Lights,40
MMTI-2025-08652,Manila,Car,Rear-end,3,Cloudy,29.0,Male,0,184273.4,Heavy,Well-Lit,60
MMTI-2025-09529, malabon,Truck,Head-on,,Cloudy,45.0,Male,0,486.8k,Moderate,Well-Lit,60
MMTI-2025-21876,Quezon,Bus,Hit and Run,3.0,Clear,58.0,F,0,1279453.94,,Well-Lit,60
MMTI-2025-00028, quezon,Truck,Hit and Run,3.0,Cloudy,46.0,Male,0,1447267.96,,Well-Lit,80
MMTI-2025-09606,,Jeepney,Rear-end,Risk Level 3,Clear,37.0,Male,0,122367.05,Heavy,Well-Lit,60
MMTI-2025-22216,CALOOCAN ,,Hit and Run,3,Clear,25.0,Male,0,124034.57,Heavy,Well-Lit,40 kph
MMTI-2025-03130,Manila,Car,Head-on,Risk Level 3,Clear,42.0,Male,0,45508.97,,Poorly-Lit,60
MMTI-2025-10439,Manila,Motorcycle,Head-on,,,30.0,Female,0,8502.2,,Well-Lit,30 km/h
MMTI-2025-00264,,Car,Rear-end,Risk Level 3,,56.0,Male,0,47741.23,Light,Unlit,40
MMTI-2025-20443,Mandaluyong,Motorcycle,Hit and Run,3.0,Clear,46.0,Male,0,73.9k,Moderate,Poorly-Lit,60
MMTI-2025-12433,QUEZON ,Truck,Rear-end,,Clear,30.0,M,0,"PHP 448,574.02",Moderate,No Lights,60
MMTI-2025-15231,Paranaque,Car,Side-swipe,3.0,Clear,40.0,Male,0,118268.25,Moderate,Poorly-Lit,60 km/h
MMTI-2025-04130,Quezon,Car,Side-swipe,3,Rainy,34.0,Male,0,1157687.07,Heavy,Well-Lit,60
MMTI-2025-08332,Makati,SUV/Van,Hit and Run,Risk Level 2,Cloudy,25.0,Male,0,"PHP 267,069.06",Light,Lit,60
MMTI-2025-04439,Pasig,,Side-swipe,6,Clear,51.0,Female,3,656454.03,Heavy,Well-Lit,40
MMTI-2025-21320,Quezon,Car,Side-swipe,3,Cloudy,31.0,Female,0,443563.01,Heavy,Unlit,40
MMTI-2025-09592, quezon,SUV/Van,Head-on,Risk Level 6,,27.0,Female,1,875445.36,Heavy,Poorly-Lit,40
MMTI-2025-02337,,Jeepney,Hit and Run,6,,39.0,Male,2,54991.33,Light,Poorly-Lit,60
MMTI-2025-00580,Makati,Car,Side-swipe,3.0,Cloudy,51.0,Female,0,222290.99,Heavy,Well-Lit,40
MMTI-2025-07488,Quezon,Car,Rear-end,3,Rainy,48.0,Male,0,646213.36,Heavy,No Lights,60
MMTI-2025-13444,Makati,Car,Rear-end,3,Cloudy,38.0,Male,0,241.0k,HEAVY,Well-Lit,80
MMTI-2025-04669,Pasig,Car,Hit and Run,3,Clear,27.0,Male,0,163281.51,Heavy,Well-Lit,60
MMTI-2025-19578,Makati,Truck,Head-on,3,,54.0,M,0,940585.06,Heavy,dark,60
MMTI-2025-04826,Las Pinas,,Hit and Run,3.0,Clear,36.0,Male,0,190571.89,Heavy,Poorly-Lit,60 km/h
MMTI-2025-21665,Paranaque,,Hit and Run,Risk Level 9,Clear,52.0,Male,2,453910.98,Heavy,Poorly-Lit,60
MMTI-2025-13955,Quezon,Car,Head-on,Risk Level 2,Cloudy,34.0,Male,0,414616.07,Moderate,POOR,80
MMTI-2025-11222,Marikina,Car,Head-on,Risk Level 3,Clear,34.0,Unknown,0,63013.91,Heavy,Poorly-Lit,60
MMTI-2025-14764,Quezon,SUV/Van,Rear-end,3,,30.0,Male,0,230288.94,Moderate,Well-Lit,60
MMTI-2025-04161,Makati,SUV/Van,Rear-end,3,,37.0,Male,0,240172.09,Heavy,Well-Lit,60
MMTI-2025-05535,Manila,,Side-swipe,3,Clear,33.0,Male,0,58575.81,Heavy,Lit,60
MMTI-2025-00649,,Motorcycle,Hit and Run,6,Clear,32.0,male,1,69983.48,Heavy,Well-Lit,40
MMTI-2025-10214,Quezon,Motorcycle,Hit and Run,1,Cloudy,22.0,Female,0,517658.12,Moderate,Well-Lit,40
MMTI-2025-11589,Muntinlupa,SUV/Van,Rear-end,6.0,,41.0,Male,4,828810.33,Heavy,Unlit,60 km/h
MMTI-2025-07113,Taguig,Motorcycle,Side-swipe,2,Cloudy,46.0,Male,0,297245.77,Light,dark,40
MMTI-2025-09874,Malabon,Truck,Hit and Run,3.0,Clear,51.0,Male,0,,Light,well lit,80
MMTI-2025-23218,Paranaque,Jeepney,Hit and Run,3,Clear,30.0,Male,0,110565.2,Heavy,Well-Lit,60
MMTI-2025-23136,Makati,,Rear-end,3,Rain,40.0,Female,0,155092.51,Moderate,Poorly-Lit,40
MMTI-2025-11307,Quezon,Motorcycle,Rear-end,6,Cloudy,33.0,Male,4,452231.36,Moderate,Unlit,60
MMTI-2025-04015,,Motorcycle,Side-swipe,3,Clear,39.0,M,0,26306.78,Heavy,Well-Lit,40 km/h
MMTI-2025-14675,Pasig,Car,Hit and Run,3,Clear,26.0,Male,0,128469.43,Moderate,Poorly-Lit,60
MMTI-2025-19151,Paranaque,Car,Side-swipe,Risk Level 2,Clear,36.0,Female,4,113493.31,Moderate,Well-Lit,60
MMTI-2025-00542,Quezon,,Hit and Run,3,Clear,34.0,Male,0,160243.29,Heavy,Poorly-Lit,60
MMTI-2025-02707,Muntinlupa,,Side-swipe,3,Clear,47.0,Female,0,80543.64,Light,Poorly-Lit,40
MMTI-2025-21608,Las Pinas,Car,Head-on,3,Clear,28.0,Male,0,88897.24,Heavy,Poorly-Lit,40
MMTI-2025-19196,,Car,Rear-end,3,Clear,28.0,Male,0,127435.67,Heavy,Well-Lit,60
MMTI-2025-04162,Pasig,Car,Side-swipe,3.0,Clear,27.0,Male,0,135478.61,Heavy,Well-Lit,40
MMTI-2025-03869,Quezon,Car,Hit and Run,3,Rainy,33.0,Female,0,1422787.22,Heavy,POOR,80 kph
MMTI-2025-15314,Pasig,SUV/Van,Head-on,3,Clear,41.0,Female,0,159148.2,Heavy,Poorly-Lit,60
MMTI-2025-01327,Taguig,Car,Head-on,Risk Level 6,Cloudy,-10.0,Male,3,307445.34,Heavy,Poorly-Lit,60 km/h
MMTI-2025-22785,Pasig,Car,Head-on,3,Rain,30.0,Female,0,,,Well-Lit,80
MMTI-2025-19127,Las Pinas,Car,Side-swipe,1,Clear,26.0,Male,0,81396.2,Light,Poorly-Lit,40
MMTI-2025-02510,Quezon,Car,Side-swipe,3,Cloudy,40.0,Male,0,388019.07,Light,No Lights,30
MMTI-2025-02545,Makati,Car,Side-swipe,3.0,Cloudy,17.0,Female,0,"PHP 242,669.95",Heavy,Poorly-Lit,60
MMTI-2025-16513,Quezon,Motorcycle,Side-swipe,,Clear,48.0,Male,0,12147.67,Heavy,Well-Lit,40 km/h
MMTI-2025-13437,Quezon,Truck,Side-swipe,Risk Level 3,Rainy,33.0,Male,0,662591.51,HEAVY,well lit,60 km/h
MMTI-2025-12201,,Car,Head-on,Risk Level 2,Clear,51.0,Unknown,0,50427.12,Moderate,well lit,60
MMTI-2025-16475, navotas,,Head-on,3,Cloudy,,Male,0,162091.25,Heavy,Poorly-Lit,60
MMTI-2025-12612,Paranaque,Motorcycle,Head-on,1,Clear,28.0,Male,0,111275.18,Moderate,Poorly-Lit,60 km/h
MMTI-2025-06583,Taguig,Car,Hit and Run,3,Cloudy,52.0,Female,0,272550.75,Heavy,Poorly-Lit,60
MMTI-2025-20856,Manila,Truck,Hit and Run,2.0,Clear,,Male,0,548895.43,Heavy,Lit,80
MMTI-2025-06159,Muntinlupa,Car,Rear-end,Risk Level 3,Clear,52.0,female ,0,54.1k,Heavy,Well-Lit,80
MMTI-2025-21662,Quezon,Bus,Rear-end,3,Clear,44.0,Male,0,,Heavy,Poorly-Lit,30
MMTI-2025-06652,San Juan,Motorcycle,Rear-end,,Storm,-10.0,Male,1,11522.04,Heavy,Well-Lit,40
MMTI-2025-17536,Manila,,Side-swipe,6,Clear,,Female,2,670319.06,Moderate,Poorly-Lit,60
MMTI-2025-00793,Quezon,Car,Hit and Run,3.0,Rainy,32.0,Female,0,1203078.9,Moderate,Well-Lit,80
MMTI-2025-17536,Manila,,Side-swipe,6,Clear,,Female,2,670319.06,Moderate,Poorly-Lit,60
MMTI-2025-05601,Manila,Car,Rear-end,3,Cloudy,21.0,Female,0,187734.48,Moderate,Well-Lit,80
MMTI-2025-12882,,SUV/Van,Side-swipe,3.0,Clear,41.0,Male,0,134754.95,Heavy,Well-Lit,40 kph
MMTI-2025-02885,Pasig,Car,Head-on,3,Clear,46.0,Male,0,126163.98,Moderate,Poorly-Lit,100 kph
MMTI-2025-09174,Las Pinas,Truck,Rear-end,3,Rain,,Female,0,919115.03,Heavy,Well-Lit,80 km/h
MMTI-2025-06579,Quezon,Motorcycle,Head-on,6.0,Stormy,33.0,female ,2,2687044.91,Heavy,Poorly-Lit,30 km/h
MMTI-2025-03377,Makati,Motorcycle,Rear-end,2,Cloudy,32.0,Male,0,"PHP 260,895.54",Moderate,Well-Lit,60
MMTI-2025-17280,Makati,Bus,Hit and Run,3,Storm,35.0,Male,0,1001022.29,,Well-Lit,30
MMTI-2025-07730,Paranaque,SUV/Van,Rear-end,3.0,Clear,18.0,Male,0,98171.25,Heavy,Well-Lit,40
MMTI-2025-15679,,SUV/Van,Head-on,6,Clear,41.0,Male,2,,Heavy,Well-Lit,60
MMTI-2025-11679,,Motorcycle,Head-on,3,Rain,,Male,0,15558.22,Heavy,Lit,40
MMTI-2025-14112,Quezon,SUV/Van,Side-swipe,3,Rainy,26.0,Male,0,907589.37,MODERATE,Unlit,60
MMTI-2025-19674,Taguig,SUV/Van,Hit and Run,6,Cloudy,40.0,Male,1,296683.99,Heavy,Well-Lit,30
MMTI-2025-20057,Pasig,Car,Hit and Run,3,Clear,22.0,Unknown,0,123412.5,Moderate,Poorly-Lit,100
MMTI-2025-18489,Taguig,Car,Rear-end,3.0,Cloudy,41.0,Unknown,0,314227.91,Moderate,Poorly-Lit,100
MMTI-2025-03847,Quezon,Car,Rear-end,4.0,Cloudy,30.0,Female,4,358897.28,Heavy,POOR,60
MMTI-2025-17296,Paranaque,Bus,Side-swipe,,,33.0,Male,0,331747.36,Light,No Lights,30 km/h
MMTI-2025-10707,Quezon,Motorcycle,Hit and Run,3.0,Rainy,39.0,Female,0,659467.21,Moderate,Well-Lit,80 km/h
MMTI-2025-07493,Paranaque,Motorcycle,Head-on,3.0,Clear,33.0,Female,0,115016.72,Moderate,Well-Lit,60
MMTI-2025-03062,Quezon,Car,Rear-end,3.0,Stormy,20.0,Male,0,"PHP 2,159,751.11",Moderate,Poorly-Lit,60 km/h
MMTI-2025-04328,Quezon,Motorcycle,Rear-end,6,Stormy,43.0,Male,4,1817853.84,Moderate,Well-Lit,60
MMTI-2025-08926,Makati,SUV/Van,Side-swipe,3.0,Cloudy,17.0,Male,0,244616.01,Light,Well-Lit,40 km/h
MMTI-2025-17698,,SUV/Van,Hit and Run,3.0,Cloudy,31.0,Male,0,,,Well-Lit,30
MMTI-2025-09674,Marikina,Motorcycle,Rear-end,3,Clear,36.0,Male,0,64297.27,Heavy,Well-Lit,30
MMTI-2025-23378,San Juan,Car,Hit and Run,6.0,Clear,25.0,Male,4,38322.33,HEAVY,Poorly-Lit,60
MMTI-2025-11588,Pasig,Car,Rear-end,Risk Level 3,Clear,999.0,Female,0,152095.46,Moderate,Well-Lit,30 km/h
MMTI-2025-02617,,Truck,Head-on,,Clear,49.0,Male,0,"PHP 186,713.15",Heavy,Unlit,40 km/h
MMTI-2025-05452,Pasig,,Hit and Run,3,Clear,54.0,Female,0,200177.28,Heavy,Poorly-Lit,80
MMTI-2025-01582,,SUV/Van,Head-on,6.0,Clear,,Female,1,577375.07,,Well-Lit,40 km/h
MMTI-2025-02565,Quezon,Car,Hit and Run,3,Rainy,54.0,Male,0,768467.85,Heavy,dark,60
MMTI-2025-09007,,SUV/Van,Side-swipe,3.0,Clear,39.0,Male,0,187773.81,Heavy,Well-Lit,40
MMTI-2025-19965,MANILA ,,Hit and Run,4,Cloudy,47.0,Male,4,120357.12,Heavy,Well-Lit,60 km/h
MMTI-2025-21692,,Bus,Side-swipe,3,Cloudy,49.0,Male,0,896533.49,Moderate,dark,30 km/h
MMTI-2025-01789,Las Pinas,Motorcycle,Side-swipe,3.0,Clear,45.0,Male,0,92789.66,Moderate,Well-Lit,30
MMTI-2025-01942,Manila,SUV/Van,Hit and Run,Risk Level 3,,33.0,Male,0,,Heavy,Well-Lit,60
MMTI-2025-13937,LAS PINAS ,Car,Hit and Run,Risk Level 3,Clear,,Female,0,68593.95,MODERATE,Poorly-Lit,60 km/h
MMTI-2025-18646,Manila,Car,Rear-end,3,Cloudy,39.0,Male,0,190054.61,Moderate,Poorly-Lit,60
MMTI-2025-15358,,Truck,Rear-end,2,Clear,44.0,Male,0,337573.96,Moderate,Poorly-Lit,60
MMTI-2025-02555,Manila,Motorcycle,Rear-end,3,Clear,,Female,0,27730.04,Moderate,Well-Lit,60 km/h
MMTI-2025-00658,Manila,Motorcycle,Rear-end,6.0,Cloudy,53.0,Male,1,171152.86,Moderate,well lit,60
MMTI-2025-12369,Makati,Car,Hit and Run,Risk Level 3,Cloudy,999.0,Female,0,256821.03,Heavy,Poorly-Lit,100
MMTI-2025-13447, quezon,,Head-on,3.0,Clear,35.0,male,0,"PHP 194,026.98",Heavy,Poorly-Lit,30 kph
MMTI-2025-22231,Caloocan,Bus,Hit and Run,3,Clear,33.0,Male,0,,Heavy,Lit,40 km/h
MMTI-2025-22325,Manila,Car,Side-swipe,3.0,Cloudy,51.0,Male,0,209040.88,Heavy,Well-Lit,40
MMTI-2025-05077,,Car,Head-on,3,Cloudy,50.0,Male,0,66041.46,Moderate,Well-Lit,80
MMTI-2025-13071,Marikina,Motorcycle,Head-on,Risk Level 6,Clear,0.0,Male,2,58147.2,Light,Poorly-Lit,100
MMTI-2025-07646,TAGUIG ,Car,Hit and Run,3.0,Cloudy,52.0,Female,0,,Heavy,Poorly-Lit,80
MMTI-2025-12782,Mandaluyong,Motorcycle,Rear-end,3,Clear,24.0,Female,0,79438.03,Heavy,Poorly-Lit,60
MMTI-2025-13798,,Car,Side-swipe,3,Storm,32.0,Female,0,101541.25,MODERATE,Poorly-Lit,40
MMTI-2025-05101,,Car,Hit and Run,3.0,Clear,35.0,Female,0,"PHP 186,155.22",Heavy,Well-Lit,80
MMTI-2025-09395,Makati,Car,Hit and Run,3,Cloudy,51.0,Male,0,"PHP 246,433.89",Heavy,Well-Lit,60 kph
MMTI-2025-06391,Makati,,Head-on,3,Clear,31.0,Female,0,83908.96,Heavy,Well-Lit,60 kph
MMTI-2025-11815,Makati,Car,Hit and Run,3.0,Cloudy,19.0,Male,0,226831.34,Heavy,dark,60
MMTI-2025-05698,Quezon,Motorcycle,Hit and Run,,Rain,55.0,Male,0,8938.82,Heavy,Unlit,60
MMTI-2025-04026,QUEZON ,SUV/Van,Side-swipe,2,Clear,47.0,Male,0,99999999,,Unlit,80
MMTI-2025-13477,Quezon,Motorcycle,Side-swipe,3.0,Rainy,55.0,Male,0,1390298.74,Heavy,Well-Lit,80
MMTI-2025-06991,Paranaque,Car,Side-swipe,3,Clear,999.0,Male,0,114882.03,Heavy,Well-Lit,60
MMTI-2025-11893,Paranaque,SUV/Van,Rear-end,3.0,Clear,31.0,Male,0,105397.02,Heavy,Well-Lit,60
MMTI-2025-00044,Quezon,Car,Head-on,3,Rainy,26.0,Male,0,1127548.56,Heavy,Lit,60
MMTI-2025-05569,Taguig,Car,Head-on,2,Clear,38.0,Male,0,69096.26,,Well-Lit,30
MMTI-2025-11720,Las Pinas,Car,Head-on,1,Clear,45.0,Male,0,"PHP 93,864.21",Moderate,Well-Lit,30 km/h
MMTI-2025-19114,Quezon,SUV/Van,Rear-end,3,Cloudy,18.0,Male,0,513736.09,Moderate,Well-Lit,40
MMTI-2025-17759,Valenzuela,,Side-swipe,3,Clear,29.0,Male,0,135506.29,Heavy,Poorly-Lit,100
MMTI-2025-08259,,,Hit and Run,Risk Level 3,Clear,30.0,Female,0,"PHP 111,407.53",,Poorly-Lit,80
MMTI-2025-20866,Quezon,Car,Rear-end,Risk Level 3,Rainy,43.0,Male,0,723464.22,Moderate,Unlit,60
MMTI-2025-04444,Taguig,Car,Rear-end,3,Cloudy,40.0,Male,0,297835.2,HEAVY,Poorly-Lit,40
MMTI-2025-03278,Makati,Car,Head-on,,Clear,54.0,Male,0,"PHP 57,099.60",Heavy,Well-Lit,80
MMTI-2025-20486,Makati,Motorcycle,Head-on,6,Cloudy,66.0,Male,1,248803.0,Heavy,Well-Lit,80
MMTI-2025-03907,Taguig,Bus,Hit and Run,2,,54.0,male,0,318695.71,Heavy,Lit,40
MMTI-2025-09140,Quezon,SUV/Van,Hit and Run,3,Rainy,39.0,Male,0,1151675.08,Heavy,Well-Lit,60
MMTI-2025-08760,Quezon,Motorcycle,Hit and Run,3,Rainy,40.0,Male,0,866056.0,Heavy,Well-Lit,60
MMTI-2025-15947,Quezon,Car,Rear-end,6.0,Cloudy,36.0,male,2,592394.86,Heavy,Well-Lit,40
MMTI-2025-02818,Quezon,Car,Rear-end,2,Cloudy,69.0,Male,0,441796.65,Moderate,Well-Lit,60
MMTI-2025-10597,Quezon,Car,Rear-end,3.0,Rainy,30.0,Male,0,1203332.3,Heavy,dark,30
MMTI-2025-04231,Quezon,Car,Rear-end,3.0,Rainy,57.0,Male,0,1487759.53,Moderate,Poorly-Lit,60
MMTI-2025-13872,Makati,Bus,Hit and Run,2.0,Cloudy,48.0,Male,0,,Moderate,Well-Lit,40
MMTI-2025-04093,Marikina,Motorcycle,Side-swipe,2,,35.0,Male,0,"PHP 4,684.19",Light,well lit,30
MMTI-2025-11990,,Jeepney,Rear-end,3,Clear,41.0,Unknown,0,32168.1,Moderate,Well-Lit,60
MMTI-2025-01952, makati,,Side-swipe,6.0,Cloudy,28.0,male,2,334427.99,Heavy,Well-Lit,80
MMTI-2025-02172,Quezon,Car,Head-on,3,Rainy,41.0,Male,0,719365.46,Moderate,Well-Lit,60
MMTI-2025-11366, quezon,,Hit and Run,6,Clear,45.0,Male,2,"PHP 616,445.07",Moderate,Well-Lit,60
MMTI-2025-10953,Mandaluyong,Motorcycle,Rear-end,3,Clear,42.0,Unknown,0,71444.98,Heavy,Poorly-Lit,100
MMTI-2025-04507,LAS PINAS ,Bus,Hit and Run,3,Storm,50.0,Male,0,,Heavy,Poorly-Lit,60 kph
MMTI-2025-03917, manila,Motorcycle,Hit and Run,,Clear,50.0,Male,0,12065.8,Heavy,Well-Lit,60
MMTI-2025-14465,Quezon,Truck,Head-on,3,Rainy,55.0,Male,0,1327790.9,Heavy,No Lights,40
MMTI-2025-04756,Quezon,Car,Rear-end,3,Rainy,37.0,Male,0,"PHP 1,661,280.55",Heavy,Poorly-Lit,60 km/h
MMTI-2025-03937,Marikina,SUV/Van,Head-on,3,Clear,41.0,Male,0,67732.5,Heavy,Well-Lit,40
MMTI-2025-01722,Quezon,Car,Rear-end,2,Rainy,17.0,female ,0,678621.93,MODERATE,Well-Lit,60 kph
MMTI-2025-17455,Manila,Truck,Rear-end,3.0,Cloudy,51.0,Male,0,196022.18,Heavy,Poorly-Lit,80
MMTI-2025-06697,Quezon,Car,Rear-end,3,Cloudy,40.0,Male,0,396452.15,MODERATE,Well-Lit,60 km/h
MMTI-2025-21520,Caloocan,Car,Hit and Run,1,Clear,17.0,Male,0,44818.32,Moderate,Well-Lit,60
MMTI-2025-15020,Quezon,Motorcycle,Hit and Run,3,Rainy,32.0,male,0,"PHP 750,052.21",Heavy,Poorly-Lit,30 km/h
MMTI-2025-13045,Manila,Car,Rear-end,6.0,Cloudy,32.0,Male,3,180053.42,HEAVY,Well-Lit,30 km/h
MMTI-2025-10974,Quezon,Car,Side-swipe,Risk Level 3,Rainy,40.0,Female,0,1594555.36,Heavy,Well-Lit,60 km/h
MMTI-2025-20632,Pasig,Jeepney,Rear-end,Risk Level 3,,23.0,M,0,"PHP 136,863.08",Heavy,well lit,60 kph
MMTI-2025-20785,Quezon,Car,Rear-end,3,Stormy,30.0,Male,0,77777777,Light,Well-Lit,60
MMTI-2025-00987,Marikina,Car,Hit and Run,3,Clear,18.0,Female,0,61002.23,Heavy,Poorly-Lit,60
MMTI-2025-01658,Quezon,Jeepney,Side-swipe,1,Rain,30.0,Male,0,,Moderate,Well-Lit,60
MMTI-2025-15977,,Bus,Head-on,Risk Level 6,Rain,39.0,Female,1,997711.38,Heavy,Well-Lit,60
MMTI-2025-04084,Las Pinas,Car,Side-swipe,3,Clear,36.0,Female,0,96505.51,Moderate,No Lights,80
MMTI-2025-11549,Quezon,Car,Rear-end,3,Clear,40.0,Male,0,,Moderate,Well-Lit,60
MMTI-2025-04555,,SUV/Van,Rear-end,3.0,Clear,30.0,Male,0,329011.0,Heavy,Well-Lit,40
MMTI-2025-16953,Quezon,Car,Rear-end,3,Stormy,38.0,female ,0,77777777,Light,Well-Lit,60
MMTI-2025-22984,Marikina,Jeepney,Head-on,3,Clear,,Male,0,32362.71,Heavy,Well-Lit,60
MMTI-2025-07601,Quezon,Motorcycle,Head-on,3,,35.0,Male,0,18932.63,Moderate,Well-Lit,60 km/h
MMTI-2025-01225,San Juan,Car,Side-swipe,3.0,Clear,36.0,F,0,39106.8,Moderate,Lit,40
MMTI-2025-15117,Manila,SUV/Van,Head-on,,Cloudy,47.0,Female,0,87331.01,Light,Poorly-Lit,80 km/h
MMTI-2025-04489,Muntinlupa,Motorcycle,Rear-end,3.0,Clear,26.0,Male,0,55944.63,HEAVY,Poorly-Lit,60
MMTI-2025-19995,Makati,SUV/Van,Rear-end,Risk Level 4,Clear,47.0,Male,2,,Heavy,Poorly-Lit,60
MMTI-2025-05947,Pasig,,Hit and Run,3,Clear,44.0,Male,0,178.1k,,Well-Lit,40
MMTI-2025-14100,LAS PINAS ,Bus,Hit and Run,3.0,,47.0,Male,0,1350512.7,Moderate,Poorly-Lit,60
MMTI-2025-00458,,Truck,Side-swipe,3,Rain,50.0,Male,0,"PHP 1,013,389.73",HEAVY,Well-Lit,60
MMTI-2025-10828,Manila,Bus,Head-on,Risk Level 3,Clear,47.0,Male,0,,Heavy,Well-Lit,60 km/h
MMTI-2025-02705,Pasig,Motorcycle,Rear-end,Risk Level 3,Cloudy,36.0,Male,0,,Heavy,Well-Lit,80
MMTI-2025-00468,Manila,Motorcycle,Side-swipe,3,Cloudy,17.0,Male,0,183.3k,Heavy,Poorly-Lit,80
MMTI-2025-09978,Makati,SUV/Van,Head-on,,Rain,31.0,Male,0,175190.2,Heavy,POOR,30 km/h
MMTI-2025-12639,Manila,Jeepney,Head-on,Risk Level 3,Clear,41.0,Female,0,,Moderate,POOR,60
MMTI-2025-05501,Quezon,Car,Side-swipe,3,Stormy,40.0,Male,4,99999999,Moderate,Poorly-Lit,60
MMTI-2025-08490,Quezon,Motorcycle,Hit and Run,Risk Level 3,Cloudy,49.0,Male,0,382754.49,Heavy,Well-Lit,80
MMTI-2025-10398,Marikina,SUV/Van,Head-on,3.0,Clear,37.0,Female,0,61311.39,Heavy,Well-Lit,80
MMTI-2025-16808,Pasig,Car,Head-on,,Clear,40.0,Male,0,72027.04,Heavy,No Lights,60 km/h
MMTI-2025-00908,Makati,Bus,Hit and Run,3,,39.0,Male,0,"PHP 503,767.02",Light,Poorly-Lit,60
MMTI-2025-00837,Taguig,Car,Rear-end,3,Cloudy,51.0,Female,0,349425.66,Moderate,Well-Lit,60
MMTI-2025-07448,Makati,Truck,Hit and Run,3.0,Cloudy,35.0,male,0,214986.15,Heavy,Well-Lit,60
MMTI-2025-01429,Quezon,Motorcycle,Rear-end,Risk Level 3,Rainy,42.0,Male,0,809774.89,HEAVY,Poorly-Lit,60
MMTI-2025-09171,,Motorcycle,Rear-end,Risk Level 1,Clear,55.0,Male,0,14273.71,Moderate,Well-Lit,40
MMTI-2025-13869,Paranaque,Bus,Hit and Run,,Clear,48.0,Male,0,371919.63,Heavy,Well-Lit,80
MMTI-2025-21278,Paranaque,,Head-on,3,Cloudy,25.0,Male,0,103356.63,Light,Lit,40
MMTI-2025-01166,Makati,Motorcycle,Rear-end,Risk Level 3,Cloudy,39.0,Male,0,256804.04,Heavy,Well-Lit,40
MMTI-2025-11160,Quezon,Truck,Head-on,3,Rainy,17.0,Male,0,1602507.43,Heavy,Well-Lit,40
MMTI-2025-19137,Quezon,Motorcycle,Head-on,3,Cloudy,49.0,Male,0,615429.61,Heavy,Unlit,40
MMTI-2025-01552,Manila,Bus,Head-on,Risk Level 1,Clear,19.0,F,0,,Moderate,Poorly-Lit,60
MMTI-2025-18576,Taguig,Motorcycle,Rear-end,6.0,Cloudy,32.0,Male,3,270036.06,Heavy,Poorly-Lit,40
MMTI-2025-19282,Pasig,Car,Hit and Run,3.0,Clear,43.0,Male,0,144877.4,Moderate,Well-Lit,60
MMTI-2025-06618,Valenzuela,Truck,Head-on,3.0,Rain,48.0,Male,0,,Heavy,Well-Lit,30
MMTI-2025-10240,Caloocan,SUV/Van,Side-swipe,3.0,,43.0,Male,0,"PHP 81,562.43",,Well-Lit,60 kph
MMTI-2025-12742,Pasig,Bus,Hit and Run,3.0,Clear,26.0,male,0,405259.49,,Well-Lit,60
MMTI-2025-02034,Quezon,SUV/Van,Rear-end,,Rain,49.0,Male,0,107880.57,Heavy,POOR,60 km/h
MMTI-2025-00053,Quezon,Motorcycle,Hit and Run,Risk Level 3,Rainy,66.0,Female,0,1292685.12,MODERATE,dark,40
MMTI-2025-02415,Pasay,Car,Side-swipe,3,Clear,38.0,Male,0,44969.7,Heavy,Well-Lit,100
MMTI-2025-00899,Quezon,Motorcycle,Rear-end,6,Stormy,42.0,Male,4,2019619.3,Heavy,well lit,60
MMTI-2025-06084,,Car,Head-on,3,Clear,26.0,Female,0,30450.71,HEAVY,Well-Lit,60
MMTI-2025-01627,Quezon,SUV/Van,Head-on,3.0,Cloudy,64.0,Male,0,409064.14,Moderate,Well-Lit,30
MMTI-2025-06014,Las Pinas,Car,Hit and Run,3.0,Clear,54.0,Female,0,87227.36,Heavy,Unlit,40
MMTI-2025-20210,,Car,Hit and Run,9,Cloudy,32.0,Male,2,-500,Heavy,Well-Lit,40 km/h
MMTI-2025-15190,,Jeepney,Rear-end,,Rain,24.0,Male,0,28033.95,Light,Well-Lit,60
MMTI-2025-10657,QUEZON ,,Hit and Run,3.0,Rain,31.0,Female,0,292994.27,Heavy,Poorly-Lit,30
MMTI-2025-22613,Paranaque,SUV/Van,Rear-end,3,Clear,,Male,0,289986.93,Heavy,Well-Lit,60 km/h
MMTI-2025-11310,,Motorcycle,Head-on,3,Clear,,Male,0,-25000,Light,Well-Lit,60
MMTI-2025-13567,Makati,Motorcycle,Rear-end,3.0,Cloudy,42.0,Male,0,258548.01,Light,Well-Lit,40
MMTI-2025-20335,San Juan,Truck,Rear-end,Risk Level 6,Clear,25.0,Female,2,,Heavy,Well-Lit,30 km/h
MMTI-2025-07612,Manila,Car,Rear-end,3,Cloudy,31.0,Male,0,198285.8,Heavy,Lit,40
MMTI-2025-13473,Taguig,Car,Side-swipe,3,Cloudy,35.0,Male,0,287595.8,Heavy,Well-Lit,80
MMTI-2025-11166,Quezon,Car,Hit and Run,3,Rainy,36.0,Male,0,963150.18,Heavy,Poorly-Lit,80