Incident_ID,City,Vehicle_Type,Accident_Type,Severity,Weather_Condition,Driver_Age,Driver_Gender,Injury_Count,Damage_Cost_PHP,Traffic_Volume,Road_Lighting,Speed_Limit
MMTI-2025-11509,Manila,SUV/Van,Head-on,3,Clear,54.0,Male,0,75192.64,,Poorly-Lit,60
MMTI-2025-22881,Pasig,Car,Head-on,3.0,Clear,39.0,Male,0,149302.6,Heavy,Well-Lit,40
MMTI-2025-22423,Manila,Truck,Side-swipe,3,,50.0,Unknown,0,172993.45,Heavy,Well-Lit,40
MMTI-2025-21268,Pasig,SUV/Van,Side-swipe,3,,34.0,Male,0,320924.85,Moderate,dark,40 km/h
MMTI-2025-02951,Quezon,Truck,Side-swipe,3.0,Rainy,48.0,Male,0,1176872.08,Heavy,Well-Lit,60 km/h
MMTI-2025-16713,MAKATI ,Truck,Side-swipe,,,46.0,Male,1,277084.79,Moderate,Well-Lit,60
MMTI-2025-13284,Quezon,Motorcycle,Head-on,2.0,Cloudy,36.0,Male,0,397565.27,Moderate,Well-Lit,40
MMTI-2025-08334,Las Pinas,SUV/Van,Head-on,Risk Level 6,Clear,25.0,Male,2,95742.39,Heavy,Well-Lit,40
MMTI-2025-00703,Muntinlupa,Jeepney,Rear-end,1,Clear,26.0,Male,0,8836.69,,Well-Lit,60
MMTI-2025-17532,Manila,SUV/Van,Hit and Run,2.0,Cloudy,39.0,Male,3,192991.36,Moderate,Well-Lit,60 km/h
MMTI-2025-13517,Quezon,Car,Head-on,1,Cloudy,17.0,Female,0,370353.0,Moderate,Well-Lit,100
MMTI-2025-06850,Makati,SUV/Van,Side-swipe,,Clear,18.0,Male,0,123180.5,Heavy,Well-Lit,80
MMTI-2025-16890,Quezon,Car,Head-on,9,Stormy,37.0,Male,1,"PHP 4,598,030.44",Light,Unlit,60 km/h
MMTI-2025-03825,Caloocan,Car,Hit and Run,3,Clear,39.0,Male,0,43216.96,HEAVY,Well-Lit,60 km/h
MMTI-2025-10229,Quezon,Motorcycle,Rear-end,3,,45.0,Male,0,17770.02,Heavy,Poorly-Lit,60
MMTI-2025-11693,Quezon,Car,Head-on,2,Cloudy,34.0,Male,0,440307.96,MODERATE,Well-Lit,40
MMTI-2025-09270,Caloocan,Motorcycle,Head-on,,Clear,48.0,Male,0,6327.1,Heavy,Well-Lit,60
MMTI-2025-10879,Makati,SUV/Van,Rear-end,2,Cloudy,41.0,Female,0,238977.1,Heavy,Well-Lit,60
MMTI-2025-07725,Manila,Truck,Rear-end,6,Cloudy,38.0,male,1,209063.96,Heavy,Poorly-Lit,80
MMTI-2025-13000,Paranaque,Motorcycle,Head-on,3,Clear,48.0,Male,0,106163.23,Heavy,Lit,60
MMTI-2025-10983,Pasay,Car,Rear-end,3,Clear,56.0,Male,0,45600.85,Heavy,Poorly-Lit,60 kph
MMTI-2025-20412,Taguig,Car,Hit and Run,6.0,Cloudy,37.0,Female,1,"PHP 293,679.18",Moderate,Well-Lit,60
MMTI-2025-12472,Valenzuela,Bus,Rear-end,3,Clear,61.0,Male,0,963422.3,,Well-Lit,30
MMTI-2025-05971,,,Rear-end,3,Rain,30.0,Male,0,150843.51,Heavy,Well-Lit,40
MMTI-2025-07000,Taguig,,Side-swipe,3,Clear,49.0,Unknown,0,209727.54,Heavy,Lit,80 km/h
MMTI-2025-06379,Manila,,Rear-end,3,Clear,44.0,Female,0,170976.0,Heavy,Well-Lit,40 km/h
MMTI-2025-19380,Quezon,Motorcycle,Side-swipe,3.0,Rainy,28.0,Male,0,731953.07,Heavy,dark,60
MMTI-2025-01990,Manila,,Head-on,Risk Level 3,,38.0,female ,0,"PHP 137,965.07",Heavy,Well-Lit,40
MMTI-2025-00354,Quezon,Car,Hit and Run,3,Rainy,32.0,Male,0,1479620.1,Moderate,Well-Lit,80
MMTI-2025-07401,Manila,Jeepney,Head-on,6.0,Cloudy,24.0,Male,4,201551.42,Heavy,Well-Lit,40
MMTI-2025-14720,Marikina,Car,Hit and Run,6.0,Clear,31.0,Male,3,59092.52,Heavy,Well-Lit,60
MMTI-2025-14859,Quezon,Car,Side-swipe,Risk Level 3,Rainy,48.0,Female,0,920.7k,Heavy,Well-Lit,60 km/h
MMTI-2025-21634,Pasig,Motorcycle,Hit and Run,3,Clear,18.0,M,0,138003.06,Heavy,Unlit,30
MMTI-2025-04469,Paranaque,Motorcycle,Rear-end,Risk Level 3,Clear,28.0,Male,0,"PHP 99,456.11",Moderate,Poorly-Lit,40
MMTI-2025-22516,Pasig,SUV/Van,Side-swipe,3,Clear,36.0,Male,0,150432.92,Heavy,Unlit,60
MMTI-2025-02278,NAVOTAS ,,Hit and Run,3.0,Clear,34.0,Male,0,156798.32,Moderate,Poorly-Lit,60
MMTI-2025-01885,Pasig,SUV/Van,Head-on,3.0,,52.0,Male,0,166150.14,Light,Poorly-Lit,40
MMTI-2025-05288,Makati,Car,Rear-end,3,Cloudy,42.0,Male,0,222110.45,Heavy,Poorly-Lit,30
MMTI-2025-01710,Manila,Truck,Hit and Run,3,,42.0,Male,0,449171.02,Heavy,Well-Lit,80
MMTI-2025-14981,Quezon,Car,Hit and Run,,Clear,41.0,Female,0,66212.79,HEAVY,Well-Lit,80 km/h
MMTI-2025-12058,,Bus,Hit and Run,3,,34.0,Female,0,"PHP 517,516.43",Moderate,Poorly-Lit,60 km/h
MMTI-2025-20763,Marikina,Truck,Side-swipe,Risk Level 3,Clear,36.0,Female,0,61525.9,HEAVY,Well-Lit,60
MMTI-2025-02478,Manila,Car,Hit and Run,2,Rain,-10.0,Male,0,,Moderate,Well-Lit,60
MMTI-2025-08060,San Juan,SUV/Van,Rear-end,3.0,Cloudy,,Male,0,"PHP 240,877.78",,Well-Lit,80
MMTI-2025-13208,Manila,Truck,Rear-end,2,,34.0,Male,0,185904.92,Heavy,Poorly-Lit,40
MMTI-2025-15265,Manila,Motorcycle,Rear-end,3,Cloudy,54.0,Female,0,197464.97,Moderate,Poorly-Lit,60
MMTI-2025-19238,Quezon,Car,Side-swipe,3,Rainy,37.0,Female,0,808500.2,Heavy,Poorly-Lit,40
MMTI-2025-03264,Pasig,Motorcycle,Hit and Run,Risk Level 3,Clear,35.0,Male,0,162391.91,Heavy,Well-Lit,60
MMTI-2025-14269,Quezon,Bus,Rear-end,3,,28.0,Female,0,1218248.27,Heavy,Well-Lit,30
MMTI-2025-19433,Quezon,Motorcycle,Side-swipe,3,Rainy,37.0,Male,0,928236.94,Heavy,well lit,30 km/h
MMTI-2025-07139,Quezon,Car,Hit and Run,3,Cloudy,59.0,female ,0,427327.74,MODERATE,Well-Lit,80
MMTI-2025-04268,Paranaque,Car,Hit and Run,Risk Level 3,Clear,45.0,Male,0,103225.68,Heavy,dark,60
MMTI-2025-15190,,Jeepney,Rear-end,,Rain,24.0,Male,0,28033.95,Light,Well-Lit,60
MMTI-2025-20961,Marikina,Motorcycle,Hit and Run,,Clear,30.0,Male,0,10746.05,HEAVY,Unlit,60 kph
MMTI-2025-16943,Quezon,Car,Head-on,3.0,Rainy,0.0,Male,0,1358553.73,Heavy,dark,60
MMTI-2025-08621,QUEZON ,SUV/Van,Hit and Run,3,Rain,37.0,Female,0,,Heavy,Well-Lit,60
MMTI-2025-09664,Quezon,Motorcycle,Hit and Run,3,Cloudy,35.0,Male,0,403595.94,Heavy,Well-Lit,60
MMTI-2025-00735,Quezon,Motorcycle,Rear-end,Risk Level 6,Rainy,55.0,Male,3,"PHP 659,058.34",Heavy,Unlit,60
MMTI-2025-12433,QUEZON ,Truck,Rear-end,,Clear,30.0,M,0,"PHP 448,574.02",Moderate,No Lights,60
MMTI-2025-12059,Quezon,SUV/Van,Rear-end,6.0,Rainy,44.0,Male,1,704918.6,Heavy,Well-Lit,40
MMTI-2025-01096,Quezon,Truck,Side-swipe,6,Rainy,45.0,Male,4,1026936.31,Heavy,Poorly-Lit,30
MMTI-2025-10325,Taguig,SUV/Van,Rear-end,3,Cloudy,37.0,Male,0,272245.6,Heavy,Well-Lit,60
MMTI-2025-22898,Quezon,Car,Side-swipe,2,Cloudy,47.0,Male,0,525907.12,Heavy,Well-Lit,80
MMTI-2025-04852,Quezon,Car,Side-swipe,Risk Level 6,Stormy,41.0,Female,3,2079555.68,Heavy,Unlit,60
MMTI-2025-13446,Quezon,Motorcycle,Rear-end,3,Rainy,20.0,Male,0,1297754.02,Heavy,Well-Lit,60
MMTI-2025-15576,Quezon,Truck,Rear-end,3.0,Rainy,47.0,Female,0,1209013.24,Moderate,Poorly-Lit,40
MMTI-2025-23423,Quezon,SUV/Van,Head-on,Risk Level 3,Cloudy,30.0,Male,0,351506.61,Moderate,Well-Lit,60
MMTI-2025-08252, quezon,Jeepney,Side-swipe,2,Clear,,Male,0,26127.5,HEAVY,Poorly-Lit,60
MMTI-2025-01603,Quezon,,Rear-end,3,Rain,41.0,Male,0,207541.65,Heavy,Well-Lit,80
MMTI-2025-02674,Quezon,Car,Rear-end,Risk Level 6,Cloudy,17.0,Female,3,376019.46,Moderate,Well-Lit,80 km/h
MMTI-2025-22145,Las Pinas,Motorcycle,Side-swipe,3,Clear,49.0,Male,0,"PHP 85,646.84",Heavy,Well-Lit,60
MMTI-2025-21895,Makati,Car,Side-swipe,Risk Level 2,Cloudy,17.0,Male,0,268111.15,LIGHT,Well-Lit,60
MMTI-2025-23226,Quezon,Car,Rear-end,3,Rainy,42.0,Male,0,739120.1,Heavy,Well-Lit,100
MMTI-2025-09657,Quezon,Motorcycle,Rear-end,3,Cloudy,29.0,Male,0,450267.14,Moderate,Poorly-Lit,80 kph
MMTI-2025-07273,Quezon,Car,Head-on,6,Cloudy,28.0,Male,3,465007.64,Moderate,Unlit,30
MMTI-2025-17788,Manila,Truck,Head-on,3,Clear,,M,0,739198.03,Heavy,Lit,60 km/h
MMTI-2025-19439,Quezon,SUV/Van,Side-swipe,Risk Level 3,Rainy,52.0,Female,0,730177.55,Heavy,Poorly-Lit,80
MMTI-2025-23511,Pasig,Truck,Side-swipe,3,Clear,47.0,Male,0,123601.71,Heavy,Poorly-Lit,60 km/h
MMTI-2025-15707,Pasay,Car,Side-swipe,2,Clear,47.0,Male,0,"PHP 48,107.39",Moderate,Well-Lit,60
MMTI-2025-23191,Makati,Car,Hit and Run,3,Cloudy,40.0,Male,0,"PHP 228,500.38",Heavy,Well-Lit,60
MMTI-2025-12927,Quezon,,Side-swipe,3.0,Rain,45.0,Male,0,64371.62,Heavy,Well-Lit,80
MMTI-2025-21482,Paranaque,SUV/Van,Rear-end,3,Clear,22.0,Female,0,113668.04,Heavy,Poorly-Lit,60
MMTI-2025-09983,Pasay,Car,Side-swipe,3,Rain,35.0,Female,0,77221.35,,Well-Lit,40
MMTI-2025-12109,Manila,Truck,Side-swipe,2,Clear,34.0,M,0,359.6k,,Poorly-Lit,40
MMTI-2025-11209,Caloocan,Truck,Hit and Run,3,Clear,34.0,Male,0,43903.91,Heavy,Well-Lit,80
MMTI-2025-17144,LAS PINAS ,,Rear-end,Risk Level 3,Clear,39.0,Female,0,162932.62,Heavy,dark,80 kph
MMTI-2025-08852,Taguig,Car,Head-on,3,Cloudy,48.0,Male,0,296726.62,Heavy,Well-Lit,30
MMTI-2025-13398,Mandaluyong,Jeepney,Side-swipe,,Rain,41.0,Male,0,20852.57,Heavy,Well-Lit,60
MMTI-2025-16616,Las Pinas,Truck,Head-on,4,Clear,44.0,Male,2,753055.51,,Poorly-Lit,60
MMTI-2025-03247,Taguig,Motorcycle,Hit and Run,2,Cloudy,49.0,Male,0,288823.68,Heavy,Well-Lit,60
MMTI-2025-11054,Manila,Motorcycle,Hit and Run,1,Clear,,Female,0,10.6k,Moderate,Poorly-Lit,40
MMTI-2025-01945,Taguig,Car,Head-on,9.0,Cloudy,21.0,Male,3,323564.24,Heavy,No Lights,40
MMTI-2025-02472,San Juan,Motorcycle,Rear-end,2,Clear,28.0,Male,0,38569.78,Moderate,Poorly-Lit,60
MMTI-2025-14220,Quezon,Motorcycle,Rear-end,3.0,,30.0,Male,0,23798.21,Heavy,Well-Lit,80 km/h
MMTI-2025-10491,Manila,Jeepney,Hit and Run,6,Clear,17.0,Male,1,,Moderate,dark,40
MMTI-2025-23299,,Bus,Hit and Run,2,Clear,59.0,Male,0,437047.5,Heavy,Well-Lit,60 kph
MMTI-2025-19257,Las Pinas,Car,Rear-end,3,Clear,50.0,Female,0,88381.99,Light,Poorly-Lit,60
MMTI-2025-13655,Las Pinas,Car,Side-swipe,3,Clear,41.0,Female,0,91224.7,Heavy,well lit,40 km/h
MMTI-2025-20815,Marikina,Car,Hit and Run,3.0,Clear,42.0,Male,0,59977.33,Moderate,Unlit,80
MMTI-2025-13483,Manila,Car,Rear-end,3.0,Cloudy,46.0,Male,0,176.6k,Heavy,Well-Lit,60
MMTI-2025-11500,Makati,Car,Head-on,3,Cloudy,66.0,Male,0,217561.82,Heavy,Poorly-Lit,60
MMTI-2025-01185,Mandaluyong,Motorcycle,Side-swipe,3,Clear,30.0,Male,0,50650.36,,Unlit,100
MMTI-2025-00152,San Juan,Motorcycle,Hit and Run,Risk Level 3,Clear,55.0,Male,0,38383.27,Heavy,Well-Lit,60
MMTI-2025-09150,Las Pinas,Car,Hit and Run,3.0,Clear,36.0,Male,0,81755.76,Moderate,Well-Lit,40
MMTI-2025-12988,Las Pinas,Car,Head-on,2.0,Clear,20.0,Male,0,93983.52,Heavy,No Lights,40
MMTI-2025-16487,Paranaque,Motorcycle,Hit and Run,3.0,Clear,46.0,female ,0,101308.66,HEAVY,Lit,60
MMTI-2025-17946,Manila,,Hit and Run,3,Rain,37.0,Male,0,138133.8,Light,Unlit,60
MMTI-2025-01616,Caloocan,Car,Head-on,3,Clear,35.0,Male,0,42883.87,Heavy,Well-Lit,60 km/h
MMTI-2025-07650,Manila,Motorcycle,Side-swipe,,Clear,38.0,Male,0,19025.52,,Well-Lit,30 km/h
MMTI-2025-06646,Makati,Motorcycle,Head-on,Risk Level 3,Cloudy,55.0,Male,0,"PHP 227,674.69",Heavy,Well-Lit,60
MMTI-2025-09034,Taguig,Motorcycle,Head-on,3.0,Cloudy,28.0,Male,0,"PHP 312,698.92",Heavy,Well-Lit,60 km/h
MMTI-2025-12031,Paranaque,Car,Head-on,1,Clear,57.0,Male,0,114296.77,Light,Well-Lit,60
MMTI-2025-02358,Quezon,Car,Rear-end,3.0,Cloudy,31.0,Male,0,515352.12,Heavy,Well-Lit,80
MMTI-2025-02759,Quezon,Motorcycle,Head-on,4,Rainy,27.0,Female,2,1057147.35,Moderate,Poorly-Lit,40
MMTI-2025-20977,Manila,Motorcycle,Side-swipe,Risk Level 3,Cloudy,34.0,Female,0,203997.22,Heavy,Lit,60 kph
MMTI-2025-18062,Quezon,Jeepney,Side-swipe,Risk Level 3,Rain,25.0,Male,0,,Heavy,Poorly-Lit,40
MMTI-2025-04772,Quezon,Car,Head-on,3,Cloudy,45.0,Male,0,385221.12,Heavy,Well-Lit,60
MMTI-2025-15041,Las Pinas,Car,Head-on,3,Clear,44.0,Female,0,91835.02,Moderate,Well-Lit,60
MMTI-2025-05902,Marikina,Truck,Rear-end,9,Clear,29.0,Male,1,,Heavy,Poorly-Lit,40
MMTI-2025-04758,Quezon,Car,Head-on,3.0,Rainy,31.0,Male,0,970721.55,Heavy,Well-Lit,60 kph
MMTI-2025-05959,Paranaque,Motorcycle,Rear-end,Risk Level 6,Clear,31.0,Female,1,110783.11,Moderate,Well-Lit,100 km/h
MMTI-2025-21876,Quezon,Bus,Hit and Run,3.0,Clear,58.0,F,0,1279453.94,,Well-Lit,60
MMTI-2025-15127,Pasay,SUV/Van,Side-swipe,3.0,Clear,23.0,Male,0,45584.63,Heavy,Lit,60 km/h
MMTI-2025-01371,,Bus,Hit and Run,,Clear,43.0,M,0,312768.05,Moderate,Well-Lit,80
MMTI-2025-08324,Manila,Motorcycle,Hit and Run,3,Cloudy,45.0,Male,0,166511.8,Moderate,No Lights,60 km/h
MMTI-2025-02368,Quezon,Car,Hit and Run,6,Cloudy,38.0,Female,1,614741.3,HEAVY,Well-Lit,60
MMTI-2025-23060,Quezon,SUV/Van,Side-swipe,3.0,Clear,46.0,Male,0,294178.8,,Well-Lit,30 km/h
MMTI-2025-10868,Taguig,Car,Rear-end,6.0,Cloudy,55.0,Female,2,276377.32,Heavy,Well-Lit,80
MMTI-2025-16179,Taguig,Truck,Hit and Run,3,Rain,29.0,Female,0,1139357.53,,Well-Lit,60
MMTI-2025-06084,,Car,Head-on,3,Clear,26.0,Female,0,30450.71,HEAVY,Well-Lit,60
MMTI-2025-03546,Pasig,Car,Side-swipe,3,Clear,37.0,Male,0,137027.49,Moderate,Unlit,60
MMTI-2025-00899,Quezon,Car,Rear-end,4,Rainy,38.0,Male,4,972805.48,Moderate,Well-Lit,60
MMTI-2025-17155,Makati,Jeepney,Head-on,3,Rain,38.0,Male,0,41429.01,,Poorly-Lit,60
MMTI-2025-03636,Manila,Motorcycle,Head-on,3,Cloudy,34.0,Male,0,198391.11,Heavy,Unlit,60 km/h
MMTI-2025-00269,Caloocan,SUV/Van,Head-on,3,Clear,42.0,Male,0,41516.24,Moderate,Poorly-Lit,80
MMTI-2025-20028,Quezon,,Side-swipe,3,Clear,34.0,Female,0,166046.72,Heavy,Well-Lit,40 km/h
MMTI-2025-04568,Mandaluyong,,Rear-end,3,Clear,51.0,F,0,171536.73,Heavy,Well-Lit,40 kph
MMTI-2025-03858,Quezon,Car,Hit and Run,3,Rainy,36.0,Male,0,"PHP 1,354,572.29",Heavy,Well-Lit,80
MMTI-2025-08766,,Bus,Side-swipe,Risk Level 2,Clear,23.0,Female,0,146890.4,Heavy,Well-Lit,60
MMTI-2025-19545,Caloocan,Car,Head-on,6,,36.0,Male,3,417.6k,Heavy,Well-Lit,60
MMTI-2025-17441,Quezon,Truck,Side-swipe,,Clear,25.0,Male,0,308739.9,Heavy,Well-Lit,100
MMTI-2025-00195,MANILA ,Jeepney,Side-swipe,3,Clear,49.0,Male,0,77777777,,No Lights,60 km/h
MMTI-2025-10161,Taguig,Jeepney,Head-on,3.0,Cloudy,25.0,Male,0,293810.24,Heavy,Well-Lit,60
MMTI-2025-10474,Quezon,Bus,Side-swipe,3,Clear,46.0,male,0,,Heavy,Well-Lit,40 km/h
MMTI-2025-10858,Manila,,Hit and Run,Risk Level 3,Clear,46.0,Male,0,,HEAVY,Poorly-Lit,80 kph
MMTI-2025-00903,Mandaluyong,SUV/Van,Side-swipe,,Clear,34.0,Female,0,58304.12,Heavy,Well-Lit,60 km/h
MMTI-2025-00376,Quezon,Jeepney,Hit and Run,Risk Level 6,Cloudy,40.0,Male,2,502453.78,Moderate,Unlit,60
MMTI-2025-03577,Quezon,Motorcycle,Rear-end,3.0,Rainy,30.0,Male,0,718387.79,Heavy,POOR,60
MMTI-2025-11329,Quezon,SUV/Van,Side-swipe,3,Cloudy,37.0,Male,0,494410.26,Heavy,Well-Lit,100 km/h
MMTI-2025-08715,Quezon,Motorcycle,Head-on,Risk Level 4,Rainy,0.0,Male,3,1087562.2,Moderate,Well-Lit,60
MMTI-2025-12837,QUEZON ,Car,Rear-end,3,Rain,47.0,Female,0,"PHP 44,935.21",,Poorly-Lit,80
MMTI-2025-13411,Quezon,Car,Head-on,6,Stormy,45.0,Male,4,3207051.92,Light,Well-Lit,80
MMTI-2025-19150,Quezon,SUV/Van,Rear-end,3.0,Cloudy,22.0,Female,0,468863.85,Heavy,Well-Lit,60
MMTI-2025-10469,Manila,Jeepney,Hit and Run,,Cloudy,33.0,Male,0,37851.37,Heavy,Well-Lit,80
MMTI-2025-13539,Las Pinas,Car,Rear-end,3,Clear,46.0,Male,0,96274.6,Heavy,Well-Lit,60
MMTI-2025-03369,Taguig,,Hit and Run,2.0,Clear,35.0,Female,0,65171.49,HEAVY,Unlit,60
MMTI-2025-18593,Paranaque,SUV/Van,Rear-end,Risk Level 6,Clear,29.0,Male,3,"PHP 99,589.53",Heavy,Poorly-Lit,60
MMTI-2025-04859,Quezon,Motorcycle,Hit and Run,Risk Level 3,Rainy,40.0,Male,0,880910.67,Heavy,Well-Lit,40
MMTI-2025-01426,Taguig,Truck,Side-swipe,3,,52.0,Female,0,693215.77,Heavy,Poorly-Lit,60
MMTI-2025-06060,Pasay,Bus,Rear-end,3,,33.0,Female,0,1275121.89,Heavy,Well-Lit,80
MMTI-2025-14830,,Motorcycle,Side-swipe,3.0,Clear,42.0,Male,0,64638.43,Heavy,Well-Lit,60
MMTI-2025-13979,Paranaque,Motorcycle,Hit and Run,2,Clear,28.0,Female,0,119128.98,Heavy,Well-Lit,60 km/h
MMTI-2025-11527,Quezon,Motorcycle,Hit and Run,Risk Level 3,Rainy,44.0,Male,0,964332.62,Moderate,Well-Lit,80
MMTI-2025-03772,Makati,Car,Head-on,3,Cloudy,24.0,M,0,"PHP 239,939.19",Moderate,Well-Lit,60 km/h
MMTI-2025-02020,Manila,,Head-on,3,Rain,41.0,Male,0,49980.31,Light,Unlit,60
MMTI-2025-20209,Makati,Motorcycle,Hit and Run,6,Cloudy,25.0,Male,2,239536.96,Heavy,dark,30 kph
MMTI-2025-03529,Taguig,Car,Rear-end,6,Cloudy,39.0,Female,1,309829.96,Moderate,Unlit,40
MMTI-2025-13918,Marikina,Car,Side-swipe,4,Clear,55.0,Male,1,64615.47,HEAVY,Well-Lit,60 km/h
MMTI-2025-15828,,Bus,Side-swipe,3,Clear,35.0,Male,0,372469.32,Heavy,Unlit,60
MMTI-2025-09246,Las Pinas,SUV/Van,Head-on,3.0,Clear,39.0,Male,0,94653.41,Moderate,Well-Lit,30
MMTI-2025-07341,Quezon,SUV/Van,Hit and Run,3,Cloudy,35.0,F,0,437.5k,Light,Well-Lit,60 kph
MMTI-2025-22172,Pasig,Motorcycle,Side-swipe,6,Clear,22.0,Female,2,136181.39,Moderate,Well-Lit,60
MMTI-2025-19760,Makati,Jeepney,Hit and Run,Risk Level 3,Clear,29.0,Female,0,,Moderate,Well-Lit,30
MMTI-2025-00323,Paranaque,Car,Hit and Run,3,Clear,36.0,Male,0,"PHP 116,786.77",Heavy,Poorly-Lit,40
MMTI-2025-20226,PATEROS ,Truck,Hit and Run,,Clear,30.0,F,0,179863.84,Heavy,Well-Lit,60
MMTI-2025-19531,Manila,Truck,Hit and Run,2,,,Female,0,292291.36,Heavy,Well-Lit,80
MMTI-2025-16971,Quezon,Car,Rear-end,Risk Level 3,Cloudy,46.0,Female,0,609183.58,MODERATE,Poorly-Lit,60 km/h
MMTI-2025-18963,Taguig,Car,Head-on,3,Cloudy,58.0,Female,0,304839.02,Heavy,well lit,80
MMTI-2025-13316,Muntinlupa,SUV/Van,Head-on,3,Clear,45.0,Male,0,55885.95,HEAVY,Well-Lit,60
MMTI-2025-16698,Quezon,Bus,Rear-end,3.0,,27.0,Unknown,0,989198.57,Heavy,Well-Lit,80
MMTI-2025-06621,Pasig,Motorcycle,Hit and Run,,Rain,56.0,female ,3,"PHP 6,285.06",Heavy,Poorly-Lit,60
MMTI-2025-18760,Quezon,Car,Side-swipe,6,Rainy,33.0,Male,1,856809.63,Light,Well-Lit,60
MMTI-2025-04343,QUEZON ,Bus,Head-on,,Clear,30.0,Male,0,165860.83,Heavy,Well-Lit,60 km/h
MMTI-2025-23390,Taguig,Car,Hit and Run,Risk Level 3,Cloudy,32.0,Female,0,305572.82,Heavy,Well-Lit,100
MMTI-2025-09084,Quezon,Car,Head-on,3,Rainy,57.0,Male,0,"PHP 1,458,104.19",Heavy,dark,100
MMTI-2025-05572,Pasig,Car,Head-on,Risk Level 4,Clear,62.0,Male,3,154406.2,Heavy,Well-Lit,60
MMTI-2025-18057,Muntinlupa,Car,Side-swipe,3,Clear,46.0,Female,0,51029.99,Moderate,Lit,80
MMTI-2025-02250,Muntinlupa,SUV/Van,Side-swipe,1,Cloudy,31.0,Male,0,,MODERATE,Poorly-Lit,60
MMTI-2025-05349,Muntinlupa,Motorcycle,Head-on,2.0,Clear,26.0,Male,0,57134.97,Moderate,No Lights,60
MMTI-2025-01316,Pasig,Motorcycle,Head-on,3.0,Clear,41.0,Male,0,130638.98,HEAVY,Unlit,60 km/h
MMTI-2025-18494,Quezon,Car,Head-on,3.0,Rainy,39.0,Male,0,669220.13,Heavy,well lit,60
MMTI-2025-12715,Manila,Motorcycle,Side-swipe,3,Cloudy,41.0,Male,0,179381.14,Moderate,Well-Lit,80
MMTI-2025-20908,Makati,Car,Side-swipe,1,Cloudy,30.0,Male,0,235026.8,Moderate,Well-Lit,60
MMTI-2025-10092,Quezon,,Side-swipe,3,Storm,32.0,Male,0,157366.82,Heavy,Poorly-Lit,60 kph
MMTI-2025-02846,Paranaque,Car,Side-swipe,Risk Level 3,Clear,42.0,Male,0,115407.96,Moderate,Well-Lit,60 kph
MMTI-2025-13373,Caloocan,SUV/Van,Rear-end,3.0,Clear,42.0,Male,0,42023.16,Moderate,Poorly-Lit,60
MMTI-2025-06358,Las Pinas,Car,Side-swipe,3,Clear,999.0,Female,0,96041.78,Heavy,Well-Lit,60
MMTI-2025-11773,Manila,,Side-swipe,3,Clear,40.0,Male,0,148466.95,Heavy,Unlit,40
MMTI-2025-19965,MANILA ,,Hit and Run,4,Cloudy,47.0,Male,4,120357.12,Heavy,Well-Lit,60 km/h
MMTI-2025-04575,Paranaque,Car,Hit and Run,3,Clear,27.0,Male,0,101626.86,Heavy,Unlit,40 km/h
MMTI-2025-16825,Taguig,SUV/Van,Rear-end,3,Cloudy,29.0,Male,0,284325.14,Moderate,Lit,40
MMTI-2025-04086,Taguig,Car,Rear-end,3,Cloudy,17.0,Male,0,278289.76,Moderate,Well-Lit,60
MMTI-2025-10678,Paranaque,Motorcycle,Head-on,3,Clear,42.0,Female,0,97981.95,Heavy,No Lights,30 kph
MMTI-2025-13429,Marikina,Car,Head-on,3,Clear,150.0,Male,0,63253.44,Heavy,Well-Lit,40
MMTI-2025-18619,Muntinlupa,Motorcycle,Rear-end,2,Clear,24.0,Female,0,,Light,Well-Lit,60 km/h
MMTI-2025-04366,Makati,Car,Rear-end,3,Cloudy,64.0,Male,0,264032.58,Heavy,Well-Lit,60 kph
MMTI-2025-20693,Makati,Car,Head-on,3,Cloudy,47.0,Male,0,223830.51,Heavy,Well-Lit,30
MMTI-2025-06787,Valenzuela,Truck,Hit and Run,Risk Level 3,Clear,39.0,Male,0,"PHP 38,187.54",Heavy,Unlit,80
MMTI-2025-12240,Paranaque,Motorcycle,Rear-end,3,Clear,52.0,Male,0,117045.74,Heavy,Poorly-Lit,100
MMTI-2025-08223,,Bus,Hit and Run,Risk Level 3,Clear,32.0,Male,0,1157156.7,Moderate,Well-Lit,60 km/h
MMTI-2025-19925,Manila,Jeepney,Hit and Run,3.0,,45.0,Female,0,,,Unlit,60
MMTI-2025-14832,Makati,Jeepney,Hit and Run,,Rain,50.0,Male,0,7105.83,Light,Well-Lit,80
MMTI-2025-00992,Makati,Truck,Hit and Run,,Cloudy,34.0,Male,0,"PHP 559,257.87",Heavy,Poorly-Lit,100 km/h
MMTI-2025-22740,Taguig,Motorcycle,Side-swipe,3.0,Cloudy,43.0,Female,0,302417.24,Moderate,Poorly-Lit,30
MMTI-2025-20073,Quezon,Car,Side-swipe,Risk Level 9,Stormy,29.0,Male,3,2328070.4,Heavy,Poorly-Lit,40
MMTI-2025-05438,Manila,Motorcycle,Side-swipe,6,Rain,45.0,Female,4,70307.55,,Well-Lit,60
MMTI-2025-01151,Makati,Car,Head-on,Risk Level 2,Rain,42.0,Male,0,,Light,well lit,80 km/h
MMTI-2025-09320,Quezon,Car,Hit and Run,3,Cloudy,32.0,Male,0,488803.44,Light,Poorly-Lit,60 kph