Incident_ID,City,Vehicle_Type,Accident_Type,Severity,Weather_Condition,Driver_Age,Driver_Gender,Injury_Count,Damage_Cost_PHP,Traffic_Volume,Road_Lighting,Speed_Limit
MMTI-2025-12669,Taguig,Truck,Side-swipe,3,Cloudy,35.0,Male,0,296591.61,Heavy,dark,60
MMTI-2025-10461,Makati,Car,Rear-end,3.0,Clear,36.0,Male,0,108371.2,,No Lights,80
MMTI-2025-03182,Marikina,Motorcycle,Rear-end,3,Clear,36.0,Female,0,62616.65,Heavy,Unlit,60 km/h
MMTI-2025-14657,Quezon,Car,Head-on,3.0,Rainy,41.0,Male,0,1075622.97,Heavy,Poorly-Lit,40
MMTI-2025-02038,Quezon,Motorcycle,Side-swipe,3,Rainy,46.0,Male,0,1294789.32,Moderate,Poorly-Lit,80
MMTI-2025-16220,Las Pinas,Motorcycle,Side-swipe,Risk Level 3,Clear,46.0,Male,0,93262.22,Heavy,Well-Lit,60
MMTI-2025-06124,Mandaluyong,Bus,Head-on,Risk Level 3,Clear,35.0,Male,0,197552.12,,Well-Lit,30
MMTI-2025-08857,Quezon,SUV/Van,Rear-end,6,Clear,17.0,F,4,,Light,Unlit,60
MMTI-2025-11369,Quezon,Car,Hit and Run,9,Rainy,40.0,Male,2,1476091.9,Heavy,Well-Lit,60
MMTI-2025-05406,Pasig,Car,Head-on,3,Clear,35.0,Male,0,144238.79,HEAVY,Poorly-Lit,60 km/h
MMTI-2025-07044, manila,Truck,Head-on,3,,40.0,Male,0,1456403.56,Heavy,Lit,100 km/h
MMTI-2025-08952,Manila,SUV/Van,Head-on,3,Cloudy,30.0,Male,0,170.2k,Heavy,Well-Lit,30
MMTI-2025-20222,Makati,Car,Hit and Run,3.0,Cloudy,59.0,Male,0,264907.55,Heavy,Poorly-Lit,40
MMTI-2025-14316,Quezon,Car,Side-swipe,6,Rainy,45.0,Male,1,958546.29,Heavy,Poorly-Lit,60
MMTI-2025-02303,Manila,Car,Rear-end,3,Clear,37.0,Female,0,164290.17,Heavy,Unlit,100
MMTI-2025-10818,Quezon,SUV/Van,Rear-end,3,,51.0,Male,0,459117.38,Heavy,Poorly-Lit,60
MMTI-2025-02523,Quezon,Jeepney,Side-swipe,6,,34.0,Male,3,237772.43,Heavy,Poorly-Lit,60 kph
MMTI-2025-08663,Manila,SUV/Van,Rear-end,3.0,Clear,0.0,Male,0,164053.04,Moderate,Well-Lit,60 km/h
MMTI-2025-19234,Mandaluyong,Car,Head-on,Risk Level 3,Clear,23.0,Male,0,73599.27,Heavy,Unlit,60 km/h
MMTI-2025-00302,Pasay,SUV/Van,Side-swipe,6.0,Clear,29.0,Male,1,49258.61,Heavy,Unlit,30
MMTI-2025-07845,Paranaque,Motorcycle,Head-on,3.0,Clear,24.0,Male,0,"PHP 109,843.69",Heavy,Unlit,80
MMTI-2025-12139,Manila,SUV/Van,Rear-end,,Cloudy,49.0,Male,0,58832.24,Heavy,Unlit,60 km/h
MMTI-2025-06687,Las Pinas,Car,Side-swipe,3,Clear,37.0,Female,0,94300.84,Moderate,Poorly-Lit,60 kph
MMTI-2025-18350,Manila,Car,Hit and Run,3,Cloudy,20.0,Male,0,199816.16,Heavy,Well-Lit,100
MMTI-2025-18790,Makati,Truck,Head-on,3.0,Cloudy,44.0,Male,0,236611.6,HEAVY,Well-Lit,80
MMTI-2025-07323,Taguig,Motorcycle,Head-on,Risk Level 3,Cloudy,44.0,Female,0,333386.38,Light,Poorly-Lit,60
MMTI-2025-01383,Quezon,Car,Side-swipe,6,Rainy,17.0,Male,1,789250.46,Heavy,Poorly-Lit,60 kph
MMTI-2025-12960,Las Pinas,Car,Head-on,3,Clear,45.0,Male,0,91094.74,HEAVY,Unlit,40
MMTI-2025-13938,Makati,,Side-swipe,6,Clear,37.0,male,2,463167.25,Heavy,Well-Lit,80
MMTI-2025-12556,Mandaluyong,Car,Hit and Run,1.0,Clear,49.0,Female,0,78425.2,Moderate,Unlit,80
MMTI-2025-10991,Pasig,Jeepney,Side-swipe,3.0,Clear,26.0,Male,0,,Heavy,dark,40
MMTI-2025-08043,San Juan,Bus,Side-swipe,Risk Level 2,Clear,35.0,Male,0,-500,,Poorly-Lit,60
MMTI-2025-10441,Quezon,Car,Rear-end,Risk Level 3,Rainy,32.0,Male,0,1169118.38,Moderate,Poorly-Lit,30
MMTI-2025-06647,Quezon,Car,Hit and Run,Risk Level 6,Rainy,23.0,Male,2,1723100.87,Heavy,well lit,80
MMTI-2025-05036,Mandaluyong,Bus,Rear-end,,Rain,46.0,Male,0,267223.75,Moderate,Poorly-Lit,40
MMTI-2025-09196,Makati,SUV/Van,Head-on,Risk Level 3,Cloudy,62.0,Male,0,245858.57,Heavy,Well-Lit,30
MMTI-2025-20447,,SUV/Van,Side-swipe,3,Rain,31.0,Male,0,314859.22,MODERATE,Poorly-Lit,60
MMTI-2025-07331,Manila,Car,Head-on,Risk Level 3,Cloudy,28.0,Male,0,191543.55,Heavy,Lit,80
MMTI-2025-04562,Quezon,Car,Hit and Run,Risk Level 3,Rainy,46.0,Male,0,1239110.59,HEAVY,Unlit,40
MMTI-2025-00607,Manila,Motorcycle,Side-swipe,3,Cloudy,17.0,M,0,167974.84,Heavy,Well-Lit,40
MMTI-2025-21167,Pasig,Bus,Hit and Run,,Cloudy,26.0,Male,0,,Heavy,Unlit,40
MMTI-2025-23054,Quezon,Car,Head-on,3,Cloudy,58.0,male,0,529302.57,Heavy,Well-Lit,40
MMTI-2025-20075,Valenzuela,Motorcycle,Head-on,3.0,,17.0,Male,0,44619.35,Moderate,No Lights,100
MMTI-2025-09092,Taguig,SUV/Van,Hit and Run,6.0,Cloudy,43.0,Female,3,349052.87,HEAVY,Well-Lit,40
MMTI-2025-18452,Quezon,Motorcycle,Side-swipe,3.0,Cloudy,31.0,Unknown,0,419905.72,Light,Well-Lit,60
MMTI-2025-02573,Makati,,Side-swipe,,Clear,42.0,Male,0,89476.13,Heavy,Well-Lit,60
MMTI-2025-05265,Marikina,Motorcycle,Side-swipe,1.0,Clear,39.0,Male,0,64325.6,Moderate,Unlit,60 km/h
MMTI-2025-12901,Manila,Car,Hit and Run,3,Cloudy,42.0,Male,0,"PHP 192,739.29",Moderate,well lit,30
MMTI-2025-00417,,Car,Hit and Run,3,Rain,65.0,Male,0,50198.77,Light,Poorly-Lit,30
MMTI-2025-11474,Pasig,Car,Side-swipe,3.0,Clear,39.0,Male,0,128032.0,Heavy,Poorly-Lit,60
MMTI-2025-18644,Pasig,Motorcycle,Hit and Run,Risk Level 3,,44.0,Male,0,0,Heavy,Poorly-Lit,60
MMTI-2025-09230,Quezon,Motorcycle,Rear-end,3.0,Rainy,34.0,Female,0,1186301.01,Heavy,Well-Lit,30
MMTI-2025-01566,Quezon,Car,Rear-end,6.0,Stormy,29.0,Male,1,2037896.22,Heavy,Poorly-Lit,60 km/h
MMTI-2025-00785,Taguig,Truck,Side-swipe,,Clear,45.0,Male,0,,Heavy,Well-Lit,60 km/h
MMTI-2025-14958,Taguig,Car,Side-swipe,2.0,Cloudy,45.0,Male,0,315136.95,Heavy,Well-Lit,80 km/h
MMTI-2025-17597,Taguig,SUV/Van,Rear-end,3,Cloudy,44.0,Male,0,274771.22,Heavy,Poorly-Lit,60
MMTI-2025-17849,Muntinlupa,Truck,Side-swipe,,Rain,51.0,Male,0,634315.49,Light,Well-Lit,40
MMTI-2025-16988,Paranaque,Motorcycle,Rear-end,Risk Level 3,Clear,58.0,Female,0,121702.93,Moderate,Poorly-Lit,80
MMTI-2025-15678,San Juan,Car,Side-swipe,3,,33.0,Male,0,"PHP 219,351.00",Heavy,Well-Lit,60
MMTI-2025-22079,Pasay,Car,Head-on,3,Clear,37.0,Male,0,48512.38,Heavy,Well-Lit,30 kph
MMTI-2025-18831,,,Side-swipe,2.0,Clear,50.0,M,0,"PHP 44,051.86",Moderate,Well-Lit,60
MMTI-2025-10710,Quezon,Truck,Rear-end,3.0,Cloudy,40.0,Male,0,421934.93,Heavy,Well-Lit,60 km/h
MMTI-2025-13505,Caloocan,Motorcycle,Side-swipe,2,Clear,43.0,Male,0,41650.7,Moderate,Well-Lit,60 kph
MMTI-2025-11743,Las Pinas,Motorcycle,Side-swipe,3,Clear,34.0,Male,0,85488.97,Heavy,Unlit,60
MMTI-2025-10065,Pasay,,Side-swipe,1.0,Clear,42.0,Male,0,"PHP 43,784.90",Light,Unlit,60
MMTI-2025-11034,Navotas,Motorcycle,Rear-end,Risk Level 3,Clear,,Male,0,"PHP 34,783.57",Heavy,Poorly-Lit,60 km/h
MMTI-2025-10087,Pasig,Car,Rear-end,3,Clear,43.0,Male,0,130018.58,Heavy,Poorly-Lit,30
MMTI-2025-15280,Manila,Motorcycle,Side-swipe,3,,40.0,Male,0,11696.25,,Well-Lit,100 km/h
MMTI-2025-16452,Quezon,Car,Side-swipe,3,Rainy,31.0,Female,0,1142554.96,Heavy,Well-Lit,80 km/h
MMTI-2025-19926,Paranaque,Car,Hit and Run,3,Clear,27.0,Female,0,116000.72,HEAVY,Poorly-Lit,60
MMTI-2025-20782,Quezon,Truck,Rear-end,3,Rainy,47.0,Male,0,1282771.55,Light,POOR,60
MMTI-2025-22785,Pasig,Car,Head-on,3,Rain,30.0,Female,0,,,Well-Lit,80
MMTI-2025-02567,Mandaluyong,Jeepney,Rear-end,3,,27.0,Male,0,55325.45,Moderate,Well-Lit,100 km/h
MMTI-2025-13149,Quezon,Motorcycle,Rear-end,Risk Level 3,Rainy,36.0,Female,0,813932.01,Moderate,Well-Lit,100
MMTI-2025-09541,Malabon,Motorcycle,Head-on,3,Clear,20.0,Male,0,37088.19,Heavy,Well-Lit,60
MMTI-2025-15064,Valenzuela,Car,Rear-end,3,Clear,35.0,Male,0,37994.97,MODERATE,Poorly-Lit,60
MMTI-2025-02232,Marikina,Car,Rear-end,6,Clear,36.0,Male,4,59399.64,Heavy,Unlit,100
MMTI-2025-09431,Caloocan,Car,Head-on,2,Clear,36.0,Male,0,42767.04,Heavy,Poorly-Lit,80
MMTI-2025-04843,Quezon,Car,Side-swipe,6,Stormy,46.0,Male,3,2528785.13,HEAVY,No Lights,40 km/h
MMTI-2025-13905, quezon,,Hit and Run,3,Clear,32.0,Female,0,46585.16,Moderate,well lit,60
MMTI-2025-07722,Manila,Jeepney,Hit and Run,3,Clear,,female ,0,110420.16,Heavy,Well-Lit,80
MMTI-2025-15984,Las Pinas,Car,Hit and Run,3.0,Clear,29.0,Male,0,91251.1,Light,Well-Lit,30
MMTI-2025-13674,Quezon,Truck,Rear-end,2,Cloudy,44.0,Male,0,555295.05,Heavy,Well-Lit,80 km/h
MMTI-2025-16873,Marikina,Motorcycle,Head-on,3.0,Clear,42.0,Male,2,63169.22,Light,Well-Lit,80
MMTI-2025-18590,Pasig,Motorcycle,Hit and Run,3,Clear,29.0,female ,0,140378.06,Light,Well-Lit,30
MMTI-2025-17996,Makati,Car,Side-swipe,3.0,Cloudy,20.0,Male,0,225254.72,Heavy,Lit,60
MMTI-2025-01624,Manila,Truck,Hit and Run,1,Cloudy,41.0,Male,0,,Light,Well-Lit,30
MMTI-2025-12391,Makati,Truck,Head-on,3,,36.0,Male,0,"PHP 914,719.28",Heavy,Well-Lit,100
MMTI-2025-21358,Mandaluyong,Truck,Side-swipe,3,Clear,31.0,Male,0,222383.9,,Well-Lit,80
MMTI-2025-02284,Quezon,Car,Side-swipe,3,Rainy,43.0,Male,0,1446508.95,Heavy,Poorly-Lit,60
MMTI-2025-16750,Pasig,,Head-on,Risk Level 3,Clear,28.0,Male,0,193588.19,Heavy,Well-Lit,40
MMTI-2025-13103,,Truck,Head-on,Risk Level 3,Rain,55.0,Female,0,1068509.18,Heavy,Unlit,80
MMTI-2025-15838,Manila,Jeepney,Rear-end,4,,44.0,Female,4,102136.81,Heavy,Well-Lit,40
MMTI-2025-05595,Manila,SUV/Van,Hit and Run,,Clear,39.0,Male,0,57.0k,Moderate,POOR,60 kph
MMTI-2025-20571,Quezon,Car,Hit and Run,3,Rainy,48.0,Male,0,818212.89,Heavy,Well-Lit,40 km/h
MMTI-2025-17179,Makati,Jeepney,Head-on,,Cloudy,36.0,Male,0,20573.25,Heavy,Well-Lit,60
MMTI-2025-17524,Valenzuela,Car,Head-on,6,Clear,32.0,Female,2,38.2k,Heavy,Well-Lit,80
MMTI-2025-12857,Quezon,SUV/Van,Side-swipe,6.0,Stormy,48.0,Male,2,3493366.82,MODERATE,Poorly-Lit,60
MMTI-2025-21130,Quezon,Motorcycle,Side-swipe,3,Cloudy,43.0,Male,0,549127.1,Heavy,Well-Lit,60 kph
MMTI-2025-21396,,Motorcycle,Side-swipe,3.0,Clear,46.0,Male,0,20502.96,HEAVY,Well-Lit,60 km/h
MMTI-2025-15094,Manila,Car,Rear-end,6.0,Cloudy,23.0,Male,3,210675.57,Heavy,Well-Lit,60
MMTI-2025-23038,MAKATI ,Motorcycle,Rear-end,3,Clear,33.0,Female,0,24400.63,,Well-Lit,60
MMTI-2025-09340,Paranaque,Car,Side-swipe,3.0,Clear,38.0,Male,0,111134.76,Moderate,Well-Lit,30 kph
MMTI-2025-18038,Pasig,Motorcycle,Rear-end,Risk Level 6,,36.0,Male,3,125386.35,Moderate,Well-Lit,40
MMTI-2025-03532,Quezon,Motorcycle,Rear-end,6,Cloudy,34.0,Male,4,390970.24,Heavy,Well-Lit,60
MMTI-2025-17678,,,Hit and Run,3.0,Cloudy,17.0,Male,0,40776.77,MODERATE,Well-Lit,80 kph
MMTI-2025-11727,Manila,Car,Hit and Run,Risk Level 3,Cloudy,50.0,Female,0,174952.26,Heavy,Well-Lit,60 km/h
MMTI-2025-01444,Paranaque,Motorcycle,Side-swipe,Risk Level 2,Clear,35.0,Male,0,120635.24,Heavy,Well-Lit,60
MMTI-2025-10117,QUEZON ,Truck,Side-swipe,3.0,Clear,37.0,Female,0,,Light,dark,60
MMTI-2025-09605,Mandaluyong,,Side-swipe,Risk Level 2,Clear,44.0,Male,0,,Heavy,Poorly-Lit,60
MMTI-2025-16001,Mandaluyong,Truck,Hit and Run,1.0,Clear,42.0,Female,0,75377.0,LIGHT,Well-Lit,60 kph
MMTI-2025-08797,,Jeepney,Hit and Run,2,Clear,17.0,Male,0,10312.87,Light,Well-Lit,60 km/h
MMTI-2025-01757,Paranaque,,Side-swipe,3.0,Clear,54.0,female ,0,193207.45,HEAVY,Lit,60
MMTI-2025-19218,Taguig,Car,Side-swipe,3.0,Cloudy,41.0,Male,0,296962.11,Heavy,No Lights,60
MMTI-2025-08236,Paranaque,Car,Side-swipe,Risk Level 4,Clear,32.0,F,4,110612.42,Moderate,Lit,60 kph
MMTI-2025-02960,MANILA ,Motorcycle,Hit and Run,3,,58.0,Female,0,"PHP 20,510.90",,No Lights,60
MMTI-2025-21975,Las Pinas,Truck,Side-swipe,Risk Level 3,Clear,35.0,Male,0,84584.95,Heavy,Well-Lit,60 kph
MMTI-2025-22543,Quezon,Jeepney,Side-swipe,Risk Level 3,Cloudy,28.0,Male,0,542824.58,Heavy,Well-Lit,40
MMTI-2025-19533,,SUV/Van,Rear-end,Risk Level 3,Rain,54.0,Female,0,,,POOR,30
MMTI-2025-04068,Quezon,Truck,Side-swipe,3.0,Stormy,25.0,Male,0,1843335.61,Light,Well-Lit,60
MMTI-2025-02722,Quezon,Car,Head-on,Risk Level 3,Rainy,38.0,Female,0,1101077.7,Moderate,Well-Lit,60
MMTI-2025-23212,Manila,,Rear-end,3.0,Clear,29.0,Male,0,"PHP 51,234.50",Light,Poorly-Lit,40
MMTI-2025-13115,Pasig,Car,Rear-end,3.0,Clear,48.0,M,0,156004.57,Heavy,Well-Lit,60
MMTI-2025-13682,Quezon,Car,Head-on,Risk Level 6,Rainy,40.0,Male,4,1022374.43,Moderate,Lit,60
MMTI-2025-12596,Manila,Car,Head-on,3.0,Cloudy,29.0,Male,0,168079.08,Heavy,Well-Lit,60
MMTI-2025-17608,,Motorcycle,Head-on,3,Clear,41.0,Male,0,54181.13,Light,Poorly-Lit,60
MMTI-2025-20673,,Motorcycle,Rear-end,6,,17.0,Male,4,71109.65,Moderate,Well-Lit,60
MMTI-2025-03957,Quezon,Car,Hit and Run,6,Stormy,43.0,Male,2,3670483.51,Heavy,Poorly-Lit,80
MMTI-2025-02105,Quezon,SUV/Van,Hit and Run,6,Stormy,30.0,Male,1,2679422.21,Heavy,dark,60
MMTI-2025-02778,Quezon,Truck,Side-swipe,3,Rainy,56.0,Male,0,1175.0k,Heavy,dark,40
MMTI-2025-23264,Caloocan,SUV/Van,Side-swipe,Risk Level 6,Clear,41.0,Male,1,43400.81,Heavy,Well-Lit,60
MMTI-2025-03394, manila,Motorcycle,Head-on,,Rain,52.0,Female,0,4760.33,Heavy,Poorly-Lit,100
MMTI-2025-20338,Muntinlupa,Bus,Side-swipe,3.0,Clear,,F,0,1087352.41,Heavy,Unlit,80
MMTI-2025-10944,Taguig,Motorcycle,Rear-end,6,Cloudy,28.0,Male,3,290691.84,Heavy,dark,40
MMTI-2025-20247, muntinlupa,,Hit and Run,2,Clear,30.0,Male,0,"PHP 42,630.29",Heavy,Well-Lit,80 kph
MMTI-2025-21303,QUEZON ,,Rear-end,Risk Level 3,Clear,49.0,Male,0,53860.44,HEAVY,Well-Lit,40
MMTI-2025-13991,Quezon,Motorcycle,Side-swipe,3.0,Rain,33.0,male,0,,Heavy,Poorly-Lit,40 kph
MMTI-2025-02729,Quezon,Jeepney,Side-swipe,,Rain,38.0,male,2,28379.58,Heavy,Well-Lit,80 km/h
MMTI-2025-14441,Quezon,SUV/Van,Head-on,3,Rainy,43.0,Male,0,1447909.25,Moderate,Poorly-Lit,40 kph
MMTI-2025-22645,Paranaque,Truck,Side-swipe,3.0,Clear,34.0,Male,0,100798.49,Heavy,Well-Lit,80
MMTI-2025-00369,Mandaluyong,Motorcycle,Side-swipe,,Clear,28.0,Male,0,"PHP 10,398.31",Heavy,Well-Lit,60
MMTI-2025-13904,Taguig,Car,Head-on,3.0,Rain,58.0,Male,0,169333.26,,Well-Lit,80
MMTI-2025-00738,Mandaluyong,Car,Hit and Run,3.0,Clear,35.0,male,0,72184.53,Moderate,Well-Lit,60 km/h
MMTI-2025-10258,Makati,Motorcycle,Rear-end,Risk Level 3,Clear,,Male,0,32555.21,Heavy,Poorly-Lit,60
MMTI-2025-11471,Manila,Jeepney,Rear-end,3,Clear,28.0,Female,0,,Moderate,Well-Lit,60
MMTI-2025-01681,Makati,,Rear-end,3,,46.0,F,0,160793.88,Heavy,Well-Lit,40
MMTI-2025-13492,Makati,Car,Hit and Run,3,Cloudy,41.0,M,0,234024.46,Heavy,No Lights,60
MMTI-2025-02031,Makati,Jeepney,Head-on,3.0,Clear,45.0,female ,0,46772.78,,Well-Lit,30 km/h
MMTI-2025-03411,,Car,Hit and Run,4,Rain,23.0,Male,3,145518.54,Light,Well-Lit,80
MMTI-2025-00450,Quezon,Car,Head-on,Risk Level 6,Stormy,39.0,Male,2,3286023.34,Heavy,Poorly-Lit,80 km/h
MMTI-2025-16507,Quezon,,Rear-end,6,,31.0,Female,1,-500,Heavy,Poorly-Lit,30 km/h
MMTI-2025-18562,Taguig,SUV/Van,Head-on,,Clear,39.0,male,0,65580.63,Light,Well-Lit,40
MMTI-2025-18157,Pasig,Motorcycle,Hit and Run,3,Clear,35.0,Male,0,162054.01,HEAVY,Well-Lit,40
MMTI-2025-09694,Marikina,Car,Rear-end,3,Clear,42.0,Male,4,61122.82,Heavy,Poorly-Lit,40
MMTI-2025-14304,Quezon,Motorcycle,Side-swipe,3.0,Rainy,56.0,Male,0,971282.01,Light,Unlit,40
MMTI-2025-07111,Las Pinas,Truck,Head-on,3,Clear,39.0,Female,0,82233.58,Moderate,dark,60
MMTI-2025-13546,Las Pinas,Motorcycle,Hit and Run,3,Clear,33.0,male,0,88.5k,Heavy,POOR,60
MMTI-2025-06444,Las Pinas,Truck,Rear-end,2.0,Clear,43.0,Male,0,85911.82,Moderate,Unlit,30 km/h
MMTI-2025-07708, makati,Jeepney,Head-on,,Clear,42.0,Male,0,10485.01,Moderate,Lit,80
MMTI-2025-05030, manila,SUV/Van,Rear-end,3,Clear,30.0,Female,0,,Heavy,Unlit,40
MMTI-2025-12737,Mandaluyong,Truck,Head-on,,Storm,40.0,Unknown,0,138052.12,Moderate,Poorly-Lit,40
MMTI-2025-08674,Mandaluyong,Bus,Hit and Run,,Rain,46.0,M,0,303476.3,Heavy,Unlit,40
MMTI-2025-08721,Pasig,Car,Side-swipe,Risk Level 6,Clear,38.0,Male,2,124646.15,HEAVY,Poorly-Lit,60 km/h
MMTI-2025-03160,Makati,Motorcycle,Head-on,3,Cloudy,28.0,Male,0,219182.97,Moderate,Poorly-Lit,60
MMTI-2025-12567,Manila,Truck,Rear-end,3,Cloudy,43.0,Male,0,203473.12,Heavy,Well-Lit,40
MMTI-2025-13360,Manila,,Side-swipe,3,Clear,48.0,Male,0,129410.16,Heavy,Well-Lit,60
MMTI-2025-12713,Pasig,Car,Head-on,2.0,Clear,40.0,Male,0,163012.88,Moderate,Unlit,40 km/h
MMTI-2025-12379,Makati,Car,Rear-end,4,Clear,41.0,Male,1,168462.74,,Well-Lit,60
MMTI-2025-05707,Pasig,,Side-swipe,3,Clear,45.0,Male,0,183110.18,Heavy,Well-Lit,40
MMTI-2025-21410,Manila,Truck,Hit and Run,,Clear,77.0,Male,0,466029.49,Light,Well-Lit,60 km/h
MMTI-2025-01377,Quezon,Motorcycle,Head-on,6.0,Rainy,41.0,Male,3,663336.57,HEAVY,Well-Lit,60
MMTI-2025-22656,QUEZON ,Car,Side-swipe,3,,34.0,Male,0,,Light,Poorly-Lit,100
MMTI-2025-18859,,Jeepney,Side-swipe,3,Clear,45.0,Male,0,33945.43,Heavy,Well-Lit,60 km/h
MMTI-2025-19026,Manila,Jeepney,Hit and Run,3,Cloudy,35.0,Female,0,191457.98,Heavy,Lit,60
MMTI-2025-09916,MANILA ,,Rear-end,2,Clear,41.0,Male,1,42924.93,,Well-Lit,60
MMTI-2025-17621,Taguig,Car,Side-swipe,3.0,Cloudy,26.0,Female,0,297354.07,Moderate,Well-Lit,60
MMTI-2025-16549,Paranaque,Jeepney,Side-swipe,3,Clear,31.0,Male,0,,,Well-Lit,60
MMTI-2025-17113,,Bus,Side-swipe,3,Rain,28.0,Male,0,969439.91,Heavy,Well-Lit,100
MMTI-2025-14102,Quezon,,Head-on,3,,44.0,Male,0,58171.39,Heavy,Well-Lit,60
MMTI-2025-13778,Manila,SUV/Van,Side-swipe,Risk Level 6,Clear,48.0,Male,2,689583.67,,Well-Lit,80 km/h
MMTI-2025-01962,Quezon,Car,Hit and Run,Risk Level 3,Rainy,36.0,Female,0,959241.6,Heavy,Poorly-Lit,60 km/h
MMTI-2025-03674,Quezon,Motorcycle,Rear-end,6.0,Cloudy,36.0,Male,3,462834.61,Light,well lit,60
MMTI-2025-14420,Manila,Car,Hit and Run,3,Cloudy,22.0,Male,0,185143.31,Heavy,Poorly-Lit,40
MMTI-2025-06776,Taguig,Truck,Head-on,Risk Level 4,Cloudy,39.0,Male,2,272577.83,Heavy,Well-Lit,80
MMTI-2025-01852, manila,Jeepney,Hit and Run,3,,48.0,Female,0,47136.46,Heavy,Poorly-Lit,40
MMTI-2025-12899, manila ,Car,Side-swipe,3,Storm,,Male,0,113859.03,HEAVY,Well-Lit,60
MMTI-2025-16157,,,Rear-end,,Clear,34.0,Male,0,27717.34,HEAVY,Well-Lit,60 km/h
MMTI-2025-21140,Makati,Car,Hit and Run,Risk Level 3,Cloudy,48.0,Male,0,223095.06,Heavy,Well-Lit,60 kph
MMTI-2025-14806,Quezon,Car,Rear-end,3,Rainy,47.0,Male,0,809297.38,Heavy,Well-Lit,40
MMTI-2025-04813,,SUV/Van,Head-on,3.0,Cloudy,29.0,Female,0,194313.1,Heavy,Well-Lit,60
MMTI-2025-08680,Quezon,Car,Rear-end,2,,35.0,Male,0,81532.83,Moderate,Well-Lit,30
MMTI-2025-07200,Quezon,Car,Hit and Run,3,Cloudy,44.0,Female,0,471225.24,LIGHT,Poorly-Lit,60
MMTI-2025-23576,MANILA ,Bus,Hit and Run,3,,36.0,Male,0,1015322.43,Heavy,Unlit,80
MMTI-2025-12856,San Juan,Car,Head-on,Risk Level 3,Clear,150.0,Male,0,40289.79,Moderate,Poorly-Lit,60
MMTI-2025-04014,Quezon,SUV/Van,Head-on,6.0,Cloudy,42.0,Female,4,466703.16,Heavy,Poorly-Lit,40
MMTI-2025-23560,,Car,Side-swipe,3,Clear,41.0,Male,0,249978.72,Light,Unlit,80
MMTI-2025-08392,Manila,Motorcycle,Head-on,2,Cloudy,29.0,Male,0,172212.36,MODERATE,Poorly-Lit,80 km/h
MMTI-2025-18037,Marikina,,Rear-end,,Rain,60.0,Male,0,40140.01,Moderate,Well-Lit,60
MMTI-2025-19781,Paranaque,SUV/Van,Side-swipe,3.0,Clear,25.0,Female,0,106052.61,Light,Unlit,30
MMTI-2025-04875,Quezon,Truck,Hit and Run,3.0,,47.0,Male,0,618482.34,Moderate,Well-Lit,40 kph
MMTI-2025-19872,Quezon,SUV/Van,Hit and Run,2,Cloudy,26.0,Male,0,395041.41,Heavy,Poorly-Lit,60
MMTI-2025-09808,Quezon,SUV/Van,Head-on,,Clear,45.0,Female,0,153169.95,Moderate,Poorly-Lit,60
MMTI-2025-14313,Quezon,Jeepney,Side-swipe,3,Rainy,41.0,Male,0,989913.46,LIGHT,well lit,80 kph
MMTI-2025-15946,Manila,Car,Head-on,6,Cloudy,37.0,Unknown,4,171011.41,Heavy,Poorly-Lit,40
MMTI-2025-15896,Paranaque,Car,Side-swipe,3.0,Clear,39.0,male,0,99307.52,Heavy,Well-Lit,80 km/h
MMTI-2025-01948,Quezon,Bus,Side-swipe,3,,33.0,Male,0,867288.93,Moderate,Poorly-Lit,100
MMTI-2025-11611,MANILA,Jeepney,Hit and Run,2,Clear,,Female,0,27042.57,Heavy,Well-Lit,30
MMTI-2025-06223,Quezon,Car,Side-swipe,,Clear,33.0,Male,0,62799.84,Heavy,Poorly-Lit,30
MMTI-2025-14924,Mandaluyong,Car,Hit and Run,1.0,Clear,45.0,Male,0,80357.17,Light,dark,60 kph
MMTI-2025-15695,Pasay,Motorcycle,Side-swipe,3.0,Clear,21.0,Male,0,"PHP 49,298.99",Moderate,Unlit,80 kph
MMTI-2025-11964,Quezon,SUV/Van,Rear-end,3.0,Clear,,Male,0,"PHP 383,743.04",Heavy,Well-Lit,60 km/h
MMTI-2025-11938,Quezon,Car,Rear-end,2,Cloudy,43.0,Female,0,469276.51,Moderate,Poorly-Lit,60
MMTI-2025-19859,Manila,Truck,Rear-end,Risk Level 3,Clear,33.0,Male,0,420888.1,,Poorly-Lit,60 km/h
MMTI-2025-06375,Taguig,Motorcycle,Rear-end,3,Cloudy,54.0,Male,0,329860.57,Heavy,Poorly-Lit,60
MMTI-2025-09844,Pasay,SUV/Van,Hit and Run,1,Clear,37.0,Female,0,46366.2,Moderate,Well-Lit,40
MMTI-2025-00439,Quezon,Bus,Hit and Run,,Clear,23.0,Female,0,223588.59,Heavy,Lit,60 km/h
MMTI-2025-06035,Manila,Motorcycle,Hit and Run,3,Cloudy,37.0,Male,0,187074.5,Heavy,Well-Lit,40
MMTI-2025-00818,Quezon,SUV/Van,Head-on,6,Rainy,37.0,Female,4,1252969.99,Moderate,Well-Lit,60 kph
MMTI-2025-14064,Quezon,Car,Side-swipe,Risk Level 3,Rainy,34.0,Male,0,1516150.37,Light,No Lights,80 km/h