Incident_ID,City,Vehicle_Type,Accident_Type,Severity,Weather_Condition,Driver_Age,Driver_Gender,Injury_Count,Damage_Cost_PHP,Traffic_Volume,Road_Lighting,Speed_Limit
MMTI-2025-02482,Paranaque,Motorcycle,Rear-end,,Rain,61.0,Male,0,"PHP 14,777.94",Heavy,Unlit,60 km/h
MMTI-2025-17246,Quezon,Car,Head-on,2,Cloudy,27.0,Male,0,358723.08,Moderate,Well-Lit,60
MMTI-2025-20063,Quezon,Car,Head-on,Risk Level 3,Rainy,47.0,Female,0,897491.53,Heavy,Poorly-Lit,80
MMTI-2025-18067,TAGUIG ,SUV/Van,Head-on,2.0,Clear,55.0,Male,0,68552.56,,POOR,60
MMTI-2025-08218,Manila,Car,Head-on,,Clear,31.0,Male,0,,Moderate,Well-Lit,60 km/h
MMTI-2025-16405,Caloocan,Jeepney,Side-swipe,Risk Level 2,Clear,17.0,Male,0,39576.76,,Poorly-Lit,60 kph
MMTI-2025-04392,Las Pinas,Motorcycle,Side-swipe,6,Clear,28.0,Female,2,84699.97,Light,Poorly-Lit,60
MMTI-2025-11410,Manila,Motorcycle,Side-swipe,2,Clear,17.0,Unknown,0,163692.71,Heavy,Well-Lit,60
MMTI-2025-10075,Quezon,Car,Side-swipe,3,Stormy,61.0,Male,0,1827995.5,Heavy,Well-Lit,60
MMTI-2025-04157,Quezon,Motorcycle,Rear-end,Risk Level 2,Cloudy,34.0,Male,0,388257.19,Heavy,Well-Lit,40
MMTI-2025-03201,,Bus,Hit and Run,3.0,Clear,42.0,Male,0,375856.59,Heavy,Well-Lit,60 km/h
MMTI-2025-23187,Malabon,Bus,Hit and Run,3,,22.0,Male,0,463304.89,Heavy,Poorly-Lit,80
MMTI-2025-07458,Taguig,Car,Rear-end,3,Cloudy,150.0,Male,0,275778.85,Heavy,Well-Lit,60 km/h
MMTI-2025-11144,,Jeepney,Head-on,6,Clear,44.0,Male,2,217412.58,Moderate,Well-Lit,40 km/h
MMTI-2025-02784,Manila,Car,Side-swipe,Risk Level 3,Cloudy,29.0,Male,0,202126.79,Moderate,Well-Lit,40 km/h
MMTI-2025-10279,Makati,Jeepney,Rear-end,3,Cloudy,37.0,Male,0,,Light,Poorly-Lit,60 kph
MMTI-2025-17319,Mandaluyong,Motorcycle,Hit and Run,Risk Level 3,Clear,48.0,Male,0,78.1k,Heavy,Poorly-Lit,80
MMTI-2025-17238,,Bus,Head-on,Risk Level 3,Clear,45.0,F,0,443346.06,Light,Poorly-Lit,60
MMTI-2025-15667,,Car,Head-on,3,Clear,42.0,Male,0,,Heavy,Poorly-Lit,60 km/h
MMTI-2025-11155,Taguig,Car,Head-on,2,Cloudy,27.0,Male,0,298230.37,Moderate,Well-Lit,60 km/h
MMTI-2025-09570,Marikina,,Side-swipe,6,Clear,24.0,Male,1,"PHP 714,522.45",Light,Poorly-Lit,40
MMTI-2025-20618,Taguig,Car,Hit and Run,3,Cloudy,33.0,Male,0,347348.2,Heavy,Poorly-Lit,60
MMTI-2025-00093,Malabon,Truck,Head-on,3.0,Cloudy,,Male,0,617020.93,Moderate,Well-Lit,80
MMTI-2025-11732,Paranaque,Car,Head-on,3,Clear,45.0,Male,0,101962.62,Heavy,Well-Lit,40
MMTI-2025-05757,Pasig,Motorcycle,Head-on,3,Clear,28.0,Male,0,158983.89,Heavy,Well-Lit,40
MMTI-2025-14439,Quezon,SUV/Van,Head-on,,Clear,41.0,Unknown,0,"PHP 37,975.10",Moderate,Well-Lit,40 km/h
MMTI-2025-19852,Pasig,SUV/Van,Hit and Run,3,Clear,51.0,Male,0,141988.25,Heavy,Poorly-Lit,30
MMTI-2025-09958,Quezon,Truck,Rear-end,2.0,Clear,,Male,0,116836.44,Light,Unlit,60
MMTI-2025-19986,,SUV/Van,Side-swipe,2,Clear,39.0,Male,0,136862.69,Heavy,Well-Lit,60 km/h
MMTI-2025-00897,Paranaque,Motorcycle,Rear-end,Risk Level 6,Clear,65.0,Male,2,109966.54,Heavy,Unlit,60 km/h
MMTI-2025-12919,Quezon,Car,Hit and Run,3.0,Rainy,47.0,Male,0,"PHP 752,631.54",Heavy,Well-Lit,40
MMTI-2025-07858,Pasig,Jeepney,Side-swipe,,Storm,35.0,Female,2,8539.21,Heavy,Poorly-Lit,60
MMTI-2025-13899,Paranaque,Bus,Side-swipe,3,,30.0,Male,0,252829.7,Heavy,Poorly-Lit,80
MMTI-2025-13663,Manila,Motorcycle,Hit and Run,2.0,Rain,36.0,Male,0,,Moderate,Unlit,60
MMTI-2025-08435,Marikina,SUV/Van,Side-swipe,,Cloudy,42.0,Female,0,43663.81,Heavy,POOR,60
MMTI-2025-19450,Manila,Motorcycle,Rear-end,3,Cloudy,31.0,Female,0,200573.1,Light,Unlit,30
MMTI-2025-00011,Quezon,,Rear-end,3,Rain,41.0,Male,0,125774.91,Heavy,Poorly-Lit,40
MMTI-2025-21983,Taguig,Car,Hit and Run,3.0,Cloudy,31.0,Male,0,298962.02,Heavy,Well-Lit,60 km/h
MMTI-2025-19275,Makati,Car,Head-on,3,Cloudy,32.0,Male,0,261584.59,Light,Poorly-Lit,100
MMTI-2025-11586,Mandaluyong,Car,Rear-end,3,Clear,48.0,Female,0,79713.57,Heavy,Well-Lit,40
MMTI-2025-05014,Taguig,Car,Rear-end,3,Cloudy,31.0,Female,0,327989.48,Moderate,Poorly-Lit,60
MMTI-2025-15479,Quezon,Motorcycle,Hit and Run,3,Cloudy,29.0,Male,0,483996.02,Heavy,Well-Lit,60 km/h
MMTI-2025-17996,Mandaluyong,Car,Side-swipe,Risk Level 3,Clear,39.0,Male,0,68283.77,Moderate,Poorly-Lit,40
MMTI-2025-07868,Taguig,Jeepney,Rear-end,3,,49.0,Male,0,50147.24,Heavy,Poorly-Lit,60 km/h
MMTI-2025-23190,Navotas,Car,Side-swipe,Risk Level 3,Clear,24.0,Male,0,36403.9,Heavy,Well-Lit,40
MMTI-2025-06521,Quezon,SUV/Van,Hit and Run,3,Rainy,35.0,Male,0,925016.08,Heavy,Well-Lit,60
MMTI-2025-14812,,Truck,Rear-end,3.0,Clear,26.0,Male,0,324068.0,HEAVY,Well-Lit,40
MMTI-2025-03137,Pasig,Car,Head-on,Risk Level 3,Clear,34.0,F,0,129283.78,Heavy,Poorly-Lit,40 km/h
MMTI-2025-12577,Manila,Car,Side-swipe,3.0,Cloudy,150.0,Male,0,187106.75,Moderate,Poorly-Lit,80
MMTI-2025-14534, quezon,Jeepney,Hit and Run,Risk Level 3,,44.0,Unknown,0,95149.86,Light,Poorly-Lit,40 km/h
MMTI-2025-17275,Taguig,Car,Head-on,3,Cloudy,47.0,Male,0,334.7k,Moderate,Well-Lit,60
MMTI-2025-03638,,Motorcycle,Hit and Run,3,Clear,26.0,Male,0,29957.97,Moderate,Well-Lit,80
MMTI-2025-16945,San Juan,Motorcycle,Hit and Run,,Clear,61.0,Male,0,9620.73,Moderate,Well-Lit,60 km/h
MMTI-2025-16293,Muntinlupa,Car,Hit and Run,Risk Level 2,Clear,41.0,Male,0,57666.29,Heavy,Well-Lit,80 kph
MMTI-2025-19301,,SUV/Van,Side-swipe,Risk Level 1,Clear,30.0,Male,0,"PHP 64,228.93",Light,Well-Lit,60
MMTI-2025-07751,Paranaque,SUV/Van,Hit and Run,3.0,Storm,49.0,Male,0,,Heavy,Unlit,60
MMTI-2025-03935,Muntinlupa,Car,Rear-end,2,Storm,46.0,Female,0,75915.2,,Well-Lit,60 km/h
MMTI-2025-01489,Taguig,Car,Head-on,6,Storm,26.0,Male,4,299859.85,,Well-Lit,60
MMTI-2025-03104,Quezon,Car,Side-swipe,4,Cloudy,56.0,Male,4,511911.04,Heavy,Well-Lit,60
MMTI-2025-16877,Manila,Jeepney,Hit and Run,3,Clear,40.0,Male,0,,Heavy,Poorly-Lit,60
MMTI-2025-20040,Las Pinas,Motorcycle,Hit and Run,3,Clear,36.0,Male,0,90845.76,Heavy,Poorly-Lit,80 km/h
MMTI-2025-22426,Caloocan,Motorcycle,Head-on,3.0,Clear,41.0,Male,0,44898.69,Heavy,Well-Lit,60
MMTI-2025-11562,,Truck,Side-swipe,Risk Level 3,Clear,27.0,Male,0,1508706.61,Moderate,Well-Lit,60 km/h
MMTI-2025-06666,Taguig,Car,Hit and Run,3,Cloudy,38.0,Female,0,302097.7,Heavy,Poorly-Lit,80 km/h
MMTI-2025-02102,Quezon,,Head-on,,,41.0,Male,3,20053.9,Heavy,Unlit,60
MMTI-2025-10801,Muntinlupa,Car,Hit and Run,Risk Level 3,Clear,31.0,Male,0,"PHP 54,595.22",Heavy,Poorly-Lit,40
MMTI-2025-03805,Marikina,Jeepney,Side-swipe,,Clear,56.0,Male,0,34538.89,,Unlit,40 km/h
MMTI-2025-03323,Las Pinas,Motorcycle,Hit and Run,6.0,Clear,33.0,Female,2,83486.44,Heavy,Lit,60 km/h
MMTI-2025-00432,Makati,SUV/Van,Rear-end,3.0,Clear,51.0,Male,0,,Light,dark,60
MMTI-2025-02855,,Car,Side-swipe,3.0,Rain,29.0,Male,0,135535.39,Heavy,Well-Lit,30
MMTI-2025-03343,Taguig,Bus,Rear-end,3,Clear,,Male,0,1130770.94,Heavy,Poorly-Lit,80
MMTI-2025-14103,Pasig,Car,Head-on,3,Clear,33.0,Male,0,128257.75,Heavy,well lit,80
MMTI-2025-17274,Quezon,Motorcycle,Head-on,3,Rainy,54.0,Male,0,1206316.08,Light,dark,80
MMTI-2025-19869,Quezon,SUV/Van,Side-swipe,,,45.0,Male,2,146634.02,Heavy,dark,40
MMTI-2025-11656,Paranaque,Car,Head-on,3,Clear,48.0,Female,0,119031.32,Heavy,Poorly-Lit,40 km/h
MMTI-2025-14687,Malabon,Motorcycle,Rear-end,Risk Level 3,Clear,43.0,Male,0,37244.96,Heavy,Well-Lit,40 kph
MMTI-2025-03759,Quezon,Car,Side-swipe,Risk Level 6,Stormy,67.0,Male,3,3292.4k,Moderate,Well-Lit,60 km/h
MMTI-2025-12570,Pasig,Car,Rear-end,3,Clear,25.0,Male,0,132.0k,Moderate,Well-Lit,60
MMTI-2025-02574,Manila,Jeepney,Head-on,,Cloudy,18.0,Male,0,31600.54,Heavy,Poorly-Lit,80
MMTI-2025-08117,,Motorcycle,Rear-end,3.0,Clear,41.0,Male,0,"PHP 47,104.19",Heavy,Well-Lit,60
MMTI-2025-13877,Quezon,Car,Rear-end,3,Cloudy,27.0,Male,0,501601.49,Heavy,well lit,80
MMTI-2025-02314,Marikina,,Rear-end,3,Clear,34.0,Male,0,224859.37,,Poorly-Lit,40
MMTI-2025-16379,Quezon,Car,Hit and Run,3,Rainy,34.0,Male,4,958933.85,Heavy,Poorly-Lit,60
MMTI-2025-04940,Marikina,Jeepney,Rear-end,1,Cloudy,25.0,Female,0,"PHP 35,936.02",,Lit,80
MMTI-2025-23187,Malabon,Bus,Hit and Run,3,,22.0,Male,0,463304.89,Heavy,Poorly-Lit,80
MMTI-2025-23025,,SUV/Van,Side-swipe,Risk Level 2,Clear,41.0,Male,0,61949.1,Heavy,Well-Lit,60
MMTI-2025-06039,Paranaque,Motorcycle,Rear-end,,Clear,33.0,Male,1,"PHP 10,824.70",Heavy,Well-Lit,30
MMTI-2025-17526,Quezon,,Head-on,Risk Level 3,Rain,36.0,Male,0,213747.69,HEAVY,Well-Lit,80
MMTI-2025-01252,Quezon,Car,Rear-end,3,Rainy,45.0,F,0,820394.0,Heavy,Well-Lit,60
MMTI-2025-02156,Caloocan,,Side-swipe,3,Clear,,M,0,217808.17,Moderate,No Lights,40
MMTI-2025-05919,LAS PINAS ,,Side-swipe,3.0,Clear,30.0,Female,0,71433.23,Moderate,Lit,40
MMTI-2025-02003,Manila,Motorcycle,Side-swipe,3,Cloudy,46.0,Male,0,192298.58,Heavy,Well-Lit,40
MMTI-2025-19936,Makati,Truck,Head-on,Risk Level 3,Cloudy,48.0,Male,0,"PHP 231,334.74",Light,Well-Lit,40 kph
MMTI-2025-21394,Manila,Car,Rear-end,Risk Level 3,Cloudy,32.0,Male,0,184858.29,Heavy,Well-Lit,60
MMTI-2025-01700,Makati,Bus,Side-swipe,9,Clear,36.0,Male,2,2086008.43,,No Lights,40
MMTI-2025-10305,Paranaque,SUV/Van,Side-swipe,Risk Level 3,Clear,33.0,Male,0,"PHP 119,787.66",Light,POOR,80
MMTI-2025-09409,Manila,Truck,Rear-end,,Clear,41.0,Male,0,148159.31,Heavy,Well-Lit,40 km/h
MMTI-2025-13721,Makati,Motorcycle,Hit and Run,Risk Level 3,Cloudy,44.0,Male,0,235494.83,Heavy,Poorly-Lit,60 km/h
MMTI-2025-02434,Mandaluyong,Car,Hit and Run,3.0,Clear,31.0,Female,0,75179.3,Moderate,Well-Lit,80
MMTI-2025-09810,,Bus,Side-swipe,3,Cloudy,34.0,Male,0,622046.32,Light,Unlit,30
MMTI-2025-06473,Quezon,SUV/Van,Head-on,6,Cloudy,39.0,Female,4,388137.27,Heavy,Well-Lit,60
MMTI-2025-20973,Quezon,Car,Side-swipe,6,Stormy,21.0,Male,1,3099710.92,Heavy,No Lights,40 km/h
MMTI-2025-23061,Manila,Motorcycle,Head-on,3.0,Cloudy,39.0,Male,0,203108.99,Heavy,dark,60 km/h
MMTI-2025-01029,Quezon,Jeepney,Head-on,Risk Level 3,Clear,33.0,F,0,56577.77,,Well-Lit,30
MMTI-2025-18273,Muntinlupa,Car,Side-swipe,Risk Level 3,Clear,41.0,Male,0,52430.71,Heavy,POOR,40
MMTI-2025-00954,Quezon,Car,Side-swipe,3,Rainy,49.0,Male,0,787566.25,HEAVY,Well-Lit,60 km/h
MMTI-2025-22383,Pasay,Car,Rear-end,3,Clear,26.0,female ,0,49772.15,Heavy,Well-Lit,40 km/h
MMTI-2025-11964,Quezon,SUV/Van,Rear-end,3.0,Clear,,Male,0,"PHP 383,743.04",Heavy,Well-Lit,60 km/h
MMTI-2025-19015,Quezon,Motorcycle,Hit and Run,3,Rainy,37.0,Male,0,1492481.78,Heavy,Well-Lit,40 km/h
MMTI-2025-08561,Quezon,Motorcycle,Side-swipe,Risk Level 3,Cloudy,33.0,Female,0,353481.39,HEAVY,Poorly-Lit,80 kph
MMTI-2025-01260,Makati,,Hit and Run,2,Clear,34.0,Female,0,15988.68,Light,Poorly-Lit,80
MMTI-2025-08930,Las Pinas,Truck,Side-swipe,3,Rain,,Female,0,261517.28,Moderate,No Lights,60
MMTI-2025-21588,Quezon,SUV/Van,Side-swipe,3.0,Rain,,Male,0,77777777,Moderate,Well-Lit,60 kph
MMTI-2025-16671,Quezon,Motorcycle,Hit and Run,6,Stormy,34.0,Male,4,3930535.81,Heavy,No Lights,60
MMTI-2025-15275,Quezon,Truck,Hit and Run,,Clear,22.0,Female,1,,HEAVY,Well-Lit,40
MMTI-2025-21213,Pasig,SUV/Van,Head-on,Risk Level 3,Clear,24.0,Male,0,150837.21,Light,Well-Lit,40 kph
MMTI-2025-01974,Taguig,,Rear-end,3,Rain,42.0,Male,4,200472.36,Light,Poorly-Lit,60
MMTI-2025-09064,Taguig,Car,Rear-end,3.0,Cloudy,29.0,Male,4,271695.82,Heavy,Unlit,60 km/h
MMTI-2025-06747,Quezon,Motorcycle,Side-swipe,3,Rainy,22.0,Male,0,867204.81,Heavy,Well-Lit,60 kph
MMTI-2025-01197,Navotas,Jeepney,Head-on,,Clear,33.0,M,0,39271.52,Heavy,Well-Lit,80
MMTI-2025-18857,Quezon,Motorcycle,Hit and Run,3,Rainy,21.0,Male,0,1307991.49,Heavy,Poorly-Lit,40
MMTI-2025-03216,Marikina,Jeepney,Head-on,6,Clear,,Unknown,4,217.2k,Light,Poorly-Lit,30
MMTI-2025-03354,Quezon,Motorcycle,Head-on,6,Stormy,52.0,Male,3,3370789.79,Heavy,Well-Lit,30
MMTI-2025-22399,Quezon,Motorcycle,Head-on,3,Rain,38.0,Male,0,,Moderate,No Lights,80
MMTI-2025-10782,,SUV/Van,Head-on,,Clear,41.0,Female,3,71.1k,Moderate,Well-Lit,30
MMTI-2025-18922,Las Pinas,Car,Hit and Run,3.0,Clear,28.0,Male,0,"PHP 91,183.16",Heavy,Well-Lit,60 km/h
MMTI-2025-19423,Mandaluyong,SUV/Van,Head-on,3,Clear,35.0,Male,0,77186.24,Heavy,Well-Lit,60 km/h
MMTI-2025-12651,Pasay,Motorcycle,Hit and Run,2,Clear,32.0,Female,0,45459.15,Moderate,Well-Lit,80
MMTI-2025-04897,Manila,Jeepney,Head-on,2,Clear,42.0,Male,0,"PHP 15,975.86",,Well-Lit,30
MMTI-2025-01677,Pasig,Truck,Rear-end,6,Clear,52.0,Male,3,130.4k,Heavy,Well-Lit,60
MMTI-2025-00995,Quezon,Car,Head-on,3,Rainy,37.0,Male,0,1302951.44,Moderate,Well-Lit,60
MMTI-2025-09734,Quezon,Car,Head-on,Risk Level 3,Clear,27.0,Female,0,101288.71,,Well-Lit,60
MMTI-2025-19278,Las Pinas,SUV/Van,Side-swipe,3,Clear,37.0,Male,0,"PHP 84,184.02",Moderate,Well-Lit,60 kph
MMTI-2025-17121,Quezon,,Head-on,3.0,Clear,37.0,Female,0,"PHP 49,110.80",Heavy,Well-Lit,60
MMTI-2025-04547,Makati,Car,Head-on,2.0,Cloudy,37.0,Male,0,220657.58,MODERATE,Well-Lit,40 km/h
MMTI-2025-07056,Manila,Jeepney,Head-on,,Rain,999.0,Male,0,21917.32,Heavy,Well-Lit,60
MMTI-2025-05116,Manila,,Hit and Run,3.0,Clear,29.0,F,0,160.2k,Moderate,Poorly-Lit,80
MMTI-2025-01231,Quezon,Car,Head-on,6,Stormy,26.0,Male,3,3439757.49,Heavy,Well-Lit,40
MMTI-2025-19227,,Motorcycle,Rear-end,3.0,Rain,37.0,Male,0,50441.24,Heavy,Well-Lit,40
MMTI-2025-01927,PASIG ,Truck,Hit and Run,3.0,Clear,39.0,Female,0,840930.49,,Poorly-Lit,60
MMTI-2025-17580,Quezon,Motorcycle,Side-swipe,3.0,,26.0,Female,0,20880.25,Moderate,Unlit,60
MMTI-2025-01020,Quezon,Motorcycle,Head-on,3.0,Rainy,36.0,Male,0,669616.19,Heavy,Well-Lit,60
MMTI-2025-18678,Pasig,Car,Hit and Run,3.0,Clear,51.0,Male,0,134427.08,Heavy,Well-Lit,60
MMTI-2025-03045,,Motorcycle,Rear-end,Risk Level 3,Rain,42.0,Male,0,77777777,Heavy,Unlit,60 km/h
MMTI-2025-06333,,SUV/Van,Side-swipe,6.0,Rain,29.0,Male,2,539869.38,Heavy,Well-Lit,60
MMTI-2025-08285,Pasig,Motorcycle,Side-swipe,Risk Level 3,Clear,36.0,Female,0,144560.36,Heavy,Well-Lit,40
MMTI-2025-16124,Quezon,Motorcycle,Rear-end,3.0,Cloudy,45.0,Female,0,"PHP 597,765.45",Heavy,Poorly-Lit,60 km/h
MMTI-2025-18635,Navotas,Car,Head-on,,Cloudy,50.0,female ,0,22984.24,Heavy,Poorly-Lit,60
MMTI-2025-07524,Muntinlupa,Truck,Rear-end,2,,33.0,Male,0,121280.57,Heavy,Well-Lit,60
MMTI-2025-18301,Marikina,,Head-on,3,Clear,40.0,Female,0,169062.89,Heavy,Well-Lit,60
MMTI-2025-16865,Malabon,Motorcycle,Rear-end,3,Clear,42.0,Male,0,36786.88,Heavy,Poorly-Lit,40 km/h
MMTI-2025-08150,Quezon,Car,Side-swipe,3.0,Rainy,42.0,Male,0,1453889.76,Light,Poorly-Lit,60
MMTI-2025-10410,Quezon,SUV/Van,Side-swipe,Risk Level 3,Rainy,38.0,Male,0,1723408.03,Moderate,Well-Lit,60
MMTI-2025-08510,Quezon,,Hit and Run,6,Clear,40.0,Male,4,439826.96,Heavy,No Lights,60
MMTI-2025-11750,Makati,SUV/Van,Side-swipe,3.0,Cloudy,29.0,Male,0,245872.49,Moderate,Well-Lit,80 km/h
MMTI-2025-20386,Muntinlupa,Bus,Hit and Run,,Clear,27.0,M,0,77844.95,Moderate,Unlit,80
MMTI-2025-01335,Paranaque,Car,Head-on,3.0,Clear,44.0,Female,0,119.4k,Moderate,Well-Lit,80
MMTI-2025-00287,Las Pinas,Car,Side-swipe,6.0,Clear,43.0,Female,4,86298.31,Moderate,Well-Lit,40
MMTI-2025-10511,Pasay,Jeepney,Hit and Run,4.0,,23.0,Female,1,17762.14,Moderate,Unlit,80
MMTI-2025-04090,Quezon,Car,Head-on,Risk Level 3,Rain,29.0,Male,0,77777777,,Well-Lit,80
MMTI-2025-13907,Paranaque,Truck,Head-on,3,Clear,49.0,Male,0,115477.49,Heavy,Well-Lit,80 km/h
MMTI-2025-00424,Manila,Car,Hit and Run,3,Cloudy,44.0,Male,0,204367.3,Heavy,Poorly-Lit,40
MMTI-2025-20594,Paranaque,Motorcycle,Hit and Run,3,Clear,36.0,Male,0,120.9k,Heavy,Well-Lit,80
MMTI-2025-00521,Quezon,Car,Head-on,3,Cloudy,57.0,M,0,430410.87,Heavy,Poorly-Lit,80 kph
MMTI-2025-16413,Quezon,Car,Rear-end,Risk Level 3,Rainy,33.0,Male,0,"PHP 710,419.25",Heavy,No Lights,40
MMTI-2025-18471,Quezon,Motorcycle,Rear-end,Risk Level 3,Cloudy,38.0,Male,0,486153.55,Moderate,Poorly-Lit,60 km/h
MMTI-2025-19022,Quezon,Motorcycle,Rear-end,3.0,Cloudy,53.0,Male,0,360052.18,HEAVY,Poorly-Lit,60 km/h
MMTI-2025-23356,MANILA ,,Rear-end,2,Clear,39.0,Male,0,88055.31,Moderate,Unlit,40 kph
MMTI-2025-17701,Manila,Car,Rear-end,,Rain,29.0,Unknown,2,65540.95,Moderate,Unlit,60
MMTI-2025-02034,Quezon,SUV/Van,Rear-end,,Rain,49.0,Male,0,107880.57,Heavy,POOR,60 km/h
MMTI-2025-18749,Quezon,Car,Side-swipe,Risk Level 6,Rainy,47.0,Male,2,676196.74,Heavy,Well-Lit,60
MMTI-2025-00533,Caloocan,Truck,Rear-end,3.0,Clear,42.0,Male,0,41593.14,HEAVY,Well-Lit,30
MMTI-2025-06213,Paranaque,Jeepney,Rear-end,3,,32.0,Male,0,,Light,Well-Lit,60
MMTI-2025-17616, makati,Bus,Side-swipe,3,Rain,32.0,Male,0,,Heavy,Well-Lit,30 km/h
MMTI-2025-21579,Caloocan,Car,Rear-end,3,Clear,50.0,Female,0,44629.77,Heavy,Well-Lit,60
MMTI-2025-06480,Quezon,Motorcycle,Head-on,3.0,Cloudy,53.0,Male,0,"PHP 483,638.21",Moderate,Well-Lit,80 km/h
MMTI-2025-14745,Quezon,Car,Hit and Run,6,Rainy,20.0,Male,3,1198500.03,Heavy,Lit,80
MMTI-2025-15945,Makati,Car,Hit and Run,2.0,Cloudy,33.0,M,0,262435.6,Moderate,Well-Lit,40 km/h
MMTI-2025-12973,Quezon,Motorcycle,Hit and Run,3,Rainy,38.0,Female,0,1346623.42,Heavy,Well-Lit,40 km/h
MMTI-2025-03414,Caloocan,Motorcycle,Side-swipe,,Cloudy,22.0,Female,0,4758.87,Moderate,Poorly-Lit,60
MMTI-2025-17204,Pasig,Motorcycle,Hit and Run,3,,54.0,Female,0,50464.46,Heavy,POOR,60 km/h
MMTI-2025-21043,Quezon,Motorcycle,Head-on,3,Rainy,38.0,Male,0,738858.72,Heavy,Poorly-Lit,40
MMTI-2025-10637,Quezon,Car,Head-on,Risk Level 2,Cloudy,25.0,Male,0,370564.46,Moderate,Well-Lit,40
MMTI-2025-07321,Valenzuela,Motorcycle,Head-on,3.0,Clear,31.0,Male,0,,Heavy,Poorly-Lit,30
MMTI-2025-11357,Taguig,Car,Hit and Run,3,Cloudy,48.0,M,0,"PHP 272,937.77",Heavy,Well-Lit,60
MMTI-2025-00283,Manila,Jeepney,Side-swipe,1.0,Clear,28.0,Male,0,22078.67,,Well-Lit,40
MMTI-2025-11347,,Jeepney,Hit and Run,2,Clear,30.0,Male,0,44683.25,Light,Lit,60
MMTI-2025-05070,Taguig,Bus,Side-swipe,3.0,Clear,36.0,Male,0,216502.86,,Lit,40
MMTI-2025-01407,Quezon,Jeepney,Hit and Run,,Rain,29.0,Male,0,15334.11,LIGHT,Well-Lit,80
MMTI-2025-19768,,SUV/Van,Rear-end,Risk Level 3,Clear,43.0,Male,0,217315.13,Moderate,Poorly-Lit,30
MMTI-2025-11629,QUEZON ,Truck,Side-swipe,,Rain,35.0,Female,0,495495.31,Moderate,well lit,80
MMTI-2025-14219,Quezon,,Hit and Run,3.0,Storm,43.0,Male,0,"PHP 57,284.36",,Well-Lit,60
MMTI-2025-23446,Quezon,Motorcycle,Hit and Run,3.0,Rain,,Male,0,"PHP 11,475.46",Heavy,Well-Lit,100
MMTI-2025-12515,Pasay,Truck,Rear-end,3,Clear,31.0,Male,0,48964.95,Heavy,dark,30 km/h
MMTI-2025-06766,Quezon,,Side-swipe,,Rain,0.0,Male,0,21785.49,Light,Poorly-Lit,60 km/h
MMTI-2025-17346,,Bus,Hit and Run,3,Rain,29.0,Male,0,,Heavy,Poorly-Lit,40
MMTI-2025-01558,Quezon,Truck,Side-swipe,3,Cloudy,36.0,Female,0,384960.25,Heavy,Well-Lit,60
MMTI-2025-10681,Quezon,Motorcycle,Hit and Run,6,Cloudy,40.0,Male,2,360456.23,HEAVY,Well-Lit,80 km/h
MMTI-2025-00788,,Bus,Rear-end,3.0,Clear,41.0,Male,0,737331.48,Heavy,Well-Lit,40 km/h
MMTI-2025-18873,Makati,Motorcycle,Hit and Run,1,Cloudy,0.0,Male,0,221082.91,Moderate,Poorly-Lit,60
MMTI-2025-13741,Taguig,Car,Hit and Run,9,Cloudy,-10.0,Female,1,278375.89,Heavy,Poorly-Lit,60 km/h
MMTI-2025-01630,Paranaque,SUV/Van,Hit and Run,Risk Level 1,Clear,52.0,Female,0,103537.56,Moderate,Well-Lit,60
MMTI-2025-14922,Manila,,Side-swipe,6,Storm,31.0,Female,1,354096.12,Heavy,Well-Lit,80
MMTI-2025-05732,Quezon,Car,Head-on,3.0,Rainy,47.0,M,0,872459.41,HEAVY,Poorly-Lit,30
MMTI-2025-03159,Pasig,Motorcycle,Side-swipe,3,Clear,23.0,male,0,140459.28,Heavy,Well-Lit,80 km/h
MMTI-2025-00255,Quezon,Car,Rear-end,6.0,Cloudy,39.0,Male,2,396579.74,Moderate,Well-Lit,80
MMTI-2025-06698,Quezon,Motorcycle,Side-swipe,Risk Level 3,Storm,,Male,0,5530.65,Moderate,Unlit,40
MMTI-2025-06208,,SUV/Van,Rear-end,3,Clear,63.0,Female,0,58024.42,Moderate,Well-Lit,60
MMTI-2025-14947, quezon,Car,Hit and Run,,Rain,40.0,Male,0,38329.94,HEAVY,Unlit,40 km/h
MMTI-2025-09167, mandaluyong,SUV/Van,Hit and Run,3,Rain,42.0,Female,0,114850.31,,No Lights,80
MMTI-2025-16009,Pasig,Car,Rear-end,3,Clear,39.0,Female,0,142665.93,Moderate,Unlit,60
MMTI-2025-02661,Valenzuela,Truck,Hit and Run,,,20.0,Female,0,284891.58,Heavy,Well-Lit,40
MMTI-2025-09864,Quezon,Motorcycle,Hit and Run,,Clear,57.0,Male,0,7.2k,Heavy,Poorly-Lit,40 km/h
MMTI-2025-00284,Manila,Car,Head-on,3,Clear,28.0,Male,0,"PHP 189,221.85",,Well-Lit,40 km/h
MMTI-2025-15833,Makati,Car,Side-swipe,6,Cloudy,28.0,male,2,258222.6,Moderate,Poorly-Lit,100 km/h
MMTI-2025-06815,Malabon,Car,Hit and Run,3,Clear,20.0,Male,0,37222.59,Heavy,Well-Lit,40 km/h
MMTI-2025-07891,VALENZUELA ,Bus,Head-on,,Clear,63.0,Male,0,338331.51,Light,Well-Lit,60
MMTI-2025-03415,,Motorcycle,Hit and Run,3.0,Clear,20.0,Female,0,18475.53,HEAVY,Well-Lit,60 km/h