Incident_ID,City,Vehicle_Type,Accident_Type,Severity,Weather_Condition,Driver_Age,Driver_Gender,Injury_Count,Damage_Cost_PHP,Traffic_Volume,Road_Lighting,Speed_Limit
MMTI-2025-22970,Makati,Truck,Side-swipe,3.0,Cloudy,17.0,Unknown,0,243473.83,HEAVY,Well-Lit,60
MMTI-2025-10385,Taguig,Motorcycle,Head-on,3,Cloudy,37.0,M,0,290743.35,Heavy,Well-Lit,40
MMTI-2025-19788,Quezon,Car,Head-on,Risk Level 3,Rainy,39.0,Male,0,717206.6,Heavy,Unlit,80 km/h
MMTI-2025-20548,Manila,Motorcycle,Side-swipe,3,Cloudy,42.0,Male,0,190595.74,Heavy,Unlit,80
MMTI-2025-11244,Manila,Car,Rear-end,3,Clear,38.0,Male,0,,Moderate,Poorly-Lit,60 km/h
MMTI-2025-08720,Quezon,Bus,Side-swipe,3,Clear,41.0,Male,0,,Moderate,Well-Lit,40
MMTI-2025-09523,Caloocan,Bus,Rear-end,2.0,Rain,,Female,0,443631.11,Moderate,Well-Lit,60
MMTI-2025-10378,Taguig,Car,Side-swipe,Risk Level 3,Cloudy,44.0,Male,0,298462.78,Moderate,Well-Lit,30
MMTI-2025-06134,Las Pinas,Car,Rear-end,3,Clear,20.0,Male,0,84890.05,HEAVY,Well-Lit,60
MMTI-2025-13616,Las Pinas,Car,Rear-end,3,Clear,26.0,Male,0,92895.15,Heavy,Well-Lit,40 kph
MMTI-2025-02756,Manila,Car,Rear-end,3.0,Cloudy,56.0,F,0,"PHP 165,065.64",Heavy,POOR,80
MMTI-2025-07516,,Car,Side-swipe,3,Clear,25.0,Female,0,139991.8,Heavy,Well-Lit,60
MMTI-2025-21507,Malabon,Bus,Head-on,,Clear,44.0,Female,0,219909.14,Heavy,Well-Lit,60 km/h
MMTI-2025-05939,Quezon,SUV/Van,Rear-end,3,Rainy,25.0,Male,0,"PHP 1,374,306.01",Light,Well-Lit,60
MMTI-2025-14763,Makati,Car,Side-swipe,3,Cloudy,59.0,Male,0,221463.55,Heavy,Well-Lit,40 km/h
MMTI-2025-12401,Caloocan,Car,Hit and Run,3.0,Clear,20.0,Male,0,42880.35,Heavy,Unlit,40
MMTI-2025-18645,,Motorcycle,Head-on,3.0,,44.0,Male,0,46308.31,Heavy,Well-Lit,60 km/h
MMTI-2025-12843,Quezon,Car,Hit and Run,3,Rainy,31.0,Male,0,1118062.36,Heavy,Well-Lit,60
MMTI-2025-04820,Quezon,Car,Hit and Run,6,Rainy,26.0,Male,4,852012.5,Heavy,Well-Lit,30 km/h
MMTI-2025-21245,Quezon,SUV/Van,Rear-end,3,Rainy,47.0,Female,0,"PHP 980,363.50",Moderate,Well-Lit,60 km/h
MMTI-2025-04255,Quezon,Motorcycle,Head-on,6.0,Rainy,36.0,Female,2,708381.34,Heavy,Well-Lit,30 km/h
MMTI-2025-21074,Pasay,Car,Side-swipe,3,Clear,51.0,Female,0,47135.45,Heavy,well lit,30 km/h
MMTI-2025-05944,Manila,SUV/Van,Head-on,,Storm,41.0,Male,0,27867.36,Heavy,Well-Lit,100 km/h
MMTI-2025-15337,Manila,SUV/Van,Side-swipe,3,Rain,36.0,Male,0,292590.57,,Well-Lit,60 km/h
MMTI-2025-20565,Quezon,Motorcycle,Rear-end,3.0,Rainy,35.0,Male,0,720374.59,HEAVY,Poorly-Lit,100
MMTI-2025-20544,Pasig,,Hit and Run,2.0,Cloudy,17.0,Female,0,18458.36,MODERATE,Well-Lit,60
MMTI-2025-16719,VALENZUELA ,Car,Hit and Run,3,,63.0,Male,0,130514.5,Heavy,Poorly-Lit,30
MMTI-2025-13100,,Truck,Head-on,3,,24.0,Female,0,1627385.98,Heavy,Poorly-Lit,60
MMTI-2025-05971,,,Rear-end,3,Rain,30.0,Male,0,150843.51,Heavy,Well-Lit,40
MMTI-2025-03745,San Juan,Car,Side-swipe,3,Clear,27.0,Male,0,"PHP 38,271.20",Heavy,Well-Lit,30 km/h
MMTI-2025-04620,Quezon,Car,Hit and Run,Risk Level 3,Rainy,24.0,Male,0,1047563.49,Heavy,Well-Lit,60
MMTI-2025-17731,Caloocan,Truck,Hit and Run,,Clear,35.0,Female,0,169791.96,LIGHT,Poorly-Lit,40 kph
MMTI-2025-17943,Manila,Jeepney,Hit and Run,3.0,Clear,28.0,F,0,57464.9,,Unlit,100
MMTI-2025-02158,MAKATI ,Truck,Side-swipe,,Clear,51.0,Male,0,98820.68,Heavy,Poorly-Lit,30 kph
MMTI-2025-01375,Marikina,Car,Side-swipe,Risk Level 6,Clear,54.0,Female,4,"PHP 60,029.79",Light,Well-Lit,30
MMTI-2025-18142,Quezon,Car,Rear-end,Risk Level 3,Rainy,33.0,Male,0,937966.93,Heavy,Poorly-Lit,60
MMTI-2025-08552,Taguig,Motorcycle,Hit and Run,3.0,,33.0,Male,0,9371.5,Moderate,Well-Lit,30
MMTI-2025-05303,,Jeepney,Side-swipe,Risk Level 3,Clear,57.0,Male,0,106729.84,Moderate,Well-Lit,60 kph
MMTI-2025-02095,Manila,SUV/Van,Side-swipe,Risk Level 3,Clear,70.0,Male,0,,Heavy,Poorly-Lit,60 km/h
MMTI-2025-11034,Navotas,Motorcycle,Rear-end,Risk Level 3,Clear,,Male,0,"PHP 34,783.57",Heavy,Poorly-Lit,60 km/h
MMTI-2025-19729,,Car,Hit and Run,2.0,Rain,42.0,Male,0,65942.14,Light,dark,30
MMTI-2025-14983,Manila,Motorcycle,Hit and Run,6,Cloudy,32.0,male,3,"PHP 175,257.45",Moderate,Well-Lit,60 km/h
MMTI-2025-19599,Valenzuela,,Hit and Run,2.0,Clear,41.0,Female,0,83746.59,Heavy,No Lights,60 km/h
MMTI-2025-01358,Caloocan,Truck,Rear-end,3,Rain,,Male,0,1583236.98,Heavy,Well-Lit,40
MMTI-2025-07650,Manila,Motorcycle,Side-swipe,,Clear,38.0,Male,0,19025.52,,Well-Lit,30 km/h
MMTI-2025-05578,Paranaque,Motorcycle,Side-swipe,2,Clear,31.0,Male,0,114753.1,Heavy,Unlit,40
MMTI-2025-07340,Quezon,Car,Side-swipe,3,Rainy,34.0,Male,0,1585234.15,Heavy,Poorly-Lit,60 kph
MMTI-2025-15128,,Bus,Head-on,Risk Level 6,Clear,30.0,Female,1,1332450.71,Heavy,Poorly-Lit,60
MMTI-2025-08951,Quezon,Jeepney,Rear-end,,,55.0,Male,0,,Heavy,Unlit,80
MMTI-2025-16749,Manila,,Head-on,3,Rain,37.0,Male,0,181115.53,Moderate,Poorly-Lit,60
MMTI-2025-05035,Quezon,Car,Side-swipe,3,Cloudy,55.0,Male,0,362031.25,HEAVY,Poorly-Lit,60
MMTI-2025-07507,Quezon,Car,Hit and Run,3,Cloudy,66.0,Male,0,527108.38,Heavy,Well-Lit,60
MMTI-2025-06980,Malabon,Motorcycle,Head-on,3,Clear,46.0,Female,0,36849.41,Heavy,Poorly-Lit,60 km/h
MMTI-2025-03435,Caloocan,SUV/Van,Side-swipe,3,Clear,23.0,Female,0,41766.95,Moderate,Poorly-Lit,60
MMTI-2025-01183,Quezon,Car,Hit and Run,2,Cloudy,17.0,Female,0,487779.65,Moderate,Well-Lit,30
MMTI-2025-02927,Valenzuela,,Head-on,2,Clear,46.0,Male,0,63.3k,Heavy,Well-Lit,40
MMTI-2025-06104,Quezon,Car,Side-swipe,3,Rainy,17.0,Female,0,783430.05,Light,Well-Lit,100 kph
MMTI-2025-05989,Quezon,Motorcycle,Side-swipe,,Clear,31.0,Female,0,14006.47,MODERATE,Poorly-Lit,40 km/h
MMTI-2025-02693,Paranaque,SUV/Van,Hit and Run,2.0,Clear,44.0,Male,0,107226.94,Moderate,Well-Lit,40 km/h
MMTI-2025-06923,San Juan,SUV/Van,Side-swipe,3.0,,45.0,female ,0,64103.96,Light,POOR,30 kph
MMTI-2025-14406,Quezon,SUV/Van,Hit and Run,6,Cloudy,66.0,Male,2,"PHP 400,812.95",MODERATE,Well-Lit,60
MMTI-2025-01044,Quezon,Car,Side-swipe,Risk Level 3,,46.0,Male,0,165812.67,,Poorly-Lit,40
MMTI-2025-15539,Taguig,SUV/Van,Side-swipe,3.0,Cloudy,31.0,Male,0,269973.41,Light,Well-Lit,60 km/h
MMTI-2025-02539,,Car,Head-on,Risk Level 3,Clear,43.0,Female,0,35.9k,HEAVY,Poorly-Lit,30
MMTI-2025-14825,Taguig,Car,Hit and Run,2,Cloudy,43.0,Unknown,4,288547.47,Moderate,Well-Lit,60 km/h
MMTI-2025-13735,Pasig,Car,Head-on,2,Clear,40.0,female ,0,138448.43,Moderate,Well-Lit,40
MMTI-2025-13350, manila,,Rear-end,3,,53.0,Male,0,81747.8,Heavy,dark,30
MMTI-2025-19375,Quezon,Car,Side-swipe,3.0,Rainy,48.0,Male,0,657654.09,Heavy,well lit,40
MMTI-2025-01917,Makati,SUV/Van,Rear-end,3.0,Cloudy,31.0,Male,0,222511.2,Heavy,Well-Lit,80
MMTI-2025-18449,Quezon,Motorcycle,Hit and Run,3,Rainy,33.0,Male,0,1097702.7,Heavy,POOR,80 kph
MMTI-2025-20126,,Car,Hit and Run,6.0,Rain,20.0,Male,2,587060.91,Light,Well-Lit,60 km/h
MMTI-2025-15505,Manila,Car,Side-swipe,Risk Level 3,Cloudy,17.0,Female,0,182520.62,Heavy,Well-Lit,80
MMTI-2025-00946,Quezon,Car,Head-on,3.0,Cloudy,41.0,Male,0,437612.57,Heavy,Well-Lit,40 km/h
MMTI-2025-22520,Valenzuela,Jeepney,Rear-end,,Cloudy,29.0,Female,0,17422.39,Moderate,Well-Lit,60 kph
MMTI-2025-13765,Las Pinas,Motorcycle,Head-on,,Clear,47.0,Male,0,4607.71,Heavy,Well-Lit,60 kph
MMTI-2025-14053,Manila,Truck,Side-swipe,6.0,Cloudy,,Female,2,"PHP 1,009,853.64",Heavy,Poorly-Lit,60
MMTI-2025-14038,Taguig,Car,Head-on,3.0,Cloudy,28.0,Male,0,321670.05,Heavy,Poorly-Lit,60
MMTI-2025-14005,Paranaque,Car,Rear-end,3,Clear,44.0,Female,0,"PHP 100,513.94",Heavy,Well-Lit,30
MMTI-2025-03123,Mandaluyong,Motorcycle,Head-on,2.0,,28.0,Male,0,8680.85,Heavy,Unlit,30
MMTI-2025-11629,Quezon,Car,Side-swipe,3,Rainy,46.0,Unknown,0,1409729.65,Heavy,Well-Lit,80
MMTI-2025-04041,Quezon,SUV/Van,Rear-end,3,Cloudy,32.0,Male,0,447200.24,Heavy,Unlit,80
MMTI-2025-07791,Quezon,Car,Head-on,3,Rainy,44.0,male,0,851048.15,Moderate,Unlit,80
MMTI-2025-07952,Quezon,SUV/Van,Rear-end,6.0,Cloudy,34.0,Male,1,"PHP 558,325.27",Light,Well-Lit,40 km/h
MMTI-2025-07776,Makati,Jeepney,Hit and Run,2,Rain,47.0,Female,0,,Light,Well-Lit,80
MMTI-2025-19783,Paranaque,Car,Rear-end,3,Clear,32.0,Male,0,98296.69,Heavy,Poorly-Lit,60 km/h
MMTI-2025-08230,Quezon,Motorcycle,Rear-end,3,Cloudy,43.0,Female,0,"PHP 562,507.89",Moderate,Poorly-Lit,80
MMTI-2025-08582,Makati,Bus,Rear-end,Risk Level 3,Clear,,Male,0,520100.88,Heavy,Poorly-Lit,60
MMTI-2025-12540,Pasay,Motorcycle,Side-swipe,3,Clear,28.0,Male,0,45291.15,Light,Well-Lit,60 kph
MMTI-2025-07395,Quezon,Motorcycle,Head-on,3,Cloudy,53.0,Female,0,503526.67,Heavy,Well-Lit,60
MMTI-2025-15147,Quezon,Car,Hit and Run,Risk Level 6,Cloudy,25.0,Male,2,364012.11,Heavy,Poorly-Lit,30
MMTI-2025-18426,San Juan,Bus,Side-swipe,3.0,,59.0,female ,0,1093790.47,Heavy,Poorly-Lit,60
MMTI-2025-12120,Valenzuela,Car,Side-swipe,3,Clear,26.0,Male,0,37666.74,Heavy,Poorly-Lit,100
MMTI-2025-03114,Quezon,,Side-swipe,3,Clear,28.0,Male,0,173636.77,LIGHT,Well-Lit,60
MMTI-2025-18685,Taguig,Car,Rear-end,1,Cloudy,39.0,Male,0,321870.39,Moderate,Well-Lit,60
MMTI-2025-07891,VALENZUELA ,Bus,Head-on,,Clear,63.0,Male,0,338331.51,Light,Well-Lit,60
MMTI-2025-12077,Manila,,Hit and Run,6.0,Clear,28.0,Female,4,,Heavy,Unlit,60
MMTI-2025-13970,Manila,SUV/Van,Side-swipe,2,Clear,47.0,Male,0,,MODERATE,Unlit,60
MMTI-2025-10525,Quezon,Motorcycle,Rear-end,Risk Level 3,Cloudy,27.0,Male,0,404060.6,Moderate,Well-Lit,60
MMTI-2025-03420,Paranaque,,Side-swipe,,Rain,28.0,Male,2,"PHP 21,497.24",Moderate,No Lights,40 km/h
MMTI-2025-03511,Quezon,Motorcycle,Hit and Run,3,Cloudy,39.0,Unknown,0,369563.45,Heavy,Unlit,40 km/h
MMTI-2025-18818,,Jeepney,Rear-end,3,Rain,41.0,Male,0,109483.87,Heavy,Well-Lit,40
MMTI-2025-13084,Quezon,Car,Hit and Run,3,Rainy,39.0,Male,0,1585490.37,LIGHT,POOR,80
MMTI-2025-22681,Quezon,Motorcycle,Head-on,3,Cloudy,17.0,Female,0,495745.77,Heavy,Well-Lit,60
MMTI-2025-21438,MAKATI ,,Hit and Run,3,Rain,36.0,Male,0,99999999,Moderate,Well-Lit,30 km/h
MMTI-2025-00382,,SUV/Van,Rear-end,,Rain,40.0,Male,0,191784.56,Moderate,Unlit,60
MMTI-2025-20346,Manila,Truck,Rear-end,3,Cloudy,31.0,Female,0,"PHP 209,763.22",Light,Poorly-Lit,80
MMTI-2025-14895,Quezon,Car,Hit and Run,3,Rainy,47.0,Male,0,1000138.39,Moderate,Well-Lit,80 km/h
MMTI-2025-05302,Mandaluyong,Car,Hit and Run,Risk Level 3,Clear,32.0,male,0,78063.6,Moderate,Lit,30
MMTI-2025-09909,Paranaque,Car,Hit and Run,6,Clear,53.0,Male,2,"PHP 109,069.13",Heavy,Well-Lit,60
MMTI-2025-00690,Manila,Bus,Side-swipe,2,Clear,41.0,Female,0,141161.12,,Well-Lit,60
MMTI-2025-18000,Marikina,Car,Head-on,2.0,Clear,45.0,Male,0,62219.38,Heavy,Poorly-Lit,60
MMTI-2025-15482,Quezon,,Head-on,3,Rain,39.0,Male,0,241091.24,Heavy,Well-Lit,60
MMTI-2025-16208,Quezon,Motorcycle,Rear-end,3.0,Rainy,54.0,Male,0,855074.35,Heavy,Poorly-Lit,60 km/h
MMTI-2025-13151,Taguig,Motorcycle,Side-swipe,3,Cloudy,37.0,Male,0,335833.05,HEAVY,Poorly-Lit,60
MMTI-2025-17191,Paranaque,Truck,Hit and Run,,Cloudy,31.0,Male,0,201950.66,Moderate,Well-Lit,100
MMTI-2025-10728,Quezon,Truck,Rear-end,,Clear,41.0,Male,0,334310.71,Moderate,Poorly-Lit,60
MMTI-2025-06640,,SUV/Van,Rear-end,Risk Level 3,Cloudy,37.0,Male,0,,Heavy,Poorly-Lit,60 km/h
MMTI-2025-09522,Quezon,,Head-on,3,Clear,29.0,Male,0,192988.18,Heavy,well lit,60
MMTI-2025-16826,Las Pinas,Motorcycle,Head-on,2.0,Clear,-10.0,Male,0,86158.97,Light,Well-Lit,60
MMTI-2025-11106,Caloocan,Motorcycle,Head-on,Risk Level 3,Clear,61.0,Male,0,42033.13,Heavy,Poorly-Lit,60
MMTI-2025-13595,Pasig,Car,Side-swipe,3,Clear,37.0,Male,0,156437.21,Heavy,Well-Lit,40
MMTI-2025-09115,Las Pinas,Car,Hit and Run,3.0,Clear,59.0,Male,0,94994.28,Heavy,Well-Lit,60
MMTI-2025-20319,Muntinlupa,Truck,Hit and Run,,Clear,40.0,Male,0,441166.11,Moderate,Poorly-Lit,60
MMTI-2025-23147,Paranaque,Jeepney,Hit and Run,,Rain,28.0,Male,0,11094.34,Heavy,Well-Lit,80
MMTI-2025-16721,Taguig,Bus,Rear-end,3,,49.0,Female,0,479104.45,Heavy,Poorly-Lit,40
MMTI-2025-09744,Marikina,Jeepney,Hit and Run,,Clear,34.0,Female,0,45119.7,Moderate,Well-Lit,60
MMTI-2025-22455,,Car,Rear-end,3.0,Storm,38.0,Male,0,159215.16,Heavy,Well-Lit,80
MMTI-2025-10876,Manila,Car,Rear-end,3,Cloudy,37.0,Female,0,181768.09,Light,Well-Lit,40
MMTI-2025-03037,Marikina,Car,Rear-end,3,Clear,53.0,M,0,67253.3,Heavy,Unlit,60
MMTI-2025-19869,Quezon,SUV/Van,Side-swipe,,,45.0,Male,2,146634.02,Heavy,dark,40
MMTI-2025-15261,Quezon,Car,Side-swipe,,Rain,25.0,Male,0,18931.35,Heavy,Well-Lit,80 km/h
MMTI-2025-21769,Taguig,Car,Head-on,3.0,Cloudy,31.0,F,0,316928.1,Light,Well-Lit,30
MMTI-2025-14199,Makati,Car,Hit and Run,3.0,Cloudy,48.0,Male,0,214358.85,Heavy,No Lights,60 km/h
MMTI-2025-22340,Paranaque,Motorcycle,Head-on,3,Clear,29.0,Male,0,102195.56,Moderate,Poorly-Lit,40
MMTI-2025-18774,Makati,,Rear-end,3,Clear,27.0,Male,0,,Heavy,Poorly-Lit,80
MMTI-2025-21134,Paranaque,SUV/Van,Hit and Run,Risk Level 3,Clear,61.0,Female,0,122872.43,Heavy,Well-Lit,60
MMTI-2025-03209,Muntinlupa,SUV/Van,Rear-end,3.0,Cloudy,,Male,0,"PHP 154,061.15",Moderate,well lit,60 km/h
MMTI-2025-06008,Muntinlupa,Car,Head-on,3.0,Clear,23.0,Male,0,55693.66,Heavy,Well-Lit,40
MMTI-2025-09864,Quezon,Motorcycle,Hit and Run,,Clear,57.0,Male,0,7.2k,Heavy,Poorly-Lit,40 km/h
MMTI-2025-12113,Marikina,SUV/Van,Side-swipe,Risk Level 2,Clear,43.0,Female,0,64791.55,Heavy,Well-Lit,40
MMTI-2025-16363,Manila,Truck,Head-on,6,Cloudy,45.0,M,4,190364.44,Heavy,Lit,60
MMTI-2025-20075,Valenzuela,Motorcycle,Head-on,3.0,,17.0,Male,0,44619.35,Moderate,No Lights,100
MMTI-2025-20732,Las Pinas,Bus,Rear-end,,Clear,33.0,Male,0,269972.61,Moderate,Poorly-Lit,30
MMTI-2025-08042,,Motorcycle,Side-swipe,3,Clear,48.0,Male,0,36602.75,Heavy,Poorly-Lit,80
MMTI-2025-21500,Mandaluyong,Car,Side-swipe,,Clear,45.0,Male,0,28590.51,Moderate,Poorly-Lit,40 km/h
MMTI-2025-01780,Paranaque,Car,Side-swipe,2,Clear,32.0,Female,0,106105.83,Moderate,Well-Lit,60
MMTI-2025-14989,Quezon,Motorcycle,Rear-end,Risk Level 3,Rainy,42.0,Male,0,837313.07,Heavy,Poorly-Lit,100
MMTI-2025-11014,Makati,Car,Side-swipe,Risk Level 3,,43.0,Female,0,121311.72,HEAVY,Well-Lit,60
MMTI-2025-10373,Manila,Jeepney,Side-swipe,3.0,Clear,18.0,Male,0,,Light,Well-Lit,100
MMTI-2025-13003,San Juan,Truck,Side-swipe,6,Clear,34.0,Male,4,39077.92,Moderate,Poorly-Lit,60
MMTI-2025-09011,Muntinlupa,Car,Side-swipe,3,Clear,41.0,Male,0,57110.62,Light,Poorly-Lit,60
MMTI-2025-13884,Marikina,,Side-swipe,3,Clear,42.0,Male,0,223734.02,Heavy,Well-Lit,80
MMTI-2025-06100,Paranaque,Car,Head-on,3,Clear,39.0,Male,0,106249.67,Heavy,No Lights,40
MMTI-2025-20476, quezon,,Hit and Run,,Clear,30.0,Female,0,78840.26,Heavy,Poorly-Lit,60
MMTI-2025-09620,Makati,Truck,Hit and Run,3,Cloudy,34.0,Male,0,237555.61,Heavy,Poorly-Lit,60
MMTI-2025-10278,Quezon,Car,Head-on,6,Stormy,52.0,Male,2,1856994.89,Heavy,Well-Lit,60
MMTI-2025-08757,Malabon,Car,Hit and Run,3,Clear,19.0,Male,0,"PHP 36,658.75",Moderate,well lit,60 kph
MMTI-2025-10090,Makati,Jeepney,Hit and Run,6,Clear,31.0,Male,1,,Heavy,Well-Lit,60
MMTI-2025-14395,Pasig,Motorcycle,Side-swipe,3.0,Clear,36.0,Male,0,124522.69,Light,Poorly-Lit,60 kph
MMTI-2025-13994,Quezon,Car,Rear-end,Risk Level 3,Cloudy,24.0,Male,0,392950.77,Heavy,Well-Lit,60
MMTI-2025-13920,Makati,Motorcycle,Side-swipe,4,Cloudy,45.0,Female,4,218.4k,Heavy,Well-Lit,60 km/h
MMTI-2025-00164,Manila,Car,Side-swipe,3,,21.0,Male,0,99999999,Heavy,Poorly-Lit,30
MMTI-2025-19768,,SUV/Van,Rear-end,Risk Level 3,Clear,43.0,Male,0,217315.13,Moderate,Poorly-Lit,30
MMTI-2025-17607,Mandaluyong,Car,Head-on,3.0,Clear,21.0,Male,0,73576.61,Heavy,Well-Lit,60 kph
MMTI-2025-11553,Pasig,Truck,Side-swipe,3.0,Clear,51.0,Male,0,123912.51,Moderate,dark,30
MMTI-2025-05594,Valenzuela,,Head-on,3,Clear,35.0,Male,0,230041.3,Heavy,Well-Lit,60
MMTI-2025-02306,Paranaque,SUV/Van,Rear-end,3,Clear,36.0,Male,0,107118.88,Moderate,Poorly-Lit,100
MMTI-2025-08526,Taguig,Truck,Hit and Run,1,Cloudy,32.0,Male,0,309.7k,Light,Well-Lit,80 km/h
MMTI-2025-00648,Quezon,Car,Side-swipe,Risk Level 3,Rainy,49.0,Male,0,1179900.5,Moderate,No Lights,60 km/h
MMTI-2025-08028,Valenzuela,Jeepney,Hit and Run,3.0,Rain,,Female,0,92147.66,Heavy,Poorly-Lit,60 km/h
MMTI-2025-00774,Taguig,,Head-on,Risk Level 2,Clear,35.0,Male,0,14146.27,Heavy,Well-Lit,80
MMTI-2025-20357,Marikina,Car,Hit and Run,Risk Level 3,Clear,59.0,Male,0,61300.16,HEAVY,Well-Lit,30
MMTI-2025-14115, caloocan,Bus,Side-swipe,2,Clear,46.0,Female,0,121785.4,,Well-Lit,40 km/h
MMTI-2025-15263,,Truck,Hit and Run,3.0,Rain,17.0,Male,0,1953468.42,Heavy,Well-Lit,60
MMTI-2025-23346,Paranaque,Motorcycle,Side-swipe,2,Clear,47.0,Male,0,97440.05,Light,Well-Lit,80
MMTI-2025-18340,Quezon,Car,Side-swipe,3.0,Rainy,52.0,Male,0,1124492.51,Heavy,Well-Lit,40
MMTI-2025-16977,Makati,Car,Rear-end,3,Cloudy,41.0,Female,0,227139.77,Heavy,Well-Lit,80
MMTI-2025-22788, manila,,Hit and Run,3.0,Cloudy,38.0,Male,4,139165.26,Heavy,Poorly-Lit,40
MMTI-2025-20876, quezon,Truck,Rear-end,3,Clear,,Male,0,955017.01,Light,Well-Lit,60
MMTI-2025-00244,Pasig,Car,Side-swipe,2,Clear,29.0,female ,0,126042.85,Heavy,Well-Lit,60 km/h
MMTI-2025-20118,Quezon,Car,Rear-end,3,Cloudy,43.0,Female,0,487886.35,Heavy,Well-Lit,40
MMTI-2025-07946,Paranaque,Car,Head-on,1,Clear,17.0,Male,0,122199.04,Light,well lit,40
MMTI-2025-05065,Makati,SUV/Van,Hit and Run,3,Cloudy,42.0,Female,0,265525.91,Light,No Lights,80
MMTI-2025-01287, quezon,Truck,Head-on,3,,28.0,Male,0,753333.84,Heavy,Well-Lit,40 km/h
MMTI-2025-03719,Mandaluyong,Motorcycle,Rear-end,2,Clear,41.0,Male,0,71139.18,Moderate,Unlit,60
MMTI-2025-01845,Taguig,Truck,Rear-end,2,Clear,57.0,female ,0,517190.01,,Well-Lit,60
MMTI-2025-07515,Quezon,Car,Rear-end,Risk Level 1,Cloudy,24.0,Male,0,478304.71,Light,Poorly-Lit,80
MMTI-2025-17795,Quezon,Car,Side-swipe,2,Cloudy,25.0,Female,0,358852.09,Heavy,Well-Lit,60
MMTI-2025-10346,Pasay,Bus,Side-swipe,3.0,Clear,47.0,Male,0,,Heavy,Well-Lit,40
MMTI-2025-11029,Makati,Truck,Side-swipe,3,,56.0,Female,0,343859.79,Heavy,Well-Lit,40
MMTI-2025-11059,Taguig,Car,Head-on,Risk Level 3,Cloudy,35.0,Male,0,"PHP 277,247.39",Heavy,Well-Lit,60
MMTI-2025-10345,,Motorcycle,Side-swipe,3,Rain,19.0,Unknown,0,57191.14,Heavy,POOR,60
MMTI-2025-23063,Makati,SUV/Van,Side-swipe,3.0,,45.0,Male,0,328851.82,HEAVY,Well-Lit,30
MMTI-2025-09684,Caloocan,Jeepney,Rear-end,3.0,Clear,45.0,Unknown,0,22059.83,,Unlit,40 km/h
MMTI-2025-03438,Quezon,,Head-on,3,Clear,49.0,Female,0,72071.13,Heavy,Well-Lit,60 km/h
MMTI-2025-03268,Marikina,Motorcycle,Rear-end,3.0,Clear,33.0,Female,0,61165.82,Heavy,Unlit,60
MMTI-2025-18364,Navotas,Car,Rear-end,3,Clear,36.0,Male,0,"PHP 36,417.89",Heavy,Poorly-Lit,60
MMTI-2025-03633,Quezon,Motorcycle,Hit and Run,3,Rainy,59.0,Female,4,1255775.76,Heavy,Well-Lit,40
MMTI-2025-00194,,Jeepney,Head-on,3,Clear,17.0,Female,0,,Heavy,Poorly-Lit,60
MMTI-2025-17930,Quezon,Truck,Rear-end,Risk Level 6,Stormy,26.0,Male,3,3183762.66,Heavy,Poorly-Lit,80
MMTI-2025-18723,Quezon,Car,Rear-end,Risk Level 3,Rainy,48.0,Female,0,"PHP 1,078,174.24",Light,Poorly-Lit,80
MMTI-2025-22630,Quezon,Motorcycle,Rear-end,Risk Level 3,Rainy,32.0,Female,0,967176.87,Moderate,Well-Lit,60 kph
MMTI-2025-17873,Quezon,Truck,Head-on,3,Cloudy,32.0,Male,0,386574.82,Moderate,Unlit,40
MMTI-2025-20546,Quezon,Motorcycle,Hit and Run,Risk Level 3,Cloudy,36.0,Male,0,433447.67,Heavy,Poorly-Lit,60
MMTI-2025-15391,Quezon,Motorcycle,Side-swipe,Risk Level 9,Cloudy,41.0,Male,4,515690.14,Heavy,Unlit,80
MMTI-2025-22315,Quezon,Truck,Side-swipe,3,Rainy,50.0,Female,0,1404233.22,MODERATE,Well-Lit,60 kph
MMTI-2025-17343,Manila,Motorcycle,Rear-end,6,Cloudy,43.0,Male,1,"PHP 193,011.61",MODERATE,Well-Lit,30
MMTI-2025-22906,Las Pinas,Car,Rear-end,3,Clear,27.0,Male,0,84169.81,HEAVY,Well-Lit,60
MMTI-2025-01207,Makati,,Hit and Run,3,Clear,36.0,Male,0,"PHP 142,286.49",Moderate,Poorly-Lit,80
MMTI-2025-02766,Las Pinas,Car,Rear-end,3.0,Clear,25.0,Male,1,95287.1,Heavy,Well-Lit,60
MMTI-2025-15039,Navotas,Car,Hit and Run,3,Clear,48.0,Male,0,36379.96,Heavy,Well-Lit,100 km/h
MMTI-2025-10050,Quezon,Truck,Head-on,Risk Level 3,Rainy,37.0,Female,0,753069.3,Heavy,Well-Lit,40
MMTI-2025-11283,Valenzuela,Car,Side-swipe,2,Clear,22.0,Male,0,38015.92,Heavy,Poorly-Lit,40
MMTI-2025-13409,San Juan,Car,Side-swipe,Risk Level 3,Clear,51.0,Male,0,39023.7,Light,Well-Lit,40
MMTI-2025-18763,Quezon,Bus,Hit and Run,3,Clear,,Male,0,-25000,Heavy,Poorly-Lit,80 km/h
MMTI-2025-03535,Quezon,Motorcycle,Head-on,3,Rainy,31.0,Unknown,0,989025.92,Heavy,Well-Lit,80
MMTI-2025-09840,Quezon,Bus,Head-on,,Clear,48.0,Male,0,190740.73,,Poorly-Lit,60