Incident_ID,City,Vehicle_Type,Accident_Type,Severity,Weather_Condition,Driver_Age,Driver_Gender,Injury_Count,Damage_Cost_PHP,Traffic_Volume,Road_Lighting,Speed_Limit
MMTI-2025-13926,Manila,Car,Side-swipe,3,Cloudy,49.0,Female,0,196662.07,Moderate,Well-Lit,60
MMTI-2025-13828,Quezon,Car,Rear-end,3,Rainy,65.0,Male,0,"PHP 783,190.31",Heavy,Well-Lit,60
MMTI-2025-00806,Quezon,Jeepney,Rear-end,3,,58.0,Male,0,-25000,Heavy,Poorly-Lit,30
MMTI-2025-05401,Paranaque,Car,Hit and Run,1,Clear,45.0,M,0,114669.03,Moderate,Well-Lit,60
MMTI-2025-07314,Manila,Jeepney,Head-on,,Clear,36.0,Male,3,10697.01,Heavy,POOR,60
MMTI-2025-07777,Quezon,Car,Rear-end,Risk Level 6,Stormy,45.0,Male,1,3824776.77,MODERATE,Well-Lit,60
MMTI-2025-17277,Pasig,Car,Head-on,Risk Level 1,Clear,62.0,Male,0,152043.02,Moderate,Well-Lit,60
MMTI-2025-12101,Taguig,Truck,Hit and Run,3,Cloudy,34.0,Unknown,0,278177.64,Moderate,Poorly-Lit,60
MMTI-2025-01428,Quezon,,Side-swipe,3.0,Cloudy,17.0,Male,0,87026.06,Heavy,Poorly-Lit,40 km/h
MMTI-2025-04122,Pateros,,Head-on,3.0,Rain,30.0,M,0,181344.09,Light,Well-Lit,40
MMTI-2025-01706,Manila,Car,Side-swipe,Risk Level 2,Rain,55.0,Female,0,,Moderate,Unlit,80
MMTI-2025-09856,Makati,SUV/Van,Head-on,3,Cloudy,36.0,Female,0,233.3k,Moderate,Well-Lit,40 km/h
MMTI-2025-16356,,Jeepney,Rear-end,3,Cloudy,35.0,Male,0,51474.25,HEAVY,No Lights,100
MMTI-2025-14435,Manila,Jeepney,Rear-end,3,,,M,0,99300.49,Heavy,POOR,30
MMTI-2025-20091,Quezon,Motorcycle,Hit and Run,Risk Level 3,Stormy,46.0,Male,0,1804718.6,Heavy,Well-Lit,60
MMTI-2025-04476,NAVOTAS ,Car,Head-on,3,,51.0,Male,0,119753.38,Light,Well-Lit,80 kph
MMTI-2025-04466,Quezon,Motorcycle,Rear-end,2,Clear,,Male,0,3519.35,Heavy,Poorly-Lit,80
MMTI-2025-06029,Quezon,Car,Side-swipe,2,Cloudy,46.0,Male,0,"PHP 375,103.47",Moderate,Well-Lit,40 kph
MMTI-2025-15532,Muntinlupa,Car,Head-on,3,Clear,43.0,Male,0,,Heavy,Poorly-Lit,60
MMTI-2025-01099,,Truck,Side-swipe,6,Clear,36.0,Female,1,2096380.7,Heavy,Lit,80
MMTI-2025-14576,,Truck,Hit and Run,6,Clear,47.0,Male,2,636731.75,HEAVY,Well-Lit,100
MMTI-2025-19110,Manila,Truck,Rear-end,3.0,,42.0,Female,0,381456.9,Moderate,Well-Lit,60
MMTI-2025-22892,,Truck,Side-swipe,3,Clear,35.0,Male,0,1756767.28,HEAVY,Well-Lit,40
MMTI-2025-21737,Pasay,Motorcycle,Hit and Run,2.0,Clear,0.0,Male,0,45673.06,Heavy,Well-Lit,60
MMTI-2025-02892,Manila,Motorcycle,Hit and Run,Risk Level 6,Cloudy,48.0,Male,2,211.3k,HEAVY,Poorly-Lit,30 kph
MMTI-2025-12588,Quezon,Car,Side-swipe,,Cloudy,56.0,Male,0,29014.57,Heavy,Well-Lit,40
MMTI-2025-07322,Valenzuela,Jeepney,Hit and Run,3.0,Rain,24.0,Male,0,,Heavy,Well-Lit,40
MMTI-2025-02181,Makati,Car,Hit and Run,3,Cloudy,44.0,Male,0,250463.27,Light,Well-Lit,30
MMTI-2025-01051,TAGUIG ,SUV/Van,Rear-end,3.0,,32.0,Female,0,261818.7,Heavy,Well-Lit,100
MMTI-2025-20648,Manila,,Hit and Run,3,Clear,36.0,Male,0,130010.78,Heavy,Well-Lit,100
MMTI-2025-00410,,Truck,Rear-end,3,Clear,,Male,0,349061.98,Heavy,Well-Lit,60
MMTI-2025-18728,Pasay,Truck,Head-on,2,Clear,29.0,Male,0,46099.5,Moderate,Poorly-Lit,40
MMTI-2025-12434,Pasay,Car,Rear-end,,Clear,0.0,Female,0,"PHP 60,864.33",Heavy,Well-Lit,60 km/h
MMTI-2025-16616,Las Pinas,Truck,Head-on,4,Clear,44.0,Male,2,753055.51,,Poorly-Lit,60
MMTI-2025-22811,Quezon,,Head-on,6,Clear,38.0,Male,1,228695.84,,Poorly-Lit,60
MMTI-2025-10420,Mandaluyong,Motorcycle,Rear-end,3,Clear,18.0,Female,0,76700.07,Heavy,Well-Lit,60
MMTI-2025-17522,Paranaque,Car,Side-swipe,3,Clear,33.0,Male,0,113262.42,Moderate,Poorly-Lit,30 km/h
MMTI-2025-16232,Quezon,Car,Side-swipe,Risk Level 3,Cloudy,44.0,Male,0,440684.93,Heavy,Well-Lit,100
MMTI-2025-13499,Mandaluyong,Motorcycle,Rear-end,Risk Level 3,Clear,-10.0,Female,0,,Heavy,Well-Lit,80
MMTI-2025-11335,Marikina,Car,Head-on,3.0,Clear,38.0,Male,0,"PHP 64,713.24",Heavy,Well-Lit,40
MMTI-2025-20059,Paranaque,Car,Head-on,2.0,Clear,28.0,Unknown,0,116382.43,Heavy,Unlit,80
MMTI-2025-18434,Paranaque,Motorcycle,Hit and Run,Risk Level 3,Clear,35.0,Male,0,105249.49,Heavy,Unlit,40
MMTI-2025-03572,,Jeepney,Side-swipe,Risk Level 3,Cloudy,32.0,Male,0,40979.75,Heavy,Well-Lit,40 km/h
MMTI-2025-21016,Marikina,Car,Head-on,2.0,Clear,47.0,Female,0,65155.17,Moderate,Well-Lit,80
MMTI-2025-09521,Quezon,Car,Side-swipe,3.0,Rainy,18.0,Male,0,1250823.26,Heavy,Poorly-Lit,40
MMTI-2025-20218,Taguig,Jeepney,Side-swipe,Risk Level 4,Cloudy,43.0,Male,2,290391.81,Heavy,Unlit,60
MMTI-2025-20712,Manila,Car,Hit and Run,3,Cloudy,48.0,female ,0,176302.74,Heavy,Lit,30
MMTI-2025-10692,Mandaluyong,Truck,Side-swipe,3,Clear,32.0,Male,0,70327.76,Heavy,Unlit,40 km/h
MMTI-2025-22542,Paranaque,Truck,Hit and Run,3.0,Clear,43.0,Male,0,102436.35,Heavy,Well-Lit,60 km/h
MMTI-2025-16402,Quezon,Jeepney,Rear-end,3,Cloudy,22.0,Male,0,610178.31,Heavy,Well-Lit,60
MMTI-2025-05055,Quezon,Bus,Head-on,2.0,,17.0,Female,0,289409.55,MODERATE,Unlit,30 km/h
MMTI-2025-12215,,Truck,Side-swipe,3,Rain,51.0,Male,0,77777777,Moderate,Well-Lit,40 kph
MMTI-2025-20804, taguig,Jeepney,Head-on,,Rain,53.0,female ,0,13904.86,Moderate,Well-Lit,40 km/h
MMTI-2025-00160,Makati,Car,Rear-end,1,Clear,32.0,Male,0,87024.62,,Poorly-Lit,60
MMTI-2025-21230,Makati,Car,Rear-end,3,Cloudy,45.0,Male,0,237371.99,Heavy,Poorly-Lit,60
MMTI-2025-04387,,Jeepney,Side-swipe,3,Clear,30.0,Male,0,35139.78,Heavy,Well-Lit,60
MMTI-2025-04987,Quezon,Car,Side-swipe,3.0,Cloudy,31.0,Male,0,398877.34,Heavy,Well-Lit,80 kph
MMTI-2025-23419,,Jeepney,Hit and Run,3.0,Clear,61.0,Male,0,63268.6,MODERATE,Well-Lit,60
MMTI-2025-10804,Mandaluyong,Car,Hit and Run,3,Clear,37.0,Male,0,73590.71,Heavy,Unlit,80
MMTI-2025-18771,Valenzuela,,Hit and Run,Risk Level 3,Clear,53.0,Male,0,177184.31,Heavy,Well-Lit,100 kph
MMTI-2025-23009,Quezon,Car,Rear-end,3,Rainy,37.0,Male,0,999060.14,HEAVY,Poorly-Lit,60
MMTI-2025-22574,Quezon,Car,Hit and Run,3,Cloudy,36.0,Male,0,354246.28,Light,Poorly-Lit,40 km/h
MMTI-2025-00085,Quezon,SUV/Van,Side-swipe,6,Cloudy,19.0,Male,2,363628.84,Moderate,Well-Lit,40
MMTI-2025-11347,,Jeepney,Hit and Run,2,Clear,30.0,Male,0,44683.25,Light,Lit,60
MMTI-2025-08592,Makati,Car,Hit and Run,3,Cloudy,55.0,Female,0,256691.77,Heavy,Well-Lit,60
MMTI-2025-17814,,Bus,Head-on,,Clear,43.0,Male,1,,Heavy,Well-Lit,30
MMTI-2025-15985,MANILA,,Hit and Run,1,Clear,51.0,Female,0,34719.87,,Poorly-Lit,40
MMTI-2025-21753,Quezon,Car,Side-swipe,3,Rainy,38.0,Female,0,1262620.56,Moderate,Poorly-Lit,60 km/h
MMTI-2025-14086,Quezon,Car,Hit and Run,3.0,Rainy,40.0,female ,0,"PHP 654,336.20",Heavy,Unlit,60
MMTI-2025-00150,Quezon,SUV/Van,Head-on,3,Cloudy,25.0,Male,0,609955.81,Heavy,No Lights,60 km/h
MMTI-2025-22507,Quezon,Car,Hit and Run,Risk Level 6,Stormy,40.0,F,3,3193.9k,Heavy,dark,30
MMTI-2025-23282,,Truck,Side-swipe,3,Clear,35.0,Male,1,1031880.94,Heavy,Well-Lit,40 kph
MMTI-2025-11047, manila,SUV/Van,Head-on,3,,27.0,Male,0,311690.86,Moderate,Well-Lit,60
MMTI-2025-02525,Malabon,Motorcycle,Head-on,3,Clear,,Male,0,"PHP 15,243.99",Heavy,Lit,40
MMTI-2025-09891,Caloocan,SUV/Van,Hit and Run,6,Clear,42.0,Male,2,43911.5,Heavy,Well-Lit,60 km/h
MMTI-2025-11130,Quezon,Bus,Head-on,,,40.0,Female,0,264221.98,Heavy,Well-Lit,30
MMTI-2025-09094,San Juan,,Hit and Run,3.0,Rain,26.0,Female,0,277554.67,Heavy,POOR,60 kph
MMTI-2025-00089,Pasay,Car,Side-swipe,2.0,Clear,38.0,Female,0,48709.94,Heavy,Poorly-Lit,60
MMTI-2025-22800,Quezon,SUV/Van,Hit and Run,6,Rainy,40.0,Male,2,"PHP 1,372,117.36",Light,Well-Lit,100
MMTI-2025-04815,Quezon,Car,Head-on,,Clear,30.0,Male,0,46869.71,Light,Well-Lit,60
MMTI-2025-15045,Marikina,Truck,Rear-end,3.0,Clear,38.0,Male,0,62111.73,Heavy,Well-Lit,60 kph
MMTI-2025-02581,Paranaque,Car,Rear-end,Risk Level 3,Clear,32.0,Male,0,113189.79,Moderate,Well-Lit,40
MMTI-2025-22615,Las Pinas,Car,Side-swipe,3,Clear,30.0,Male,0,87206.06,Moderate,Well-Lit,60 km/h
MMTI-2025-20861,Quezon,SUV/Van,Side-swipe,3,Cloudy,49.0,Male,0,375401.39,Heavy,Unlit,60
MMTI-2025-06140,Paranaque,Motorcycle,Side-swipe,3.0,Clear,36.0,Male,0,117977.64,Heavy,Well-Lit,40
MMTI-2025-15096,Quezon,Car,Side-swipe,3,Rainy,32.0,Male,0,1029314.56,Moderate,Well-Lit,60 km/h
MMTI-2025-14607,Quezon,SUV/Van,Rear-end,6.0,,57.0,male,3,,Heavy,Well-Lit,60
MMTI-2025-15476,,Bus,Rear-end,Risk Level 3,Clear,21.0,Male,0,823267.96,Heavy,Unlit,60
MMTI-2025-08258,Quezon,Jeepney,Hit and Run,,Clear,17.0,Female,2,14916.26,Heavy,well lit,60 km/h
MMTI-2025-20679,Taguig,Car,Head-on,3,Cloudy,40.0,Male,0,282143.79,Heavy,Well-Lit,80
MMTI-2025-14455,Quezon,Truck,Rear-end,2,Rain,39.0,Female,0,"PHP 580,693.30",,POOR,40
MMTI-2025-21498,Quezon,Car,Head-on,3,Stormy,48.0,Male,0,77777777,Heavy,Well-Lit,60
MMTI-2025-05097,San Juan,Car,Rear-end,3,Clear,62.0,Male,0,39558.26,Light,Poorly-Lit,40
MMTI-2025-11010,,Truck,Head-on,3.0,Clear,44.0,Female,0,885042.36,Heavy,Well-Lit,60
MMTI-2025-11326,Caloocan,Motorcycle,Side-swipe,3,Clear,36.0,female ,0,43257.76,Moderate,Well-Lit,40 km/h
MMTI-2025-14951,Quezon,Car,Hit and Run,2,Cloudy,32.0,Female,0,407202.28,HEAVY,Well-Lit,40
MMTI-2025-22912,Paranaque,Car,Side-swipe,Risk Level 3,Clear,28.0,Female,0,97863.95,MODERATE,well lit,100
MMTI-2025-19775,Quezon,Car,Rear-end,3.0,Cloudy,60.0,Male,0,493728.26,Moderate,Well-Lit,80
MMTI-2025-06389,Las Pinas,Truck,Side-swipe,2.0,Clear,40.0,Male,0,94052.9,MODERATE,Well-Lit,40 km/h
MMTI-2025-11830,Caloocan,Jeepney,Hit and Run,3.0,,26.0,Female,0,"PHP 55,709.68",Moderate,Well-Lit,40
MMTI-2025-16945,San Juan,Motorcycle,Hit and Run,,Clear,61.0,Male,0,9620.73,Moderate,Well-Lit,60 km/h
MMTI-2025-10173,Taguig,Truck,Head-on,3,Storm,40.0,Female,0,,Heavy,No Lights,40
MMTI-2025-05519, quezon,SUV/Van,Rear-end,,Clear,29.0,Male,0,52937.35,Heavy,Well-Lit,60
MMTI-2025-10541,,Jeepney,Head-on,3.0,Clear,51.0,Male,0,83183.63,Heavy,Well-Lit,60
MMTI-2025-12390,Quezon,Motorcycle,Side-swipe,3.0,Cloudy,34.0,male,0,621739.06,Moderate,Well-Lit,40
MMTI-2025-16774,Valenzuela,Car,Hit and Run,,Clear,25.0,Male,0,43444.39,HEAVY,Lit,60 kph
MMTI-2025-16245,Muntinlupa,,Hit and Run,3,Storm,44.0,Male,0,292106.45,Moderate,Well-Lit,60
MMTI-2025-12078,Manila,,Hit and Run,2,Clear,40.0,Female,0,52140.39,Heavy,No Lights,40
MMTI-2025-05201,Valenzuela,SUV/Van,Head-on,3,Clear,,Male,0,268952.46,Heavy,Well-Lit,30 km/h
MMTI-2025-07489,Quezon,Car,Side-swipe,Risk Level 4,Rainy,41.0,Female,3,1050681.68,Heavy,dark,40
MMTI-2025-06704,Quezon,Car,Rear-end,6.0,Cloudy,48.0,Female,1,501163.18,Heavy,Well-Lit,40 km/h
MMTI-2025-07744,Quezon,Motorcycle,Side-swipe,3.0,Cloudy,18.0,Male,0,514268.17,Heavy,well lit,60 km/h
MMTI-2025-17417,Quezon,SUV/Van,Head-on,3,Rain,,female ,0,174222.52,Moderate,Poorly-Lit,60
MMTI-2025-16460,,Truck,Side-swipe,1,Clear,49.0,M,0,374062.14,Moderate,Well-Lit,30 km/h
MMTI-2025-10368,Quezon,Car,Head-on,3.0,Rainy,36.0,Female,0,751225.39,Moderate,Lit,60
MMTI-2025-02883,Paranaque,SUV/Van,Hit and Run,3,Clear,40.0,Female,0,111528.79,Heavy,Well-Lit,40
MMTI-2025-01345,Quezon,SUV/Van,Hit and Run,3,Rainy,35.0,M,0,"PHP 1,077,791.56",Heavy,Well-Lit,60
MMTI-2025-14617,Quezon,Truck,Head-on,3,Rainy,31.0,Male,0,774338.8,HEAVY,No Lights,80
MMTI-2025-14294,Quezon,Car,Side-swipe,3.0,Rainy,37.0,Female,0,1037202.95,Moderate,Well-Lit,80
MMTI-2025-22404,Mandaluyong,Motorcycle,Side-swipe,2,Clear,26.0,F,0,78424.63,Heavy,Unlit,60
MMTI-2025-16752,Pasig,SUV/Van,Side-swipe,,,28.0,Female,0,,Heavy,Poorly-Lit,60
MMTI-2025-21083,San Juan,Car,Head-on,6,Clear,42.0,Male,3,40324.82,Heavy,Poorly-Lit,60
MMTI-2025-20297,Makati,Car,Head-on,6.0,Cloudy,40.0,Male,2,231758.3,Moderate,Well-Lit,60
MMTI-2025-14963,Quezon,SUV/Van,Head-on,3,Cloudy,50.0,Male,0,592105.75,Heavy,Well-Lit,60 km/h
MMTI-2025-22956, pasig,Motorcycle,Rear-end,3,Rain,49.0,Male,0,57051.96,,Poorly-Lit,40
MMTI-2025-23491,Makati,Car,Hit and Run,Risk Level 3,Cloudy,38.0,Female,0,222131.16,Light,Well-Lit,60
MMTI-2025-01982,PATEROS ,Motorcycle,Hit and Run,3.0,,30.0,Male,0,10071.55,Heavy,well lit,60 km/h
MMTI-2025-15464,Manila,Car,Side-swipe,Risk Level 3,Cloudy,34.0,Male,0,211534.37,Moderate,Well-Lit,60
MMTI-2025-12536,Quezon,Truck,Head-on,3.0,,41.0,Male,0,661669.45,Heavy,Well-Lit,60
MMTI-2025-02348,NAVOTAS ,,Side-swipe,2.0,Rain,33.0,Male,0,18687.09,MODERATE,Well-Lit,80 km/h
MMTI-2025-17130,Quezon,Car,Head-on,,Clear,55.0,Female,0,29119.66,Moderate,Well-Lit,60
MMTI-2025-23209,Quezon,Car,Rear-end,,Clear,43.0,Male,0,18636.47,HEAVY,well lit,30 km/h
MMTI-2025-07403,Marikina,Jeepney,Head-on,9,Clear,30.0,Male,3,58978.09,Heavy,Well-Lit,100
MMTI-2025-22780,Quezon,SUV/Van,Side-swipe,3,Rainy,22.0,Male,0,1332016.12,Heavy,Well-Lit,30
MMTI-2025-17710,Quezon,Motorcycle,Rear-end,3,Rainy,27.0,Male,0,1065954.87,Heavy,Well-Lit,60 km/h
MMTI-2025-11502,Quezon,SUV/Van,Hit and Run,3.0,Clear,35.0,Male,0,324663.38,,Well-Lit,30 km/h
MMTI-2025-20563,Makati,Car,Hit and Run,Risk Level 3,Cloudy,29.0,Male,0,223679.15,Heavy,Well-Lit,60
MMTI-2025-13945,Quezon,Car,Hit and Run,3,Rainy,36.0,Male,0,1508711.15,Heavy,Well-Lit,30
MMTI-2025-18890,Paranaque,Car,Head-on,6,Clear,43.0,Male,4,116567.66,Light,Poorly-Lit,40
MMTI-2025-03069,Quezon,SUV/Van,Hit and Run,6.0,Rainy,35.0,Female,4,1672914.66,HEAVY,Well-Lit,80
MMTI-2025-14780,Mandaluyong,Car,Hit and Run,Risk Level 3,Clear,29.0,Male,0,70175.97,Moderate,Well-Lit,60
MMTI-2025-10070,Taguig,Car,Head-on,3,Clear,29.0,Male,0,,Moderate,Poorly-Lit,60
MMTI-2025-06715,Muntinlupa,,Hit and Run,3,Clear,17.0,Male,0,118524.69,MODERATE,POOR,30
MMTI-2025-01077,,Jeepney,Rear-end,1.0,Clear,150.0,Female,0,44099.39,Moderate,dark,60
MMTI-2025-00223,Pasig,Car,Side-swipe,3,Clear,37.0,Female,0,144188.26,Moderate,Unlit,100
MMTI-2025-17982,Navotas,Motorcycle,Rear-end,Risk Level 3,,22.0,Male,0,39068.64,Heavy,Poorly-Lit,60
MMTI-2025-09691,Mandaluyong,Car,Rear-end,3,Clear,17.0,Female,0,"PHP 71,415.20",Moderate,POOR,80
MMTI-2025-10169,San Juan,,Rear-end,2,Clear,41.0,Male,0,71214.93,Light,No Lights,40
MMTI-2025-13639,,SUV/Van,Hit and Run,,,47.0,Male,0,70713.97,Heavy,Well-Lit,80
MMTI-2025-01805,Quezon,Car,Side-swipe,Risk Level 6,Stormy,49.0,Male,3,3138092.15,Light,well lit,80
MMTI-2025-15204,Las Pinas,,Rear-end,3.0,Rain,43.0,Female,0,174786.17,Heavy,Well-Lit,60
MMTI-2025-05266,Manila,,Rear-end,3,Clear,59.0,Male,0,160440.28,Moderate,Well-Lit,40
MMTI-2025-11014,Makati,Car,Side-swipe,Risk Level 3,,43.0,Female,0,121311.72,HEAVY,Well-Lit,60
MMTI-2025-13163,Taguig,Car,Head-on,Risk Level 3,Cloudy,28.0,Female,0,280982.44,Moderate,Poorly-Lit,60
MMTI-2025-06928,Makati,Truck,Hit and Run,3.0,Cloudy,36.0,Female,0,262003.77,Light,Well-Lit,40
MMTI-2025-22135,Taguig,Car,Hit and Run,3,Cloudy,37.0,M,0,310120.89,Heavy,Poorly-Lit,40
MMTI-2025-12411,Quezon,Car,Side-swipe,Risk Level 6,Rainy,23.0,Female,2,667792.7,Heavy,Well-Lit,60
MMTI-2025-19222, manila,,Side-swipe,Risk Level 3,Rain,37.0,Female,0,88081.15,,Well-Lit,60
MMTI-2025-06269,Quezon,Truck,Head-on,1.0,Clear,0.0,Male,0,112655.5,,Poorly-Lit,80
MMTI-2025-17346,,Bus,Hit and Run,3,Rain,29.0,Male,0,,Heavy,Poorly-Lit,40
MMTI-2025-16995,Quezon,Motorcycle,Side-swipe,3,Rainy,38.0,M,0,1471256.92,Heavy,Poorly-Lit,80
MMTI-2025-19677,Quezon,Car,Head-on,3.0,Cloudy,42.0,Male,0,"PHP 486,443.63",Heavy,Well-Lit,60
MMTI-2025-22244,,Jeepney,Side-swipe,Risk Level 6,Clear,41.0,Male,4,44339.24,Heavy,Well-Lit,40 km/h
MMTI-2025-09283,Las Pinas,Car,Hit and Run,2,Clear,33.0,Male,0,88481.49,Moderate,Poorly-Lit,80 km/h
MMTI-2025-05553,Quezon,Car,Head-on,6.0,Stormy,45.0,Male,1,2949371.16,MODERATE,Well-Lit,40
MMTI-2025-22360,Quezon,Jeepney,Head-on,3.0,Clear,30.0,Male,0,50359.94,,Poorly-Lit,60
MMTI-2025-17376,Makati,SUV/Van,Head-on,3,Clear,32.0,Male,0,,Heavy,Well-Lit,30
MMTI-2025-12076,PASIG ,Bus,Rear-end,3,Rain,43.0,Male,0,,Heavy,Poorly-Lit,60
MMTI-2025-03375,Quezon,SUV/Van,Head-on,Risk Level 6,Rainy,37.0,Male,4,705399.27,Heavy,Well-Lit,60
MMTI-2025-18411,Mandaluyong,Motorcycle,Head-on,3,Clear,42.0,Male,0,72940.39,Heavy,Well-Lit,60
MMTI-2025-16655,QUEZON ,Car,Side-swipe,3.0,Clear,40.0,Male,0,,Heavy,Well-Lit,40
MMTI-2025-09133,Marikina,Car,Rear-end,3,Clear,35.0,Male,0,57677.54,Moderate,Poorly-Lit,100
MMTI-2025-06560, taguig,,Side-swipe,3,Clear,55.0,Male,0,202435.25,Moderate,Unlit,80
MMTI-2025-06996,Mandaluyong,Car,Head-on,3.0,Clear,51.0,Female,0,70148.35,Heavy,Poorly-Lit,100
MMTI-2025-16470,Quezon,Car,Hit and Run,3,Cloudy,40.0,Male,0,370243.91,Heavy,Well-Lit,60
MMTI-2025-13452, mandaluyong,Car,Rear-end,,Clear,43.0,Male,0,66809.46,Light,Well-Lit,60
MMTI-2025-00118,Pasay,SUV/Van,Rear-end,Risk Level 3,Clear,38.0,male,0,50536.73,Heavy,Well-Lit,40 km/h
MMTI-2025-22423,Manila,Truck,Side-swipe,3,,50.0,Unknown,0,172993.45,Heavy,Well-Lit,40
MMTI-2025-12522,,Truck,Rear-end,3.0,Clear,36.0,Male,0,742220.6,Heavy,Poorly-Lit,100
MMTI-2025-18053,Manila,Car,Rear-end,Risk Level 6,Cloudy,38.0,Male,3,198.0k,Moderate,Well-Lit,40
MMTI-2025-04178,,Car,Rear-end,3.0,Storm,63.0,Unknown,0,239286.93,Heavy,dark,100
MMTI-2025-10775,Makati,,Hit and Run,6,Clear,49.0,Male,2,132717.06,Light,well lit,60 km/h
MMTI-2025-12464,Muntinlupa,Car,Side-swipe,3,Clear,52.0,Male,0,54384.1,Moderate,Poorly-Lit,30
MMTI-2025-19882, quezon ,,Hit and Run,Risk Level 2,Clear,34.0,Male,0,52811.66,Moderate,POOR,60 km/h
MMTI-2025-14042,Pasig,Motorcycle,Hit and Run,3.0,Clear,24.0,Female,0,147909.97,Light,Well-Lit,60 km/h
MMTI-2025-05503,Quezon,Car,Side-swipe,,,49.0,Female,3,57409.13,MODERATE,Lit,60
MMTI-2025-03652,Makati,Truck,Head-on,Risk Level 3,Cloudy,63.0,Male,0,217953.13,Moderate,Well-Lit,60
MMTI-2025-14384,Pasig,Car,Rear-end,Risk Level 3,Clear,41.0,Male,0,133923.47,Heavy,POOR,80 km/h
MMTI-2025-03269,Quezon,Truck,Head-on,,Clear,40.0,Female,0,143808.5,Heavy,Well-Lit,60
MMTI-2025-14106,Makati,Jeepney,Rear-end,3.0,Cloudy,38.0,Male,0,215492.9,HEAVY,Well-Lit,40 km/h
MMTI-2025-15990,Taguig,Bus,Rear-end,3.0,,52.0,Male,0,717508.5,,Poorly-Lit,60
MMTI-2025-10333,Las Pinas,Car,Head-on,3.0,Clear,31.0,Female,0,93812.34,Heavy,Poorly-Lit,40
MMTI-2025-10202,Makati,Motorcycle,Rear-end,1,Clear,41.0,Male,0,14262.31,,Well-Lit,60
MMTI-2025-05190,Quezon,Car,Hit and Run,3,Rainy,59.0,Female,0,1182902.22,Heavy,Well-Lit,80 km/h
MMTI-2025-22901,,Motorcycle,Side-swipe,3.0,Clear,46.0,Male,0,41909.04,Heavy,Unlit,40
MMTI-2025-10700, san juan,Car,Rear-end,,Clear,34.0,Male,0,71930.2,Moderate,Well-Lit,80 km/h
MMTI-2025-12610,Quezon,Truck,Head-on,3,Rainy,27.0,Female,0,1085395.86,Moderate,POOR,60
MMTI-2025-01243,Mandaluyong,Car,Head-on,Risk Level 3,Clear,36.0,Male,0,68303.57,Heavy,Well-Lit,60
MMTI-2025-02147,,Motorcycle,Hit and Run,3,Clear,39.0,Male,0,18199.34,LIGHT,Well-Lit,60 km/h
MMTI-2025-18129,Pasig,SUV/Van,Head-on,Risk Level 1,Clear,45.0,Female,0,,,Well-Lit,40
MMTI-2025-12554,Pasig,Car,Hit and Run,3.0,Clear,37.0,Male,0,,Moderate,Well-Lit,80
MMTI-2025-19538,Quezon,Car,Hit and Run,9,Rainy,41.0,Male,1,1109268.38,Moderate,Well-Lit,60
MMTI-2025-06032,Quezon,Car,Rear-end,Risk Level 6,Stormy,38.0,Female,4,3557976.59,Moderate,Well-Lit,40
MMTI-2025-20762,Quezon,Car,Head-on,3.0,Rainy,39.0,Male,0,1027346.88,Moderate,Well-Lit,40
MMTI-2025-05973,,SUV/Van,Hit and Run,Risk Level 3,Clear,36.0,Male,0,88298.97,Moderate,dark,30
MMTI-2025-19517,PARANAQUE ,Car,Head-on,,,51.0,Male,0,75041.71,Moderate,Well-Lit,40
MMTI-2025-02109,Taguig,Car,Hit and Run,3,Cloudy,46.0,Male,0,345702.02,Moderate,Well-Lit,60
MMTI-2025-11760,Taguig,Car,Hit and Run,3.0,Cloudy,36.0,Male,0,305383.4,Moderate,Well-Lit,60 kph
MMTI-2025-14627,,Motorcycle,Side-swipe,2,Clear,46.0,Male,0,19021.75,,well lit,60 kph
MMTI-2025-18740,Pasig,Jeepney,Rear-end,3.0,,40.0,Male,0,,Heavy,POOR,30 km/h
MMTI-2025-18056,Manila,SUV/Van,Rear-end,Risk Level 3,Clear,41.0,Male,0,244357.71,,Well-Lit,60
MMTI-2025-22217,Quezon,SUV/Van,Hit and Run,Risk Level 6,Rainy,34.0,Male,4,820737.66,HEAVY,dark,30
MMTI-2025-20104,Mandaluyong,Motorcycle,Head-on,3.0,Clear,32.0,Male,0,68812.44,Heavy,Poorly-Lit,30
MMTI-2025-20316,QUEZON ,Motorcycle,Head-on,,Clear,62.0,Male,0,,Heavy,Well-Lit,40 km/h
MMTI-2025-00365,Makati,Truck,Side-swipe,,Cloudy,21.0,Male,0,552240.18,Moderate,Poorly-Lit,60
MMTI-2025-18526,Quezon,Car,Side-swipe,3,Stormy,36.0,Female,0,77777777,Heavy,Well-Lit,100 kph
MMTI-2025-09640,Muntinlupa,Motorcycle,Rear-end,3.0,Clear,22.0,Male,0,52606.69,Heavy,Well-Lit,30
MMTI-2025-12616,Taguig,SUV/Van,Rear-end,3,Cloudy,32.0,Male,0,300617.34,Heavy,Well-Lit,40
MMTI-2025-10998, las pinas,Car,Rear-end,3,,28.0,Male,0,179154.66,Light,Well-Lit,80
MMTI-2025-05695,Caloocan,,Head-on,3,Storm,47.0,Female,0,48272.35,Heavy,Poorly-Lit,80