Incident_ID,City,Vehicle_Type,Accident_Type,Severity,Weather_Condition,Driver_Age,Driver_Gender,Injury_Count,Damage_Cost_PHP,Traffic_Volume,Road_Lighting,Speed_Limit
MMTI-2025-03101,Makati,Car,Hit and Run,Risk Level 3,Cloudy,25.0,Female,0,233399.11,Moderate,Well-Lit,80
MMTI-2025-22944,,Truck,Rear-end,3,Clear,64.0,Female,0,1496940.98,Heavy,Well-Lit,60 km/h
MMTI-2025-19615,,SUV/Van,Rear-end,1,Clear,34.0,Male,0,83525.05,Moderate,Well-Lit,40
MMTI-2025-15639,Quezon,Car,Hit and Run,Risk Level 6,Cloudy,37.0,female ,4,"PHP 494,701.63",Moderate,Well-Lit,40
MMTI-2025-02092,Quezon,SUV/Van,Hit and Run,3,Stormy,39.0,Female,0,2203966.04,Light,Well-Lit,30
MMTI-2025-23149,Manila,Motorcycle,Head-on,3.0,Clear,41.0,Male,0,38214.14,,Unlit,60
MMTI-2025-03133,Pateros,Bus,Rear-end,3.0,Clear,34.0,Male,0,,Heavy,Well-Lit,40
MMTI-2025-07141,Pasig,,Rear-end,,,48.0,Male,0,24906.57,Heavy,Poorly-Lit,60 km/h
MMTI-2025-05179,Manila,Car,Hit and Run,3,Cloudy,34.0,Female,0,203826.18,Heavy,Poorly-Lit,60 km/h
MMTI-2025-06911,Quezon,Car,Hit and Run,3,Rainy,35.0,Male,0,844324.9,Heavy,Well-Lit,80 kph
MMTI-2025-04265,Quezon,Truck,Side-swipe,3,Rainy,33.0,Male,0,673203.71,Light,well lit,100
MMTI-2025-20429,Mandaluyong,Car,Head-on,3,Clear,24.0,Male,0,"PHP 68,218.64",Moderate,Well-Lit,40
MMTI-2025-15730,Manila,Motorcycle,Side-swipe,Risk Level 3,Cloudy,47.0,Male,0,175682.02,Heavy,Well-Lit,60
MMTI-2025-13184,Makati,Jeepney,Rear-end,3.0,Cloudy,17.0,Female,0,264484.6,Heavy,Poorly-Lit,60
MMTI-2025-19583,Paranaque,Truck,Side-swipe,2.0,Clear,52.0,Male,0,105405.97,Moderate,Poorly-Lit,30
MMTI-2025-07375,Manila,,Side-swipe,3,Clear,38.0,Male,0,77794.69,Heavy,Well-Lit,40
MMTI-2025-10440,Makati,Jeepney,Head-on,3.0,Clear,37.0,F,0,,Heavy,Well-Lit,40
MMTI-2025-00534,Paranaque,,Hit and Run,Risk Level 6,Clear,36.0,Male,4,201790.12,Heavy,Well-Lit,60
MMTI-2025-08754,Manila,Motorcycle,Rear-end,,Clear,18.0,Male,0,12013.5,Heavy,POOR,80
MMTI-2025-00357,Quezon,Car,Head-on,4.0,Rainy,44.0,Male,3,1728458.18,HEAVY,Well-Lit,60
MMTI-2025-21143,Taguig,Car,Hit and Run,Risk Level 4,Cloudy,69.0,Male,2,333403.98,Heavy,Poorly-Lit,60
MMTI-2025-22444,Quezon,,Head-on,3,Clear,37.0,Male,0,137320.66,Heavy,Well-Lit,80
MMTI-2025-11926,Pasig,Motorcycle,Head-on,3,Clear,37.0,Male,0,141111.28,Heavy,Well-Lit,60
MMTI-2025-04651,Las Pinas,Motorcycle,Side-swipe,Risk Level 3,Clear,33.0,Male,0,84728.32,Heavy,Unlit,80
MMTI-2025-16265,Quezon,SUV/Van,Side-swipe,Risk Level 6,Cloudy,-10.0,Male,2,360579.42,Heavy,Well-Lit,80
MMTI-2025-12257,Makati,Bus,Side-swipe,3.0,Rain,,Male,0,200849.78,Light,Well-Lit,40
MMTI-2025-10371,Taguig,Car,Side-swipe,1,Cloudy,37.0,Male,0,308782.8,Moderate,Well-Lit,40 km/h
MMTI-2025-04040,Pasig,Car,Side-swipe,Risk Level 3,,38.0,Male,0,"PHP 219,607.25",,dark,40 kph
MMTI-2025-07246,Quezon,Motorcycle,Side-swipe,2.0,Clear,,Male,0,22828.39,Heavy,Well-Lit,100
MMTI-2025-02196,Taguig,,Side-swipe,3.0,Clear,35.0,Male,0,233100.37,Heavy,Well-Lit,80
MMTI-2025-22179,Quezon,Motorcycle,Side-swipe,6,Rainy,37.0,Female,4,1244.7k,Heavy,Well-Lit,80
MMTI-2025-15079,Caloocan,Car,Hit and Run,3,Clear,44.0,Male,0,41339.15,Moderate,Poorly-Lit,80 km/h
MMTI-2025-15649,Las Pinas,Car,Hit and Run,,Clear,46.0,Male,0,38205.13,Heavy,Poorly-Lit,60
MMTI-2025-05513,Mandaluyong,Motorcycle,Hit and Run,Risk Level 3,Clear,31.0,Male,0,76885.29,Heavy,Poorly-Lit,60
MMTI-2025-14572,Las Pinas,Car,Rear-end,6,Clear,49.0,Female,3,"PHP 85,050.99",Heavy,Well-Lit,80
MMTI-2025-01530,Makati,,Rear-end,3,Rain,43.0,female ,0,"PHP 58,221.68",Heavy,Well-Lit,60
MMTI-2025-14026,Mandaluyong,Car,Hit and Run,3.0,Clear,25.0,Male,0,,Moderate,Poorly-Lit,60
MMTI-2025-05270,Quezon,,Side-swipe,3,Clear,33.0,Female,0,275504.68,Moderate,Well-Lit,100
MMTI-2025-10696,Muntinlupa,SUV/Van,Side-swipe,3,Clear,26.0,Male,0,53969.08,Heavy,Poorly-Lit,60 kph
MMTI-2025-15416,Manila,Bus,Side-swipe,3,,24.0,Female,0,1226109.73,Moderate,Poorly-Lit,60
MMTI-2025-20493,Pasig,Jeepney,Head-on,3.0,Clear,54.0,Male,0,139856.93,,Poorly-Lit,60
MMTI-2025-15092,,Motorcycle,Rear-end,3.0,Clear,36.0,Male,0,32360.18,Heavy,Well-Lit,40 km/h
MMTI-2025-14938,Pasay,Motorcycle,Rear-end,3,Clear,47.0,Male,0,49513.07,Moderate,Well-Lit,60 kph
MMTI-2025-14191,LAS PINAS ,Bus,Head-on,3,Clear,17.0,Female,0,185322.6,,Poorly-Lit,60
MMTI-2025-14090,Muntinlupa,Bus,Side-swipe,3,Clear,,Male,0,463725.13,Heavy,Well-Lit,40
MMTI-2025-22897,Pasay,Motorcycle,Head-on,2,Clear,33.0,Male,0,"PHP 45,392.81",Heavy,Well-Lit,40
MMTI-2025-20942,Makati,Car,Side-swipe,Risk Level 3,Cloudy,49.0,Male,0,"PHP 265,486.31",Heavy,Poorly-Lit,40
MMTI-2025-17031,Taguig,Car,Side-swipe,3,Cloudy,53.0,Male,0,"PHP 309,424.72",Heavy,POOR,80
MMTI-2025-17805,Quezon,Jeepney,Side-swipe,,Clear,31.0,Female,0,,Heavy,Well-Lit,60
MMTI-2025-12404,Marikina,Motorcycle,Hit and Run,3,Clear,38.0,Male,0,63238.42,Moderate,Poorly-Lit,100
MMTI-2025-23392,Muntinlupa,Truck,Side-swipe,Risk Level 2,Clear,41.0,female ,0,51259.63,Moderate,POOR,80
MMTI-2025-18456,Taguig,,Rear-end,6,Clear,46.0,Unknown,3,486916.71,Heavy,Poorly-Lit,60
MMTI-2025-16983,Quezon,Motorcycle,Rear-end,Risk Level 2,Cloudy,32.0,Male,0,"PHP 459,304.72",Moderate,well lit,60 km/h
MMTI-2025-20132,Quezon,Car,Rear-end,Risk Level 2,Clear,58.0,Male,0,,HEAVY,Well-Lit,40
MMTI-2025-19650,Mandaluyong,SUV/Van,Head-on,3,Rain,21.0,Unknown,0,,Heavy,Well-Lit,60
MMTI-2025-02224,Marikina,Jeepney,Head-on,3,Storm,24.0,Female,0,80902.29,,Well-Lit,60
MMTI-2025-00622,Valenzuela,SUV/Van,Rear-end,,Clear,48.0,Male,0,65491.77,HEAVY,Poorly-Lit,60
MMTI-2025-13163,Quezon,Motorcycle,Head-on,3,Cloudy,46.0,Female,0,458598.71,Light,Unlit,30
MMTI-2025-09669,Makati,Car,Rear-end,Risk Level 6,Clear,37.0,Male,1,,Heavy,Well-Lit,60
MMTI-2025-05347,Paranaque,Truck,Hit and Run,3,Clear,51.0,Female,0,110970.54,Heavy,Poorly-Lit,30 kph
MMTI-2025-14733,Quezon,Motorcycle,Rear-end,6.0,Rainy,29.0,Male,1,1518804.3,Heavy,Well-Lit,40 kph
MMTI-2025-22782,,Motorcycle,Hit and Run,6,Clear,44.0,M,1,79266.52,HEAVY,Well-Lit,60
MMTI-2025-11020, quezon,Jeepney,Side-swipe,Risk Level 3,,22.0,Male,0,70029.81,Heavy,Unlit,60 kph
MMTI-2025-16991,Quezon,Car,Rear-end,3.0,Rainy,34.0,Female,0,1006939.09,Heavy,Well-Lit,60 km/h
MMTI-2025-17217,Las Pinas,Motorcycle,Side-swipe,Risk Level 3,Clear,27.0,Female,0,85862.76,Moderate,Poorly-Lit,60
MMTI-2025-09184,Quezon,SUV/Van,Hit and Run,Risk Level 4,Cloudy,56.0,Female,4,428699.6,Heavy,Poorly-Lit,60
MMTI-2025-07764,Quezon,,Rear-end,6.0,Clear,55.0,Male,3,587719.87,Heavy,well lit,40
MMTI-2025-16954,Quezon,Car,Rear-end,3,Cloudy,30.0,Male,0,486054.18,Light,Well-Lit,40 kph
MMTI-2025-02229,Makati,Jeepney,Rear-end,6,Rain,35.0,Male,1,,Light,Well-Lit,60 km/h
MMTI-2025-19651,San Juan,Motorcycle,Hit and Run,3.0,Clear,55.0,female ,0,40337.33,Moderate,Well-Lit,80
MMTI-2025-10641,Makati,Motorcycle,Rear-end,Risk Level 3,Clear,62.0,Female,0,,Moderate,Lit,60
MMTI-2025-09330,Quezon,Car,Side-swipe,3.0,Rainy,29.0,Male,0,752648.4,MODERATE,Well-Lit,60 km/h
MMTI-2025-05419,Quezon,Car,Head-on,3,Cloudy,63.0,Male,0,456736.09,Heavy,Well-Lit,60
MMTI-2025-09060,,Bus,Side-swipe,3,Cloudy,38.0,Male,2,1063862.28,Moderate,Well-Lit,60 km/h
MMTI-2025-07462,QUEZON ,Car,Hit and Run,3,Cloudy,29.0,Male,0,,Heavy,Well-Lit,60 km/h
MMTI-2025-02399,Quezon,Truck,Rear-end,3.0,Rainy,46.0,M,0,852659.98,Heavy,Well-Lit,30 km/h
MMTI-2025-03904,Mandaluyong,Car,Hit and Run,Risk Level 3,Clear,36.0,Male,0,159856.45,,Well-Lit,40
MMTI-2025-17813,Makati,SUV/Van,Head-on,3,Storm,,Male,0,94094.34,LIGHT,Well-Lit,60
MMTI-2025-18055,Quezon,Car,Rear-end,3.0,Rainy,40.0,Male,0,1140484.7,Heavy,Well-Lit,40
MMTI-2025-15909,Makati,Car,Head-on,3,Cloudy,61.0,Female,0,213179.37,Moderate,Unlit,40
MMTI-2025-02656,Quezon,Jeepney,Side-swipe,Risk Level 3,Rainy,21.0,Male,0,665967.97,Light,Well-Lit,40
MMTI-2025-09874,Malabon,Truck,Hit and Run,3.0,Clear,51.0,Male,0,,Light,well lit,80
MMTI-2025-03244,Manila,Motorcycle,Hit and Run,Risk Level 1,Clear,44.0,Male,0,,Moderate,Poorly-Lit,60
MMTI-2025-15825,MAKATI ,Truck,Side-swipe,3,Clear,41.0,Male,0,,Moderate,Unlit,40 kph
MMTI-2025-03925,Manila,Truck,Hit and Run,3,Rain,27.0,M,0,,,Unlit,60
MMTI-2025-13998,Quezon,Car,Side-swipe,3,Cloudy,38.0,Male,0,512232.72,Heavy,Poorly-Lit,60 km/h
MMTI-2025-00833,Manila,Truck,Rear-end,,Clear,35.0,Female,0,131885.35,Heavy,Well-Lit,30
MMTI-2025-10374, quezon,Bus,Rear-end,6,Clear,39.0,Male,3,,Moderate,Poorly-Lit,80
MMTI-2025-13708,,SUV/Van,Hit and Run,3,Clear,55.0,Male,0,450109.74,Heavy,Well-Lit,30
MMTI-2025-07387,Makati,Car,Head-on,3,Cloudy,50.0,Male,0,"PHP 221,979.17",Light,Well-Lit,100
MMTI-2025-14053,Manila,Truck,Side-swipe,6.0,Cloudy,,Female,2,"PHP 1,009,853.64",Heavy,Poorly-Lit,60
MMTI-2025-01333,Quezon,SUV/Van,Head-on,6,Clear,25.0,Male,3,,Light,Well-Lit,30 km/h
MMTI-2025-06886,Manila,,Side-swipe,3,Clear,47.0,Male,0,245313.96,Heavy,Poorly-Lit,60
MMTI-2025-03298,Las Pinas,Motorcycle,Side-swipe,3,Clear,62.0,Male,0,92326.54,Light,Well-Lit,60
MMTI-2025-17333,Quezon,Jeepney,Hit and Run,3,Cloudy,54.0,Male,0,59089.58,,Well-Lit,60 kph
MMTI-2025-05626,Quezon,Car,Head-on,3,Cloudy,50.0,Male,0,617882.7,Moderate,Unlit,80 kph
MMTI-2025-19830,Manila,Motorcycle,Head-on,Risk Level 3,Cloudy,42.0,Male,0,"PHP 190,544.29",Moderate,Poorly-Lit,40
MMTI-2025-04309,Quezon,Car,Hit and Run,Risk Level 3,Rainy,26.0,Unknown,0,"PHP 1,255,470.33",Heavy,well lit,60
MMTI-2025-06958,Makati,Truck,Rear-end,,Cloudy,43.0,Female,0,341468.17,Heavy,Well-Lit,60
MMTI-2025-18707,Manila,,Head-on,Risk Level 3,Clear,56.0,male,0,-500,Moderate,dark,60 km/h
MMTI-2025-14105,Malabon,Car,Side-swipe,3,Clear,30.0,Male,0,36939.61,Moderate,Well-Lit,80
MMTI-2025-20145,Quezon,Jeepney,Side-swipe,3.0,Rain,66.0,Male,0,,Heavy,Well-Lit,40 km/h
MMTI-2025-21190,Makati,Car,Hit and Run,6,Cloudy,58.0,Unknown,4,233872.79,Light,Lit,60
MMTI-2025-14810,Pasay,Jeepney,Rear-end,3,Cloudy,45.0,Male,0,33161.16,,Unlit,80 kph
MMTI-2025-01955,Quezon,Motorcycle,Side-swipe,3,Cloudy,42.0,Male,0,350722.45,MODERATE,dark,80
MMTI-2025-12228,Caloocan,Car,Head-on,2.0,Clear,62.0,female ,0,43895.18,Heavy,Well-Lit,60
MMTI-2025-03926,Manila,,Side-swipe,6.0,Storm,47.0,Male,2,498030.81,Moderate,Lit,60
MMTI-2025-09611,Marikina,Truck,Side-swipe,3,Clear,60.0,Male,0,"PHP 62,012.08",Light,well lit,80
MMTI-2025-09735,Paranaque,Motorcycle,Rear-end,3.0,Clear,49.0,Male,0,97453.0,Moderate,Well-Lit,40 km/h
MMTI-2025-06823,Valenzuela,SUV/Van,Rear-end,,Rain,32.0,Female,0,54973.63,Heavy,Well-Lit,60 km/h
MMTI-2025-12116,Quezon,Car,Head-on,9.0,Cloudy,24.0,Male,1,462412.14,Moderate,Well-Lit,30
MMTI-2025-18703,Taguig,Motorcycle,Head-on,Risk Level 3,Cloudy,43.0,Female,0,"PHP 332,566.66",Heavy,Well-Lit,60
MMTI-2025-02141,Quezon,Car,Hit and Run,3.0,Rainy,26.0,Unknown,0,633854.83,Heavy,Well-Lit,60
MMTI-2025-12980,Manila,Car,Side-swipe,6,Cloudy,49.0,Male,4,194376.4,Heavy,Poorly-Lit,40
MMTI-2025-03841,Quezon,Car,Hit and Run,3.0,Rainy,47.0,Male,0,775534.31,Heavy,Well-Lit,60
MMTI-2025-21707,Paranaque,SUV/Van,Side-swipe,,Cloudy,26.0,Female,3,96186.85,Heavy,Well-Lit,60
MMTI-2025-09550,Quezon,SUV/Van,Head-on,2,Cloudy,25.0,Male,0,392571.9,Light,Well-Lit,60 km/h
MMTI-2025-07528,Caloocan,,Hit and Run,3.0,Clear,51.0,Male,0,159248.59,Light,Poorly-Lit,60
MMTI-2025-15424,Quezon,Motorcycle,Head-on,3,Rainy,32.0,Female,0,1231906.35,Moderate,POOR,60
MMTI-2025-23136,Makati,,Rear-end,3,Rain,40.0,Female,0,155092.51,Moderate,Poorly-Lit,40
MMTI-2025-18369,Taguig,SUV/Van,Head-on,Risk Level 3,Cloudy,34.0,Male,0,"PHP 338,091.27",LIGHT,well lit,80 km/h
MMTI-2025-22559,Manila,Car,Side-swipe,3.0,Cloudy,17.0,Male,0,198621.55,Heavy,Poorly-Lit,60 km/h
MMTI-2025-00571,Taguig,Jeepney,Rear-end,Risk Level 2,Rain,,Male,0,42214.53,Moderate,Well-Lit,100
MMTI-2025-21796,Pasay,Car,Rear-end,4,Clear,19.0,Male,2,49096.11,Heavy,Well-Lit,60
MMTI-2025-09989,Taguig,Motorcycle,Rear-end,Risk Level 3,Clear,,Male,0,21715.5,Moderate,Well-Lit,40 km/h
MMTI-2025-02230,Quezon,Car,Head-on,Risk Level 2,Cloudy,38.0,Male,0,403741.45,Moderate,Poorly-Lit,80 kph
MMTI-2025-01127,Marikina,SUV/Van,Rear-end,3,Clear,27.0,Male,0,57705.74,Heavy,Well-Lit,60
MMTI-2025-05817,Pasay,SUV/Van,Rear-end,3.0,Clear,32.0,Male,0,46262.83,MODERATE,Poorly-Lit,60 km/h
MMTI-2025-12232,Las Pinas,Car,Rear-end,6,Clear,45.0,Female,2,94044.51,Heavy,Well-Lit,80 km/h
MMTI-2025-16610,Quezon,Motorcycle,Head-on,3,Clear,,Female,0,,Heavy,Well-Lit,80
MMTI-2025-07179,Muntinlupa,Car,Side-swipe,3.0,,44.0,Male,0,110317.13,Heavy,Poorly-Lit,100
MMTI-2025-01525,Makati,SUV/Van,Rear-end,3,Cloudy,33.0,Male,0,248250.47,Heavy,Well-Lit,40
MMTI-2025-15419,Makati,SUV/Van,Hit and Run,3,Cloudy,32.0,Male,0,212003.46,HEAVY,Well-Lit,30 km/h
MMTI-2025-05596,Las Pinas,Motorcycle,Side-swipe,3,Clear,30.0,Male,0,91203.61,Moderate,Well-Lit,60
MMTI-2025-10334,Quezon,Jeepney,Rear-end,3,Rainy,39.0,Male,0,1463267.04,Moderate,Unlit,60 kph
MMTI-2025-17192,Makati,Jeepney,Side-swipe,3,Clear,47.0,male,0,,Heavy,Well-Lit,40
MMTI-2025-02929,,Truck,Side-swipe,2,,44.0,Male,0,440.1k,Light,Unlit,40
MMTI-2025-18068,Quezon,Motorcycle,Rear-end,3.0,Stormy,63.0,Male,0,1900159.34,HEAVY,Poorly-Lit,60
MMTI-2025-06735,Quezon,Truck,Rear-end,2.0,Clear,,Male,0,99999999,Moderate,Unlit,80
MMTI-2025-09192,Quezon,SUV/Van,Side-swipe,3,Cloudy,38.0,Male,0,596173.74,Heavy,Well-Lit,100
MMTI-2025-15551,QUEZON ,Jeepney,Side-swipe,3,Rain,25.0,Male,0,51518.52,,Well-Lit,60
MMTI-2025-10313,Paranaque,Car,Rear-end,,Storm,61.0,Male,0,52130.56,Heavy,Poorly-Lit,60 km/h
MMTI-2025-04204,Manila,Car,Head-on,3,Cloudy,40.0,Male,0,209411.19,Heavy,Well-Lit,60 km/h
MMTI-2025-12911,Makati,Car,Side-swipe,6,Cloudy,41.0,female ,4,218769.85,Heavy,Unlit,40
MMTI-2025-01177,Paranaque,SUV/Van,Head-on,3,Rain,54.0,Male,0,,Heavy,No Lights,60
MMTI-2025-13309,QUEZON ,Jeepney,Hit and Run,6.0,Rain,44.0,Female,4,,Moderate,Unlit,60
MMTI-2025-15003,Manila,Truck,Rear-end,3,Clear,44.0,Male,0,,Moderate,Well-Lit,40
MMTI-2025-17797,Quezon,Motorcycle,Side-swipe,3.0,Rainy,32.0,Female,0,906766.19,Heavy,Poorly-Lit,80
MMTI-2025-04338,Pateros,,Rear-end,,,35.0,Male,4,,Moderate,Well-Lit,60 km/h
MMTI-2025-15856,Quezon,Motorcycle,Head-on,Risk Level 3,Cloudy,43.0,Male,0,59084.57,,Poorly-Lit,60 km/h
MMTI-2025-00526,Quezon,Car,Side-swipe,3,Rainy,38.0,Male,0,743486.66,HEAVY,Well-Lit,100
MMTI-2025-11145,,Bus,Hit and Run,3.0,Cloudy,41.0,Male,0,266980.18,Heavy,Well-Lit,60
MMTI-2025-23582,Quezon,Truck,Hit and Run,Risk Level 3,Cloudy,17.0,Male,0,353707.4,Moderate,No Lights,40
MMTI-2025-12441,Muntinlupa,Truck,Rear-end,3.0,,41.0,Female,0,1501840.5,Heavy,Well-Lit,80 kph
MMTI-2025-08197,Quezon,Car,Side-swipe,6,Rainy,35.0,Male,1,632628.22,Moderate,Well-Lit,40 km/h
MMTI-2025-13489, quezon ,Jeepney,Hit and Run,6,,27.0,Male,1,178637.31,Heavy,Well-Lit,60
MMTI-2025-13804,Makati,Motorcycle,Head-on,Risk Level 3,Cloudy,50.0,Male,0,218755.84,Moderate,Well-Lit,60 km/h
MMTI-2025-02950, makati,Motorcycle,Rear-end,,Clear,47.0,Male,0,4240.78,Heavy,Poorly-Lit,80 km/h
MMTI-2025-22171,Taguig,Car,Hit and Run,3.0,Cloudy,33.0,Male,0,288335.89,Heavy,Well-Lit,40 km/h
MMTI-2025-02563,Quezon,Car,Hit and Run,3,Stormy,46.0,Female,0,1775006.55,Moderate,Well-Lit,60 kph
MMTI-2025-22366,Mandaluyong,Car,Side-swipe,3.0,Clear,25.0,Female,0,68122.89,Moderate,Poorly-Lit,30
MMTI-2025-12700,Manila,,Side-swipe,,Clear,46.0,Female,2,64971.91,Moderate,Unlit,60
MMTI-2025-16534,Manila,SUV/Van,Side-swipe,,Clear,47.0,Male,2,57115.26,,POOR,80 kph
MMTI-2025-13266,Taguig,Motorcycle,Rear-end,3,Cloudy,24.0,Male,0,315552.49,Heavy,well lit,30
MMTI-2025-12776,Manila,Car,Head-on,3,Cloudy,39.0,Male,0,205786.19,Moderate,Well-Lit,60
MMTI-2025-18808,Malabon,Jeepney,Head-on,3,Clear,51.0,male,0,,Heavy,Well-Lit,60
MMTI-2025-13401,Quezon,Car,Rear-end,6.0,Cloudy,53.0,Male,3,570166.62,Heavy,Well-Lit,40
MMTI-2025-18240,Mandaluyong,SUV/Van,Head-on,3.0,Clear,150.0,Female,0,71803.47,Light,Well-Lit,60
MMTI-2025-07751,Paranaque,SUV/Van,Hit and Run,3.0,Storm,49.0,Male,0,,Heavy,Unlit,60
MMTI-2025-23052,Quezon,Truck,Side-swipe,3.0,Cloudy,27.0,Male,0,408977.92,Heavy,Poorly-Lit,80 km/h
MMTI-2025-21618,Taguig,Truck,Head-on,3,Cloudy,37.0,Male,0,293061.49,Light,Well-Lit,60
MMTI-2025-13014,Paranaque,Truck,Rear-end,3,Clear,36.0,M,0,97731.16,Heavy,well lit,60
MMTI-2025-02093,Quezon,SUV/Van,Hit and Run,9.0,Stormy,52.0,Female,1,99999999,HEAVY,Well-Lit,60 km/h
MMTI-2025-21897,Mandaluyong,SUV/Van,Head-on,3,Clear,44.0,Female,0,75007.76,Moderate,POOR,60
MMTI-2025-00745,,,Rear-end,Risk Level 3,Clear,36.0,Male,0,162891.28,Moderate,Well-Lit,80
MMTI-2025-21409,Quezon,,Rear-end,,Rain,40.0,Female,0,68343.54,Heavy,Well-Lit,60 km/h
MMTI-2025-16243,,Car,Hit and Run,2,Clear,41.0,Male,3,40718.28,LIGHT,Unlit,40
MMTI-2025-04483,Quezon,Truck,Hit and Run,3.0,Cloudy,77.0,Male,0,506582.49,Heavy,Well-Lit,60 km/h
MMTI-2025-08115,Las Pinas,Truck,Side-swipe,3,Rain,51.0,M,0,,Heavy,Unlit,60 km/h
MMTI-2025-21654,Taguig,Bus,Side-swipe,Risk Level 3,Clear,66.0,Male,0,,Heavy,Well-Lit,100
MMTI-2025-18082,Pasig,SUV/Van,Hit and Run,6.0,Clear,44.0,Female,1,146058.22,Moderate,Poorly-Lit,60
MMTI-2025-17582,Quezon,SUV/Van,Rear-end,9,Rainy,53.0,Male,2,1461821.71,Heavy,Poorly-Lit,80 km/h
MMTI-2025-20956,Mandaluyong,Car,Hit and Run,3.0,Clear,22.0,Male,0,76755.72,Moderate,Well-Lit,60
MMTI-2025-22568,Quezon,Car,Side-swipe,Risk Level 3,Stormy,41.0,Female,0,77777777,Moderate,Poorly-Lit,40
MMTI-2025-12399,Taguig,Motorcycle,Side-swipe,,Clear,57.0,Male,0,8235.34,Moderate,Unlit,40 km/h
MMTI-2025-11482,MAKATI ,,Hit and Run,3.0,Clear,45.0,Male,0,161415.57,Heavy,Well-Lit,80
MMTI-2025-21677,Makati,Motorcycle,Head-on,3.0,Cloudy,38.0,Male,0,"PHP 230,693.38",Moderate,Well-Lit,80
MMTI-2025-16586,Marikina,Motorcycle,Side-swipe,3,,31.0,Male,0,14892.94,Moderate,Well-Lit,80 km/h
MMTI-2025-02950,Manila,Motorcycle,Rear-end,,Clear,19.0,Male,0,9641.8,Heavy,Well-Lit,30
MMTI-2025-10643,Makati,Jeepney,Head-on,3,Clear,60.0,Male,0,17262.83,,Well-Lit,30
MMTI-2025-05778,Quezon,Car,Side-swipe,Risk Level 2,Cloudy,25.0,Male,0,396047.24,Moderate,Well-Lit,40 kph
MMTI-2025-17646,Mandaluyong,SUV/Van,Rear-end,3,Clear,51.0,Female,0,76832.37,Light,Poorly-Lit,80
MMTI-2025-01078,,SUV/Van,Side-swipe,,Rain,40.0,Male,0,109761.39,Heavy,Well-Lit,60
MMTI-2025-04523,Quezon,Car,Rear-end,3.0,Rainy,42.0,Male,0,"PHP 737,629.24",Heavy,Well-Lit,40
MMTI-2025-10240,Caloocan,SUV/Van,Side-swipe,3.0,,43.0,Male,0,"PHP 81,562.43",,Well-Lit,60 kph
MMTI-2025-07036,Caloocan,Car,Rear-end,3,Clear,50.0,Male,0,43130.93,HEAVY,Well-Lit,100
MMTI-2025-07983, marikina,Truck,Side-swipe,,,41.0,Male,0,"PHP 68,739.66",Heavy,No Lights,60
MMTI-2025-17024,Quezon,Car,Hit and Run,Risk Level 3,Cloudy,36.0,Male,0,411625.53,Heavy,Well-Lit,30
MMTI-2025-16361,QUEZON ,SUV/Van,Rear-end,3,,42.0,Male,0,192670.43,Heavy,Well-Lit,60
MMTI-2025-13186,Paranaque,Jeepney,Side-swipe,,Clear,29.0,Male,0,9980.72,Heavy,Unlit,30
MMTI-2025-13075,Makati,Jeepney,Head-on,1.0,Cloudy,30.0,Male,0,231685.12,Moderate,No Lights,30
MMTI-2025-20526,Paranaque,Car,Side-swipe,2,Clear,42.0,Male,0,"PHP 110,258.64",Light,Poorly-Lit,60
MMTI-2025-14658,,SUV/Van,Rear-end,3,Rain,44.0,Male,0,185955.65,HEAVY,Well-Lit,100 km/h
MMTI-2025-19713,Pasig,SUV/Van,Head-on,3,Clear,40.0,Male,0,137932.49,Light,Poorly-Lit,60
MMTI-2025-15086,Las Pinas,Motorcycle,Head-on,2,Clear,28.0,Female,0,95487.16,Heavy,No Lights,60
MMTI-2025-10571,Quezon,SUV/Van,Rear-end,Risk Level 3,Rainy,49.0,Male,0,"PHP 762,794.71",Moderate,dark,60 km/h
MMTI-2025-08864,Taguig,Car,Rear-end,3,Cloudy,48.0,Male,0,292498.54,Heavy,Lit,60 km/h
MMTI-2025-18238,Muntinlupa,Motorcycle,Side-swipe,3,Clear,32.0,Male,0,51643.18,Heavy,Unlit,60
MMTI-2025-08835, caloocan,Bus,Head-on,6,,36.0,Female,2,,Heavy,Well-Lit,80
MMTI-2025-16347,Quezon,Car,Side-swipe,3,Rainy,31.0,Male,0,862353.5,Heavy,Well-Lit,40
MMTI-2025-12164,,,Hit and Run,3,Cloudy,40.0,Unknown,0,99999999,Heavy,Well-Lit,30
MMTI-2025-06782,Quezon,Car,Side-swipe,3.0,Cloudy,38.0,Male,0,452305.71,Heavy,Well-Lit,40
MMTI-2025-04569,Pasay,Motorcycle,Side-swipe,Risk Level 2,Clear,39.0,Male,4,46113.29,Moderate,Poorly-Lit,80 km/h
MMTI-2025-18332,Caloocan,Motorcycle,Hit and Run,3,Clear,25.0,Male,0,41680.35,Moderate,Well-Lit,60
MMTI-2025-17698,,SUV/Van,Hit and Run,3.0,Cloudy,31.0,Male,0,,,Well-Lit,30
MMTI-2025-12139,Manila,SUV/Van,Rear-end,,Cloudy,49.0,Male,0,58832.24,Heavy,Unlit,60 km/h
MMTI-2025-05517,Caloocan,Bus,Hit and Run,,Clear,49.0,Female,0,249159.02,Heavy,Well-Lit,30
MMTI-2025-20495,Quezon,Car,Hit and Run,6,Stormy,30.0,Female,2,2717102.68,Heavy,Well-Lit,60