Incident_ID,City,Vehicle_Type,Accident_Type,Severity,Weather_Condition,Driver_Age,Driver_Gender,Injury_Count,Damage_Cost_PHP,Traffic_Volume,Road_Lighting,Speed_Limit
MMTI-2025-13921,Quezon,Motorcycle,Side-swipe,3,Rainy,48.0,Male,0,949167.07,Heavy,dark,60
MMTI-2025-09622,Quezon,Motorcycle,Head-on,6,Rainy,49.0,Male,2,1725530.42,HEAVY,Well-Lit,100 kph
MMTI-2025-04132,Marikina,Truck,Side-swipe,3.0,,46.0,Male,0,646654.27,Heavy,Well-Lit,60
MMTI-2025-14008,,Car,Hit and Run,3.0,Clear,62.0,Unknown,0,,Heavy,Well-Lit,60
MMTI-2025-17212,Paranaque,Car,Head-on,3.0,Clear,17.0,Male,0,99256.06,Moderate,dark,60
MMTI-2025-21056,Taguig,Car,Rear-end,6,Cloudy,50.0,Male,1,"PHP 289,658.60",Moderate,Poorly-Lit,60 km/h
MMTI-2025-00405,Pasig,Bus,Rear-end,Risk Level 2,,36.0,Male,0,114.4k,Heavy,POOR,30 km/h
MMTI-2025-02709,Makati,Truck,Side-swipe,3,Clear,47.0,Male,0,265355.84,,Poorly-Lit,60
MMTI-2025-07193,Quezon,Jeepney,Rear-end,3,Rainy,39.0,Male,0,1347868.43,Heavy,POOR,30
MMTI-2025-18780,,Car,Hit and Run,3.0,Clear,17.0,Male,0,89.6k,Moderate,Well-Lit,60
MMTI-2025-16221,Makati,SUV/Van,Head-on,3,Cloudy,39.0,Male,0,225352.16,Moderate,No Lights,60
MMTI-2025-10394, manila,Car,Hit and Run,2,Clear,0.0,Male,0,19810.19,,Poorly-Lit,60
MMTI-2025-10765,Las Pinas,Truck,Head-on,,Clear,,Male,1,191889.72,Heavy,Well-Lit,60
MMTI-2025-20317,Manila,Motorcycle,Side-swipe,1.0,Cloudy,31.0,Male,2,,,POOR,40 km/h
MMTI-2025-00598,Quezon,Jeepney,Hit and Run,3,Stormy,37.0,Male,0,77777777,Moderate,dark,60
MMTI-2025-17121,Quezon,,Head-on,3.0,Clear,37.0,Female,0,"PHP 49,110.80",Heavy,Well-Lit,60
MMTI-2025-02557,Quezon,SUV/Van,Side-swipe,2,Clear,38.0,Male,0,98845.92,,Well-Lit,60
MMTI-2025-13965,Quezon,Car,Rear-end,Risk Level 3,Cloudy,43.0,Male,0,359423.22,Moderate,No Lights,100
MMTI-2025-16062,Las Pinas,Car,Hit and Run,6,Clear,44.0,Male,4,92725.29,Heavy,Well-Lit,80 kph
MMTI-2025-18268,,SUV/Van,Hit and Run,3,Clear,55.0,Male,0,324.5k,Heavy,Poorly-Lit,40 km/h
MMTI-2025-03659,Quezon,Car,Rear-end,3,Rainy,47.0,Male,0,1274.3k,LIGHT,POOR,60 km/h
MMTI-2025-19288,Quezon,Jeepney,Hit and Run,Risk Level 3,,32.0,Female,0,98888.03,Heavy,Well-Lit,40 km/h
MMTI-2025-18566,Pasig,Car,Rear-end,Risk Level 3,Clear,17.0,Male,0,162988.79,Moderate,Well-Lit,80 km/h
MMTI-2025-11263,MAKATI ,Motorcycle,Rear-end,3,Clear,46.0,female ,0,,Heavy,Poorly-Lit,40
MMTI-2025-05892,,Jeepney,Side-swipe,3.0,Rain,43.0,Male,0,92728.02,Moderate,Well-Lit,40
MMTI-2025-09931,Makati,Jeepney,Hit and Run,,Cloudy,38.0,Female,0,"PHP 31,041.67",Moderate,Well-Lit,30
MMTI-2025-15919,Quezon,Car,Rear-end,Risk Level 6,Cloudy,41.0,Male,4,439780.53,Moderate,dark,60 km/h
MMTI-2025-04527,Manila,Bus,Hit and Run,2,,35.0,Male,0,,Heavy,Well-Lit,100
MMTI-2025-23297,Marikina,Motorcycle,Side-swipe,3,Rain,40.0,Female,0,,Heavy,Poorly-Lit,80
MMTI-2025-05592,Pasay,Motorcycle,Rear-end,2,Clear,37.0,Male,0,"PHP 48,695.97",Moderate,Well-Lit,30 km/h
MMTI-2025-13564,,SUV/Van,Rear-end,3,,36.0,Male,0,,Heavy,Well-Lit,60 km/h
MMTI-2025-14475,Quezon,Car,Side-swipe,3.0,Cloudy,30.0,Male,0,428.3k,Heavy,Well-Lit,60
MMTI-2025-06746,Mandaluyong,SUV/Van,Hit and Run,3.0,Clear,46.0,Male,0,75.6k,Moderate,Well-Lit,30 km/h
MMTI-2025-17702,Malabon,Motorcycle,Rear-end,,Rain,36.0,Male,0,13683.0,Moderate,Well-Lit,80
MMTI-2025-08146,,Truck,Head-on,6,Cloudy,42.0,Male,1,3953080.55,Light,Well-Lit,80 km/h
MMTI-2025-18354,Manila,,Rear-end,4,Clear,31.0,Male,2,87560.25,Moderate,Well-Lit,80
MMTI-2025-21544,Manila,Motorcycle,Hit and Run,3,Cloudy,27.0,Male,0,185551.5,Heavy,Well-Lit,60 km/h
MMTI-2025-01536,San Juan,SUV/Van,Head-on,3,Clear,41.0,Male,0,39042.66,Heavy,Well-Lit,60
MMTI-2025-16385,Quezon,Car,Rear-end,3,Cloudy,30.0,Male,0,364027.83,Heavy,Poorly-Lit,60
MMTI-2025-22198,Quezon,Car,Side-swipe,3.0,Rainy,43.0,Female,0,1522121.57,Heavy,Unlit,80
MMTI-2025-06989,Navotas,,Rear-end,6,Rain,40.0,Female,1,394935.02,Moderate,Well-Lit,60
MMTI-2025-17193,Makati,Car,Hit and Run,6.0,Cloudy,57.0,Male,4,236143.59,Heavy,Unlit,60
MMTI-2025-23485,,,Head-on,6,Rain,49.0,Male,1,,Light,Well-Lit,40
MMTI-2025-02812,Quezon,Motorcycle,Head-on,3.0,,41.0,Male,0,16419.58,Moderate,Unlit,80
MMTI-2025-18201,Caloocan,Truck,Side-swipe,3.0,Clear,34.0,Female,0,42583.93,Light,Well-Lit,30 kph
MMTI-2025-07005,Mandaluyong,Car,Head-on,3,Clear,30.0,Male,0,80151.2,Heavy,Well-Lit,60
MMTI-2025-19643,Pasig,Car,Side-swipe,1.0,Clear,26.0,M,0,124802.71,Moderate,Poorly-Lit,60
MMTI-2025-20919,Makati,Car,Hit and Run,3,Cloudy,20.0,Female,0,217809.44,Light,Unlit,40
MMTI-2025-04757,Mandaluyong,Car,Rear-end,Risk Level 3,Clear,58.0,Male,0,70622.79,Moderate,Poorly-Lit,60
MMTI-2025-03994, paranaque,,Hit and Run,,Rain,33.0,Male,0,39733.34,Heavy,Well-Lit,60
MMTI-2025-13810,Mandaluyong,Car,Side-swipe,Risk Level 3,Clear,26.0,Male,0,78363.07,Heavy,Well-Lit,30
MMTI-2025-21513,Quezon,Car,Hit and Run,3,Rainy,44.0,Female,0,1440442.97,Heavy,Well-Lit,60
MMTI-2025-19144,Manila,Car,Head-on,3,Cloudy,24.0,Male,0,189.5k,Light,Well-Lit,40
MMTI-2025-05424,Taguig,Car,Side-swipe,6,Cloudy,51.0,Male,1,273598.33,Heavy,No Lights,100
MMTI-2025-22656,QUEZON ,Car,Side-swipe,3,,34.0,Male,0,,Light,Poorly-Lit,100
MMTI-2025-03744,,Motorcycle,Rear-end,2,Clear,51.0,Male,0,10691.69,Heavy,Lit,60
MMTI-2025-16072,Quezon,Car,Rear-end,3,Stormy,999.0,Female,0,99999999,Heavy,dark,60
MMTI-2025-12213,Makati,Car,Side-swipe,3,Cloudy,32.0,female ,0,243110.67,Heavy,Well-Lit,60
MMTI-2025-16370,Quezon,Truck,Head-on,6.0,Cloudy,35.0,Female,2,570720.82,Moderate,Well-Lit,60
MMTI-2025-09213,,Motorcycle,Side-swipe,3,Clear,27.0,Male,0,46.8k,Heavy,Well-Lit,60
MMTI-2025-02643,Muntinlupa,Motorcycle,Rear-end,3.0,Clear,30.0,Male,4,"PHP 56,428.50",Heavy,Unlit,80
MMTI-2025-19215,Quezon,Car,Side-swipe,3,Stormy,43.0,Female,0,2080984.61,Heavy,Poorly-Lit,40
MMTI-2025-08126,Navotas,Car,Rear-end,3,Clear,27.0,Male,0,36556.08,Heavy,Well-Lit,60
MMTI-2025-11869,,Bus,Hit and Run,3.0,Clear,35.0,Male,0,518799.0,Heavy,Well-Lit,80
MMTI-2025-15888,,Car,Rear-end,3.0,Clear,25.0,Male,0,"PHP 177,712.15",Light,Poorly-Lit,60
MMTI-2025-17074,Quezon,,Side-swipe,,Clear,38.0,Male,0,27651.12,Heavy,well lit,60
MMTI-2025-03147,,Motorcycle,Rear-end,3.0,Clear,48.0,Male,0,54595.42,Moderate,Well-Lit,40
MMTI-2025-01411,,Bus,Side-swipe,3,Clear,44.0,Male,0,301.1k,Heavy,Poorly-Lit,30
MMTI-2025-13646,Makati,,Side-swipe,Risk Level 3,Clear,43.0,M,0,226902.3,Light,Poorly-Lit,40
MMTI-2025-06918,Muntinlupa,Motorcycle,Rear-end,2.0,Clear,33.0,male,0,57136.15,Moderate,Unlit,60 kph
MMTI-2025-21451,Quezon,Truck,Side-swipe,Risk Level 3,Rainy,44.0,Male,0,707863.73,Heavy,Well-Lit,40
MMTI-2025-13881,Marikina,Motorcycle,Hit and Run,3.0,,45.0,Male,0,9076.06,Heavy,Well-Lit,40
MMTI-2025-07542,Quezon,Motorcycle,Head-on,3.0,Rainy,17.0,Male,0,716874.34,Heavy,well lit,60
MMTI-2025-19731,Quezon,Motorcycle,Head-on,3.0,Rainy,44.0,Male,0,657891.08,HEAVY,Lit,60 km/h
MMTI-2025-13200,Quezon,Motorcycle,Side-swipe,3,Rainy,54.0,Female,1,796865.98,Moderate,Well-Lit,60
MMTI-2025-06947,Pasig,Motorcycle,Head-on,3,Clear,31.0,Male,0,149313.48,Heavy,Poorly-Lit,40
MMTI-2025-05479,Marikina,Car,Rear-end,2,Clear,48.0,Male,0,58700.58,Light,Well-Lit,80 km/h
MMTI-2025-10838,Muntinlupa,Car,Hit and Run,3.0,Clear,35.0,Female,0,56103.57,Heavy,Well-Lit,80 kph
MMTI-2025-20707,Marikina,Car,Side-swipe,2,Clear,34.0,Female,0,59.3k,Moderate,Unlit,60
MMTI-2025-10071,Quezon,Car,Head-on,Risk Level 6,Rainy,75.0,Male,2,736609.03,Heavy,well lit,40
MMTI-2025-05728,Quezon,Motorcycle,Hit and Run,6,Cloudy,38.0,Male,1,591405.51,Heavy,Well-Lit,80
MMTI-2025-13763,Quezon,Car,Head-on,3,Rainy,44.0,Female,0,1023238.12,Heavy,Poorly-Lit,60
MMTI-2025-08943,Makati,Motorcycle,Hit and Run,3,Clear,27.0,Male,0,,MODERATE,Well-Lit,30
MMTI-2025-06220, quezon,,Head-on,Risk Level 3,Clear,44.0,Female,0,135078.02,Light,Unlit,60
MMTI-2025-21185,Valenzuela,Motorcycle,Head-on,3,Clear,65.0,female ,0,38206.72,LIGHT,Poorly-Lit,60
MMTI-2025-10171,Muntinlupa,Car,Head-on,3,Clear,43.0,Male,0,55996.19,Heavy,well lit,60 km/h
MMTI-2025-07164,PARANAQUE ,Truck,Head-on,Risk Level 2,Clear,50.0,Male,0,"PHP 498,374.44",,Well-Lit,80
MMTI-2025-00311,Quezon,SUV/Van,Head-on,3,Rainy,22.0,Male,0,1749815.3,Heavy,Well-Lit,60
MMTI-2025-03925,Manila,Truck,Hit and Run,3,Rain,27.0,M,0,,,Unlit,60
MMTI-2025-09787,,Motorcycle,Rear-end,3,Cloudy,25.0,Unknown,0,29455.46,Heavy,Unlit,100
MMTI-2025-21824,Manila,,Head-on,3,Rain,28.0,Male,0,88277.34,Heavy,Poorly-Lit,60
MMTI-2025-19833,Paranaque,Car,Hit and Run,3,Clear,36.0,female ,0,105841.43,Heavy,Well-Lit,60
MMTI-2025-00786, makati,SUV/Van,Rear-end,3.0,Rain,40.0,Male,0,,Heavy,Well-Lit,40
MMTI-2025-12941,Quezon,Motorcycle,Hit and Run,3.0,Rainy,33.0,Female,0,1484342.28,MODERATE,Well-Lit,60 km/h
MMTI-2025-17905,Quezon,Truck,Head-on,3,Cloudy,44.0,Male,0,621236.63,Moderate,Well-Lit,60
MMTI-2025-05872,Pasig,Car,Head-on,3.0,Clear,55.0,Male,0,159637.07,HEAVY,Well-Lit,80
MMTI-2025-03722,Mandaluyong,Car,Head-on,3,Clear,43.0,Male,0,73376.24,Moderate,Well-Lit,40
MMTI-2025-03564,Quezon,Car,Hit and Run,3.0,Rainy,27.0,Female,0,729176.55,Heavy,well lit,40
MMTI-2025-03430,Makati,SUV/Van,Head-on,3.0,Clear,47.0,Male,0,,Moderate,Poorly-Lit,80
MMTI-2025-12850,Pasay,Motorcycle,Hit and Run,2,Clear,36.0,Male,0,15237.59,,Poorly-Lit,60
MMTI-2025-00022,Pasig,Motorcycle,Head-on,6,Clear,36.0,Male,4,141607.67,Heavy,Well-Lit,40
MMTI-2025-01435,Pateros,Truck,Side-swipe,3,Clear,26.0,Female,0,,Heavy,Well-Lit,100 km/h
MMTI-2025-13545,,,Head-on,3.0,Storm,50.0,male,0,70951.08,,Lit,60
MMTI-2025-06602,MAKATI ,Truck,Side-swipe,3,Clear,48.0,Male,0,,Heavy,Well-Lit,60
MMTI-2025-15570,Muntinlupa,Truck,Rear-end,Risk Level 3,Clear,35.0,Female,0,52250.56,HEAVY,Poorly-Lit,80
MMTI-2025-12289,Quezon,Car,Hit and Run,3,Stormy,42.0,Male,0,1792129.55,Moderate,POOR,30
MMTI-2025-09048,Caloocan,SUV/Van,Rear-end,6,Clear,48.0,Male,2,44722.02,Heavy,dark,40
MMTI-2025-08234,,Bus,Side-swipe,3,Rain,36.0,Male,0,1452345.74,Heavy,Well-Lit,80
MMTI-2025-05795,MANDALUYONG ,,Head-on,Risk Level 3,Rain,25.0,Male,0,157435.02,Heavy,Well-Lit,60
MMTI-2025-09866,Taguig,Bus,Rear-end,2,Clear,36.0,Female,0,,Heavy,Well-Lit,60 km/h
MMTI-2025-05154,Makati,Car,Side-swipe,3.0,Cloudy,20.0,Female,0,239591.57,Heavy,Unlit,40
MMTI-2025-13585,,Bus,Side-swipe,6,Rain,29.0,Female,2,2720325.79,Light,Poorly-Lit,30 km/h
MMTI-2025-02104,Quezon,Car,Side-swipe,Risk Level 2,Cloudy,33.0,Female,0,451057.32,Light,Well-Lit,40
MMTI-2025-17075,Manila,Truck,Side-swipe,6,,37.0,Male,2,2769363.86,Heavy,well lit,60
MMTI-2025-20906,QUEZON ,Bus,Head-on,Risk Level 3,,39.0,Male,0,376093.57,Heavy,Poorly-Lit,40
MMTI-2025-23447,Mandaluyong,Car,Head-on,1,Clear,44.0,Female,0,68956.95,Moderate,Well-Lit,60
MMTI-2025-01447,Mandaluyong,Motorcycle,Hit and Run,Risk Level 3,Clear,32.0,Female,0,80322.48,Light,Well-Lit,60
MMTI-2025-11321,Taguig,Car,Rear-end,3.0,Cloudy,25.0,Male,0,271024.49,Heavy,Poorly-Lit,40
MMTI-2025-07965, caloocan ,,Side-swipe,3,Clear,29.0,Male,0,143034.07,Heavy,POOR,60
MMTI-2025-18720,Manila,,Head-on,3,Rain,17.0,Male,0,140239.81,Light,Well-Lit,30 km/h
MMTI-2025-23254,Quezon,Car,Hit and Run,3,Rainy,150.0,Male,0,807882.46,MODERATE,Poorly-Lit,80 km/h
MMTI-2025-03501,Caloocan,,Side-swipe,Risk Level 3,Clear,28.0,Male,0,192871.03,Heavy,Poorly-Lit,60
MMTI-2025-01257,Muntinlupa,Motorcycle,Rear-end,6.0,Clear,32.0,F,3,52147.92,Heavy,Well-Lit,60
MMTI-2025-10495,Pasig,Motorcycle,Rear-end,6,Clear,33.0,Male,3,142024.71,HEAVY,Well-Lit,80
MMTI-2025-14779,Makati,SUV/Van,Side-swipe,Risk Level 3,Clear,32.0,Male,0,,,Poorly-Lit,30
MMTI-2025-10791,Mandaluyong,Car,Head-on,3,Clear,69.0,Male,0,77277.28,Moderate,Well-Lit,80
MMTI-2025-14180,Paranaque,Car,Rear-end,3,Clear,55.0,Male,0,106568.95,Moderate,Poorly-Lit,60
MMTI-2025-02708,Quezon,Car,Rear-end,3,Rainy,44.0,Male,0,949042.24,Heavy,Well-Lit,40
MMTI-2025-03754,Taguig,Truck,Rear-end,,Clear,23.0,Male,0,733632.16,MODERATE,Well-Lit,60
MMTI-2025-18099,Pasig,Jeepney,Hit and Run,3,Storm,35.0,Male,0,,Heavy,Poorly-Lit,60
MMTI-2025-19390,Quezon,Motorcycle,Side-swipe,Risk Level 3,Cloudy,38.0,Unknown,0,519968.2,Light,Poorly-Lit,80
MMTI-2025-19254,Quezon,Motorcycle,Rear-end,6,Cloudy,45.0,Female,3,442567.67,Heavy,Poorly-Lit,30 kph
MMTI-2025-01938,Quezon,Motorcycle,Head-on,3.0,Cloudy,42.0,Male,0,353963.29,Heavy,Well-Lit,80
MMTI-2025-00917,Taguig,Car,Side-swipe,3,Cloudy,38.0,Male,0,347589.43,Heavy,Lit,80 km/h
MMTI-2025-14481,,Jeepney,Rear-end,2.0,Cloudy,28.0,Female,0,19430.16,Heavy,Poorly-Lit,30
MMTI-2025-15632,Quezon,Car,Rear-end,3,Cloudy,38.0,Female,0,"PHP 414,746.00",Heavy,Poorly-Lit,30
MMTI-2025-12936,Muntinlupa,Truck,Rear-end,3.0,Clear,46.0,Male,0,57640.32,HEAVY,Poorly-Lit,40
MMTI-2025-17416,Quezon,Jeepney,Side-swipe,3.0,Rainy,26.0,Male,0,1683453.28,MODERATE,Well-Lit,80
MMTI-2025-07505,Quezon,Car,Side-swipe,3,Cloudy,27.0,Male,0,510287.51,Heavy,Well-Lit,80
MMTI-2025-06383,Makati,Truck,Head-on,3,Cloudy,31.0,Female,0,222072.1,Heavy,Well-Lit,60
MMTI-2025-05941,Marikina,Car,Head-on,6,Clear,42.0,male,1,"PHP 66,044.90",Moderate,Poorly-Lit,60
MMTI-2025-21338,Mandaluyong,SUV/Van,Side-swipe,6,Clear,41.0,Male,4,75729.17,Heavy,well lit,60
MMTI-2025-10909,Manila,Car,Rear-end,3,,28.0,Female,0,134703.17,Heavy,Well-Lit,40
MMTI-2025-20043,Las Pinas,SUV/Van,Head-on,1,Clear,44.0,Female,0,96967.48,Moderate,Poorly-Lit,30
MMTI-2025-01603,Quezon,,Rear-end,3,Rain,41.0,Male,0,207541.65,Heavy,Well-Lit,80
MMTI-2025-19255,Valenzuela,Bus,Rear-end,3,,39.0,Male,0,413887.69,Heavy,Well-Lit,40 kph
MMTI-2025-19170,Paranaque,Car,Head-on,Risk Level 2,Clear,48.0,Male,0,110636.54,Moderate,Unlit,40
MMTI-2025-12387,Makati,Motorcycle,Head-on,3.0,Cloudy,33.0,Male,0,219962.05,Heavy,Well-Lit,80 km/h
MMTI-2025-06025,Quezon,Jeepney,Hit and Run,3,Cloudy,29.0,Male,0,497831.75,Moderate,Poorly-Lit,80
MMTI-2025-12385,Paranaque,Motorcycle,Head-on,3,Clear,49.0,Male,0,108744.43,Light,Poorly-Lit,60
MMTI-2025-21937,Quezon,Car,Rear-end,3,Storm,17.0,Female,0,95879.1,,well lit,40
MMTI-2025-09986,Mandaluyong,SUV/Van,Head-on,3,Clear,41.0,Male,0,"PHP 77,644.01",Heavy,Well-Lit,60
MMTI-2025-14030,Quezon,Motorcycle,Side-swipe,3,Cloudy,46.0,Male,0,531902.6,HEAVY,Well-Lit,40
MMTI-2025-13912,Manila,Truck,Head-on,3.0,Cloudy,24.0,Male,0,191235.18,Heavy,Well-Lit,60
MMTI-2025-18158,,SUV/Van,Hit and Run,3,Cloudy,42.0,Male,0,"PHP 69,726.45",Light,Well-Lit,30
MMTI-2025-09890,Makati,Motorcycle,Side-swipe,Risk Level 3,Cloudy,29.0,Male,0,249541.11,HEAVY,Well-Lit,30 kph
MMTI-2025-04403,San Juan,Jeepney,Side-swipe,3,Clear,17.0,Male,0,40797.08,Heavy,dark,40
MMTI-2025-01102,Quezon,Car,Head-on,Risk Level 3,Cloudy,50.0,Male,0,541365.64,Moderate,No Lights,80
MMTI-2025-06069,Caloocan,,Rear-end,3,Clear,38.0,Female,0,199692.47,Moderate,Well-Lit,60
MMTI-2025-02678,Quezon,Car,Rear-end,3,Stormy,40.0,Male,0,77777777,Heavy,Poorly-Lit,30 kph
MMTI-2025-23207,Quezon,Truck,Side-swipe,2,Rain,39.0,Male,0,384254.16,,Well-Lit,40
MMTI-2025-22425,Quezon,Car,Head-on,3,Rainy,31.0,Male,0,1578182.2,Moderate,Well-Lit,60
MMTI-2025-17985, taguig,Truck,Head-on,3.0,,45.0,Male,0,,Moderate,Poorly-Lit,60
MMTI-2025-08432, caloocan,,Hit and Run,3,Clear,44.0,Female,0,240866.57,Heavy,Poorly-Lit,60
MMTI-2025-07855,Makati,Car,Hit and Run,3,Cloudy,32.0,Male,0,260135.88,Moderate,Poorly-Lit,40 km/h
MMTI-2025-02572,Quezon,Truck,Head-on,3,Clear,25.0,Male,0,,Heavy,Well-Lit,80
MMTI-2025-07902,Manila,Bus,Head-on,3,Rain,,Female,0,"PHP 770,616.62",Heavy,POOR,40 kph
MMTI-2025-08783,Quezon,Truck,Side-swipe,3.0,Cloudy,43.0,Male,0,421203.81,Light,Well-Lit,40 km/h
MMTI-2025-08822,Marikina,Car,Rear-end,3,Clear,28.0,Male,0,66555.52,Heavy,POOR,40 kph
MMTI-2025-06678,Quezon,Motorcycle,Head-on,1.0,Cloudy,23.0,Male,0,359964.64,Moderate,Well-Lit,80
MMTI-2025-02110,Taguig,Car,Hit and Run,3,Cloudy,35.0,Unknown,0,301082.25,Heavy,Well-Lit,60
MMTI-2025-18665,Mandaluyong,Jeepney,Side-swipe,3.0,Clear,31.0,Female,0,74436.57,Heavy,Unlit,60 km/h
MMTI-2025-13280,PARANAQUE ,Bus,Side-swipe,Risk Level 2,Clear,57.0,Female,0,,Moderate,POOR,40 kph
MMTI-2025-21361,Quezon,Motorcycle,Side-swipe,6,Stormy,41.0,Male,4,4194894.67,Heavy,Poorly-Lit,40
MMTI-2025-18297,Pasay,Motorcycle,Hit and Run,3,Clear,43.0,Female,0,48957.08,Heavy,No Lights,60
MMTI-2025-16256, manila,Car,Hit and Run,Risk Level 3,Clear,46.0,Male,0,,Light,Unlit,60
MMTI-2025-11466,Marikina,Motorcycle,Head-on,2,Clear,27.0,Male,0,66499.07,LIGHT,Poorly-Lit,60
MMTI-2025-13214,,,Hit and Run,3,,29.0,Female,0,70993.74,Heavy,Well-Lit,30
MMTI-2025-01471,Quezon,Motorcycle,Head-on,Risk Level 3,Cloudy,150.0,Female,0,442340.43,Moderate,Poorly-Lit,60 km/h
MMTI-2025-01235,Taguig,Car,Rear-end,3,Cloudy,36.0,Male,0,295925.57,Moderate,Well-Lit,40 km/h
MMTI-2025-12519,San Juan,Motorcycle,Head-on,3.0,,35.0,Male,0,14831.66,Heavy,Well-Lit,100 km/h
MMTI-2025-07020,Pasig,SUV/Van,Hit and Run,3.0,Clear,39.0,Male,1,131915.05,Heavy,Poorly-Lit,60
MMTI-2025-01452,Taguig,Truck,Rear-end,Risk Level 3,Cloudy,46.0,Male,0,343766.27,Heavy,Poorly-Lit,60
MMTI-2025-10127,Manila,Motorcycle,Rear-end,,Clear,27.0,male,0,5311.74,Light,Well-Lit,80
MMTI-2025-03808,Quezon,Car,Hit and Run,3,Rainy,43.0,Male,2,900107.23,LIGHT,POOR,60
MMTI-2025-21893,Paranaque,Bus,Head-on,,Clear,40.0,Male,0,,Moderate,Well-Lit,60
MMTI-2025-22398,Quezon,Car,Side-swipe,3,Cloudy,25.0,Male,0,564127.34,Heavy,Well-Lit,60
MMTI-2025-08108,MANILA ,Car,Rear-end,Risk Level 3,,57.0,Male,0,164829.02,Heavy,Poorly-Lit,60
MMTI-2025-06577,Paranaque,Bus,Side-swipe,3,Clear,,Female,0,961569.28,Heavy,Poorly-Lit,60
MMTI-2025-23597,Pasig,Car,Hit and Run,3,Clear,44.0,Male,0,"PHP 145,236.07",Heavy,Well-Lit,80
MMTI-2025-00463,Taguig,Car,Rear-end,3.0,Cloudy,29.0,Female,0,295075.2,Moderate,Well-Lit,60 km/h
MMTI-2025-08795,Mandaluyong,Jeepney,Head-on,3,Clear,34.0,Male,0,78829.03,Moderate,Unlit,40
MMTI-2025-23128,Quezon,Car,Rear-end,3.0,Cloudy,36.0,Male,0,405526.9,Heavy,Poorly-Lit,60
MMTI-2025-07839,Manila,Car,Head-on,,Clear,46.0,Female,0,77777777,Heavy,Poorly-Lit,60
MMTI-2025-11581,Pasay,Car,Rear-end,3,Clear,61.0,Male,0,49282.86,Heavy,Well-Lit,60
MMTI-2025-00329,Makati,Car,Hit and Run,6,Clear,44.0,Male,3,,Heavy,Poorly-Lit,80
MMTI-2025-02165,Manila,Car,Rear-end,2,,42.0,Female,0,-500,Heavy,Well-Lit,60
MMTI-2025-09052,,Jeepney,Rear-end,4,Clear,34.0,Female,4,"PHP 126,813.38",Light,Well-Lit,60
MMTI-2025-18707,Manila,,Head-on,Risk Level 3,Clear,56.0,male,0,-500,Moderate,dark,60 km/h
MMTI-2025-19316,Quezon,Motorcycle,Head-on,3,Rainy,49.0,Male,0,885355.44,Heavy,Poorly-Lit,40 km/h
MMTI-2025-08300,Muntinlupa,Car,Side-swipe,Risk Level 3,Clear,35.0,Male,0,55534.65,Heavy,Well-Lit,40
MMTI-2025-14165,Quezon,Car,Hit and Run,3.0,Rain,25.0,Male,0,56842.03,,Well-Lit,40 kph
MMTI-2025-15797,Pasay,,Rear-end,,Clear,17.0,Male,0,50091.6,Moderate,Well-Lit,60
MMTI-2025-22350,PASIG ,,Hit and Run,3,Clear,31.0,male,0,82300.39,Moderate,Well-Lit,40 km/h
MMTI-2025-11099,,Bus,Head-on,3,Clear,43.0,Male,0,"PHP 752,576.42",Moderate,Poorly-Lit,40
MMTI-2025-10177,Pasig,Car,Side-swipe,3,Clear,66.0,Female,0,"PHP 130,073.21",Light,Well-Lit,60 km/h
MMTI-2025-18473,Manila,Motorcycle,Rear-end,3,Cloudy,34.0,Male,0,"PHP 205,874.10",Moderate,Well-Lit,40
MMTI-2025-22555,Quezon,Motorcycle,Hit and Run,Risk Level 4,Cloudy,21.0,Female,3,379.3k,Heavy,Lit,80
MMTI-2025-12044,Paranaque,Motorcycle,Head-on,Risk Level 6,Clear,48.0,Male,1,122452.6,Heavy,Poorly-Lit,60
MMTI-2025-22875,Valenzuela,Car,Side-swipe,3.0,Clear,54.0,Male,0,37.8k,Heavy,Well-Lit,60
MMTI-2025-08011,MALABON ,Truck,Rear-end,3,Clear,39.0,Male,0,,Moderate,well lit,60
MMTI-2025-08290,Navotas,SUV/Van,Head-on,3,Rain,35.0,Female,0,380887.3,,Well-Lit,60
MMTI-2025-12220,Marikina,Motorcycle,Rear-end,3,Clear,37.0,Female,0,64594.52,Moderate,Well-Lit,60 kph
MMTI-2025-01785,,Motorcycle,Rear-end,Risk Level 6,Clear,37.0,Male,2,56794.95,Heavy,Unlit,60
MMTI-2025-02051,Makati,Car,Head-on,1.0,Clear,38.0,Female,0,47480.62,,Well-Lit,60 kph
MMTI-2025-13286, makati,Truck,Head-on,Risk Level 3,Clear,47.0,Female,0,615975.72,,Unlit,60
MMTI-2025-17946,Manila,,Hit and Run,3,Rain,37.0,Male,0,138133.8,Light,Unlit,60
MMTI-2025-11841,Marikina,Car,Rear-end,3.0,Clear,36.0,Female,0,60277.78,Heavy,Well-Lit,100
MMTI-2025-07967,Taguig,Car,Rear-end,3,Cloudy,42.0,Male,0,304.6k,Moderate,Well-Lit,40
MMTI-2025-00159,Quezon,SUV/Van,Side-swipe,Risk Level 6,Clear,46.0,Unknown,1,,Moderate,Well-Lit,60
MMTI-2025-00882,Muntinlupa,Motorcycle,Head-on,3,Clear,61.0,Male,0,55329.31,Heavy,POOR,60