Incident_ID,City,Vehicle_Type,Accident_Type,Severity,Weather_Condition,Driver_Age,Driver_Gender,Injury_Count,Damage_Cost_PHP,Traffic_Volume,Road_Lighting,Speed_Limit
MMTI-2025-04496,Quezon,Truck,Rear-end,3.0,Rainy,51.0,Female,0,"PHP 773,558.21",HEAVY,Poorly-Lit,80
MMTI-2025-00586,Quezon,Car,Hit and Run,3,Rainy,44.0,Male,0,1084169.69,Heavy,Well-Lit,30 km/h
MMTI-2025-03025,Mandaluyong,,Head-on,3,Rain,30.0,Female,0,170441.3,Heavy,Poorly-Lit,60
MMTI-2025-19004,Las Pinas,Car,Rear-end,,Clear,17.0,Male,0,61249.92,Moderate,Well-Lit,30
MMTI-2025-10552,Makati,Car,Hit and Run,3.0,Cloudy,39.0,Male,0,212446.49,Heavy,Unlit,60
MMTI-2025-16520,,Truck,Hit and Run,3,Cloudy,17.0,Unknown,0,591439.56,Heavy,Poorly-Lit,30
MMTI-2025-12196,CALOOCAN ,Car,Rear-end,Risk Level 6,,53.0,Male,2,265911.71,Moderate,Poorly-Lit,60
MMTI-2025-21534,Makati,Car,Rear-end,3,Cloudy,31.0,Male,0,256927.44,Light,No Lights,30
MMTI-2025-20414,,Jeepney,Head-on,6.0,Clear,38.0,Male,1,215098.49,Heavy,Unlit,60
MMTI-2025-02604,Quezon,SUV/Van,Rear-end,3,Stormy,34.0,Male,0,99999999,Heavy,Poorly-Lit,100
MMTI-2025-04959,Quezon,Motorcycle,Hit and Run,,Clear,41.0,Male,0,8011.61,Heavy,POOR,60
MMTI-2025-09523,Caloocan,Bus,Rear-end,2.0,Rain,,Female,0,443631.11,Moderate,Well-Lit,60
MMTI-2025-09690,Marikina,Motorcycle,Side-swipe,2,Clear,,Male,0,16899.19,Heavy,No Lights,60
MMTI-2025-08664,Pasig,Truck,Rear-end,3.0,,33.0,Male,0,0,Heavy,Unlit,60 km/h
MMTI-2025-01486,Pasig,SUV/Van,Head-on,,Clear,56.0,Male,0,65260.1,Heavy,Well-Lit,60
MMTI-2025-07992,Quezon,Car,Rear-end,6,Stormy,59.0,Female,2,77777777,Heavy,Unlit,40
MMTI-2025-05380,Makati,Truck,Hit and Run,3,Cloudy,44.0,F,0,212333.1,Heavy,dark,60
MMTI-2025-17591,Mandaluyong,Car,Hit and Run,Risk Level 6,Clear,39.0,Male,2,68243.37,Heavy,Well-Lit,60 km/h
MMTI-2025-14714,Manila,,Head-on,3.0,Clear,17.0,Male,0,257209.4,Heavy,Unlit,60
MMTI-2025-12441,Muntinlupa,Truck,Rear-end,3.0,,41.0,Female,0,1501840.5,Heavy,Well-Lit,80 kph
MMTI-2025-23322,Quezon,Car,Side-swipe,3,Rainy,45.0,Male,0,1289443.18,Heavy,Unlit,60 km/h
MMTI-2025-17870,Makati,Motorcycle,Head-on,2,Cloudy,27.0,Male,0,262508.03,Heavy,Unlit,60
MMTI-2025-21538,Muntinlupa,Bus,Rear-end,3.0,Clear,41.0,F,0,717121.81,,Poorly-Lit,40
MMTI-2025-18899,Pasay,Motorcycle,Head-on,3.0,Clear,46.0,Male,0,50199.22,Moderate,Well-Lit,60
MMTI-2025-00690,Manila,Bus,Side-swipe,2,Clear,41.0,Female,0,141161.12,,Well-Lit,60
MMTI-2025-10259,Manila,SUV/Van,Hit and Run,,Storm,34.0,Male,0,,Moderate,Well-Lit,60 km/h
MMTI-2025-22644,Caloocan,Motorcycle,Hit and Run,Risk Level 1,Clear,27.0,Male,0,4137.54,,No Lights,100 km/h
MMTI-2025-16171,Makati,Motorcycle,Head-on,3.0,Cloudy,52.0,Male,0,251371.63,Heavy,Unlit,80
MMTI-2025-00661,Quezon,Truck,Hit and Run,3,Cloudy,56.0,Male,0,493494.56,Heavy,Well-Lit,60 km/h
MMTI-2025-10135,MAKATI ,Car,Hit and Run,3,Rain,43.0,Female,0,143281.0,,Well-Lit,60 km/h
MMTI-2025-02978,Paranaque,SUV/Van,Head-on,Risk Level 6,,17.0,Female,3,528838.11,Heavy,Well-Lit,60 kph
MMTI-2025-03212,Quezon,Car,Side-swipe,3,Cloudy,23.0,male,0,"PHP 552,421.28",Moderate,Unlit,60 kph
MMTI-2025-13339,Quezon,Jeepney,Rear-end,3,Rainy,22.0,Male,0,875863.41,Moderate,Unlit,40
MMTI-2025-03139,Muntinlupa,Truck,Rear-end,3,Clear,32.0,Male,0,57124.43,Moderate,Unlit,60
MMTI-2025-08244,Quezon,Car,Side-swipe,6,Rainy,41.0,Female,4,"PHP 918,212.10",Moderate,Well-Lit,80
MMTI-2025-19720,Quezon,Car,Hit and Run,6.0,Stormy,40.0,Female,2,77777777,Heavy,Unlit,40
MMTI-2025-04095,Pasay,SUV/Van,Head-on,3.0,Clear,40.0,Male,0,46579.73,Heavy,Poorly-Lit,40
MMTI-2025-21136,Caloocan,Car,Hit and Run,,Cloudy,21.0,Male,0,48247.31,Moderate,Well-Lit,80
MMTI-2025-04103,Paranaque,SUV/Van,Hit and Run,2,,17.0,Male,0,87308.58,Heavy,Unlit,60
MMTI-2025-23362,Pasig,Motorcycle,Hit and Run,2,,27.0,Female,0,"PHP 13,147.72",Moderate,Lit,40
MMTI-2025-08938,Quezon,Motorcycle,Side-swipe,3,Rainy,53.0,Male,0,785326.82,Heavy,Poorly-Lit,60
MMTI-2025-20019,,Truck,Head-on,6,Rain,33.0,Male,4,4842491.71,Heavy,well lit,80 kph
MMTI-2025-08644,,,Hit and Run,3.0,Storm,56.0,Male,0,"PHP 96,666.04",Moderate,Well-Lit,30 km/h
MMTI-2025-22551,Makati,Motorcycle,Head-on,,Cloudy,49.0,Male,0,"PHP 5,813.77",Heavy,Poorly-Lit,60 km/h
MMTI-2025-20499,Quezon,Jeepney,Rear-end,3,Rainy,46.0,Male,0,755.8k,Heavy,dark,40 km/h
MMTI-2025-04349,Quezon,Motorcycle,Hit and Run,3.0,Rainy,50.0,Male,0,972592.77,Light,Poorly-Lit,60 km/h
MMTI-2025-11104,,Motorcycle,Rear-end,Risk Level 3,Rain,43.0,Male,0,,Heavy,Well-Lit,60
MMTI-2025-03181,Taguig,Car,Side-swipe,2,Cloudy,19.0,Female,0,343107.69,Heavy,No Lights,60
MMTI-2025-05482,Quezon,,Side-swipe,3,Clear,42.0,M,0,253793.09,Heavy,Well-Lit,80
MMTI-2025-07561,Quezon,Truck,Rear-end,3.0,Rainy,47.0,Female,0,1107036.24,Heavy,dark,80 kph
MMTI-2025-19679,Pasig,Car,Side-swipe,3,Clear,22.0,Male,0,"PHP 145,625.27",Heavy,Unlit,60 km/h
MMTI-2025-02564,Marikina,Car,Hit and Run,3,Clear,45.0,Male,0,66456.18,HEAVY,Poorly-Lit,40
MMTI-2025-18844,Taguig,,Head-on,3.0,Clear,28.0,Male,0,97201.54,MODERATE,Lit,60
MMTI-2025-22306,Quezon,Car,Hit and Run,Risk Level 3,Rainy,39.0,Male,0,681028.86,Heavy,Well-Lit,40 km/h
MMTI-2025-15103,Manila,Car,Rear-end,3.0,Cloudy,34.0,Male,0,196028.68,Heavy,Poorly-Lit,60
MMTI-2025-18550,Quezon,Car,Rear-end,Risk Level 3,Rainy,35.0,Male,0,629.9k,Heavy,Well-Lit,60
MMTI-2025-20037,Pasig,Car,Rear-end,3,Clear,20.0,Male,0,160791.26,Moderate,Well-Lit,60
MMTI-2025-05076,,Car,Hit and Run,3.0,Rain,37.0,Male,0,,Heavy,Well-Lit,30
MMTI-2025-23003,Pasig,Motorcycle,Side-swipe,3.0,Clear,42.0,Male,0,145267.11,Moderate,Well-Lit,60
MMTI-2025-12623,Quezon,Car,Side-swipe,,Clear,28.0,male,0,95174.24,Heavy,Well-Lit,60
MMTI-2025-16715,Manila,Car,Side-swipe,3,Cloudy,17.0,Male,0,192794.4,Heavy,Unlit,30
MMTI-2025-19598,,Car,Head-on,Risk Level 3,Clear,38.0,Male,0,"PHP 158,498.59",Light,Well-Lit,60
MMTI-2025-12694,Mandaluyong,Car,Rear-end,Risk Level 3,Clear,32.0,Male,0,75543.06,Heavy,Unlit,60
MMTI-2025-19573,Manila,Car,Head-on,6.0,Cloudy,25.0,Male,4,168362.27,MODERATE,Well-Lit,60
MMTI-2025-09351,NAVOTAS ,Truck,Rear-end,,Cloudy,43.0,Male,0,300213.88,Heavy,No Lights,60
MMTI-2025-13052,Manila,Car,Head-on,3,Cloudy,41.0,Male,0,175496.75,Heavy,well lit,40 km/h
MMTI-2025-07934,Paranaque,SUV/Van,Hit and Run,3,Rain,34.0,Male,0,,Heavy,Poorly-Lit,40
MMTI-2025-12177,Taguig,SUV/Van,Rear-end,3.0,Cloudy,29.0,Male,0,292614.21,Moderate,Well-Lit,60
MMTI-2025-23372,Quezon,,Hit and Run,3,Clear,61.0,Male,0,175201.19,Heavy,Well-Lit,40
MMTI-2025-08577,Mandaluyong,Motorcycle,Hit and Run,3,Clear,46.0,Male,0,"PHP 77,577.11",MODERATE,Poorly-Lit,80
MMTI-2025-17752,Muntinlupa,,Hit and Run,3.0,Clear,35.0,Female,0,209665.7,Heavy,Poorly-Lit,40
MMTI-2025-11333,SAN JUAN ,Truck,Head-on,Risk Level 3,,46.0,Male,0,1512719.85,Heavy,Poorly-Lit,80 kph
MMTI-2025-12811,Paranaque,Motorcycle,Head-on,3.0,Clear,36.0,Male,0,121971.91,Heavy,Well-Lit,40
MMTI-2025-10298,Taguig,Motorcycle,Hit and Run,2,Cloudy,39.0,Male,0,322469.9,Heavy,Poorly-Lit,60 kph
MMTI-2025-08102,Manila,,Head-on,3,Clear,30.0,Female,0,75801.57,Heavy,Well-Lit,80
MMTI-2025-08552,Taguig,Motorcycle,Hit and Run,3.0,,33.0,Male,0,9371.5,Moderate,Well-Lit,30
MMTI-2025-08454,San Juan,Motorcycle,Head-on,3,Clear,17.0,Female,0,40.2k,Heavy,well lit,80 kph
MMTI-2025-11545,Las Pinas,Jeepney,Head-on,2,Clear,49.0,male,0,23713.13,,Well-Lit,60
MMTI-2025-15793,Manila,Bus,Side-swipe,,,22.0,Male,0,230317.26,Heavy,Well-Lit,40 km/h
MMTI-2025-19361,Mandaluyong,Motorcycle,Rear-end,Risk Level 3,Clear,23.0,Male,0,69426.24,Heavy,Poorly-Lit,60
MMTI-2025-17029,Taguig,SUV/Van,Rear-end,3,Cloudy,63.0,Male,0,306801.91,Heavy,Well-Lit,60
MMTI-2025-05314,Marikina,,Side-swipe,3.0,Rain,46.0,Male,0,173551.03,Heavy,Poorly-Lit,60
MMTI-2025-11982,Pasig,Car,Head-on,3.0,Clear,28.0,Male,0,"PHP 159,780.52",HEAVY,Poorly-Lit,60
MMTI-2025-23173,Mandaluyong,Motorcycle,Hit and Run,Risk Level 1,Clear,55.0,Male,0,75576.35,Moderate,Poorly-Lit,60
MMTI-2025-17322, manila,Car,Rear-end,3.0,Clear,18.0,Male,0,,Heavy,Well-Lit,60
MMTI-2025-01142,Quezon,SUV/Van,Head-on,6.0,Rainy,22.0,Male,1,"PHP 1,725,138.83",Heavy,Well-Lit,60
MMTI-2025-08381,Muntinlupa,Motorcycle,Hit and Run,3,Clear,29.0,Male,0,51837.39,Heavy,Poorly-Lit,60 kph
MMTI-2025-11429,,SUV/Van,Head-on,3.0,Rain,,Female,0,146206.81,Heavy,Unlit,60 km/h
MMTI-2025-04846,Las Pinas,Car,Hit and Run,2,Clear,41.0,Male,0,90146.62,Moderate,Well-Lit,60
MMTI-2025-16711,Quezon,Car,Head-on,3,Rainy,52.0,Male,0,1400813.46,Heavy,Well-Lit,100
MMTI-2025-06795,Quezon,Car,Head-on,3,Rainy,56.0,Female,0,1508815.48,Heavy,Poorly-Lit,80 km/h
MMTI-2025-01131,Quezon,Car,Head-on,3.0,Rainy,56.0,Male,0,987.9k,Heavy,No Lights,60
MMTI-2025-21246,Mandaluyong,Car,Rear-end,3,Clear,34.0,Male,0,78312.95,Heavy,Unlit,40 kph
MMTI-2025-19955,Muntinlupa,SUV/Van,Rear-end,3,Clear,26.0,Female,0,53031.67,Moderate,Well-Lit,60
MMTI-2025-11439,Quezon,Bus,Rear-end,Risk Level 3,,40.0,Male,0,389499.62,Moderate,Well-Lit,40
MMTI-2025-22810,Pasay,,Side-swipe,3,Rain,41.0,Male,0,,Heavy,Poorly-Lit,60
MMTI-2025-19672,Mandaluyong,SUV/Van,Head-on,3.0,Clear,18.0,Female,0,79642.86,Heavy,Well-Lit,40
MMTI-2025-11775,Manila,Car,Head-on,3,Cloudy,46.0,M,0,179810.75,HEAVY,dark,60
MMTI-2025-05663,Taguig,Motorcycle,Head-on,1.0,Cloudy,32.0,Male,0,325005.74,Moderate,No Lights,40
MMTI-2025-11426,Quezon,Car,Side-swipe,3,Cloudy,40.0,Male,0,424174.31,Heavy,Well-Lit,80
MMTI-2025-12339,Quezon,Car,Head-on,3,Rainy,44.0,Male,0,1214361.88,Moderate,Well-Lit,60 km/h
MMTI-2025-03849,Manila,Motorcycle,Rear-end,,Rain,17.0,Male,0,18783.73,,Well-Lit,60
MMTI-2025-21761,Quezon,Car,Rear-end,3,Rainy,28.0,Male,0,1109343.24,Moderate,Poorly-Lit,100
MMTI-2025-06339,Caloocan,Motorcycle,Rear-end,3,Clear,57.0,Male,0,43325.65,Moderate,Poorly-Lit,30
MMTI-2025-17248,Quezon,Car,Side-swipe,Risk Level 3,Rainy,46.0,Male,0,1139.2k,Moderate,Poorly-Lit,100
MMTI-2025-11467,Quezon,Jeepney,Hit and Run,2.0,,26.0,Male,1,48819.69,Moderate,Well-Lit,60
MMTI-2025-14374,Las Pinas,Truck,Head-on,,Cloudy,35.0,Male,0,302565.23,Moderate,Poorly-Lit,40
MMTI-2025-23083,Pasig,Truck,Hit and Run,Risk Level 6,Clear,44.0,Male,4,"PHP 148,407.53",Heavy,Well-Lit,60 kph
MMTI-2025-06046,Las Pinas,SUV/Van,Head-on,1,Clear,33.0,Male,0,82526.72,Moderate,Well-Lit,60 km/h
MMTI-2025-22884,,SUV/Van,Side-swipe,3,Clear,,Female,0,410465.01,Heavy,Poorly-Lit,80
MMTI-2025-14490,Taguig,Motorcycle,Head-on,Risk Level 3,Cloudy,50.0,Male,0,348935.2,Moderate,Well-Lit,40 km/h
MMTI-2025-15998,Valenzuela,SUV/Van,Rear-end,,Cloudy,28.0,Male,0,93327.53,Heavy,Poorly-Lit,60 km/h
MMTI-2025-12937,Paranaque,Truck,Hit and Run,6,,38.0,Female,2,3564610.31,Moderate,well lit,60
MMTI-2025-12621,Taguig,Car,Side-swipe,Risk Level 2,Cloudy,66.0,Female,0,"PHP 290,766.98",Moderate,Poorly-Lit,60 kph
MMTI-2025-15068,Taguig,Car,Side-swipe,3,Cloudy,38.0,Female,0,342157.84,Heavy,Well-Lit,60 km/h
MMTI-2025-21871,Quezon,Car,Rear-end,3.0,Rainy,37.0,Male,0,1324797.8,Heavy,Well-Lit,40
MMTI-2025-11028,Mandaluyong,Motorcycle,Rear-end,Risk Level 3,Clear,36.0,Male,0,70199.11,Heavy,Well-Lit,40
MMTI-2025-01727,Las Pinas,SUV/Van,Head-on,3,Clear,37.0,Female,0,86236.83,Light,Well-Lit,40 km/h
MMTI-2025-04277,Las Pinas,Car,Rear-end,2,Clear,39.0,Female,0,82216.88,Moderate,Unlit,80
MMTI-2025-09672,Quezon,Motorcycle,Head-on,3,Cloudy,38.0,Male,0,"PHP 477,084.74",Heavy,Well-Lit,80
MMTI-2025-19469,Las Pinas,Motorcycle,Side-swipe,3,Clear,34.0,Female,0,83263.81,LIGHT,Poorly-Lit,60 kph
MMTI-2025-13273,Quezon,Motorcycle,Hit and Run,6.0,Rainy,43.0,Male,2,"PHP 850,463.39",Heavy,Well-Lit,60
MMTI-2025-22437,Quezon,Car,Hit and Run,3,Cloudy,40.0,Male,0,458154.09,Heavy,Well-Lit,60
MMTI-2025-08365,Muntinlupa,Car,Rear-end,Risk Level 1,Clear,58.0,Male,0,51357.3,Moderate,POOR,60
MMTI-2025-08886,Quezon,Car,Head-on,Risk Level 6,Rainy,29.0,Male,4,1521398.37,Heavy,well lit,80
MMTI-2025-21395,Quezon,Car,Head-on,2,Rainy,57.0,Male,0,711772.58,MODERATE,Well-Lit,40 km/h
MMTI-2025-20096,Quezon,Car,Rear-end,3,Rainy,31.0,Male,0,849833.99,Heavy,Poorly-Lit,60
MMTI-2025-16400,Pasig,,Rear-end,9.0,Rain,,Male,3,344957.25,Heavy,Unlit,60 km/h
MMTI-2025-12977,Quezon,SUV/Van,Hit and Run,3,Clear,31.0,Female,0,,Heavy,Well-Lit,80
MMTI-2025-03112,Manila,Car,Head-on,Risk Level 3,Cloudy,48.0,Male,0,176357.11,Heavy,Well-Lit,100
MMTI-2025-00617,,Bus,Head-on,3,,23.0,Male,0,1076395.7,Moderate,Well-Lit,60
MMTI-2025-09231,Quezon,Car,Side-swipe,3,Rain,39.0,Male,0,,MODERATE,Unlit,60
MMTI-2025-12767,Manila,Bus,Hit and Run,,Clear,46.0,Male,0,468245.96,Heavy,well lit,80
MMTI-2025-01158,MAKATI ,SUV/Van,Rear-end,3.0,Clear,,Male,0,"PHP 59,378.35",Moderate,Well-Lit,30 km/h
MMTI-2025-20770,Quezon,SUV/Van,Hit and Run,3,Rain,48.0,M,0,,Heavy,No Lights,60
MMTI-2025-16133,Quezon,SUV/Van,Side-swipe,2,Cloudy,35.0,Female,0,"PHP 358,911.28",Light,Poorly-Lit,80
MMTI-2025-00324,Mandaluyong,Jeepney,Rear-end,2,Clear,34.0,Male,0,72376.26,Moderate,Unlit,100 kph
MMTI-2025-13201,Taguig,SUV/Van,Head-on,2.0,Cloudy,37.0,Male,0,324684.37,Moderate,Poorly-Lit,80 kph
MMTI-2025-21125,Pasig,Motorcycle,Hit and Run,Risk Level 3,Clear,37.0,Male,0,143056.75,Moderate,Unlit,100 km/h
MMTI-2025-01578,San Juan,Car,Hit and Run,3.0,Clear,34.0,Male,0,39538.03,Moderate,Well-Lit,40
MMTI-2025-07287,Quezon,Car,Rear-end,3,Rainy,55.0,Female,0,951939.99,Heavy,Poorly-Lit,60
MMTI-2025-16805,,Car,Head-on,,Clear,46.0,Female,4,82672.25,HEAVY,Poorly-Lit,60
MMTI-2025-00039,Marikina,Car,Head-on,3,Clear,23.0,Male,0,63490.08,Moderate,Poorly-Lit,40
MMTI-2025-17011,Muntinlupa,Car,Hit and Run,Risk Level 3,Clear,42.0,Male,0,57.6k,Heavy,Poorly-Lit,80
MMTI-2025-23046,Manila,Car,Rear-end,3.0,Cloudy,42.0,female ,0,"PHP 168,813.37",Moderate,Poorly-Lit,30
MMTI-2025-03693,Quezon,Car,Hit and Run,3,Rainy,33.0,Female,0,1014439.35,Heavy,Poorly-Lit,80
MMTI-2025-11597,Quezon,Motorcycle,Rear-end,6,Stormy,31.0,Male,2,99999999,Heavy,dark,80 km/h
MMTI-2025-05763,Las Pinas,Motorcycle,Head-on,,Rain,39.0,Male,0,0,Heavy,Poorly-Lit,60
MMTI-2025-13983, taguig,SUV/Van,Side-swipe,3,Clear,32.0,Male,0,,Heavy,Well-Lit,80
MMTI-2025-15211,Mandaluyong,,Head-on,3.0,Clear,58.0,Unknown,0,318342.1,Heavy,Well-Lit,60
MMTI-2025-09352,Quezon,Car,Hit and Run,Risk Level 3,Cloudy,24.0,Male,0,420497.01,LIGHT,Well-Lit,80
MMTI-2025-21103,Pasig,Car,Rear-end,3.0,Clear,17.0,female ,0,138670.49,MODERATE,Well-Lit,30
MMTI-2025-11017,Marikina,,Rear-end,3,Cloudy,22.0,Male,0,205790.68,Heavy,Well-Lit,40
MMTI-2025-19203,Quezon,Motorcycle,Hit and Run,3,Rainy,32.0,Male,0,1047750.81,Heavy,Unlit,80
MMTI-2025-06030,Quezon,Car,Hit and Run,3.0,Rainy,59.0,Male,0,1252201.86,Heavy,No Lights,80
MMTI-2025-02335,Pasig,,Hit and Run,3,Clear,48.0,Male,0,165838.77,Moderate,Well-Lit,80
MMTI-2025-04313,Quezon,Car,Hit and Run,Risk Level 2,Rainy,33.0,Male,0,703419.65,Heavy,Well-Lit,60
MMTI-2025-03461,Manila,Jeepney,Rear-end,,Clear,32.0,Male,0,26194.08,Heavy,Well-Lit,30
MMTI-2025-14387,Quezon,Bus,Rear-end,,Rain,36.0,Male,0,233319.22,Light,Poorly-Lit,100 km/h
MMTI-2025-11161,Makati,,Hit and Run,3,Rain,48.0,Female,0,270.1k,MODERATE,Poorly-Lit,30
MMTI-2025-08177,Quezon,,Rear-end,,Cloudy,50.0,Male,0,93146.87,Heavy,Poorly-Lit,60
MMTI-2025-07210,Manila,Jeepney,Hit and Run,2.0,Clear,55.0,Male,0,,Heavy,Well-Lit,60
MMTI-2025-10150,Quezon,Jeepney,Hit and Run,Risk Level 3,Rainy,55.0,Male,0,790183.54,Heavy,well lit,60
MMTI-2025-22808,Paranaque,SUV/Van,Side-swipe,1,Clear,43.0,Male,0,110808.09,MODERATE,Unlit,80
MMTI-2025-02814,Quezon,,Rear-end,3.0,Cloudy,57.0,Male,0,,Heavy,Unlit,80
MMTI-2025-10985,PASAY ,Bus,Head-on,3,Rain,29.0,Male,0,,Heavy,Poorly-Lit,40
MMTI-2025-16298,Quezon,Bus,Head-on,3.0,Clear,25.0,Female,4,1011239.04,,No Lights,30
MMTI-2025-00975,Quezon,Motorcycle,Hit and Run,3,Cloudy,30.0,Male,0,448123.38,Heavy,Poorly-Lit,30 km/h
MMTI-2025-15812,Valenzuela,Motorcycle,Rear-end,2.0,Clear,36.0,Male,0,37954.11,Moderate,Well-Lit,60
MMTI-2025-10414,Caloocan,Car,Hit and Run,3,Clear,30.0,male,0,41375.69,Heavy,Poorly-Lit,60
MMTI-2025-01394,Pasay,Motorcycle,Side-swipe,3,Clear,35.0,Female,0,"PHP 46,529.71",Heavy,Well-Lit,30
MMTI-2025-05300,Quezon,Car,Rear-end,Risk Level 3,Cloudy,28.0,Male,0,504201.94,Moderate,No Lights,40
MMTI-2025-18099,Pasig,Jeepney,Hit and Run,3,Storm,35.0,Male,0,,Heavy,Poorly-Lit,60
MMTI-2025-05317,Manila,Truck,Hit and Run,6,Rain,44.0,Male,1,,Light,Poorly-Lit,30
MMTI-2025-15597,Manila,Jeepney,Side-swipe,,Rain,29.0,Male,2,,Moderate,Poorly-Lit,40
MMTI-2025-00006,,Motorcycle,Rear-end,6,Clear,31.0,Female,2,61350.21,Heavy,Lit,40 km/h
MMTI-2025-05054,Caloocan,Car,Hit and Run,2,Rain,49.0,Female,0,96585.86,,Poorly-Lit,40 km/h
MMTI-2025-11554,Pasay,Bus,Side-swipe,6.0,Cloudy,35.0,Male,3,0,,Well-Lit,60 kph
MMTI-2025-16676,Quezon,Car,Head-on,3.0,Cloudy,39.0,female ,0,"PHP 563,644.90",Moderate,Poorly-Lit,40
MMTI-2025-17458,,Motorcycle,Rear-end,3,Clear,43.0,Male,0,17991.06,Heavy,Well-Lit,30
MMTI-2025-08930,Las Pinas,Truck,Side-swipe,3,Rain,,Female,0,261517.28,Moderate,No Lights,60
MMTI-2025-18461,Quezon,Motorcycle,Head-on,Risk Level 3,Rainy,39.0,Male,0,800.9k,Moderate,well lit,80
MMTI-2025-13890,Quezon,SUV/Van,Head-on,Risk Level 3,,33.0,Female,0,266485.49,Heavy,Well-Lit,80
MMTI-2025-13094,Quezon,Car,Rear-end,3,Rainy,150.0,Female,0,1150314.21,Heavy,Poorly-Lit,60
MMTI-2025-08348,Quezon,Car,Head-on,6.0,Cloudy,48.0,Male,2,460983.04,Light,Poorly-Lit,40
MMTI-2025-09588,Mandaluyong,Truck,Side-swipe,3,Clear,17.0,Male,0,"PHP 74,018.62",Heavy,Well-Lit,40
MMTI-2025-05230,Taguig,Car,Rear-end,6.0,Cloudy,46.0,Male,3,287417.89,Heavy,well lit,40
MMTI-2025-11398,Taguig,Motorcycle,Head-on,3,Cloudy,44.0,Male,0,"PHP 294,736.60",Moderate,Well-Lit,60 km/h
MMTI-2025-01659,Pasig,Car,Rear-end,3,Clear,36.0,Male,0,141566.92,Heavy,Lit,60
MMTI-2025-21477,MAKATI ,Bus,Hit and Run,3.0,Clear,33.0,Male,0,512611.54,,Well-Lit,40
MMTI-2025-15407,Valenzuela,Car,Side-swipe,3,Clear,35.0,Female,0,37573.83,HEAVY,Unlit,40
MMTI-2025-08736,Manila,Car,Head-on,3,Cloudy,40.0,Male,0,201575.69,Heavy,No Lights,40
MMTI-2025-21714,Makati,,Head-on,Risk Level 3,Clear,31.0,Male,0,113504.14,Heavy,No Lights,40
MMTI-2025-07604,Muntinlupa,SUV/Van,Rear-end,3,Clear,46.0,Male,0,56698.15,Moderate,POOR,60
MMTI-2025-14912,Manila,Bus,Hit and Run,Risk Level 6,Rain,34.0,M,3,,Heavy,Well-Lit,80
MMTI-2025-22133,Quezon,Car,Head-on,3,Rainy,44.0,Male,0,989025.06,Heavy,Well-Lit,60
MMTI-2025-02772,Manila,Car,Head-on,Risk Level 3,Cloudy,56.0,Male,0,172882.31,Heavy,Well-Lit,80
MMTI-2025-22351,Quezon,Jeepney,Side-swipe,3,Clear,17.0,Female,0,23830.33,,Unlit,60
MMTI-2025-09224,Mandaluyong,Car,Rear-end,Risk Level 3,Clear,17.0,Male,0,79599.09,Light,well lit,40
MMTI-2025-21596,Quezon,Car,Side-swipe,Risk Level 6,Stormy,45.0,Male,1,77777777,Moderate,Well-Lit,60 km/h
MMTI-2025-16177, quezon,Bus,Side-swipe,,Clear,38.0,Female,0,241953.75,Heavy,POOR,60
MMTI-2025-00544,Caloocan,SUV/Van,Side-swipe,1.0,,46.0,Female,0,-25000,Moderate,Unlit,60
MMTI-2025-05355,Mandaluyong,,Head-on,3,,33.0,Male,0,,Heavy,Well-Lit,80
MMTI-2025-17127,Quezon,Motorcycle,Head-on,3,Cloudy,61.0,Male,0,367121.47,Heavy,dark,100 km/h
MMTI-2025-13353,,Truck,Hit and Run,6.0,Clear,41.0,Female,1,4869824.42,Light,Well-Lit,60
MMTI-2025-01568,Paranaque,Truck,Side-swipe,3,Clear,38.0,female ,0,98961.67,Heavy,Well-Lit,80
MMTI-2025-15226,Caloocan,Motorcycle,Head-on,3,Clear,28.0,Male,0,44760.58,HEAVY,Well-Lit,40
MMTI-2025-20175,,Bus,Hit and Run,3,Clear,43.0,Female,0,-25000,Moderate,Poorly-Lit,60
MMTI-2025-22498,Quezon,Truck,Head-on,3,Clear,29.0,Male,0,1069565.45,,Unlit,80
MMTI-2025-18033,Quezon,Car,Side-swipe,6,Cloudy,39.0,male,2,519698.54,Heavy,dark,80
MMTI-2025-09924,,,Side-swipe,2.0,,36.0,Female,0,69264.87,Heavy,Well-Lit,80
MMTI-2025-19525, pasig,Truck,Side-swipe,,Cloudy,62.0,Male,0,540580.01,Heavy,Well-Lit,60
MMTI-2025-00941,Makati,Truck,Head-on,2.0,Cloudy,18.0,Male,0,241555.12,Heavy,Well-Lit,40
MMTI-2025-02825,Manila,Car,Side-swipe,Risk Level 3,Cloudy,53.0,Male,0,167652.6,Heavy,Well-Lit,60
MMTI-2025-06222,Marikina,Car,Hit and Run,,Clear,38.0,Male,0,37769.98,Moderate,Lit,60
MMTI-2025-17350,Pasay,Car,Head-on,Risk Level 3,Clear,33.0,Male,0,48.4k,Heavy,Well-Lit,60 km/h
MMTI-2025-16567,Paranaque,,Side-swipe,2.0,Clear,53.0,Female,0,48924.17,Moderate,Unlit,100
MMTI-2025-01186,Mandaluyong,Motorcycle,Head-on,3.0,Clear,,Male,0,32317.89,Heavy,Well-Lit,40
MMTI-2025-11749,MAKATI ,SUV/Van,Side-swipe,,Clear,48.0,male,0,84929.09,Heavy,Well-Lit,60
MMTI-2025-12036,Quezon,Car,Head-on,3,Rainy,28.0,Male,0,1492.4k,Heavy,Poorly-Lit,60