Incident_ID,City,Vehicle_Type,Accident_Type,Severity,Weather_Condition,Driver_Age,Driver_Gender,Injury_Count,Damage_Cost_PHP,Traffic_Volume,Road_Lighting,Speed_Limit
MMTI-2025-17751,Makati,Motorcycle,Side-swipe,3,Cloudy,25.0,Male,0,253550.31,Heavy,Well-Lit,40
MMTI-2025-04558,Manila,SUV/Van,Rear-end,3,Cloudy,33.0,Male,0,211778.42,Heavy,Poorly-Lit,60
MMTI-2025-14368,Makati,Car,Rear-end,2,Cloudy,22.0,Female,0,267973.7,Heavy,Poorly-Lit,80
MMTI-2025-13068,Mandaluyong,Car,Side-swipe,3,Clear,23.0,female ,0,74249.23,Heavy,Well-Lit,60
MMTI-2025-13498,Mandaluyong,Car,Rear-end,3,,30.0,Male,0,170246.77,Heavy,well lit,40 km/h
MMTI-2025-11839,Makati,Car,Rear-end,3,Clear,,Male,0,50263.17,MODERATE,Well-Lit,80
MMTI-2025-19160,Quezon,Car,Rear-end,6.0,Rainy,41.0,female ,2,"PHP 1,190,720.35",Heavy,Well-Lit,40 km/h
MMTI-2025-12737,Mandaluyong,Truck,Head-on,,Storm,40.0,Unknown,0,138052.12,Moderate,Poorly-Lit,40
MMTI-2025-10164,Manila,SUV/Van,Rear-end,3,Clear,,Female,0,317232.95,Heavy,Poorly-Lit,80 kph
MMTI-2025-18394,Quezon,Truck,Hit and Run,3,Clear,37.0,Male,0,912399.07,,Poorly-Lit,60
MMTI-2025-13621,Quezon,Car,Head-on,3,Stormy,35.0,Male,0,77777777,Heavy,POOR,40
MMTI-2025-00362,Pasig,Motorcycle,Hit and Run,6.0,Clear,37.0,Female,3,153209.46,Heavy,Poorly-Lit,60
MMTI-2025-04290,,Motorcycle,Hit and Run,3.0,Clear,30.0,Female,0,16383.42,Heavy,Well-Lit,40
MMTI-2025-19363,Makati,Car,Rear-end,,Clear,33.0,Male,0,37113.54,Moderate,Poorly-Lit,40 km/h
MMTI-2025-18138,Quezon,Car,Hit and Run,3,Cloudy,24.0,Male,0,399804.83,Heavy,Well-Lit,40 km/h
MMTI-2025-16969,,Truck,Rear-end,,Clear,37.0,Male,0,294411.21,Light,Well-Lit,60
MMTI-2025-03838,Marikina,Jeepney,Side-swipe,3,Clear,33.0,Male,0,61518.52,Heavy,Well-Lit,80
MMTI-2025-01793,Marikina,Car,Rear-end,3.0,Clear,0.0,Male,0,65.0k,HEAVY,Well-Lit,60
MMTI-2025-07962,Makati,,Head-on,,Clear,35.0,Female,0,82883.48,Moderate,Unlit,60
MMTI-2025-15737,Pasig,Car,Hit and Run,Risk Level 3,Clear,59.0,Male,0,134725.45,Moderate,Well-Lit,60 km/h
MMTI-2025-08406,Manila,,Side-swipe,4,Rain,30.0,Male,1,148704.43,Moderate,Poorly-Lit,40
MMTI-2025-20386,Muntinlupa,Bus,Hit and Run,,Clear,27.0,M,0,77844.95,Moderate,Unlit,80
MMTI-2025-01121,Mandaluyong,Car,Rear-end,2,Clear,45.0,male,0,75466.67,Moderate,well lit,80 km/h
MMTI-2025-22680,,Motorcycle,Hit and Run,Risk Level 1,Clear,49.0,Male,0,17550.45,Light,Well-Lit,60
MMTI-2025-10117,QUEZON ,Truck,Side-swipe,3.0,Clear,37.0,Female,0,,Light,dark,60
MMTI-2025-06319,,Car,Hit and Run,3,Rain,49.0,Male,0,196867.68,Moderate,Well-Lit,40
MMTI-2025-08506,Quezon,Car,Side-swipe,3,Cloudy,44.0,Male,0,525705.21,MODERATE,Poorly-Lit,60
MMTI-2025-09279,Valenzuela,Bus,Rear-end,,Clear,28.0,female ,2,294293.89,Heavy,Well-Lit,100 km/h
MMTI-2025-18097,Quezon,Motorcycle,Rear-end,3,Cloudy,19.0,Female,0,354675.67,Heavy,Well-Lit,30
MMTI-2025-01788,Quezon,Car,Side-swipe,3,Rainy,45.0,Male,0,755582.1,Heavy,Lit,40 kph
MMTI-2025-08459, quezon,Car,Hit and Run,,Clear,48.0,Male,1,"PHP 36,661.69",Heavy,Well-Lit,60
MMTI-2025-17190,Manila,Motorcycle,Head-on,3,Clear,,Male,3,37845.28,Moderate,Poorly-Lit,60
MMTI-2025-20258,Quezon,Motorcycle,Side-swipe,3.0,Rainy,39.0,Male,0,1035082.66,HEAVY,Poorly-Lit,60
MMTI-2025-05155,Caloocan,Motorcycle,Rear-end,,Cloudy,17.0,Male,0,17461.14,Heavy,Well-Lit,30 km/h
MMTI-2025-00875,San Juan,Car,Hit and Run,3,Clear,28.0,Female,0,40820.28,Heavy,Well-Lit,80
MMTI-2025-21970,Quezon,Car,Head-on,3,Rainy,-10.0,Male,0,1410.6k,Heavy,Lit,40
MMTI-2025-09782,Quezon,Car,Rear-end,6.0,Stormy,32.0,Male,4,2549810.69,Moderate,Well-Lit,100
MMTI-2025-07598,Marikina,Car,Head-on,3,Clear,45.0,Female,0,59051.84,Heavy,Well-Lit,60 km/h
MMTI-2025-05992,Makati,Car,Rear-end,3.0,Cloudy,54.0,Male,0,241877.78,Moderate,Unlit,60
MMTI-2025-13023,Manila,Truck,Rear-end,6.0,,-10.0,Female,4,"PHP 2,162,023.74",Moderate,Well-Lit,60 km/h
MMTI-2025-12117,,SUV/Van,Head-on,Risk Level 3,Cloudy,45.0,Male,0,127229.31,Heavy,Well-Lit,80
MMTI-2025-23084,Mandaluyong,Truck,Hit and Run,3.0,Clear,17.0,Male,0,79308.66,Heavy,Well-Lit,60
MMTI-2025-02787,Manila,,Head-on,2,Clear,35.0,Female,0,81712.38,Moderate,Well-Lit,60
MMTI-2025-12259,Pasig,SUV/Van,Rear-end,Risk Level 6,Clear,32.0,Male,1,155773.41,Light,Poorly-Lit,60
MMTI-2025-07664,Quezon,,Head-on,3,Clear,150.0,Male,0,197310.62,Moderate,Well-Lit,40
MMTI-2025-16141,Quezon,Car,Head-on,6,Cloudy,38.0,Male,2,353701.63,Heavy,Poorly-Lit,60 kph
MMTI-2025-07999,,,Hit and Run,3,Rain,,Male,0,249944.75,Heavy,Poorly-Lit,60
MMTI-2025-06011,,Motorcycle,Side-swipe,Risk Level 3,Storm,32.0,Male,0,43565.28,Heavy,Well-Lit,60
MMTI-2025-17367,Caloocan,SUV/Van,Side-swipe,3,,50.0,Male,0,262546.26,Light,Poorly-Lit,60
MMTI-2025-22876,Quezon,Truck,Hit and Run,3,Cloudy,29.0,Male,0,372535.26,Heavy,dark,60
MMTI-2025-03882,Quezon,Car,Head-on,6,Cloudy,17.0,Male,2,"PHP 374,833.56",Heavy,Poorly-Lit,40 km/h
MMTI-2025-09420,Quezon,Truck,Side-swipe,,Clear,68.0,M,0,464433.4,Heavy,Well-Lit,60
MMTI-2025-08635,Mandaluyong,Jeepney,Head-on,6,Clear,46.0,Male,1,68951.36,Heavy,Poorly-Lit,60 km/h
MMTI-2025-15873,Quezon,Car,Side-swipe,2.0,Cloudy,46.0,Male,0,452240.94,Moderate,Unlit,40
MMTI-2025-06739,Manila,Truck,Hit and Run,3,Clear,32.0,Male,0,,Heavy,Poorly-Lit,30
MMTI-2025-01028,,,Rear-end,3,Clear,39.0,Male,0,145812.11,Heavy,Well-Lit,80 km/h
MMTI-2025-13956,Quezon,Car,Hit and Run,3,Rainy,40.0,Male,0,1017064.22,Light,Well-Lit,60
MMTI-2025-20234,Quezon,Truck,Head-on,3,Cloudy,42.0,Male,0,"PHP 358,383.69",Heavy,Unlit,40
MMTI-2025-09750,Pasig,Motorcycle,Side-swipe,3,Clear,51.0,Male,0,134968.88,Heavy,Well-Lit,100
MMTI-2025-18972,Makati,Car,Hit and Run,3.0,Cloudy,30.0,Male,0,268430.53,Moderate,Well-Lit,100
MMTI-2025-20774,Manila,Car,Rear-end,Risk Level 3,Cloudy,37.0,Male,0,179436.08,HEAVY,well lit,40
MMTI-2025-22500,Quezon,Car,Side-swipe,3,Rainy,44.0,Male,0,1313837.02,HEAVY,Well-Lit,100
MMTI-2025-06092,Taguig,,Head-on,4,Clear,56.0,Male,3,227530.9,Moderate,Poorly-Lit,60
MMTI-2025-22892,Manila,Truck,Side-swipe,,Clear,38.0,Male,0,443327.72,Moderate,POOR,60 kph
MMTI-2025-10346,Pasay,Bus,Side-swipe,3.0,Clear,47.0,Male,0,,Heavy,Well-Lit,40
MMTI-2025-04805,Paranaque,Car,Head-on,3.0,Clear,0.0,Male,0,100003.8,Light,No Lights,40 km/h
MMTI-2025-14181,Manila,Motorcycle,Rear-end,3,Cloudy,36.0,Female,0,204413.32,Heavy,Well-Lit,40
MMTI-2025-07874,Manila,Motorcycle,Hit and Run,2.0,,39.0,Male,0,9653.73,Moderate,Well-Lit,30
MMTI-2025-15219,Quezon,Car,Head-on,2,Cloudy,18.0,Male,0,434873.39,Moderate,Poorly-Lit,40 km/h
MMTI-2025-16885,Quezon,Truck,Head-on,6,Rainy,18.0,Male,3,903130.57,Moderate,Unlit,30
MMTI-2025-14904,Quezon,Car,Side-swipe,Risk Level 3,Stormy,21.0,Male,0,77777777,Heavy,Well-Lit,40 kph
MMTI-2025-08229,Manila,Bus,Side-swipe,1.0,Cloudy,,Female,0,214083.42,Moderate,Unlit,40
MMTI-2025-22459,Pasig,Truck,Head-on,3,Clear,28.0,female ,0,128.0k,Heavy,Well-Lit,40 km/h
MMTI-2025-15049,Quezon,Car,Head-on,3.0,Cloudy,33.0,Male,0,597579.64,Heavy,Poorly-Lit,80
MMTI-2025-17339,Quezon,SUV/Van,Hit and Run,3,Rainy,36.0,Female,0,1142762.15,Heavy,Well-Lit,60
MMTI-2025-09966,Quezon,Car,Hit and Run,Risk Level 3,Rainy,28.0,Female,0,"PHP 885,788.48",Light,Poorly-Lit,60 km/h
MMTI-2025-17648,Paranaque,SUV/Van,Head-on,3,Clear,150.0,Female,0,104423.18,Heavy,Well-Lit,40 kph
MMTI-2025-02547,Quezon,Motorcycle,Rear-end,3,Rainy,-10.0,Female,0,1213488.25,Moderate,Poorly-Lit,40
MMTI-2025-16976,Quezon,Motorcycle,Hit and Run,3,Cloudy,37.0,Male,0,426180.93,Moderate,Well-Lit,60
MMTI-2025-11502,Quezon,SUV/Van,Hit and Run,3.0,Clear,35.0,Male,0,324663.38,,Well-Lit,30 km/h
MMTI-2025-00437,,Bus,Rear-end,Risk Level 3,Clear,47.0,Male,0,1057605.49,Heavy,Well-Lit,60
MMTI-2025-10510,Quezon,Car,Rear-end,3,Rainy,57.0,Unknown,0,1732762.31,Moderate,Well-Lit,100
MMTI-2025-07938,Valenzuela,Car,Side-swipe,3,Clear,46.0,female ,0,37743.56,Light,Unlit,60
MMTI-2025-08854,Quezon,Car,Head-on,1.0,Cloudy,59.0,Male,0,537771.85,Moderate,Unlit,60 km/h
MMTI-2025-18540,Pasig,,Hit and Run,Risk Level 3,Clear,41.0,Male,0,,MODERATE,Poorly-Lit,60
MMTI-2025-11501,Quezon,Car,Head-on,Risk Level 3,Stormy,39.0,M,0,2031793.67,Heavy,Well-Lit,30 km/h
MMTI-2025-16152,Quezon,Car,Head-on,3.0,Stormy,32.0,Male,0,77777777,MODERATE,Well-Lit,30 km/h
MMTI-2025-14762,Manila,Jeepney,Side-swipe,,Clear,44.0,Male,0,50201.85,MODERATE,Well-Lit,60
MMTI-2025-06000,Quezon,Bus,Side-swipe,2.0,Clear,34.0,Male,0,"PHP 405,806.98",,Lit,30
MMTI-2025-12426,Manila,Car,Side-swipe,3.0,Clear,,male,0,130784.11,Light,Well-Lit,60
MMTI-2025-07311,Quezon,Car,Hit and Run,3.0,Rainy,61.0,Male,0,"PHP 1,015,526.32",Heavy,Well-Lit,80
MMTI-2025-23250,Manila,Car,Head-on,2,Cloudy,21.0,Female,0,197195.87,Heavy,Poorly-Lit,60
MMTI-2025-11026,Mandaluyong,Car,Head-on,3,Clear,50.0,Male,0,"PHP 75,955.75",Heavy,Well-Lit,30
MMTI-2025-13731,Quezon,Car,Side-swipe,3,Rainy,41.0,Male,0,1340757.2,Moderate,Well-Lit,80 km/h
MMTI-2025-02835,Muntinlupa,Car,Head-on,3,Clear,32.0,Male,0,51083.54,Heavy,Well-Lit,60 km/h
MMTI-2025-00091,Quezon,Car,Rear-end,Risk Level 3,Rainy,36.0,Male,0,799386.79,Heavy,Well-Lit,60 km/h
MMTI-2025-02363,Las Pinas,SUV/Van,Hit and Run,3.0,Clear,39.0,Male,0,93933.6,Light,Well-Lit,60
MMTI-2025-06113,Taguig,Car,Head-on,2,Cloudy,56.0,Female,0,322133.31,Moderate,Well-Lit,60
MMTI-2025-06695,Valenzuela,,Rear-end,Risk Level 3,Clear,,Female,0,"PHP 131,335.90",Heavy,Well-Lit,80
MMTI-2025-04582,Marikina,Car,Side-swipe,Risk Level 3,Clear,26.0,Male,0,67778.74,Moderate,Poorly-Lit,100
MMTI-2025-10038,Marikina,Car,Head-on,3.0,Clear,31.0,Male,0,66713.95,Moderate,Unlit,60 km/h
MMTI-2025-20775,Quezon,Motorcycle,Side-swipe,3,Stormy,23.0,Male,0,77777777,Light,Well-Lit,40 kph
MMTI-2025-16516,Quezon,,Head-on,3.0,Clear,52.0,Male,0,40693.52,,Well-Lit,60
MMTI-2025-19977,Quezon,Car,Head-on,3,Rainy,49.0,Female,0,742343.56,Moderate,Poorly-Lit,60
MMTI-2025-19482,Quezon,Jeepney,Rear-end,2.0,Clear,35.0,Female,0,,Moderate,Well-Lit,60
MMTI-2025-03627,MANILA,Car,Side-swipe,Risk Level 1,Clear,17.0,Male,0,,Light,Well-Lit,60 km/h
MMTI-2025-04891,Quezon,Car,Hit and Run,3,Cloudy,38.0,female ,0,564340.65,Heavy,Well-Lit,80
MMTI-2025-13709,Quezon,,Rear-end,3,Clear,31.0,Male,0,110257.17,Moderate,Well-Lit,60
MMTI-2025-03489,Manila,Motorcycle,Head-on,3,Rain,,Male,0,25203.55,HEAVY,Well-Lit,30
MMTI-2025-21697,Caloocan,Motorcycle,Hit and Run,Risk Level 3,Clear,42.0,Male,0,44387.5,Heavy,Poorly-Lit,80 kph
MMTI-2025-17708,Quezon,Motorcycle,Side-swipe,Risk Level 3,Cloudy,42.0,Male,0,402479.85,Heavy,Well-Lit,40
MMTI-2025-21444,QUEZON ,Bus,Hit and Run,,Rain,39.0,Male,0,"PHP 304,572.56",Heavy,Unlit,60
MMTI-2025-14132,,Bus,Rear-end,3,Clear,47.0,Female,0,693567.59,Heavy,Well-Lit,60 km/h
MMTI-2025-20640,Las Pinas,Car,Head-on,3,Clear,-10.0,M,0,"PHP 92,456.78",Moderate,Well-Lit,60 kph
MMTI-2025-16306,Pasay,Car,Head-on,3,Clear,39.0,Male,0,47942.25,Heavy,dark,30 km/h
MMTI-2025-16987,,SUV/Van,Side-swipe,3,Rain,24.0,Male,0,409293.72,Heavy,Well-Lit,60
MMTI-2025-01097,Paranaque,,Head-on,3,Clear,17.0,Male,0,178029.41,HEAVY,dark,60
MMTI-2025-05855,Taguig,Jeepney,Side-swipe,Risk Level 3,Rain,,Female,0,,,Well-Lit,80 km/h
MMTI-2025-21622,NAVOTAS ,,Rear-end,Risk Level 2,,32.0,Male,3,89780.87,Heavy,Well-Lit,60
MMTI-2025-10017,Taguig,Car,Side-swipe,3,Cloudy,33.0,Male,0,339864.41,Moderate,Poorly-Lit,60 km/h
MMTI-2025-17968,Muntinlupa,SUV/Van,Head-on,3,Clear,31.0,Female,0,55402.41,Moderate,Well-Lit,60
MMTI-2025-17596,Quezon,Bus,Hit and Run,3,Clear,50.0,Female,0,,Heavy,Well-Lit,60
MMTI-2025-11769,Quezon,Car,Hit and Run,3,Cloudy,44.0,Female,0,"PHP 587,670.95",Heavy,Unlit,100
MMTI-2025-10164,Manila,SUV/Van,Rear-end,3,Clear,,Female,0,317232.95,Heavy,Poorly-Lit,80 kph
MMTI-2025-15513,Navotas,Car,Hit and Run,Risk Level 3,Clear,38.0,Male,0,36427.51,HEAVY,Well-Lit,80 km/h
MMTI-2025-18502,Quezon,Car,Hit and Run,Risk Level 3,Rainy,36.0,Male,0,"PHP 758,225.91",Moderate,Well-Lit,60
MMTI-2025-11439,Quezon,Bus,Rear-end,Risk Level 3,,40.0,Male,0,389499.62,Moderate,Well-Lit,40
MMTI-2025-19073,Quezon,,Side-swipe,3.0,Clear,54.0,Male,0,98953.55,Heavy,Unlit,30 km/h
MMTI-2025-20472,Caloocan,SUV/Van,Side-swipe,3,Clear,51.0,Male,0,42220.96,Heavy,Well-Lit,80
MMTI-2025-12064,Marikina,SUV/Van,Rear-end,3,Clear,63.0,Male,0,251098.75,,Well-Lit,60 km/h
MMTI-2025-10741,Malabon,SUV/Van,Side-swipe,Risk Level 3,Clear,27.0,Female,0,"PHP 36,717.66",Moderate,Poorly-Lit,60
MMTI-2025-11403,Pasay,Motorcycle,Head-on,9,Clear,29.0,Male,1,48434.77,Heavy,Poorly-Lit,60
MMTI-2025-20390,Las Pinas,Car,Hit and Run,3,Clear,43.0,Male,0,88207.87,Moderate,Well-Lit,40
MMTI-2025-12396,Taguig,Car,Rear-end,3.0,Cloudy,49.0,Male,0,283650.37,Heavy,Lit,60
MMTI-2025-10825,Taguig,Car,Rear-end,3.0,Cloudy,29.0,female ,0,294631.12,Heavy,Unlit,60
MMTI-2025-15086,Marikina,Car,Head-on,Risk Level 1,Clear,17.0,Female,0,59233.0,Light,POOR,40
MMTI-2025-05541,Pasig,,Hit and Run,2.0,Storm,37.0,Male,0,51860.57,Moderate,Poorly-Lit,40 km/h
MMTI-2025-02024,Quezon,Bus,Rear-end,3,Cloudy,35.0,Male,0,598532.43,,Poorly-Lit,40
MMTI-2025-11915,Taguig,Jeepney,Rear-end,6,Rain,53.0,female ,1,,Heavy,Well-Lit,30 km/h
MMTI-2025-10321,Quezon,SUV/Van,Hit and Run,3,Rainy,27.0,Male,0,1207093.75,Heavy,Well-Lit,100
MMTI-2025-02557,Quezon,SUV/Van,Side-swipe,2,Clear,38.0,Male,0,98845.92,,Well-Lit,60
MMTI-2025-04102,,Truck,Hit and Run,3.0,Clear,51.0,Male,0,625862.72,Heavy,Lit,40
MMTI-2025-01292,Quezon,Car,Side-swipe,3.0,Cloudy,23.0,Female,0,507628.78,Heavy,Well-Lit,60
MMTI-2025-08455,Paranaque,Bus,Hit and Run,3,Cloudy,25.0,Male,0,,Moderate,Poorly-Lit,100
MMTI-2025-01949,Quezon,Car,Head-on,3,Cloudy,32.0,Male,0,"PHP 374,361.32",Moderate,Well-Lit,60
MMTI-2025-10125,Quezon,Motorcycle,Rear-end,Risk Level 3,Cloudy,53.0,M,0,436626.14,Heavy,Well-Lit,30
MMTI-2025-14503,Quezon,Motorcycle,Head-on,3.0,Cloudy,45.0,Female,0,357032.41,Heavy,Well-Lit,60
MMTI-2025-15982,,Jeepney,Hit and Run,Risk Level 3,Rain,36.0,Male,0,20962.09,Moderate,Unlit,60
MMTI-2025-12546,,Bus,Head-on,3.0,Clear,28.0,male,0,613329.95,Heavy,Poorly-Lit,60
MMTI-2025-00129,Pateros,,Rear-end,3.0,Rain,51.0,Female,0,93599.2,Heavy,POOR,60 km/h
MMTI-2025-08362,Manila,Car,Rear-end,3,Cloudy,17.0,Female,0,"PHP 188,863.17",Heavy,Well-Lit,30
MMTI-2025-20211,Quezon,Car,Rear-end,1,Rainy,29.0,Male,0,635611.21,Moderate,Poorly-Lit,60
MMTI-2025-15326,Quezon,,Rear-end,3.0,Cloudy,50.0,Male,0,289325.83,Heavy,Well-Lit,60 kph
MMTI-2025-23209,Quezon,Car,Rear-end,,Clear,43.0,Male,0,18636.47,HEAVY,well lit,30 km/h
MMTI-2025-10327,Manila,Car,Hit and Run,2,Clear,20.0,Female,0,,Light,Well-Lit,60 kph
MMTI-2025-18038,Pasig,Motorcycle,Rear-end,Risk Level 6,,36.0,Male,3,125386.35,Moderate,Well-Lit,40
MMTI-2025-23115,Makati,,Head-on,,Clear,55.0,M,0,52085.69,Moderate,Well-Lit,30
MMTI-2025-15782,Quezon,Car,Head-on,3,Clear,,Female,0,195621.81,Heavy,Well-Lit,30
MMTI-2025-06916,Paranaque,,Rear-end,3,Clear,44.0,Male,0,155.0k,Heavy,Well-Lit,60
MMTI-2025-19255,Valenzuela,Bus,Rear-end,3,,39.0,Male,0,413887.69,Heavy,Well-Lit,40 kph
MMTI-2025-01463,Pasay,SUV/Van,Head-on,6.0,Clear,50.0,Male,4,46922.29,Heavy,No Lights,40
MMTI-2025-17543,Marikina,Car,Head-on,6,Clear,43.0,Male,2,59805.62,Moderate,Unlit,60
MMTI-2025-00074,Makati,,Rear-end,Risk Level 3,Storm,17.0,Male,0,"PHP 149,636.38",Light,Well-Lit,60
MMTI-2025-20544,Pasig,,Hit and Run,2.0,Cloudy,17.0,Female,0,18458.36,MODERATE,Well-Lit,60
MMTI-2025-12338,Makati,,Side-swipe,Risk Level 3,Clear,25.0,Male,0,112896.07,Moderate,Unlit,80
MMTI-2025-01506,Quezon,Car,Hit and Run,6.0,Rainy,47.0,Unknown,2,"PHP 834,502.51",Moderate,Poorly-Lit,40
MMTI-2025-06622,Las Pinas,Jeepney,Hit and Run,6.0,Clear,,F,3,283258.34,Light,Well-Lit,60
MMTI-2025-01909,Pasig,Bus,Rear-end,,Clear,35.0,Male,4,277483.34,,Well-Lit,60 km/h
MMTI-2025-21644,Muntinlupa,Car,Head-on,3,Clear,17.0,Male,0,56282.99,Light,Well-Lit,60 km/h
MMTI-2025-06359,Las Pinas,,Hit and Run,3.0,Clear,32.0,Male,0,87070.68,Heavy,well lit,80
MMTI-2025-19403,Mandaluyong,,Side-swipe,Risk Level 3,,28.0,Male,0,251.7k,Moderate,Well-Lit,30
MMTI-2025-18330,Paranaque,Car,Hit and Run,Risk Level 3,Clear,19.0,Female,0,102548.58,Heavy,Unlit,60
MMTI-2025-01626,Makati,Motorcycle,Side-swipe,3,Cloudy,64.0,M,0,226554.13,Light,Well-Lit,60
MMTI-2025-23310,Quezon,Truck,Side-swipe,3,Rainy,35.0,Male,0,653529.61,Moderate,Well-Lit,30
MMTI-2025-11963,Manila,,Hit and Run,3,Clear,62.0,Male,0,184233.59,Moderate,Well-Lit,60
MMTI-2025-05800,,Jeepney,Head-on,2,Clear,38.0,Female,0,39585.01,Moderate,Unlit,80
MMTI-2025-01430,Pasig,Car,Hit and Run,1.0,Clear,47.0,Female,0,147320.65,Moderate,Unlit,60 kph
MMTI-2025-08568,Paranaque,Jeepney,Side-swipe,3,Clear,58.0,Male,0,117.9k,HEAVY,Well-Lit,60
MMTI-2025-21115,Mandaluyong,Car,Rear-end,3,Clear,34.0,Male,0,69469.15,Heavy,Well-Lit,60
MMTI-2025-10849,Manila,Car,Rear-end,3,Clear,47.0,Male,0,"PHP 179,733.56",,Poorly-Lit,60 km/h
MMTI-2025-17023,Quezon,Car,Rear-end,6,Cloudy,32.0,Unknown,4,399926.31,Heavy,Poorly-Lit,40 km/h
MMTI-2025-07114,Manila,Car,Head-on,3.0,Cloudy,48.0,Male,0,168909.42,Heavy,Poorly-Lit,60
MMTI-2025-20539,San Juan,Truck,Head-on,Risk Level 3,Clear,40.0,Female,0,40533.83,Heavy,Well-Lit,100
MMTI-2025-19429,Makati,Car,Rear-end,3.0,Cloudy,29.0,Female,0,251289.04,Moderate,Well-Lit,80
MMTI-2025-00994,,Motorcycle,Hit and Run,6,Clear,,male,2,26755.78,Heavy,Well-Lit,80
MMTI-2025-09172,,Bus,Side-swipe,3,Cloudy,47.0,Female,0,802529.93,Heavy,Poorly-Lit,40
MMTI-2025-10315,San Juan,Motorcycle,Hit and Run,3.0,Clear,36.0,Male,0,9.6k,,Well-Lit,40
MMTI-2025-10193,Quezon,Car,Side-swipe,Risk Level 3,Rainy,43.0,Female,0,1325085.84,Moderate,Poorly-Lit,40
MMTI-2025-08983,Mandaluyong,Car,Hit and Run,3.0,Clear,26.0,Male,0,77882.82,Heavy,Well-Lit,80
MMTI-2025-00726,Mandaluyong,Motorcycle,Rear-end,3,Clear,26.0,Male,0,80569.75,Heavy,Well-Lit,60
MMTI-2025-00209,Caloocan,Jeepney,Side-swipe,3,Rain,27.0,Male,0,,Light,Well-Lit,60
MMTI-2025-15771,,SUV/Van,Hit and Run,3,Clear,53.0,Female,0,116003.25,Heavy,Poorly-Lit,60 kph
MMTI-2025-15021,Quezon,Car,Hit and Run,Risk Level 3,Rainy,27.0,Male,0,"PHP 733,615.83",Moderate,Well-Lit,40
MMTI-2025-21202,San Juan,Car,Rear-end,Risk Level 2,Clear,27.0,Female,0,38320.84,Moderate,Well-Lit,60
MMTI-2025-01586,Navotas,SUV/Van,Hit and Run,2.0,,31.0,Male,0,110839.52,Heavy,dark,80
MMTI-2025-08009,Quezon,Motorcycle,Hit and Run,3,Rainy,22.0,Male,0,"PHP 1,060,663.01",Light,Well-Lit,100
MMTI-2025-22207,Mandaluyong,Car,Side-swipe,2,Clear,41.0,Male,0,78971.26,Heavy,Lit,40
MMTI-2025-08571,Quezon,Car,Head-on,3,Rainy,38.0,Female,0,1015552.5,Heavy,Well-Lit,100
MMTI-2025-03123,Mandaluyong,Motorcycle,Head-on,2.0,,28.0,Male,0,8680.85,Heavy,Unlit,30
MMTI-2025-12141,Paranaque,Motorcycle,Hit and Run,2,Clear,37.0,Female,0,111607.51,Moderate,POOR,60 km/h
MMTI-2025-20514,Caloocan,Motorcycle,Head-on,3.0,Clear,41.0,Male,0,43613.15,Light,Well-Lit,40
MMTI-2025-06242,Muntinlupa,Bus,Head-on,,Cloudy,43.0,Male,0,231196.27,Heavy,Lit,60 km/h
MMTI-2025-22892,,Truck,Side-swipe,3,Clear,35.0,Male,0,1756767.28,HEAVY,Well-Lit,40
MMTI-2025-14653, pasig,Jeepney,Head-on,3.0,Clear,42.0,Male,0,,Heavy,Poorly-Lit,100 kph
MMTI-2025-18404,Manila,Car,Rear-end,2,Clear,33.0,Female,3,65339.55,,Poorly-Lit,40
MMTI-2025-23609,Quezon,Car,Hit and Run,3,Rainy,19.0,M,0,1340671.47,Heavy,Well-Lit,60 km/h
MMTI-2025-14714,Manila,,Head-on,3.0,Clear,17.0,Male,0,257209.4,Heavy,Unlit,60
MMTI-2025-12012,,SUV/Van,Side-swipe,Risk Level 3,Cloudy,46.0,Female,0,175863.79,,Well-Lit,100
MMTI-2025-01711,,Car,Hit and Run,3,Clear,23.0,Male,0,166814.47,Heavy,Well-Lit,60
MMTI-2025-12513,Quezon,SUV/Van,Hit and Run,3.0,Cloudy,35.0,Female,0,357101.98,Moderate,Poorly-Lit,100 km/h
MMTI-2025-03996,Pasig,SUV/Van,Head-on,3,Clear,52.0,F,0,145937.09,Heavy,Well-Lit,60
MMTI-2025-12389,Las Pinas,Jeepney,Side-swipe,,Clear,48.0,Female,0,11186.42,Light,Well-Lit,30
MMTI-2025-07235,Quezon,,Side-swipe,3.0,Clear,49.0,Male,0,48518.78,Heavy,Lit,60 km/h
MMTI-2025-05990,Quezon,Motorcycle,Side-swipe,3,Cloudy,35.0,Female,0,533131.83,Moderate,Unlit,60
MMTI-2025-15549,Manila,Car,Rear-end,Risk Level 3,Cloudy,33.0,Male,0,170921.02,Heavy,No Lights,60
MMTI-2025-05691,Mandaluyong,SUV/Van,Side-swipe,9,Clear,32.0,Female,2,,,Well-Lit,30
MMTI-2025-05263,Quezon,Motorcycle,Hit and Run,6,Stormy,55.0,Male,1,"PHP 1,799,552.25",Moderate,Poorly-Lit,60
MMTI-2025-20300,Quezon,Motorcycle,Side-swipe,Risk Level 6,Rainy,48.0,Male,2,840257.46,Moderate,Unlit,80 km/h