Incident_ID,City,Vehicle_Type,Accident_Type,Severity,Weather_Condition,Driver_Age,Driver_Gender,Injury_Count,Damage_Cost_PHP,Traffic_Volume,Road_Lighting,Speed_Limit
MMTI-2025-00890,Manila,Truck,Rear-end,Risk Level 1,Clear,48.0,Male,0,321117.57,,Poorly-Lit,40
MMTI-2025-18230,Manila,,Side-swipe,3,Clear,46.0,Male,0,132664.85,Light,Well-Lit,40
MMTI-2025-20017,Quezon,Motorcycle,Side-swipe,3,Rainy,49.0,Unknown,0,922174.53,Heavy,Unlit,40 km/h
MMTI-2025-14344,Pasay,Truck,Head-on,3,Rain,23.0,Male,0,1099153.68,,Lit,60
MMTI-2025-07715,Pasig,,Hit and Run,3,Clear,43.0,Female,0,107345.33,Moderate,Well-Lit,100
MMTI-2025-14690,Quezon,Car,Rear-end,Risk Level 3,Rainy,33.0,Female,0,751154.92,Heavy,well lit,60
MMTI-2025-13599,Pasay,Car,Rear-end,2,Clear,33.0,Male,0,47571.36,Moderate,Poorly-Lit,40
MMTI-2025-11877,Quezon,Car,Head-on,6,Rainy,48.0,Male,1,1290216.42,Heavy,Lit,60
MMTI-2025-09783,Quezon,Motorcycle,Rear-end,3,Rain,32.0,Male,0,,Heavy,Poorly-Lit,40 kph
MMTI-2025-05277,Manila,Car,Hit and Run,3,Cloudy,49.0,Male,0,179444.63,Heavy,Well-Lit,60
MMTI-2025-06264,Quezon,Motorcycle,Head-on,Risk Level 2,Cloudy,24.0,Male,0,413788.84,Moderate,Well-Lit,40
MMTI-2025-15484,Marikina,Motorcycle,Hit and Run,Risk Level 4,Clear,49.0,Male,4,67244.09,Heavy,Well-Lit,60
MMTI-2025-01924,Manila,Car,Head-on,Risk Level 3,Clear,,Male,0,,Light,Well-Lit,30
MMTI-2025-13307,Taguig,Truck,Side-swipe,1,Cloudy,34.0,Male,0,289233.3,Light,Well-Lit,30
MMTI-2025-14714,Manila,,Head-on,3.0,Clear,17.0,Male,0,257209.4,Heavy,Unlit,60
MMTI-2025-20780,Mandaluyong,Car,Head-on,Risk Level 3,Clear,-10.0,Male,0,76839.8,Moderate,dark,60
MMTI-2025-11964,Quezon,SUV/Van,Rear-end,3.0,Clear,,Male,0,"PHP 383,743.04",Heavy,Well-Lit,60 km/h
MMTI-2025-02026,Quezon,Car,Rear-end,Risk Level 3,Cloudy,42.0,Male,0,356641.57,Heavy,Poorly-Lit,60
MMTI-2025-08006,Makati,Car,Head-on,Risk Level 3,,40.0,Male,0,108814.69,Moderate,Poorly-Lit,60
MMTI-2025-05533,Las Pinas,Car,Hit and Run,Risk Level 1,Clear,39.0,Male,0,83257.17,Light,Well-Lit,60
MMTI-2025-12784,,SUV/Van,Hit and Run,3.0,,39.0,Male,0,258441.03,Heavy,Well-Lit,60
MMTI-2025-22400,Quezon,Motorcycle,Hit and Run,2,Cloudy,41.0,Female,0,478033.77,Moderate,POOR,40 kph
MMTI-2025-17394,Marikina,Truck,Head-on,,Clear,33.0,Female,0,492580.72,HEAVY,Poorly-Lit,60 km/h
MMTI-2025-19548,Quezon,Jeepney,Head-on,Risk Level 3,Cloudy,47.0,Male,0,557062.91,HEAVY,Poorly-Lit,60
MMTI-2025-06312,Paranaque,,Hit and Run,3.0,Clear,55.0,Male,0,308301.18,Heavy,Unlit,60
MMTI-2025-23567,Pasig,Truck,Head-on,3,Clear,17.0,Male,0,1509600.19,,dark,30
MMTI-2025-01268,Manila,,Side-swipe,3.0,Cloudy,26.0,Unknown,0,161311.93,Moderate,Well-Lit,60
MMTI-2025-04570,Pasay,Motorcycle,Side-swipe,3.0,Clear,47.0,Female,0,"PHP 45,701.64",Moderate,Unlit,60 km/h
MMTI-2025-19162,Pasig,Motorcycle,Rear-end,3.0,Clear,26.0,Male,0,147171.06,Moderate,POOR,60 kph
MMTI-2025-08204,Quezon,Car,Hit and Run,3.0,Cloudy,56.0,Female,0,537582.2,HEAVY,Well-Lit,80
MMTI-2025-15943,Pasay,SUV/Van,Rear-end,3,Clear,57.0,M,0,44997.93,Moderate,Well-Lit,60
MMTI-2025-06945,San Juan,Car,Hit and Run,Risk Level 3,Clear,45.0,Male,0,41238.72,Light,Well-Lit,60
MMTI-2025-03685,Las Pinas,Motorcycle,Hit and Run,3.0,Clear,36.0,Male,0,87590.12,Moderate,Poorly-Lit,60
MMTI-2025-08547,Quezon,SUV/Van,Hit and Run,3,Cloudy,17.0,Male,0,594443.91,Heavy,Unlit,60
MMTI-2025-20773,Mandaluyong,Car,Rear-end,3,Clear,37.0,Female,0,"PHP 76,225.11",Heavy,Poorly-Lit,40
MMTI-2025-02680,Pasig,Car,Side-swipe,3,Clear,30.0,male,0,151367.5,Heavy,Well-Lit,60
MMTI-2025-01825,Caloocan,Car,Head-on,3.0,Clear,,Female,0,185461.58,Heavy,Well-Lit,60
MMTI-2025-00479, pasig ,Jeepney,Head-on,3.0,Cloudy,24.0,Male,0,62332.95,,Unlit,100
MMTI-2025-08386,PASIG ,Bus,Side-swipe,2,Clear,37.0,M,0,,Heavy,Well-Lit,40
MMTI-2025-00239,Taguig,Car,Side-swipe,3,Cloudy,29.0,Male,0,317038.57,Heavy,Well-Lit,60 km/h
MMTI-2025-20826,Quezon,Truck,Rear-end,3,,21.0,Male,0,1405195.23,Moderate,Well-Lit,60 kph
MMTI-2025-07878,Quezon,Motorcycle,Hit and Run,3.0,Rainy,57.0,Female,0,728078.39,Heavy,Poorly-Lit,30
MMTI-2025-02661,Valenzuela,Truck,Hit and Run,,,20.0,Female,0,284891.58,Heavy,Well-Lit,40
MMTI-2025-16989,Quezon,Car,Rear-end,3,Rainy,55.0,Male,0,1242.5k,Light,dark,100
MMTI-2025-03928,Quezon,Motorcycle,Head-on,3.0,Cloudy,22.0,Male,0,541807.32,Heavy,Well-Lit,60 km/h
MMTI-2025-18644,Pasig,Motorcycle,Hit and Run,Risk Level 3,,44.0,Male,0,0,Heavy,Poorly-Lit,60
MMTI-2025-13789, caloocan,Motorcycle,Rear-end,3.0,,,Male,0,77777777,Heavy,Unlit,60
MMTI-2025-16635,Paranaque,Jeepney,Head-on,3.0,Clear,35.0,Female,0,,Moderate,Poorly-Lit,40
MMTI-2025-22747,Makati,Motorcycle,Rear-end,2,Cloudy,30.0,Male,0,-500,,Poorly-Lit,60
MMTI-2025-02135,Pasig,Car,Rear-end,Risk Level 3,Clear,17.0,Male,0,135309.48,Heavy,Well-Lit,60
MMTI-2025-16565,Taguig,Car,Hit and Run,3,Cloudy,38.0,Male,0,309851.42,Light,POOR,60
MMTI-2025-06163,Mandaluyong,Car,Hit and Run,3,Clear,31.0,Male,0,"PHP 77,097.63",Moderate,POOR,80
MMTI-2025-08117,,Motorcycle,Rear-end,3.0,Clear,41.0,Male,0,"PHP 47,104.19",Heavy,Well-Lit,60
MMTI-2025-06002,Manila,SUV/Van,Hit and Run,Risk Level 3,Cloudy,30.0,Male,0,166957.07,Heavy,Poorly-Lit,80
MMTI-2025-16829,Quezon,SUV/Van,Head-on,3.0,Clear,999.0,Male,0,,Heavy,Poorly-Lit,60
MMTI-2025-11514,San Juan,Truck,Head-on,Risk Level 3,Clear,41.0,Male,0,"PHP 40,035.94",Heavy,Well-Lit,40
MMTI-2025-21992,Caloocan,,Hit and Run,4,Clear,46.0,Male,1,297195.13,Heavy,Lit,40
MMTI-2025-22964,Paranaque,Car,Hit and Run,3,Clear,31.0,Male,0,97589.47,Moderate,Well-Lit,80 km/h
MMTI-2025-01413,Muntinlupa,Car,Rear-end,3,Clear,62.0,Male,0,56341.04,Heavy,Poorly-Lit,60
MMTI-2025-07861,Quezon,,Rear-end,3,Clear,38.0,F,0,136399.71,Heavy,Well-Lit,80
MMTI-2025-22025,Paranaque,Car,Head-on,3,Clear,23.0,Male,0,99066.05,Heavy,Well-Lit,60
MMTI-2025-19345,Taguig,Car,Hit and Run,6.0,Clear,39.0,Female,2,395173.11,,Unlit,30
MMTI-2025-08168,Makati,Motorcycle,Head-on,3,Cloudy,24.0,Male,0,239781.85,Moderate,Well-Lit,60
MMTI-2025-01686,Pasig,Motorcycle,Side-swipe,3,Clear,45.0,Female,0,125927.21,Heavy,Well-Lit,80 km/h
MMTI-2025-16878,Quezon,Car,Head-on,9,Stormy,55.0,Female,1,2070276.53,Heavy,Unlit,60
MMTI-2025-11050,Muntinlupa,Car,Head-on,3,Clear,45.0,Male,0,"PHP 57,402.20",Moderate,Well-Lit,60
MMTI-2025-08252, quezon,Jeepney,Side-swipe,2,Clear,,Male,0,26127.5,HEAVY,Poorly-Lit,60
MMTI-2025-19934,Quezon,Car,Head-on,Risk Level 3,Rainy,21.0,F,0,1332038.46,Heavy,Unlit,40
MMTI-2025-16922,Taguig,Car,Rear-end,Risk Level 2,Cloudy,61.0,Male,2,"PHP 294,352.86",Moderate,Unlit,60
MMTI-2025-23474,Taguig,Car,Hit and Run,3,Cloudy,59.0,Male,0,344820.53,Light,Well-Lit,60 km/h
MMTI-2025-00979,Quezon,Motorcycle,Head-on,3.0,Rainy,23.0,Male,0,1065877.08,Moderate,Well-Lit,30 kph
MMTI-2025-20213,Marikina,Motorcycle,Rear-end,6,Clear,37.0,Male,1,60690.58,Heavy,POOR,40 kph
MMTI-2025-08696,Manila,Car,Rear-end,,Clear,40.0,Male,0,"PHP 14,710.68",Heavy,Unlit,60
MMTI-2025-10366,,Bus,Side-swipe,Risk Level 3,Storm,52.0,Male,0,1098047.81,Light,Poorly-Lit,80
MMTI-2025-17578,Makati,Car,Rear-end,3,Cloudy,40.0,Female,0,246749.34,Moderate,Poorly-Lit,60
MMTI-2025-15420,Quezon,Motorcycle,Hit and Run,1,Clear,47.0,Male,0,"PHP 5,986.46",,Well-Lit,40 kph
MMTI-2025-16117, manila,Motorcycle,Rear-end,,Clear,32.0,Male,0,11506.13,HEAVY,Well-Lit,60 km/h
MMTI-2025-21249,Quezon,,Side-swipe,3,Clear,47.0,Female,0,164237.99,Heavy,Well-Lit,60
MMTI-2025-11579,Quezon,Car,Hit and Run,Risk Level 6,Cloudy,42.0,Male,4,541501.88,Heavy,Well-Lit,60
MMTI-2025-04681,,Motorcycle,Side-swipe,1,Clear,46.0,Female,0,8007.76,,Well-Lit,60
MMTI-2025-23296,Pasig,Motorcycle,Rear-end,3.0,Clear,35.0,Male,0,32608.56,,Well-Lit,60 km/h
MMTI-2025-19351,Muntinlupa,SUV/Van,Hit and Run,6,Clear,40.0,Male,1,52122.62,MODERATE,Well-Lit,80
MMTI-2025-08853,Mandaluyong,SUV/Van,Rear-end,3.0,Cloudy,37.0,Male,0,"PHP 297,061.13",,Well-Lit,60
MMTI-2025-16071,Marikina,Car,Hit and Run,3.0,Clear,41.0,Male,0,66072.96,Moderate,Poorly-Lit,80
MMTI-2025-18694,Quezon,SUV/Van,Side-swipe,3,Rainy,40.0,Male,0,1084917.93,Moderate,Poorly-Lit,60
MMTI-2025-07768,Quezon,SUV/Van,Head-on,6,Rainy,35.0,Male,4,"PHP 885,046.31",Heavy,Poorly-Lit,60 km/h
MMTI-2025-22653,Caloocan,SUV/Van,Hit and Run,,,34.0,Female,3,63154.64,Light,Unlit,40 kph
MMTI-2025-08842,,Truck,Hit and Run,,Clear,31.0,Male,0,249757.44,Light,Unlit,80
MMTI-2025-06197,Taguig,Car,Rear-end,Risk Level 3,Cloudy,39.0,Male,0,274031.86,Moderate,Well-Lit,80 kph
MMTI-2025-23305,Mandaluyong,Bus,Rear-end,,Clear,23.0,Female,0,"PHP 302,092.32",Heavy,Poorly-Lit,60
MMTI-2025-04759,Las Pinas,Truck,Rear-end,3,Clear,29.0,Male,0,93409.18,HEAVY,Unlit,40 kph
MMTI-2025-04337,Mandaluyong,Motorcycle,Hit and Run,3,Clear,41.0,Female,0,69444.87,Heavy,POOR,30
MMTI-2025-05336,Quezon,SUV/Van,Side-swipe,3,Cloudy,26.0,Male,0,620277.02,Heavy,Lit,30
MMTI-2025-02350,Manila,Motorcycle,Rear-end,3.0,Clear,33.0,Male,0,8617.44,,Well-Lit,30
MMTI-2025-10491,Manila,Jeepney,Hit and Run,6,Clear,17.0,Male,1,,Moderate,dark,40
MMTI-2025-09074,Paranaque,Car,Side-swipe,3,Clear,57.0,Male,0,"PHP 97,852.91",Heavy,Poorly-Lit,60
MMTI-2025-10585,Las Pinas,Car,Side-swipe,3,Clear,38.0,Male,0,94457.25,Moderate,Well-Lit,60
MMTI-2025-11792,Quezon,SUV/Van,Head-on,6,Stormy,17.0,Male,4,4851861.24,Heavy,Poorly-Lit,60 km/h
MMTI-2025-05103,Quezon,Jeepney,Head-on,3,Rainy,28.0,M,0,"PHP 1,358,680.91",Light,Well-Lit,60 kph
MMTI-2025-02226,Pasig,Car,Side-swipe,6,Clear,21.0,Male,3,130308.05,HEAVY,No Lights,40
MMTI-2025-10217,Quezon,Car,Head-on,3,Clear,44.0,Male,0,97015.23,,Well-Lit,60
MMTI-2025-17123,Pasig,Truck,Rear-end,Risk Level 3,Clear,51.0,Male,0,339.6k,,Well-Lit,60
MMTI-2025-09798,Manila,Motorcycle,Side-swipe,2,Cloudy,52.0,Male,0,210825.1,Moderate,Unlit,60
MMTI-2025-16250,,Bus,Rear-end,3,Cloudy,50.0,Male,0,1367.9k,Light,Well-Lit,40
MMTI-2025-09089,Pasig,Car,Rear-end,2.0,Clear,30.0,Male,0,131305.84,Light,Well-Lit,30
MMTI-2025-06009,CALOOCAN ,Truck,Rear-end,3,Storm,32.0,Female,0,715609.26,,Well-Lit,60
MMTI-2025-10895,Pasay,,Rear-end,3,Clear,61.0,Male,0,81359.95,Moderate,Unlit,80
MMTI-2025-08202,Quezon,Motorcycle,Hit and Run,4,Stormy,53.0,Female,2,99999999,MODERATE,Poorly-Lit,30
MMTI-2025-11412,Pasig,Truck,Head-on,3,Clear,37.0,Male,0,,Moderate,dark,60
MMTI-2025-03464,Mandaluyong,Car,Head-on,3,Clear,46.0,Male,0,78848.07,Heavy,Unlit,60 kph
MMTI-2025-11499,Manila,Car,Side-swipe,3,Cloudy,26.0,Male,0,177066.21,Moderate,Well-Lit,60
MMTI-2025-17204,Pasig,Motorcycle,Hit and Run,3,,54.0,Female,0,50464.46,Heavy,POOR,60 km/h
MMTI-2025-18246,Taguig,Car,Rear-end,3,Cloudy,36.0,Male,0,291095.39,Heavy,Well-Lit,80
MMTI-2025-05240,Paranaque,Motorcycle,Rear-end,3,Clear,50.0,Male,0,98905.94,Heavy,dark,40 km/h
MMTI-2025-15912,,Bus,Side-swipe,Risk Level 1,Clear,55.0,Female,0,382543.68,Light,Well-Lit,60 km/h
MMTI-2025-03771,Pateros,Jeepney,Hit and Run,,Clear,54.0,Male,0,42085.75,,well lit,40
MMTI-2025-07274,Caloocan,Car,Side-swipe,3,Clear,27.0,Male,0,42016.55,Heavy,Poorly-Lit,60 km/h
MMTI-2025-09755,Paranaque,Truck,Rear-end,4,Clear,48.0,Male,4,114751.47,Heavy,Well-Lit,60 km/h
MMTI-2025-08517,Mandaluyong,SUV/Van,Rear-end,3,Clear,43.0,Unknown,0,"PHP 73,596.89",Heavy,Poorly-Lit,60
MMTI-2025-10777,Muntinlupa,Car,Rear-end,Risk Level 3,Clear,41.0,Male,1,53964.65,Moderate,dark,60
MMTI-2025-14149,Quezon,Car,Head-on,3,Stormy,68.0,Female,0,1797056.5,Moderate,Poorly-Lit,60
MMTI-2025-08234,,Bus,Side-swipe,3,Rain,36.0,Male,0,1452345.74,Heavy,Well-Lit,80
MMTI-2025-10574,Pasig,SUV/Van,Side-swipe,2,Clear,46.0,Male,3,"PHP 129,566.74",Moderate,Poorly-Lit,60
MMTI-2025-03436,,Jeepney,Side-swipe,,Cloudy,46.0,Male,0,23174.89,Heavy,Well-Lit,60
MMTI-2025-19972,Makati,Jeepney,Hit and Run,2.0,Cloudy,38.0,Female,0,231979.84,Heavy,Well-Lit,60 km/h
MMTI-2025-07552,Taguig,Truck,Rear-end,6.0,Cloudy,47.0,Male,2,328711.02,Moderate,Well-Lit,40
MMTI-2025-22208,Quezon,Car,Rear-end,6.0,Rainy,43.0,Male,1,1341215.41,Light,Well-Lit,30
MMTI-2025-21672,Navotas,,Side-swipe,3.0,Rain,44.0,female ,0,118422.79,Light,Well-Lit,60
MMTI-2025-09722,Quezon,Car,Hit and Run,Risk Level 3,Rainy,0.0,Male,0,911321.77,Heavy,Well-Lit,60
MMTI-2025-20392,Muntinlupa,Car,Hit and Run,3,Clear,,Male,0,65406.38,Moderate,Poorly-Lit,60
MMTI-2025-04446,San Juan,Car,Hit and Run,6,Clear,26.0,Male,3,39547.85,Heavy,Poorly-Lit,60
MMTI-2025-02838,Marikina,SUV/Van,Rear-end,Risk Level 3,Clear,26.0,Male,0,60881.51,Heavy,Poorly-Lit,60
MMTI-2025-05913,Marikina,Car,Rear-end,3,Clear,43.0,Male,0,64159.8,HEAVY,Poorly-Lit,40
MMTI-2025-05032,Manila,Truck,Head-on,,Clear,41.0,Male,0,144307.91,Heavy,Well-Lit,60 kph
MMTI-2025-17255,Quezon,Jeepney,Side-swipe,Risk Level 3,Cloudy,47.0,Male,0,,Moderate,Poorly-Lit,80
MMTI-2025-21403,Caloocan,Truck,Head-on,3.0,Clear,28.0,Male,0,44656.87,Moderate,Well-Lit,100
MMTI-2025-02933,,SUV/Van,Head-on,6.0,Rain,21.0,Unknown,2,1115024.53,Moderate,Well-Lit,80
MMTI-2025-04109,Manila,Bus,Hit and Run,3.0,Rain,40.0,Male,0,,Heavy,well lit,60 km/h
MMTI-2025-05318,Manila,Car,Rear-end,3,,31.0,Male,0,74292.23,Light,Well-Lit,60
MMTI-2025-15516,,Bus,Side-swipe,1,Clear,29.0,Male,0,106418.54,Light,Well-Lit,60
MMTI-2025-06429,Quezon,Car,Head-on,3.0,Rainy,53.0,Female,0,1675028.79,Heavy,Poorly-Lit,80
MMTI-2025-14239,Mandaluyong,Car,Rear-end,3,Rain,,Male,0,167033.76,Heavy,Well-Lit,100 km/h
MMTI-2025-15734,Makati,Motorcycle,Head-on,2.0,Cloudy,30.0,Female,0,260503.93,Moderate,Poorly-Lit,80
MMTI-2025-08270,MANILA,SUV/Van,Side-swipe,3,,27.0,Male,0,129388.01,Heavy,Well-Lit,60 kph
MMTI-2025-19753,Manila,,Side-swipe,2.0,,32.0,Male,0,"PHP 98,506.72",Moderate,Well-Lit,100
MMTI-2025-11960,Quezon,SUV/Van,Rear-end,3,Cloudy,42.0,Male,0,475.9k,Heavy,Well-Lit,40 km/h
MMTI-2025-13935,Pasig,SUV/Van,Side-swipe,3,Clear,39.0,Male,0,150054.65,Heavy,Well-Lit,60
MMTI-2025-11630,MARIKINA ,Jeepney,Rear-end,3,,37.0,Male,0,71222.85,Heavy,Well-Lit,40 kph
MMTI-2025-20442,,SUV/Van,Side-swipe,3,Clear,28.0,male,0,349968.57,Moderate,Well-Lit,60
MMTI-2025-21654,Taguig,Bus,Side-swipe,Risk Level 3,Clear,66.0,Male,0,,Heavy,Well-Lit,100
MMTI-2025-03815,Mandaluyong,,Rear-end,3.0,Clear,35.0,Male,0,63817.46,Heavy,Well-Lit,30
MMTI-2025-07668,Paranaque,,Side-swipe,Risk Level 3,Clear,36.0,Female,0,92588.42,Heavy,Poorly-Lit,60 kph
MMTI-2025-13913,Taguig,SUV/Van,Side-swipe,Risk Level 3,Cloudy,150.0,Female,0,282823.35,Heavy,Poorly-Lit,60 kph
MMTI-2025-21281,Muntinlupa,Car,Hit and Run,Risk Level 3,Clear,49.0,Female,0,52910.37,Heavy,Poorly-Lit,100
MMTI-2025-04801,Quezon,Truck,Head-on,6,Cloudy,45.0,Male,3,502069.3,Light,Well-Lit,40
MMTI-2025-03215,Quezon,Motorcycle,Hit and Run,3,Rainy,42.0,Male,0,759391.88,Light,Poorly-Lit,80
MMTI-2025-16112,Muntinlupa,Car,Rear-end,3,Clear,46.0,Male,0,54555.1,Moderate,Poorly-Lit,40 km/h
MMTI-2025-04191,Las Pinas,Car,Head-on,Risk Level 3,Clear,36.0,Male,0,84766.4,Moderate,Well-Lit,40
MMTI-2025-15959,Manila,Jeepney,Side-swipe,1,Clear,26.0,Male,0,,Moderate,Poorly-Lit,60 km/h
MMTI-2025-07644,Muntinlupa,SUV/Van,Hit and Run,3,Clear,24.0,Male,0,53012.9,Moderate,Well-Lit,40
MMTI-2025-11964,Quezon,SUV/Van,Rear-end,3.0,Clear,,Male,0,"PHP 383,743.04",Heavy,Well-Lit,60 km/h
MMTI-2025-16430,,Car,Head-on,,Rain,21.0,Male,0,78782.95,Moderate,No Lights,40
MMTI-2025-10572,Quezon,Car,Hit and Run,3,Cloudy,24.0,Male,0,445197.79,Heavy,Well-Lit,60 km/h
MMTI-2025-13823,Pasay,Motorcycle,Hit and Run,3.0,Clear,40.0,Female,0,50570.79,Heavy,Well-Lit,60
MMTI-2025-02760,Taguig,Jeepney,Side-swipe,2,,61.0,Male,0,"PHP 32,011.72",Heavy,Well-Lit,30 km/h
MMTI-2025-17468,Makati,SUV/Van,Head-on,3,Clear,,Male,0,383188.64,Heavy,Poorly-Lit,60 kph
MMTI-2025-00636,Quezon,Car,Rear-end,3.0,Rainy,45.0,Male,0,1198762.31,Moderate,Well-Lit,30
MMTI-2025-18573,San Juan,Car,Hit and Run,Risk Level 3,Clear,27.0,Male,0,40692.5,Light,Well-Lit,60
MMTI-2025-22255,Quezon,Car,Side-swipe,3,Rainy,43.0,Female,0,635531.53,Heavy,Well-Lit,60 km/h
MMTI-2025-06027,Caloocan,,Hit and Run,3,Clear,26.0,Female,0,170639.68,Heavy,Well-Lit,60 km/h
MMTI-2025-04529,Pasig,Truck,Rear-end,3,,43.0,Male,0,,Moderate,Poorly-Lit,60
MMTI-2025-17550,Quezon,Car,Rear-end,3,Rainy,51.0,Male,0,928057.49,Moderate,Unlit,80
MMTI-2025-18405,Pasig,Motorcycle,Rear-end,2,Clear,22.0,Female,0,134459.44,Heavy,Poorly-Lit,60
MMTI-2025-20138,Manila,Car,Head-on,Risk Level 3,Cloudy,35.0,Female,0,,Heavy,Well-Lit,60 km/h
MMTI-2025-09350,Quezon,,Side-swipe,3,Clear,37.0,Male,0,210558.24,Heavy,Well-Lit,60 kph
MMTI-2025-10931,Manila,Car,Rear-end,3,Cloudy,23.0,Male,0,210422.61,Moderate,Well-Lit,60
MMTI-2025-18423,Makati,SUV/Van,Rear-end,3.0,,36.0,F,0,"PHP 219,642.84",Heavy,Poorly-Lit,80
MMTI-2025-15174,Las Pinas,Motorcycle,Rear-end,3,Clear,17.0,Male,0,87873.81,Heavy,Well-Lit,80
MMTI-2025-02721,Quezon,Motorcycle,Head-on,Risk Level 2,Cloudy,55.0,Male,0,505639.15,Heavy,Poorly-Lit,30 km/h
MMTI-2025-14413,Quezon,,Rear-end,,Clear,19.0,Male,0,32313.63,HEAVY,Well-Lit,80
MMTI-2025-03549,San Juan,Truck,Head-on,,Clear,30.0,Male,0,,Heavy,well lit,100
MMTI-2025-20537,Muntinlupa,Car,Side-swipe,4,Clear,62.0,Male,1,54836.44,Light,Poorly-Lit,80
MMTI-2025-10396,Quezon,Car,Rear-end,3.0,Rainy,31.0,Male,0,950233.62,Moderate,Poorly-Lit,80
MMTI-2025-00176,Quezon,Car,Hit and Run,6.0,Rainy,37.0,Male,3,1091668.83,Heavy,Unlit,80
MMTI-2025-10088,Las Pinas,Truck,Rear-end,Risk Level 1,Clear,23.0,Male,0,85891.54,Moderate,Lit,60 km/h
MMTI-2025-12997,Quezon,Car,Head-on,Risk Level 3,Cloudy,45.0,Female,0,445396.43,Heavy,Well-Lit,60
MMTI-2025-02319,Manila,Motorcycle,Side-swipe,6,Cloudy,51.0,Male,2,185797.58,Heavy,Well-Lit,60
MMTI-2025-05330,,SUV/Van,Hit and Run,3,Clear,38.0,Male,0,265913.99,Heavy,Well-Lit,60
MMTI-2025-14560,Muntinlupa,Motorcycle,Head-on,Risk Level 3,,31.0,Male,0,39172.91,Moderate,Well-Lit,30
MMTI-2025-06226,Pasig,Motorcycle,Rear-end,2,Clear,45.0,Male,0,10128.88,,Lit,40
MMTI-2025-18036,Marikina,Car,Head-on,3.0,Clear,24.0,Male,0,60228.11,Moderate,No Lights,60
MMTI-2025-14157,Pasig,Truck,Rear-end,3.0,Clear,30.0,Male,0,135325.94,Moderate,Well-Lit,80 kph
MMTI-2025-10779,Pasay,Bus,Hit and Run,3,Storm,34.0,Male,0,,Light,Unlit,60
MMTI-2025-09498,,SUV/Van,Side-swipe,3,Rain,44.0,Male,0,"PHP 66,900.89",Heavy,Poorly-Lit,60
MMTI-2025-04868,Manila,Jeepney,Rear-end,3.0,Clear,26.0,Male,0,,Moderate,Well-Lit,80
MMTI-2025-18543,Makati,,Rear-end,3.0,Clear,39.0,Male,0,,HEAVY,Well-Lit,80
MMTI-2025-21984,Quezon,Truck,Side-swipe,,Rain,33.0,Male,0,360986.04,Heavy,Well-Lit,60
MMTI-2025-02751,Manila,Motorcycle,Rear-end,6.0,Clear,35.0,Male,4,134047.06,,well lit,40
MMTI-2025-17447,Makati,,Head-on,2.0,Rain,45.0,Male,0,"PHP 69,619.12",Moderate,Well-Lit,40
MMTI-2025-09987,,Bus,Rear-end,,Clear,25.0,Male,0,292334.97,Heavy,Well-Lit,60
MMTI-2025-16902,Paranaque,Motorcycle,Hit and Run,2,Clear,19.0,Male,0,108032.85,Heavy,Well-Lit,80
MMTI-2025-13383,Las Pinas,Car,Rear-end,2,Clear,46.0,Female,0,91134.88,LIGHT,No Lights,40
MMTI-2025-07737,Mandaluyong,SUV/Van,Rear-end,3,Clear,40.0,Male,0,73302.88,Heavy,POOR,60
MMTI-2025-05740,,Bus,Hit and Run,Risk Level 3,Clear,45.0,Male,0,721636.82,,Well-Lit,80
MMTI-2025-09870,Quezon,Car,Side-swipe,3,Rainy,33.0,Male,0,983772.05,Heavy,Well-Lit,60
MMTI-2025-00065,QUEZON ,Jeepney,Side-swipe,3.0,Clear,,female ,0,20286.46,Heavy,Lit,80
MMTI-2025-16883,Quezon,Car,Head-on,,Rain,31.0,Female,0,57743.4,Light,well lit,100
MMTI-2025-11927,,Car,Rear-end,3,Clear,48.0,Male,0,180286.43,Heavy,Well-Lit,60 kph
MMTI-2025-15649,Las Pinas,Car,Hit and Run,,Clear,46.0,Male,0,38205.13,Heavy,Poorly-Lit,60
MMTI-2025-00162,Quezon,SUV/Van,Hit and Run,3.0,Rainy,39.0,Male,0,897.0k,Heavy,Well-Lit,60
MMTI-2025-01370,Manila,Truck,Hit and Run,6,Clear,25.0,Female,1,1991869.37,,well lit,40
MMTI-2025-16510,Taguig,Jeepney,Hit and Run,Risk Level 3,Cloudy,30.0,Unknown,0,"PHP 298,883.33",Heavy,Poorly-Lit,40
MMTI-2025-10658,Paranaque,SUV/Van,Rear-end,3,Clear,38.0,Male,0,117009.35,Heavy,Well-Lit,60
MMTI-2025-01816,Taguig,Car,Rear-end,2,Cloudy,40.0,Male,0,318516.37,Heavy,Well-Lit,80
MMTI-2025-12371,Makati,Car,Head-on,3,Cloudy,60.0,Male,0,264517.4,Moderate,No Lights,40
MMTI-2025-21656,Manila,Car,Rear-end,3.0,Clear,41.0,Male,0,163917.65,Heavy,Poorly-Lit,40
MMTI-2025-10691,Quezon,Truck,Rear-end,3,Rainy,21.0,Female,0,1149247.71,Heavy,Well-Lit,30 km/h
MMTI-2025-22591,Quezon,Truck,Hit and Run,3,,21.0,Male,0,977768.9,Moderate,dark,80
MMTI-2025-10929,Quezon,Truck,Rear-end,Risk Level 3,Rainy,32.0,Male,0,1207699.88,Heavy,Well-Lit,60
MMTI-2025-15793,Manila,Bus,Side-swipe,,,22.0,Male,0,230317.26,Heavy,Well-Lit,40 km/h