Incident_ID,City,Vehicle_Type,Accident_Type,Severity,Weather_Condition,Driver_Age,Driver_Gender,Injury_Count,Damage_Cost_PHP,Traffic_Volume,Road_Lighting,Speed_Limit
MMTI-2025-23082,Pasig,Truck,Side-swipe,3,Clear,55.0,Female,0,,Heavy,Well-Lit,40 km/h
MMTI-2025-04465,Pasay,Bus,Rear-end,3,Cloudy,,Female,0,285063.51,Moderate,Well-Lit,60 km/h
MMTI-2025-07344,MARIKINA ,SUV/Van,Side-swipe,3.0,Storm,,Male,0,436965.84,Heavy,Well-Lit,60
MMTI-2025-16553,Manila,SUV/Van,Side-swipe,2,Clear,46.0,Female,0,,Moderate,Poorly-Lit,30 km/h
MMTI-2025-03694,Taguig,Jeepney,Rear-end,3,Cloudy,44.0,Male,0,281156.73,Heavy,Poorly-Lit,40 kph
MMTI-2025-15592,Manila,Car,Hit and Run,Risk Level 6,Cloudy,19.0,Male,4,203837.34,Moderate,Unlit,60
MMTI-2025-08552,Taguig,Motorcycle,Hit and Run,3.0,,33.0,Male,0,9371.5,Moderate,Well-Lit,30
MMTI-2025-23065,San Juan,SUV/Van,Head-on,3,Clear,38.0,Male,0,40768.47,Light,Poorly-Lit,60
MMTI-2025-22531,Taguig,Motorcycle,Hit and Run,2.0,Cloudy,31.0,Male,0,282036.03,Heavy,Well-Lit,60
MMTI-2025-19928,Las Pinas,Car,Head-on,3,Clear,22.0,M,0,96734.01,Heavy,Poorly-Lit,60 km/h
MMTI-2025-02591,Caloocan,Car,Hit and Run,Risk Level 2,Clear,47.0,Male,0,42045.37,HEAVY,dark,30
MMTI-2025-10999,Quezon,Car,Hit and Run,6.0,Stormy,46.0,Male,1,2001586.78,Heavy,No Lights,80
MMTI-2025-14321,Manila,Motorcycle,Side-swipe,6,,50.0,Male,2,82829.95,Heavy,Well-Lit,80
MMTI-2025-13823,Manila,Jeepney,Hit and Run,3,Rain,47.0,Female,0,87830.13,,Poorly-Lit,60
MMTI-2025-15067,Quezon,Car,Hit and Run,6.0,Stormy,27.0,Male,3,4229564.43,Light,Lit,100
MMTI-2025-04441,Pasay,Motorcycle,Head-on,Risk Level 3,Clear,43.0,Male,0,49228.65,Heavy,Lit,60
MMTI-2025-14790,Makati,Motorcycle,Rear-end,4.0,Cloudy,28.0,Male,1,249165.15,MODERATE,Well-Lit,80
MMTI-2025-14702,Muntinlupa,Car,Head-on,3.0,Clear,38.0,Male,0,52343.02,Heavy,Poorly-Lit,80
MMTI-2025-08279,Pasay,Car,Rear-end,4.0,,,Male,3,153658.66,Heavy,Well-Lit,60 km/h
MMTI-2025-22790,Quezon,Car,Hit and Run,Risk Level 6,Rainy,24.0,Male,3,1003775.43,LIGHT,Well-Lit,60
MMTI-2025-12632,Makati,Motorcycle,Head-on,2,Cloudy,22.0,Male,0,246.2k,Light,No Lights,40 kph
MMTI-2025-22438,Quezon,Truck,Side-swipe,2,Rain,,Male,0,535.5k,Light,Well-Lit,60
MMTI-2025-22601,,SUV/Van,Side-swipe,2,Clear,-10.0,Male,0,157128.45,Light,Poorly-Lit,30
MMTI-2025-05810,Muntinlupa,Motorcycle,Head-on,3,Clear,33.0,Male,0,57560.39,Heavy,Poorly-Lit,100
MMTI-2025-01950,Caloocan,Bus,Head-on,6,Clear,29.0,Female,2,,Heavy,Well-Lit,40
MMTI-2025-11676,Makati,SUV/Van,Head-on,6,Clear,17.0,male,3,267403.67,,Well-Lit,60
MMTI-2025-13120,Quezon,Motorcycle,Rear-end,3.0,Rainy,37.0,Male,0,"PHP 905,090.93",Heavy,Well-Lit,40
MMTI-2025-04553,Quezon,Motorcycle,Head-on,Risk Level 3,Clear,,Male,0,"PHP 22,463.35",Heavy,Poorly-Lit,60
MMTI-2025-23580,QUEZON ,Truck,Head-on,3,Clear,,F,0,1934569.47,Light,No Lights,80
MMTI-2025-00953,SAN JUAN ,Motorcycle,Side-swipe,3,Storm,33.0,F,0,,Heavy,Well-Lit,60 km/h
MMTI-2025-12958,Taguig,Motorcycle,Head-on,3,Cloudy,57.0,Male,0,299182.94,Heavy,Well-Lit,60
MMTI-2025-01117,Quezon,Jeepney,Side-swipe,Risk Level 6,Cloudy,31.0,Male,3,404063.12,Light,Well-Lit,40
MMTI-2025-22711,Taguig,Truck,Rear-end,3.0,Cloudy,63.0,Male,0,284434.23,Heavy,Poorly-Lit,60 kph
MMTI-2025-17647,Taguig,Car,Hit and Run,Risk Level 3,Cloudy,40.0,Male,0,"PHP 288,525.57",Light,Lit,60
MMTI-2025-07452,,Bus,Head-on,2,Clear,38.0,male,0,172610.68,Heavy,Lit,60
MMTI-2025-20352,Quezon,SUV/Van,Head-on,6,Cloudy,24.0,male,4,380720.02,Moderate,Poorly-Lit,80
MMTI-2025-02315,Manila,Car,Hit and Run,2,Cloudy,23.0,Female,0,168787.82,Moderate,Well-Lit,60
MMTI-2025-18622,Pasig,SUV/Van,Hit and Run,2,Clear,30.0,Male,0,124.3k,Heavy,Well-Lit,30 kph
MMTI-2025-03179,Caloocan,Jeepney,Hit and Run,3.0,,48.0,Male,0,90034.61,Heavy,dark,40
MMTI-2025-03991,MANILA ,Jeepney,Rear-end,2,Storm,33.0,Female,0,8298.21,,Poorly-Lit,60
MMTI-2025-09878,Quezon,Car,Head-on,Risk Level 3,Rainy,21.0,Male,0,846957.54,HEAVY,Poorly-Lit,40
MMTI-2025-15802,Muntinlupa,,Hit and Run,6.0,Clear,30.0,Male,3,378574.33,,Poorly-Lit,60 kph
MMTI-2025-14899,Muntinlupa,Motorcycle,Head-on,3,Clear,60.0,Male,0,52363.46,Heavy,Well-Lit,60
MMTI-2025-10098,Quezon,Car,Hit and Run,2,Rainy,37.0,Male,0,657069.56,Heavy,Well-Lit,60 km/h
MMTI-2025-06451, pasay ,SUV/Van,Hit and Run,,Clear,51.0,Male,0,99220.49,Light,Well-Lit,60
MMTI-2025-00439,Quezon,Bus,Hit and Run,,Clear,23.0,Female,0,223588.59,Heavy,Lit,60 km/h
MMTI-2025-02346,,Bus,Rear-end,6.0,Rain,35.0,Male,4,1177822.16,Heavy,Well-Lit,60
MMTI-2025-03908,Pasig,Jeepney,Rear-end,3.0,Cloudy,40.0,Male,0,,HEAVY,Well-Lit,40 km/h
MMTI-2025-14658,,SUV/Van,Rear-end,3,Rain,44.0,Male,0,185955.65,HEAVY,Well-Lit,100 km/h
MMTI-2025-03300,Manila,Motorcycle,Side-swipe,3,Cloudy,36.0,Male,0,210090.32,Heavy,Well-Lit,40
MMTI-2025-20639,,Truck,Side-swipe,3,Clear,41.0,Male,0,1842.8k,Heavy,Well-Lit,60
MMTI-2025-22761,QUEZON ,Jeepney,Rear-end,3,Clear,28.0,Male,0,,Heavy,well lit,60
MMTI-2025-12479,Caloocan,SUV/Van,Head-on,3,Clear,42.0,Male,0,43104.77,Heavy,Lit,80
MMTI-2025-16229,Quezon,Jeepney,Hit and Run,Risk Level 6,,48.0,Male,4,204317.48,Heavy,Unlit,40 kph
MMTI-2025-08357,Quezon,Motorcycle,Head-on,6.0,Cloudy,42.0,Female,4,358521.31,Heavy,No Lights,60
MMTI-2025-22047,Marikina,,Head-on,3,Clear,38.0,Male,0,,Heavy,Poorly-Lit,80
MMTI-2025-18662,Pasay,SUV/Van,Hit and Run,3,Clear,48.0,Male,0,48547.11,Moderate,Poorly-Lit,40
MMTI-2025-21607,Makati,Car,Head-on,Risk Level 3,Cloudy,29.0,Male,0,267667.13,Heavy,Well-Lit,60
MMTI-2025-15702,Paranaque,Car,Head-on,3,Clear,40.0,Male,0,112815.09,Heavy,Well-Lit,60 km/h
MMTI-2025-03141,Taguig,SUV/Van,Head-on,3,Cloudy,33.0,Female,0,297993.52,Heavy,Well-Lit,60
MMTI-2025-08147,Taguig,Car,Hit and Run,3,Cloudy,48.0,Female,0,297603.83,Moderate,Poorly-Lit,80
MMTI-2025-12256,Quezon,Car,Head-on,6,Rainy,45.0,Male,2,1274922.05,LIGHT,Unlit,60 kph
MMTI-2025-08534,Quezon,Car,Head-on,2.0,Clear,,Female,0,64870.29,Heavy,Poorly-Lit,60
MMTI-2025-18366,Muntinlupa,,Hit and Run,6,Clear,44.0,male,1,359115.76,Moderate,Well-Lit,60
MMTI-2025-22244,,Jeepney,Side-swipe,Risk Level 6,Clear,41.0,Male,4,44339.24,Heavy,Well-Lit,40 km/h
MMTI-2025-16327,,Motorcycle,Head-on,3,Clear,36.0,Unknown,0,10.2k,Heavy,Well-Lit,60
MMTI-2025-13850,Pasig,Car,Hit and Run,3,Clear,39.0,Male,0,148936.23,MODERATE,Unlit,40
MMTI-2025-09300, navotas,SUV/Van,Side-swipe,3,Clear,23.0,Male,0,226.1k,,Unlit,100
MMTI-2025-01745,Mandaluyong,,Rear-end,3.0,Rain,34.0,Male,0,130481.19,,Poorly-Lit,40
MMTI-2025-18738,Makati,SUV/Van,Rear-end,3,Cloudy,20.0,Female,0,235127.96,Heavy,Poorly-Lit,60
MMTI-2025-22770,Las Pinas,SUV/Van,Side-swipe,6.0,Clear,31.0,Female,3,622479.68,,Well-Lit,80
MMTI-2025-16517,Pasay,Car,Rear-end,3,Clear,36.0,Male,0,49728.5,Heavy,Lit,60 km/h
MMTI-2025-02066,Quezon,Car,Hit and Run,3,Stormy,33.0,Female,0,77777777,HEAVY,dark,60
MMTI-2025-21741,Quezon,Car,Rear-end,3,Rainy,28.0,Male,0,1123978.27,Heavy,Poorly-Lit,80 km/h
MMTI-2025-03330,Makati,Motorcycle,Side-swipe,3.0,,150.0,Male,0,35886.38,Heavy,Poorly-Lit,80
MMTI-2025-21615,Taguig,Motorcycle,Side-swipe,6,Cloudy,48.0,Male,1,299921.03,Moderate,Unlit,40
MMTI-2025-12734,Manila,Jeepney,Hit and Run,3,Cloudy,23.0,Female,0,200534.54,Heavy,Well-Lit,100
MMTI-2025-22008,Malabon,Jeepney,Head-on,3.0,,34.0,Female,0,75286.46,Heavy,Poorly-Lit,30
MMTI-2025-20229,Mandaluyong,Car,Head-on,3,Clear,22.0,Female,0,"PHP 79,338.17",Light,dark,60
MMTI-2025-08368,,,Rear-end,3.0,Clear,40.0,Male,0,,Moderate,Poorly-Lit,80
MMTI-2025-22830,,Bus,Hit and Run,Risk Level 3,Clear,47.0,M,0,-500,Moderate,Well-Lit,80 kph
MMTI-2025-20816,Quezon,SUV/Van,Hit and Run,3.0,Rainy,29.0,Male,0,1137586.06,Moderate,Poorly-Lit,80
MMTI-2025-04903,Quezon,Car,Side-swipe,3,Rainy,32.0,Male,0,743438.22,Moderate,Well-Lit,60
MMTI-2025-22431,Quezon,Car,Hit and Run,6.0,Stormy,19.0,Male,2,2260353.92,Moderate,Well-Lit,60
MMTI-2025-19224,PASAY ,Car,Rear-end,3,Rain,32.0,Female,0,,Heavy,Well-Lit,30
MMTI-2025-00724,Quezon,Car,Rear-end,,Clear,41.0,Male,0,56468.31,Heavy,Well-Lit,80
MMTI-2025-02289,Las Pinas,,Hit and Run,3,Rain,40.0,Male,0,189190.29,Heavy,Unlit,40
MMTI-2025-23566,Quezon,SUV/Van,Rear-end,3,Rainy,38.0,Male,0,752321.89,Heavy,Poorly-Lit,60
MMTI-2025-22939,Quezon,Car,Side-swipe,2,Cloudy,17.0,Female,0,531.8k,Heavy,Well-Lit,60
MMTI-2025-16426,Taguig,Motorcycle,Side-swipe,3,Cloudy,28.0,Male,0,291170.76,Heavy,Well-Lit,100
MMTI-2025-03497,Quezon,Car,Side-swipe,Risk Level 3,Cloudy,26.0,Male,0,380994.04,HEAVY,Well-Lit,100
MMTI-2025-05497, taguig,Truck,Side-swipe,Risk Level 3,,42.0,Male,0,942136.86,Moderate,Lit,60
MMTI-2025-04285,Quezon,Car,Rear-end,Risk Level 3,Rainy,42.0,female ,0,714544.12,Heavy,Well-Lit,60
MMTI-2025-06482,Quezon,Jeepney,Rear-end,3.0,Rainy,999.0,Male,0,815534.58,Heavy,Poorly-Lit,60
MMTI-2025-04182,Las Pinas,Car,Rear-end,3.0,Clear,30.0,Male,0,84685.7,Moderate,Well-Lit,60
MMTI-2025-13789, caloocan,Motorcycle,Rear-end,3.0,,,Male,0,77777777,Heavy,Unlit,60
MMTI-2025-19353,Manila,Motorcycle,Side-swipe,3,Clear,,Female,0,35549.49,Moderate,Lit,80 kph
MMTI-2025-10798,Caloocan,Car,Side-swipe,Risk Level 6,Clear,35.0,Male,4,41760.81,Heavy,Poorly-Lit,60
MMTI-2025-10310,Makati,Motorcycle,Rear-end,3,Cloudy,41.0,Male,0,240099.53,Heavy,POOR,30
MMTI-2025-05405,Manila,Car,Hit and Run,Risk Level 3,Cloudy,31.0,Male,0,"PHP 192,714.42",Heavy,No Lights,40 km/h
MMTI-2025-04276,,,Hit and Run,3,Cloudy,55.0,Male,0,124002.3,Heavy,POOR,30
MMTI-2025-13578,Manila,Motorcycle,Side-swipe,3,Cloudy,26.0,Male,0,168656.61,Heavy,Well-Lit,60
MMTI-2025-11463,Pasay,Motorcycle,Rear-end,3,Clear,48.0,Male,0,45466.81,Moderate,Well-Lit,60
MMTI-2025-03934,Manila,Car,Head-on,4,,31.0,Male,4,"PHP 140,321.61",Light,Well-Lit,80
MMTI-2025-02850,QUEZON ,SUV/Van,Hit and Run,6.0,,49.0,Female,4,668190.85,Heavy,Well-Lit,40 kph
MMTI-2025-03707,Taguig,Car,Side-swipe,3,Cloudy,36.0,Male,0,335707.2,Heavy,Well-Lit,30 kph
MMTI-2025-01840,Pasig,Car,Head-on,3,Clear,44.0,Male,0,135292.95,Light,Well-Lit,60
MMTI-2025-15427,Taguig,Car,Hit and Run,1,Cloudy,34.0,Male,0,328727.74,Light,Poorly-Lit,40 km/h
MMTI-2025-06067,Manila,SUV/Van,Hit and Run,3,Rain,51.0,Male,0,,Heavy,Well-Lit,60 kph
MMTI-2025-18753,Quezon,Motorcycle,Hit and Run,3,Rainy,53.0,Male,0,952009.05,Heavy,Lit,60 kph
MMTI-2025-05969,Las Pinas,Car,Head-on,Risk Level 2,Clear,34.0,Male,0,87697.29,Moderate,Well-Lit,30 km/h
MMTI-2025-17557,Muntinlupa,Car,Rear-end,6,Clear,28.0,Male,1,53085.16,Heavy,Poorly-Lit,60 km/h
MMTI-2025-17925,Quezon,Car,Head-on,Risk Level 3,Stormy,42.0,Male,0,77777777,Heavy,Poorly-Lit,60 km/h
MMTI-2025-08372,Quezon,Car,Head-on,,Cloudy,31.0,Male,0,"PHP 71,380.83",,Unlit,100 kph
MMTI-2025-08720,Quezon,Bus,Side-swipe,3,Clear,41.0,Male,0,,Moderate,Well-Lit,40
MMTI-2025-00537,Taguig,SUV/Van,Rear-end,3,,49.0,M,0,278781.07,Heavy,dark,80 km/h
MMTI-2025-01091,Las Pinas,Bus,Rear-end,,Clear,30.0,Male,0,112595.51,Heavy,Well-Lit,60
MMTI-2025-07070,Quezon,Car,Head-on,3,Rainy,32.0,Male,0,1207054.26,Light,Well-Lit,60
MMTI-2025-00542,Quezon,,Hit and Run,3,Clear,34.0,Male,0,160243.29,Heavy,Poorly-Lit,60
MMTI-2025-08888,Pasig,Car,Side-swipe,3,Clear,40.0,Male,0,133317.46,Moderate,Poorly-Lit,100
MMTI-2025-01485,,Motorcycle,Hit and Run,2,Clear,17.0,Male,0,13159.07,Heavy,Well-Lit,30
MMTI-2025-06772,Marikina,Car,Hit and Run,3.0,Clear,41.0,Male,0,60080.99,Heavy,Poorly-Lit,60
MMTI-2025-11911,Taguig,,Rear-end,6.0,Clear,22.0,Male,2,,Heavy,Well-Lit,60 kph
MMTI-2025-04334,,Bus,Hit and Run,3,Rain,39.0,Female,0,1080417.64,Heavy,Well-Lit,60 kph
MMTI-2025-17639,Manila,SUV/Van,Hit and Run,Risk Level 4,Clear,36.0,Male,1,,MODERATE,Poorly-Lit,40
MMTI-2025-22628, pasig,Bus,Hit and Run,,Rain,44.0,Female,0,206160.12,Heavy,Poorly-Lit,60
MMTI-2025-09134,Pasig,Car,Side-swipe,Risk Level 3,Clear,34.0,Male,0,"PHP 139,667.61",Heavy,Well-Lit,30
MMTI-2025-01326,Marikina,Car,Side-swipe,3,Clear,49.0,Male,0,62441.42,Moderate,Unlit,60
MMTI-2025-15251,Manila,SUV/Van,Side-swipe,3.0,Clear,50.0,female ,0,,Heavy,Poorly-Lit,60
MMTI-2025-19503,Manila,Motorcycle,Side-swipe,3,Cloudy,42.0,Male,0,196050.53,Heavy,Well-Lit,60
MMTI-2025-11883,Manila,Jeepney,Rear-end,3,Clear,31.0,Female,0,,Heavy,Poorly-Lit,60
MMTI-2025-06532,Pasig,SUV/Van,Head-on,6,Clear,32.0,Male,3,157817.96,Heavy,Well-Lit,60
MMTI-2025-12754,San Juan,SUV/Van,Side-swipe,3.0,Clear,48.0,Male,0,39156.16,Moderate,Well-Lit,40
MMTI-2025-15620,Las Pinas,Car,Rear-end,3,Clear,34.0,Male,0,93543.57,Heavy,Well-Lit,80
MMTI-2025-07676,Paranaque,Truck,Head-on,Risk Level 3,Clear,999.0,Female,0,98506.73,Moderate,Poorly-Lit,100 km/h
MMTI-2025-18159,Quezon,Motorcycle,Rear-end,Risk Level 2,Stormy,31.0,F,0,99999999,Heavy,Unlit,30
MMTI-2025-15031,Quezon,SUV/Van,Rear-end,3,Cloudy,51.0,Male,0,609322.72,Heavy,Well-Lit,60 kph
MMTI-2025-09503,Quezon,Car,Side-swipe,3,Rainy,39.0,Male,0,1350289.17,Light,Poorly-Lit,40
MMTI-2025-17059,San Juan,Car,Rear-end,3,Clear,41.0,Female,0,40054.01,Heavy,Well-Lit,60 km/h
MMTI-2025-02891,Mandaluyong,Truck,Rear-end,3.0,Clear,38.0,Female,0,72641.34,Heavy,well lit,30
MMTI-2025-10056,Marikina,Motorcycle,Side-swipe,3,Clear,17.0,Female,0,59123.55,Light,Poorly-Lit,60 kph
MMTI-2025-00927,Makati,Truck,Side-swipe,1.0,Cloudy,38.0,Male,0,161228.81,,Poorly-Lit,60
MMTI-2025-01993,Makati,Jeepney,Head-on,2,Clear,,F,0,35932.66,,Unlit,80
MMTI-2025-14063,Mandaluyong,Car,Rear-end,3.0,Clear,38.0,Female,0,"PHP 80,916.67",HEAVY,Well-Lit,60
MMTI-2025-08925,Pasay,Truck,Side-swipe,3.0,Clear,38.0,Male,0,47374.77,Heavy,Poorly-Lit,40
MMTI-2025-14075,,Motorcycle,Hit and Run,6.0,Cloudy,55.0,Male,4,74565.24,Heavy,Well-Lit,60 km/h
MMTI-2025-12303,,Motorcycle,Head-on,3.0,Cloudy,31.0,Male,0,32945.18,Moderate,Well-Lit,40
MMTI-2025-02092,Makati,Truck,Hit and Run,,Clear,34.0,Female,0,194111.52,Light,Poorly-Lit,60
MMTI-2025-03061,Muntinlupa,Motorcycle,Hit and Run,2,Clear,39.0,Male,0,53173.41,MODERATE,Poorly-Lit,40
MMTI-2025-03198,Makati,Car,Head-on,3,Cloudy,67.0,Female,0,248241.8,MODERATE,Unlit,40 km/h
MMTI-2025-07519,Manila,Bus,Head-on,Risk Level 4,Clear,24.0,female ,3,,Light,Well-Lit,60
MMTI-2025-10819,,Bus,Hit and Run,3,Rain,17.0,Female,0,,Heavy,Well-Lit,60
MMTI-2025-11243,Quezon,Car,Rear-end,6,Stormy,39.0,Male,2,3451105.4,Heavy,Well-Lit,40
MMTI-2025-08746,Pasay,Car,Hit and Run,2,Clear,17.0,Male,0,45841.56,Moderate,Poorly-Lit,80
MMTI-2025-13778,Manila,SUV/Van,Side-swipe,Risk Level 6,Clear,48.0,Male,2,689583.67,,Well-Lit,80 km/h
MMTI-2025-00444,Paranaque,Motorcycle,Hit and Run,Risk Level 3,Clear,45.0,Female,0,,HEAVY,Well-Lit,40
MMTI-2025-00178,Quezon,Motorcycle,Rear-end,6,Cloudy,48.0,Male,1,495937.42,Moderate,Well-Lit,40
MMTI-2025-18907,Taguig,Car,Rear-end,Risk Level 6,Cloudy,30.0,Male,4,281095.78,Heavy,Well-Lit,40
MMTI-2025-06226,Pasig,Motorcycle,Rear-end,2,Clear,45.0,Male,0,10128.88,,Lit,40
MMTI-2025-02055,Quezon,SUV/Van,Hit and Run,3.0,Rainy,27.0,Male,0,1322100.66,Moderate,Well-Lit,60
MMTI-2025-11151,Quezon,SUV/Van,Side-swipe,,Clear,40.0,Male,0,73775.47,Heavy,Well-Lit,80 km/h
MMTI-2025-11788,Manila,Bus,Side-swipe,3,Clear,24.0,Female,0,,,Well-Lit,80
MMTI-2025-22062,Manila,Truck,Rear-end,,Rain,39.0,Male,0,501588.93,Moderate,Poorly-Lit,60
MMTI-2025-05064,Quezon,Car,Rear-end,Risk Level 3,Rainy,23.0,Male,0,829959.13,Heavy,Unlit,80
MMTI-2025-10354,Caloocan,Car,Hit and Run,,Clear,31.0,Male,0,72208.2,Heavy,Well-Lit,80
MMTI-2025-20745,Manila,Car,Head-on,3,Cloudy,36.0,Male,0,172765.12,Heavy,Well-Lit,60
MMTI-2025-19113,,SUV/Van,Side-swipe,3,Rain,38.0,Male,0,"PHP 399,596.89",Heavy,Well-Lit,60 km/h
MMTI-2025-08145,Malabon,SUV/Van,Rear-end,3,Clear,31.0,Female,0,36.8k,Moderate,Unlit,40
MMTI-2025-05540,Quezon,Car,Side-swipe,6,Cloudy,45.0,Female,3,491872.45,Heavy,Well-Lit,60
MMTI-2025-11595,Quezon,Jeepney,Side-swipe,,Cloudy,48.0,Female,0,26130.1,Heavy,Well-Lit,60
MMTI-2025-08808,Quezon,Car,Head-on,3,Rainy,28.0,Male,0,"PHP 861,386.43",Moderate,Lit,60
MMTI-2025-18229,Pasig,Car,Rear-end,3,Clear,32.0,female ,0,160250.59,Moderate,No Lights,60 km/h
MMTI-2025-19602,Manila,Car,Side-swipe,3.0,Cloudy,33.0,Male,0,205720.22,Moderate,Poorly-Lit,30 km/h
MMTI-2025-11805,Navotas,Bus,Side-swipe,3,Rain,40.0,Male,0,,Heavy,Well-Lit,60
MMTI-2025-11506,Quezon,Motorcycle,Hit and Run,Risk Level 3,Rainy,27.0,Male,0,1033033.7,Heavy,Well-Lit,60
MMTI-2025-02592,Manila,SUV/Van,Side-swipe,6.0,Clear,42.0,Male,4,995915.62,,Poorly-Lit,30
MMTI-2025-01697, caloocan,Truck,Hit and Run,,Clear,45.0,Male,0,428623.03,Heavy,POOR,60 km/h
MMTI-2025-18659,Quezon,Motorcycle,Head-on,6,Stormy,21.0,Female,2,2733907.83,Heavy,Well-Lit,30
MMTI-2025-00327,Paranaque,Car,Side-swipe,3.0,Clear,43.0,Male,0,116819.52,Moderate,dark,60
MMTI-2025-08338,Quezon,Truck,Side-swipe,,Clear,50.0,Male,0,496321.98,Moderate,Unlit,60
MMTI-2025-23427,Quezon,SUV/Van,Head-on,3.0,Clear,,Male,0,200996.46,Heavy,Well-Lit,40 km/h
MMTI-2025-17493,MANILA ,Motorcycle,Head-on,3,Clear,29.0,F,0,,Heavy,Well-Lit,40 kph
MMTI-2025-10980,Quezon,Car,Head-on,3.0,Cloudy,34.0,Male,0,512438.11,HEAVY,Poorly-Lit,100
MMTI-2025-07365,Pasig,Car,Head-on,2,,29.0,Male,0,38634.85,Light,Poorly-Lit,60
MMTI-2025-11876,Quezon,Truck,Side-swipe,Risk Level 6,Cloudy,34.0,Male,4,567725.83,Moderate,well lit,80
MMTI-2025-06680,Quezon,Motorcycle,Hit and Run,9.0,Cloudy,32.0,Male,1,508732.95,Heavy,Unlit,60
MMTI-2025-12207,Makati,Car,Hit and Run,3.0,Cloudy,30.0,Male,0,230807.46,Heavy,Unlit,40
MMTI-2025-13779,Navotas,,Hit and Run,1.0,Clear,40.0,Male,0,"PHP 78,897.72",Moderate,Poorly-Lit,80 km/h
MMTI-2025-06964,San Juan,SUV/Van,Head-on,3,Clear,46.0,Male,0,38386.22,MODERATE,Unlit,40
MMTI-2025-15713,Quezon,Car,Head-on,Risk Level 3,,41.0,Male,0,38320.91,Heavy,Well-Lit,60
MMTI-2025-17761,Manila,Car,Hit and Run,,Clear,46.0,Male,0,61860.55,Moderate,Well-Lit,30 km/h
MMTI-2025-06251,Quezon,,Head-on,,Rain,48.0,Male,0,"PHP 94,961.14",Heavy,Well-Lit,60 kph
MMTI-2025-10796,Manila,Motorcycle,Rear-end,3,Cloudy,37.0,Male,0,"PHP 197,008.88",Heavy,Well-Lit,60
MMTI-2025-13087,Manila,Jeepney,Side-swipe,6,Rain,42.0,Male,4,,HEAVY,Well-Lit,60
MMTI-2025-13986,Manila,Car,Head-on,3,Clear,49.0,Male,0,164282.75,Heavy,Well-Lit,60
MMTI-2025-04448,San Juan,Car,Hit and Run,3,Clear,61.0,Male,0,38538.11,Heavy,dark,40
MMTI-2025-12337,Manila,Car,Side-swipe,6.0,Cloudy,31.0,female ,4,201495.57,Heavy,Poorly-Lit,60
MMTI-2025-10434,San Juan,Car,Hit and Run,3,Clear,21.0,Male,0,40006.93,Heavy,Well-Lit,60
MMTI-2025-06904,Taguig,SUV/Van,Hit and Run,3,Cloudy,41.0,Female,0,279210.3,Moderate,Well-Lit,60
MMTI-2025-21914,Quezon,Car,Side-swipe,6.0,Cloudy,21.0,female ,4,375812.26,Moderate,well lit,60 km/h
MMTI-2025-14893,Quezon,Car,Side-swipe,Risk Level 9,Rainy,31.0,Female,1,1495577.87,MODERATE,Poorly-Lit,40 kph
MMTI-2025-22069,Quezon,Bus,Side-swipe,,Clear,22.0,Male,0,63168.01,Heavy,Well-Lit,60
MMTI-2025-17348,,Motorcycle,Side-swipe,3.0,Cloudy,37.0,Male,0,"PHP 11,309.26",Moderate,Well-Lit,40
MMTI-2025-04794,Quezon,Car,Head-on,6,Stormy,57.0,Unknown,2,1917601.51,Heavy,Poorly-Lit,60
MMTI-2025-03757,Quezon,Motorcycle,Rear-end,3,Rainy,47.0,Male,0,"PHP 999,380.27",MODERATE,Unlit,60
MMTI-2025-06777,Makati,Car,Side-swipe,3.0,Rain,17.0,Male,0,,Moderate,Well-Lit,40
MMTI-2025-07564,Quezon,Car,Head-on,3.0,Rainy,36.0,Male,0,1283.7k,Heavy,Well-Lit,60 kph
MMTI-2025-02209,Manila,Motorcycle,Rear-end,6,Cloudy,36.0,Male,4,176001.2,Moderate,Well-Lit,60
MMTI-2025-01830,MAKATI ,,Hit and Run,6,Cloudy,49.0,Female,4,581161.07,Heavy,Well-Lit,60
MMTI-2025-13335,Muntinlupa,Jeepney,Hit and Run,Risk Level 3,Clear,62.0,Male,0,51749.04,Heavy,Well-Lit,40 kph
MMTI-2025-01030,Las Pinas,Truck,Hit and Run,4,Clear,21.0,Male,2,81445.91,Light,well lit,60
MMTI-2025-20770,Quezon,SUV/Van,Hit and Run,3,Rain,48.0,M,0,,Heavy,No Lights,60
MMTI-2025-07921,Quezon,Jeepney,Side-swipe,Risk Level 3,Cloudy,26.0,M,0,544157.18,Heavy,Well-Lit,60 km/h
MMTI-2025-08192,Quezon,Car,Side-swipe,3,Rainy,33.0,Male,0,1080811.41,Heavy,Poorly-Lit,80
MMTI-2025-21576,Quezon,Car,Rear-end,3.0,Rainy,17.0,Female,0,1320182.03,Heavy,Poorly-Lit,40
MMTI-2025-01031,Makati,Jeepney,Hit and Run,,Rain,17.0,Male,0,22236.79,Heavy,Well-Lit,60
MMTI-2025-20026,Makati,Truck,Rear-end,3,Cloudy,36.0,Male,0,257722.94,Heavy,Well-Lit,100
MMTI-2025-00766,PASAY ,Jeepney,Side-swipe,,Storm,43.0,Male,0,7178.05,Heavy,Well-Lit,40
MMTI-2025-03682,Malabon,Bus,Head-on,Risk Level 3,Clear,57.0,Unknown,0,,Heavy,Well-Lit,80
MMTI-2025-10394, manila,Car,Hit and Run,2,Clear,0.0,Male,0,19810.19,,Poorly-Lit,60