Incident_ID,City,Vehicle_Type,Accident_Type,Severity,Weather_Condition,Driver_Age,Driver_Gender,Injury_Count,Damage_Cost_PHP,Traffic_Volume,Road_Lighting,Speed_Limit
MMTI-2025-00942,Quezon,Car,Side-swipe,3.0,Rainy,37.0,Male,0,786767.45,Heavy,Well-Lit,80
MMTI-2025-17308,Quezon,,Head-on,,Rain,30.0,Male,0,-500,Heavy,Well-Lit,40
MMTI-2025-03075,Quezon,SUV/Van,Side-swipe,3.0,Rainy,41.0,Female,0,1236736.2,Heavy,dark,40 kph
MMTI-2025-15192,Las Pinas,Jeepney,Side-swipe,3,Clear,,Male,0,104504.52,Heavy,Well-Lit,60
MMTI-2025-16299,San Juan,Truck,Side-swipe,6.0,Rain,,Male,1,0,Heavy,Poorly-Lit,60
MMTI-2025-10483,Pasay,Car,Rear-end,3,Clear,35.0,Male,0,45401.26,Heavy,Well-Lit,80
MMTI-2025-20837,Makati,,Hit and Run,3,Rain,,M,0,55115.43,HEAVY,well lit,40 km/h
MMTI-2025-03493,Makati,Car,Hit and Run,Risk Level 3,Cloudy,39.0,Male,0,215301.22,MODERATE,Poorly-Lit,60
MMTI-2025-05599,Muntinlupa,Jeepney,Side-swipe,Risk Level 3,Clear,36.0,Male,0,53553.06,Moderate,Well-Lit,30 km/h
MMTI-2025-10849,Manila,Car,Rear-end,3,Clear,47.0,Male,0,"PHP 179,733.56",,Poorly-Lit,60 km/h
MMTI-2025-14990,Paranaque,Car,Side-swipe,3,Clear,37.0,Female,0,106976.4,Light,Unlit,80 km/h
MMTI-2025-16486,Quezon,Car,Side-swipe,3,Rainy,33.0,Female,0,929230.98,Moderate,Poorly-Lit,30
MMTI-2025-21565,Pasig,Motorcycle,Hit and Run,3.0,,49.0,Female,0,14182.25,HEAVY,Well-Lit,60
MMTI-2025-19761,Manila,Bus,Head-on,3,Clear,42.0,Male,0,298316.16,,Well-Lit,80
MMTI-2025-09548, makati,Truck,Head-on,3.0,Clear,47.0,Male,0,,Light,Well-Lit,60
MMTI-2025-08117,,Motorcycle,Rear-end,3.0,Clear,41.0,Male,0,"PHP 47,104.19",Heavy,Well-Lit,60
MMTI-2025-18135,Quezon,Motorcycle,Side-swipe,Risk Level 3,Cloudy,19.0,Female,0,353132.64,Light,Well-Lit,60
MMTI-2025-05901,Manila,Bus,Head-on,3.0,Clear,35.0,Female,0,,Heavy,Well-Lit,100
MMTI-2025-04402,Quezon,Car,Head-on,3,Rainy,36.0,Female,0,1110084.5,HEAVY,Well-Lit,40
MMTI-2025-23258,,SUV/Van,Hit and Run,3,Clear,50.0,Male,0,351605.84,Heavy,Well-Lit,30
MMTI-2025-22918,Paranaque,Car,Hit and Run,3,Clear,22.0,Male,0,99442.14,Heavy,Well-Lit,60
MMTI-2025-04684,Quezon,Car,Side-swipe,Risk Level 6,Stormy,17.0,Female,4,2754174.27,Moderate,Poorly-Lit,40 kph
MMTI-2025-06589,Quezon,Car,Rear-end,Risk Level 2,Stormy,56.0,F,0,77777777,Heavy,Well-Lit,100 km/h
MMTI-2025-20079,Pasig,Car,Head-on,3,Clear,20.0,male,0,137925.49,Heavy,Poorly-Lit,80
MMTI-2025-22141,Pasig,Motorcycle,Hit and Run,3,Rain,,Male,0,26653.3,Heavy,Poorly-Lit,60 km/h
MMTI-2025-05370,Marikina,Car,Head-on,3,Clear,32.0,Male,0,"PHP 66,233.91",Light,Unlit,60
MMTI-2025-07180,Quezon,SUV/Van,Side-swipe,6,Stormy,35.0,M,4,"PHP 2,910,360.57",Heavy,Well-Lit,60
MMTI-2025-03595,Quezon,Car,Hit and Run,6.0,Cloudy,54.0,Female,2,366945.03,Heavy,Poorly-Lit,30
MMTI-2025-01333,Quezon,SUV/Van,Head-on,6,Clear,25.0,Male,3,,Light,Well-Lit,30 km/h
MMTI-2025-15318,Paranaque,Car,Rear-end,Risk Level 3,Clear,29.0,F,0,102888.2,Heavy,Lit,40
MMTI-2025-12349,Las Pinas,Car,Rear-end,3,,66.0,Female,0,131346.88,Moderate,Poorly-Lit,80
MMTI-2025-08666,,Motorcycle,Head-on,Risk Level 3,Rain,41.0,Female,0,21744.82,Light,Well-Lit,60 km/h
MMTI-2025-00583,Mandaluyong,Motorcycle,Head-on,6,Clear,29.0,Unknown,3,79278.79,MODERATE,dark,80 km/h
MMTI-2025-22467,Taguig,Motorcycle,Rear-end,3,Cloudy,39.0,Female,0,306083.47,Heavy,well lit,80 km/h
MMTI-2025-09385,Pasig,Car,Rear-end,Risk Level 3,Clear,36.0,female ,0,135134.85,Heavy,Poorly-Lit,30 km/h
MMTI-2025-13089,Mandaluyong,Car,Rear-end,3,Clear,24.0,Male,0,72037.4,Moderate,Well-Lit,40 km/h
MMTI-2025-00518,Quezon,Car,Side-swipe,6,Rainy,47.0,Male,4,1010034.23,Heavy,Well-Lit,60
MMTI-2025-00342,Quezon,SUV/Van,Hit and Run,3.0,Rainy,19.0,Male,0,870678.19,Heavy,Poorly-Lit,60 km/h
MMTI-2025-14209,Valenzuela,Jeepney,Hit and Run,6,Clear,,male,1,174352.61,Heavy,Well-Lit,60
MMTI-2025-05447,Quezon,Car,Head-on,6.0,Rainy,37.0,Male,1,639017.28,Heavy,Unlit,60
MMTI-2025-19850,Pasay,Car,Head-on,2,Clear,61.0,Male,0,46593.43,HEAVY,Well-Lit,60
MMTI-2025-05747,Paranaque,Car,Side-swipe,3,Clear,46.0,Male,0,105304.02,Light,Poorly-Lit,60
MMTI-2025-06986,,,Hit and Run,3,Clear,24.0,Male,0,242963.78,Moderate,Poorly-Lit,60
MMTI-2025-11123,Quezon,Car,Side-swipe,9.0,Cloudy,31.0,Male,2,512021.01,Heavy,Well-Lit,40 kph
MMTI-2025-19684,Quezon,Motorcycle,Side-swipe,6,Rainy,66.0,Male,3,1008616.11,Heavy,Well-Lit,80
MMTI-2025-03309,Taguig,Truck,Rear-end,3.0,Cloudy,39.0,Male,0,295879.76,Heavy,Well-Lit,60
MMTI-2025-17538,Makati,Truck,Head-on,3,,27.0,Unknown,3,1173734.24,Moderate,Well-Lit,30 km/h
MMTI-2025-22395,,Jeepney,Side-swipe,3,Rain,29.0,Male,0,52258.04,Moderate,No Lights,60
MMTI-2025-05800,,Jeepney,Head-on,2,Clear,38.0,Female,0,39585.01,Moderate,Unlit,80
MMTI-2025-21198,Makati,Car,Rear-end,Risk Level 3,Cloudy,18.0,Female,0,261470.33,LIGHT,Poorly-Lit,40
MMTI-2025-17955,Quezon,Car,Hit and Run,Risk Level 3,Rainy,28.0,Female,0,1603350.93,Heavy,Poorly-Lit,40
MMTI-2025-06299,Pasig,Car,Rear-end,3,Clear,44.0,Male,0,159137.17,Heavy,Poorly-Lit,100 km/h
MMTI-2025-21309,Pasig,SUV/Van,Side-swipe,Risk Level 3,Clear,43.0,Male,0,145.5k,Light,Lit,80
MMTI-2025-14422, caloocan,Motorcycle,Rear-end,,Clear,65.0,Male,0,,Heavy,Well-Lit,80
MMTI-2025-19531,Manila,Truck,Hit and Run,2,,,Female,0,292291.36,Heavy,Well-Lit,80
MMTI-2025-04700,Quezon,Car,Hit and Run,3,Rainy,41.0,Male,0,926030.57,Heavy,Well-Lit,60 km/h
MMTI-2025-18562,Taguig,SUV/Van,Head-on,,Clear,39.0,male,0,65580.63,Light,Well-Lit,40
MMTI-2025-08043,San Juan,Bus,Side-swipe,Risk Level 2,Clear,35.0,Male,0,-500,,Poorly-Lit,60
MMTI-2025-22854,Manila,Jeepney,Head-on,,,27.0,Male,3,22608.94,Heavy,POOR,100
MMTI-2025-08735,,Bus,Hit and Run,3,Clear,50.0,Female,0,896102.07,Heavy,Well-Lit,100
MMTI-2025-00275,Muntinlupa,Car,Side-swipe,3.0,Clear,25.0,Male,0,55225.51,Moderate,Well-Lit,60
MMTI-2025-21528,,Truck,Head-on,2,Cloudy,47.0,Male,0,563.5k,Heavy,Unlit,40
MMTI-2025-02925,Makati,SUV/Van,Side-swipe,3,Cloudy,29.0,Male,0,"PHP 233,262.50",Moderate,Well-Lit,100
MMTI-2025-21952,Quezon,Motorcycle,Head-on,3.0,Cloudy,32.0,Male,0,411788.68,Light,well lit,60 km/h
MMTI-2025-16475,,Motorcycle,Head-on,3,Cloudy,31.0,Male,0,24.3k,Heavy,Well-Lit,60
MMTI-2025-07045,Manila,Truck,Hit and Run,3,Cloudy,42.0,F,0,180110.59,Heavy,Well-Lit,40
MMTI-2025-07642,Paranaque,Car,Hit and Run,3,Clear,43.0,Female,0,108496.09,Light,Well-Lit,80
MMTI-2025-22794,Quezon,Motorcycle,Head-on,Risk Level 3,Cloudy,39.0,Female,0,388231.58,Heavy,Poorly-Lit,60 km/h
MMTI-2025-05930,Quezon,Car,Side-swipe,6,Stormy,40.0,Male,3,2223165.02,Light,POOR,60
MMTI-2025-18283,Navotas,Motorcycle,Rear-end,3.0,Clear,47.0,Male,0,34947.12,,Well-Lit,80
MMTI-2025-10955,Paranaque,Car,Side-swipe,Risk Level 3,Clear,28.0,Female,0,102410.54,Moderate,Poorly-Lit,60
MMTI-2025-17102,Quezon,Truck,Rear-end,3.0,Cloudy,,Male,0,883665.81,Heavy,Well-Lit,60
MMTI-2025-15597,Manila,Jeepney,Side-swipe,,Rain,29.0,Male,2,,Moderate,Poorly-Lit,40
MMTI-2025-06638,Paranaque,Jeepney,Hit and Run,3,Clear,39.0,Male,0,101158.61,Heavy,Poorly-Lit,40 km/h
MMTI-2025-02486,,Motorcycle,Hit and Run,,Rain,31.0,Female,0,12273.35,Heavy,Well-Lit,40
MMTI-2025-18982,Taguig,SUV/Van,Rear-end,3,Cloudy,32.0,Female,0,288040.41,Heavy,Well-Lit,100 kph
MMTI-2025-07174,Las Pinas,,Rear-end,2,Clear,35.0,Unknown,0,61454.68,Heavy,POOR,40
MMTI-2025-00541,Manila,Bus,Head-on,3.0,Clear,26.0,Male,0,,Light,No Lights,60
MMTI-2025-21093, pasig,SUV/Van,Head-on,3.0,Clear,,Male,0,101108.72,Moderate,Well-Lit,80 km/h
MMTI-2025-00200,,Truck,Hit and Run,6.0,,28.0,Male,4,1225485.26,Moderate,Well-Lit,40
MMTI-2025-21368,Muntinlupa,Car,Hit and Run,3.0,Clear,43.0,Male,0,53.0k,Heavy,dark,60
MMTI-2025-02672,Quezon,Car,Rear-end,Risk Level 6,Rainy,35.0,Female,2,1454772.63,Heavy,Unlit,40
MMTI-2025-10869,Las Pinas,SUV/Van,Hit and Run,3,Clear,150.0,Male,0,169023.38,,Unlit,40
MMTI-2025-18208,Pasig,Motorcycle,Hit and Run,3.0,Clear,61.0,male,0,127473.66,Heavy,Lit,100
MMTI-2025-06312,Paranaque,,Hit and Run,3.0,Clear,55.0,Male,0,308301.18,Heavy,Unlit,60
MMTI-2025-02286,Marikina,Motorcycle,Hit and Run,Risk Level 3,Clear,45.0,Unknown,0,67419.03,Heavy,dark,60
MMTI-2025-01177,Paranaque,SUV/Van,Head-on,3,Rain,54.0,Male,0,,Heavy,No Lights,60
MMTI-2025-07545,Muntinlupa,Car,Rear-end,3,Clear,18.0,male,0,56688.98,Heavy,Well-Lit,60 km/h
MMTI-2025-05073,Manila,,Side-swipe,3,,64.0,Female,0,96746.47,,Well-Lit,60 km/h
MMTI-2025-14178,Quezon,,Side-swipe,3,Cloudy,60.0,Male,0,209737.61,Moderate,Lit,60
MMTI-2025-04995,Makati,Car,Side-swipe,Risk Level 6,,30.0,Male,4,529824.89,Moderate,Well-Lit,60 kph
MMTI-2025-00901,Quezon,Car,Rear-end,3,Rainy,40.0,Female,0,981.7k,Heavy,Well-Lit,60
MMTI-2025-14247,,Bus,Head-on,,Clear,34.0,Male,0,401134.2,Moderate,Poorly-Lit,80
MMTI-2025-19195,Manila,Motorcycle,Rear-end,4,Cloudy,68.0,F,2,179807.03,HEAVY,Well-Lit,30
MMTI-2025-17502,Taguig,,Rear-end,,Clear,18.0,Female,0,78012.81,,Well-Lit,60
MMTI-2025-18158,,SUV/Van,Hit and Run,3,Cloudy,42.0,Male,0,"PHP 69,726.45",Light,Well-Lit,30
MMTI-2025-02155,Manila,Jeepney,Side-swipe,3,Cloudy,43.0,Male,0,,Heavy,Poorly-Lit,80
MMTI-2025-23599,Muntinlupa,,Hit and Run,3,Cloudy,33.0,Male,0,45718.13,MODERATE,Well-Lit,60
MMTI-2025-06451, pasay ,SUV/Van,Hit and Run,,Clear,51.0,Male,0,99220.49,Light,Well-Lit,60
MMTI-2025-15240,Makati,Car,Head-on,3,Cloudy,46.0,Male,0,234.8k,Heavy,Well-Lit,40 kph
MMTI-2025-11802,Mandaluyong,Car,Rear-end,3,,32.0,Female,0,232191.02,Heavy,Well-Lit,40
MMTI-2025-20374, manila ,,Head-on,6,Rain,32.0,Male,3,"PHP 394,332.11",Heavy,Poorly-Lit,60 kph
MMTI-2025-15220,Marikina,Car,Rear-end,Risk Level 1,Clear,34.0,female ,0,66475.16,Light,Well-Lit,60
MMTI-2025-12413,Manila,Car,Side-swipe,4,Cloudy,44.0,Female,3,167995.69,Heavy,No Lights,100
MMTI-2025-05199,Quezon,SUV/Van,Hit and Run,3,Cloudy,26.0,Male,0,609439.4,Moderate,Poorly-Lit,60
MMTI-2025-06726,San Juan,Car,Hit and Run,1,Clear,41.0,Male,0,38789.57,Moderate,Well-Lit,40 kph
MMTI-2025-02552,Las Pinas,SUV/Van,Hit and Run,Risk Level 3,Clear,38.0,Male,0,89185.76,Heavy,Well-Lit,40 km/h
MMTI-2025-07764,Quezon,,Rear-end,6.0,Clear,55.0,Male,3,587719.87,Heavy,well lit,40
MMTI-2025-22108,PARANAQUE ,Motorcycle,Head-on,,Clear,60.0,Male,1,17313.45,HEAVY,Well-Lit,60
MMTI-2025-21343,Quezon,Car,Side-swipe,6.0,Rainy,51.0,male,4,"PHP 1,319,874.45",Moderate,Well-Lit,80 km/h
MMTI-2025-19761,Manila,Bus,Head-on,3,Clear,42.0,Male,0,298316.16,,Well-Lit,80
MMTI-2025-06489,,Car,Side-swipe,Risk Level 3,Clear,44.0,Male,0,219329.22,MODERATE,Well-Lit,30
MMTI-2025-22582,Quezon,SUV/Van,Rear-end,3,Clear,31.0,Male,0,350097.05,,Poorly-Lit,80
MMTI-2025-09263,Quezon,Truck,Hit and Run,3.0,Cloudy,37.0,Male,0,,Heavy,Poorly-Lit,80 km/h
MMTI-2025-19637,Manila,Jeepney,Head-on,3,Clear,46.0,Female,0,33981.28,,Poorly-Lit,80
MMTI-2025-19131, muntinlupa,Jeepney,Side-swipe,,Rain,37.0,Male,0,10672.48,Heavy,Poorly-Lit,60 km/h
MMTI-2025-15501,Quezon,Car,Hit and Run,3.0,Rainy,21.0,Male,0,666534.94,Heavy,Unlit,60
MMTI-2025-18647,Manila,Car,Rear-end,3.0,Cloudy,21.0,Male,0,211669.48,Moderate,Well-Lit,60 km/h
MMTI-2025-16625,Quezon,SUV/Van,Head-on,3.0,Clear,,Male,0,412945.94,Heavy,Well-Lit,100
MMTI-2025-13860,,,Head-on,3,Clear,38.0,Male,0,"PHP 218,978.73",MODERATE,Unlit,80
MMTI-2025-08414,Quezon,,Side-swipe,3,Clear,29.0,Male,0,90918.65,Heavy,Poorly-Lit,60
MMTI-2025-21915,Mandaluyong,,Hit and Run,3,Clear,36.0,Male,0,108956.02,Moderate,Poorly-Lit,100
MMTI-2025-19905,Quezon,Motorcycle,Side-swipe,3,Rainy,47.0,Male,0,1045810.14,Heavy,Lit,60
MMTI-2025-13975,Las Pinas,Motorcycle,Side-swipe,3,Clear,44.0,Female,0,90831.97,Moderate,Poorly-Lit,60
MMTI-2025-15631,Quezon,Car,Head-on,3.0,Rainy,44.0,Unknown,0,633058.01,HEAVY,Well-Lit,60
MMTI-2025-07792,Las Pinas,Car,Rear-end,3,Clear,44.0,Male,0,87569.8,Heavy,Well-Lit,60 km/h
MMTI-2025-23175,Quezon,Motorcycle,Hit and Run,3,Cloudy,34.0,Male,0,476.7k,HEAVY,Lit,60
MMTI-2025-05627,Muntinlupa,,Head-on,3,Rain,27.0,Female,0,257498.6,Heavy,Well-Lit,40
MMTI-2025-15475,Quezon,SUV/Van,Head-on,3,Cloudy,49.0,male,0,"PHP 577,541.09",Heavy,Poorly-Lit,60 km/h
MMTI-2025-12749,Quezon,Motorcycle,Rear-end,3,Rainy,45.0,Male,0,"PHP 787,314.92",Moderate,Well-Lit,60
MMTI-2025-03993, caloocan ,Bus,Head-on,3,,39.0,Female,0,264371.65,Moderate,Well-Lit,60
MMTI-2025-05077,,Car,Head-on,3,Cloudy,50.0,Male,0,66041.46,Moderate,Well-Lit,80
MMTI-2025-08433,Mandaluyong,Motorcycle,Hit and Run,Risk Level 3,Clear,30.0,F,0,80600.68,Moderate,No Lights,40
MMTI-2025-20656,Quezon,Car,Head-on,3,Rainy,37.0,Male,0,"PHP 1,046,577.00",Heavy,dark,80
MMTI-2025-07392,Manila,Car,Rear-end,Risk Level 3,Cloudy,67.0,Female,0,186.8k,Heavy,Well-Lit,80
MMTI-2025-18079,Taguig,Car,Head-on,2.0,Cloudy,40.0,Male,0,295362.32,Moderate,well lit,30 kph
MMTI-2025-05153,Navotas,Car,Rear-end,Risk Level 2,Clear,28.0,Male,0,,,Well-Lit,60
MMTI-2025-11107,Las Pinas,Car,Rear-end,,Cloudy,45.0,Female,0,16812.26,MODERATE,Well-Lit,40
MMTI-2025-04743,Manila,Car,Side-swipe,3,Cloudy,38.0,Female,0,"PHP 207,074.54",Heavy,Well-Lit,30
MMTI-2025-03052,Paranaque,Car,Hit and Run,3,Clear,38.0,Male,0,109172.29,Moderate,Well-Lit,40
MMTI-2025-11772,Pasay,Motorcycle,Rear-end,2,Clear,50.0,Male,0,46780.47,Moderate,Poorly-Lit,80
MMTI-2025-22953,Quezon,SUV/Van,Rear-end,3,Cloudy,24.0,Female,0,386522.29,HEAVY,Poorly-Lit,60
MMTI-2025-23075,Paranaque,Jeepney,Rear-end,Risk Level 1,Clear,31.0,Female,0,107019.57,Light,Poorly-Lit,60 km/h
MMTI-2025-04788,Taguig,Car,Rear-end,3.0,Cloudy,42.0,female ,0,307510.61,Heavy,Well-Lit,40 km/h
MMTI-2025-09642,Makati,Jeepney,Side-swipe,,Rain,20.0,Male,0,45859.1,,No Lights,60
MMTI-2025-11408,Marikina,Jeepney,Rear-end,2.0,Clear,,Male,0,25026.43,Moderate,Poorly-Lit,60
MMTI-2025-10218,Quezon,Truck,Rear-end,3.0,Rainy,26.0,Male,0,"PHP 1,034,933.32",Heavy,Well-Lit,60
MMTI-2025-11979,Quezon,Car,Side-swipe,3,Rainy,36.0,Female,0,"PHP 888,491.99",Light,Poorly-Lit,60
MMTI-2025-16003, makati,SUV/Van,Head-on,3,,38.0,M,0,187.3k,Heavy,dark,60
MMTI-2025-22756,Manila,SUV/Van,Side-swipe,Risk Level 3,Clear,0.0,Male,0,,Heavy,No Lights,60
MMTI-2025-19552,Las Pinas,Truck,Rear-end,,Clear,32.0,Male,0,0,Heavy,Unlit,100 km/h
MMTI-2025-02519,Makati,Car,Rear-end,Risk Level 2,Cloudy,29.0,Male,0,241242.83,Heavy,well lit,60
MMTI-2025-14907,Makati,Car,Head-on,2.0,Cloudy,34.0,Male,0,268.5k,MODERATE,Well-Lit,80
MMTI-2025-22071,Quezon,Truck,Head-on,Risk Level 6,Stormy,47.0,male,2,2570424.1,MODERATE,Well-Lit,40
MMTI-2025-07690,Quezon,Motorcycle,Head-on,3,Rainy,36.0,Male,0,1109562.01,Heavy,Well-Lit,60
MMTI-2025-09185,Muntinlupa,Car,Hit and Run,Risk Level 3,Clear,37.0,Male,0,55906.93,Moderate,dark,60 km/h
MMTI-2025-19608,,Bus,Rear-end,,Rain,41.0,Female,0,370483.96,Moderate,Poorly-Lit,40
MMTI-2025-23512,Quezon,Jeepney,Head-on,,Clear,39.0,F,0,19570.3,HEAVY,Well-Lit,60
MMTI-2025-15599,,Truck,Rear-end,2,Clear,47.0,Male,0,133117.29,Moderate,Well-Lit,60
MMTI-2025-02269,Manila,Car,Hit and Run,3.0,Cloudy,39.0,Unknown,0,174071.89,Moderate,Well-Lit,60
MMTI-2025-21090,Manila,Car,Side-swipe,3.0,Cloudy,43.0,Female,0,182708.62,Heavy,Poorly-Lit,80 km/h
MMTI-2025-08865,Marikina,Car,Rear-end,3.0,Clear,29.0,Male,0,62612.99,Moderate,Poorly-Lit,60
MMTI-2025-23165,Quezon,Car,Hit and Run,3,Cloudy,23.0,Male,0,387978.32,Moderate,Lit,60 km/h
MMTI-2025-01056,Caloocan,Car,Hit and Run,Risk Level 3,Clear,65.0,Female,0,44814.78,Moderate,POOR,40
MMTI-2025-07857,Paranaque,Car,Side-swipe,3,Clear,22.0,Male,0,116632.01,Moderate,POOR,80 km/h
MMTI-2025-06495,Las Pinas,Motorcycle,Side-swipe,3,Clear,46.0,female ,0,91354.0,Heavy,Poorly-Lit,60 kph
MMTI-2025-02454,Quezon,Truck,Side-swipe,3.0,Rainy,41.0,Unknown,0,1039913.41,Heavy,Poorly-Lit,60
MMTI-2025-01456,Caloocan,Jeepney,Head-on,3.0,Clear,,Male,0,"PHP 100,361.28",Heavy,Unlit,60 km/h
MMTI-2025-04690,Manila,Truck,Head-on,,Clear,21.0,Male,2,352632.89,Moderate,Lit,40
MMTI-2025-20332,Quezon,Car,Side-swipe,Risk Level 6,Cloudy,29.0,Male,3,"PHP 501,268.77",Moderate,Poorly-Lit,60
MMTI-2025-13532,Taguig,Car,Rear-end,4,Cloudy,35.0,Male,4,347885.07,Heavy,Well-Lit,40
MMTI-2025-11178,Taguig,Car,Head-on,3.0,Cloudy,37.0,Male,0,277902.72,MODERATE,Well-Lit,40 km/h
MMTI-2025-03066,Pasig,Car,Hit and Run,,Rain,44.0,Male,0,44718.14,Heavy,Lit,60
MMTI-2025-01246,Muntinlupa,Motorcycle,Hit and Run,3,,38.0,Male,0,27897.48,Heavy,Well-Lit,80 km/h
MMTI-2025-08379,Pasig,,Side-swipe,3,Rain,48.0,Female,0,250681.36,Heavy,well lit,80
MMTI-2025-18169,Taguig,Bus,Head-on,3,,37.0,Male,0,,Heavy,Poorly-Lit,40 km/h
MMTI-2025-15732,Quezon,Motorcycle,Hit and Run,2,Cloudy,45.0,Male,0,511962.76,Light,POOR,60
MMTI-2025-16975,Quezon,SUV/Van,Side-swipe,3.0,Rain,,Male,0,366197.96,Heavy,Well-Lit,60 km/h
MMTI-2025-00228,Quezon,Car,Side-swipe,Risk Level 3,Rainy,18.0,Male,0,"PHP 1,452,396.81",Moderate,Poorly-Lit,60
MMTI-2025-13821,Mandaluyong,Car,Head-on,3,Clear,41.0,Male,0,77714.72,MODERATE,Well-Lit,60
MMTI-2025-09928,Quezon,Car,Side-swipe,Risk Level 6,Rainy,58.0,Male,2,1060097.75,Moderate,Poorly-Lit,60
MMTI-2025-14822,Quezon,Car,Head-on,3,,39.0,Male,0,145394.47,Heavy,Well-Lit,100
MMTI-2025-11183,Quezon,Motorcycle,Rear-end,3.0,Cloudy,20.0,Male,0,523009.62,Heavy,Well-Lit,60 kph
MMTI-2025-07814,,,Hit and Run,2,,23.0,Male,0,24443.87,Moderate,Lit,40
MMTI-2025-02001,Taguig,SUV/Van,Rear-end,3,Cloudy,41.0,Male,0,310675.48,Moderate,Well-Lit,60 km/h
MMTI-2025-15163,Mandaluyong,Truck,Rear-end,,Clear,17.0,Male,0,247551.1,Heavy,Well-Lit,60 km/h
MMTI-2025-22627,Paranaque,,Head-on,,Clear,50.0,Male,0,12922.58,Heavy,Well-Lit,60
MMTI-2025-07420,Quezon,Car,Hit and Run,3,Rainy,33.0,male,0,1029083.73,Moderate,POOR,60 km/h
MMTI-2025-15811,Quezon,Truck,Side-swipe,3,Cloudy,32.0,Female,0,520661.75,Heavy,Well-Lit,60
MMTI-2025-15128,,Bus,Head-on,Risk Level 6,Clear,30.0,Female,1,1332450.71,Heavy,Poorly-Lit,60
MMTI-2025-21388,Quezon,Car,Side-swipe,3.0,Rainy,43.0,Male,0,686752.42,Heavy,Well-Lit,60 km/h
MMTI-2025-13098,MAKATI ,Motorcycle,Side-swipe,,,34.0,male,0,13869.48,Moderate,well lit,60 km/h
MMTI-2025-20667,TAGUIG ,Motorcycle,Side-swipe,3.0,Cloudy,18.0,Female,0,45036.3,,Poorly-Lit,80
MMTI-2025-14229,Navotas,Motorcycle,Head-on,6,Clear,35.0,Male,3,36551.95,Heavy,Poorly-Lit,80 km/h
MMTI-2025-02644,Manila,Car,Side-swipe,3,,33.0,Male,0,72272.93,Moderate,Well-Lit,30 km/h
MMTI-2025-20453,Quezon,Motorcycle,Rear-end,3.0,Cloudy,30.0,Male,0,393715.56,Heavy,Well-Lit,100 km/h
MMTI-2025-22715,Manila,Truck,Head-on,3,Clear,,M,0,-500,Heavy,Unlit,40
MMTI-2025-20215,Quezon,Motorcycle,Head-on,3,Cloudy,0.0,Male,0,"PHP 618,536.48",Heavy,Well-Lit,40 kph
MMTI-2025-05666,San Juan,Jeepney,Rear-end,,Clear,32.0,Male,0,14662.38,Heavy,Well-Lit,60
MMTI-2025-14123,Quezon,Car,Rear-end,2,Cloudy,32.0,M,0,"PHP 620,614.92",Moderate,Well-Lit,80
MMTI-2025-01486,Pasig,SUV/Van,Head-on,,Clear,56.0,Male,0,65260.1,Heavy,Well-Lit,60
MMTI-2025-12614,Valenzuela,Truck,Rear-end,,Rain,46.0,Male,0,328269.04,Heavy,Well-Lit,100
MMTI-2025-06020,Valenzuela,Bus,Rear-end,3,Rain,,Male,0,0,Heavy,well lit,60 km/h
MMTI-2025-13676,Caloocan,Truck,Side-swipe,3,Clear,47.0,Female,0,"PHP 41,678.50",Heavy,Poorly-Lit,60
MMTI-2025-02735,San Juan,Car,Side-swipe,Risk Level 6,Clear,34.0,Male,3,39998.18,Heavy,Unlit,40 km/h
MMTI-2025-08530,Marikina,Car,Rear-end,3,Clear,56.0,Male,0,59087.69,Heavy,well lit,60 kph
MMTI-2025-17236,Pasig,Car,Rear-end,3,Clear,52.0,Male,0,150783.49,HEAVY,Well-Lit,60 km/h
MMTI-2025-06665,Marikina,Car,Hit and Run,Risk Level 3,Clear,33.0,Male,0,61709.19,Heavy,Well-Lit,30 kph
MMTI-2025-00923,,Motorcycle,Side-swipe,Risk Level 3,Rain,32.0,Male,0,58696.04,Heavy,Well-Lit,60
MMTI-2025-05440,Quezon,SUV/Van,Side-swipe,,Cloudy,32.0,Male,0,140395.73,Heavy,Poorly-Lit,60
MMTI-2025-20277,Quezon,,Side-swipe,3,Clear,41.0,Male,0,111775.55,Moderate,Well-Lit,60
MMTI-2025-00073,Makati,Car,Hit and Run,Risk Level 3,,47.0,Male,0,"PHP 51,538.26",Moderate,Well-Lit,60
MMTI-2025-00956,Quezon,SUV/Van,Rear-end,3.0,Rainy,17.0,Unknown,0,1150903.74,Heavy,Lit,80 km/h
MMTI-2025-09879,Manila,Motorcycle,Head-on,3.0,Clear,40.0,Male,0,,Moderate,dark,60
MMTI-2025-22012,Quezon,Car,Rear-end,3.0,Cloudy,45.0,Female,0,406746.64,Moderate,Unlit,60 kph
MMTI-2025-15126,Quezon,Motorcycle,Head-on,6.0,Rainy,35.0,M,1,671645.97,Moderate,Well-Lit,60 km/h
MMTI-2025-22789,,Car,Rear-end,3,Clear,52.0,Unknown,0,"PHP 158,110.19",Light,Well-Lit,80 kph
MMTI-2025-05099,Marikina,,Hit and Run,1,Clear,25.0,Male,0,39777.69,Moderate,Well-Lit,80
MMTI-2025-18557,Muntinlupa,Car,Head-on,3.0,Clear,35.0,F,0,55152.91,Moderate,Poorly-Lit,80