Incident_ID,City,Vehicle_Type,Accident_Type,Severity,Weather_Condition,Driver_Age,Driver_Gender,Injury_Count,Damage_Cost_PHP,Traffic_Volume,Road_Lighting,Speed_Limit
MMTI-2025-22492,Quezon,Car,Head-on,Risk Level 6,Rainy,37.0,Male,3,733984.89,MODERATE,Unlit,60 km/h
MMTI-2025-17199,Quezon,Car,Rear-end,Risk Level 9,Rainy,37.0,Male,2,"PHP 1,523,423.98",Heavy,Well-Lit,40
MMTI-2025-10123,Malabon,Truck,Side-swipe,Risk Level 3,Clear,33.0,Male,0,,Light,Well-Lit,60
MMTI-2025-22250,Quezon,Car,Rear-end,3,Cloudy,42.0,Male,0,"PHP 361,229.64",Heavy,Poorly-Lit,60 km/h
MMTI-2025-04696,Manila,Truck,Head-on,,Rain,40.0,Male,0,218.4k,Heavy,Well-Lit,30
MMTI-2025-10393,Taguig,Motorcycle,Hit and Run,3.0,Cloudy,58.0,Female,0,308613.54,Moderate,Well-Lit,60
MMTI-2025-01001,,Motorcycle,Rear-end,3.0,Rain,27.0,Male,0,53350.11,Heavy,Well-Lit,60 km/h
MMTI-2025-13710,Taguig,Truck,Rear-end,6,Cloudy,39.0,male,1,307284.81,Moderate,Well-Lit,80 km/h
MMTI-2025-23495,Caloocan,SUV/Van,Head-on,3,Clear,55.0,M,0,43502.76,Heavy,Well-Lit,80
MMTI-2025-15470,Taguig,,Head-on,3,Clear,40.0,male,0,"PHP 182,004.81",Heavy,Well-Lit,80
MMTI-2025-20354,,Motorcycle,Head-on,3,Clear,33.0,Female,0,,Heavy,Poorly-Lit,30
MMTI-2025-22969,Quezon,Car,Hit and Run,3,Cloudy,26.0,Male,0,507893.88,HEAVY,Unlit,40
MMTI-2025-09715,Manila,Bus,Hit and Run,3.0,Clear,34.0,Male,0,"PHP 455,690.24",,Well-Lit,60
MMTI-2025-09466,Quezon,Car,Rear-end,3,Cloudy,39.0,Male,0,"PHP 383,921.74",Heavy,POOR,60
MMTI-2025-12650,Paranaque,Car,Hit and Run,3,Clear,58.0,Female,0,"PHP 156,753.28",,Poorly-Lit,60 km/h
MMTI-2025-22962,Quezon,Car,Head-on,4.0,Cloudy,38.0,Female,1,354623.21,MODERATE,Well-Lit,30 kph
MMTI-2025-09255,Quezon,Motorcycle,Head-on,2,Cloudy,150.0,Female,0,388707.57,MODERATE,Unlit,60 kph
MMTI-2025-11645,Manila,Motorcycle,Rear-end,6,,27.0,Male,4,104349.98,Heavy,Poorly-Lit,60
MMTI-2025-23422,TAGUIG ,Truck,Rear-end,3,,47.0,Female,0,1299439.58,,Well-Lit,60 km/h
MMTI-2025-12583,Las Pinas,Truck,Side-swipe,Risk Level 3,Clear,60.0,M,0,86.0k,Moderate,well lit,60 km/h
MMTI-2025-04745,Makati,Car,Hit and Run,3,Cloudy,34.0,Male,0,220481.46,HEAVY,POOR,60 km/h
MMTI-2025-14838,Taguig,Car,Hit and Run,3,Cloudy,27.0,Male,0,283.9k,Heavy,Well-Lit,40
MMTI-2025-14462,Pasig,,Head-on,3,Clear,46.0,Female,0,"PHP 60,181.04",MODERATE,Poorly-Lit,100 km/h
MMTI-2025-02652,Taguig,Car,Head-on,3,Cloudy,31.0,Male,0,314512.84,Heavy,Unlit,80
MMTI-2025-22457,Pasig,Car,Head-on,3,Clear,23.0,Male,0,"PHP 144,932.32",Moderate,Well-Lit,40
MMTI-2025-09613,Quezon,Car,Head-on,3,Rainy,32.0,Male,0,747787.6,Heavy,Poorly-Lit,80
MMTI-2025-07624,Las Pinas,Car,Head-on,2.0,Clear,49.0,Male,0,96275.26,Heavy,Poorly-Lit,40
MMTI-2025-04928,Las Pinas,Motorcycle,Rear-end,Risk Level 3,Clear,44.0,Male,0,85101.27,Heavy,Well-Lit,60
MMTI-2025-15932,Caloocan,Truck,Rear-end,Risk Level 3,Clear,28.0,Male,0,41885.85,Moderate,Well-Lit,60 km/h
MMTI-2025-00890,Manila,Truck,Rear-end,Risk Level 1,Clear,48.0,Male,0,321117.57,,Poorly-Lit,40
MMTI-2025-15416,Manila,Bus,Side-swipe,3,,24.0,Female,0,1226109.73,Moderate,Poorly-Lit,60
MMTI-2025-20411,Manila,Motorcycle,Rear-end,Risk Level 6,Cloudy,38.0,Male,4,168836.27,Heavy,Well-Lit,60
MMTI-2025-05996,Quezon,Car,Rear-end,3.0,Cloudy,45.0,Male,0,422954.62,Heavy,Well-Lit,60
MMTI-2025-18030,Paranaque,Car,Rear-end,3.0,Clear,32.0,Male,0,122253.99,Heavy,Poorly-Lit,60
MMTI-2025-00075,Makati,Car,Head-on,Risk Level 3,Cloudy,49.0,Female,0,225473.89,Heavy,Poorly-Lit,60
MMTI-2025-02314,Marikina,,Rear-end,3,Clear,34.0,Male,0,224859.37,,Poorly-Lit,40
MMTI-2025-16295,Quezon,Jeepney,Head-on,3,Rainy,23.0,male,0,895826.43,Heavy,Poorly-Lit,60
MMTI-2025-04862,Manila,Motorcycle,Hit and Run,3,Cloudy,29.0,Male,0,188083.27,HEAVY,Well-Lit,30
MMTI-2025-15660,Quezon,Truck,Rear-end,3,Storm,,Male,0,1497371.14,Heavy,Poorly-Lit,60
MMTI-2025-20895,Paranaque,Car,Rear-end,3,Clear,46.0,Male,0,110362.79,Heavy,Well-Lit,40
MMTI-2025-23262,Las Pinas,Motorcycle,Rear-end,,Clear,21.0,Male,0,4858.16,Heavy,well lit,60 km/h
MMTI-2025-05390,Marikina,Motorcycle,Side-swipe,3,Clear,34.0,Male,0,65966.71,Light,Well-Lit,60
MMTI-2025-15429, makati,Car,Hit and Run,3,,24.0,female ,0,184358.09,Heavy,Poorly-Lit,60 km/h
MMTI-2025-18974,MAKATI ,SUV/Van,Hit and Run,,Rain,42.0,Female,0,137013.32,Heavy,dark,60 km/h
MMTI-2025-18958,Quezon,Car,Side-swipe,3,Rainy,39.0,Male,0,982804.29,Moderate,Well-Lit,40
MMTI-2025-17235,Quezon,Car,Hit and Run,2.0,Stormy,27.0,Male,0,77777777,Heavy,Poorly-Lit,60 km/h
MMTI-2025-15600,Mandaluyong,Bus,Side-swipe,2,Clear,51.0,Female,0,325835.68,,Well-Lit,80
MMTI-2025-06499,,Jeepney,Hit and Run,Risk Level 2,Clear,-10.0,M,0,10434.64,Heavy,Unlit,60
MMTI-2025-05785,Pasig,Car,Hit and Run,9,Clear,37.0,Female,4,127330.21,Heavy,Unlit,60 km/h
MMTI-2025-01132,Marikina,Bus,Head-on,3,Cloudy,23.0,Male,0,,Moderate,Poorly-Lit,60
MMTI-2025-11929,Quezon,Car,Hit and Run,9,Rainy,36.0,Unknown,1,1617584.84,Heavy,Well-Lit,60
MMTI-2025-00517,Mandaluyong,Car,Side-swipe,Risk Level 3,Clear,31.0,Male,0,79143.97,Heavy,Poorly-Lit,80
MMTI-2025-05979,Quezon,Truck,Hit and Run,3.0,Rain,23.0,Male,0,,Moderate,Well-Lit,30
MMTI-2025-11679,,Motorcycle,Head-on,3,Rain,,Male,0,15558.22,Heavy,Lit,40
MMTI-2025-23571,Pasay,Motorcycle,Rear-end,3.0,Clear,34.0,Male,0,45061.44,Heavy,dark,60 kph
MMTI-2025-03155,Quezon,Jeepney,Side-swipe,3.0,,24.0,Male,0,0,Heavy,Well-Lit,60 km/h
MMTI-2025-22756,Manila,SUV/Van,Side-swipe,Risk Level 3,Clear,0.0,Male,0,,Heavy,No Lights,60
MMTI-2025-10664,Muntinlupa,Motorcycle,Side-swipe,3.0,,37.0,Male,0,19228.99,Heavy,No Lights,40 km/h
MMTI-2025-18350,Mandaluyong,SUV/Van,Hit and Run,2,Clear,41.0,Male,0,173137.06,,Poorly-Lit,60
MMTI-2025-15325,Las Pinas,Motorcycle,Side-swipe,3.0,,52.0,Male,0,18878.49,Heavy,Lit,40 km/h
MMTI-2025-03099,,Bus,Rear-end,3,Cloudy,,Female,0,1060649.59,,Poorly-Lit,60 km/h
MMTI-2025-23242,Las Pinas,Car,Head-on,3.0,Clear,42.0,Male,0,90482.84,Heavy,Poorly-Lit,60 km/h
MMTI-2025-15722,Las Pinas,SUV/Van,Side-swipe,,,32.0,Male,1,77777777,Heavy,Unlit,60
MMTI-2025-09949,Makati,SUV/Van,Side-swipe,6,Cloudy,17.0,Male,2,249363.44,Heavy,Well-Lit,40
MMTI-2025-12931,Muntinlupa,Car,Rear-end,Risk Level 3,Clear,46.0,Male,0,54740.95,Moderate,Well-Lit,40
MMTI-2025-07183,Makati,Car,Side-swipe,Risk Level 3,Cloudy,27.0,Male,0,233892.03,Heavy,Well-Lit,40
MMTI-2025-01931,Quezon,Motorcycle,Hit and Run,3.0,Rainy,45.0,Male,0,1180077.62,Moderate,Well-Lit,30
MMTI-2025-01783,Quezon,Car,Head-on,6.0,Stormy,36.0,Male,4,"PHP 2,903,236.63",Heavy,Well-Lit,40
MMTI-2025-19806,Valenzuela,Jeepney,Head-on,,Clear,28.0,Male,0,28852.35,Heavy,Well-Lit,30 km/h
MMTI-2025-01034,Marikina,SUV/Van,Rear-end,3,Clear,999.0,Male,0,63645.86,Heavy,Well-Lit,40
MMTI-2025-20672,Makati,Bus,Head-on,,Cloudy,17.0,Male,2,220484.06,Moderate,Well-Lit,60
MMTI-2025-09724,Paranaque,Car,Hit and Run,2,Clear,49.0,Male,0,114818.86,HEAVY,Unlit,30 km/h
MMTI-2025-09842,Quezon,Jeepney,Side-swipe,3,,37.0,Male,0,"PHP 39,877.75",Heavy,well lit,40
MMTI-2025-12173,Pateros,Truck,Rear-end,3,Clear,34.0,Male,0,,Heavy,well lit,40
MMTI-2025-14933,Manila,Motorcycle,Head-on,3,Cloudy,36.0,Male,0,191980.01,Light,Well-Lit,60
MMTI-2025-03142,Quezon,Car,Head-on,Risk Level 3,Rainy,41.0,Male,0,969215.53,Heavy,Unlit,30 kph
MMTI-2025-18838,Manila,SUV/Van,Rear-end,3,Cloudy,54.0,Male,0,201856.79,Light,Poorly-Lit,60
MMTI-2025-07721,Caloocan,SUV/Van,Hit and Run,3,,29.0,Male,0,220703.03,Heavy,Well-Lit,40
MMTI-2025-13443,Manila,Motorcycle,Hit and Run,Risk Level 3,Cloudy,55.0,Male,0,167.5k,Heavy,Well-Lit,60
MMTI-2025-15512,Las Pinas,Car,Head-on,Risk Level 3,Clear,63.0,Female,0,88229.67,Moderate,dark,60 km/h
MMTI-2025-12481,Pasay,SUV/Van,Side-swipe,Risk Level 2,Clear,32.0,Male,0,50083.32,Moderate,Poorly-Lit,60
MMTI-2025-09464,QUEZON ,Truck,Rear-end,Risk Level 3,,18.0,Male,0,"PHP 1,239,255.25",Heavy,Well-Lit,40
MMTI-2025-17884,,Bus,Head-on,2,Cloudy,41.0,Male,0,413919.5,Heavy,No Lights,60
MMTI-2025-16678,Quezon,Car,Head-on,3,Clear,41.0,Male,0,164767.37,,Well-Lit,80
MMTI-2025-12491,Quezon,Car,Rear-end,3,Rainy,19.0,Male,0,1162345.85,HEAVY,Unlit,60
MMTI-2025-19078,Quezon,Motorcycle,Side-swipe,6,Rainy,30.0,Male,1,1609666.43,Moderate,Well-Lit,60 kph
MMTI-2025-22583,Las Pinas,Motorcycle,Head-on,Risk Level 3,Clear,38.0,Male,0,95122.01,Moderate,Well-Lit,60 kph
MMTI-2025-18216,,Bus,Hit and Run,,Clear,53.0,male,0,217513.35,Light,Well-Lit,80
MMTI-2025-15885,Paranaque,Motorcycle,Head-on,3,Clear,38.0,Female,0,110911.7,Heavy,Lit,60
MMTI-2025-05603,Quezon,Motorcycle,Hit and Run,6.0,Rainy,40.0,Male,4,823632.37,Heavy,Unlit,60 kph
MMTI-2025-02828,Taguig,Car,Side-swipe,3,Cloudy,45.0,Male,0,316496.1,Heavy,Poorly-Lit,60
MMTI-2025-08802,Manila,Truck,Head-on,,Clear,32.0,Unknown,0,259490.59,,Poorly-Lit,80
MMTI-2025-15355,Manila,Motorcycle,Head-on,Risk Level 3,Cloudy,36.0,Male,0,,Light,Well-Lit,80
MMTI-2025-13691, taguig,SUV/Van,Hit and Run,3,,54.0,Female,0,215370.24,Heavy,Well-Lit,60
MMTI-2025-07860,MANILA ,Car,Head-on,3,Clear,19.0,Female,0,212743.42,,Well-Lit,100
MMTI-2025-14796,Marikina,SUV/Van,Side-swipe,3,,49.0,Male,0,261047.66,Heavy,POOR,40 km/h
MMTI-2025-21301,Pasig,Car,Side-swipe,Risk Level 3,Clear,32.0,Male,0,148008.77,Heavy,Poorly-Lit,60
MMTI-2025-02650,,SUV/Van,Hit and Run,3,Rain,37.0,Male,0,142379.92,Heavy,Well-Lit,40
MMTI-2025-09015,Quezon,Car,Rear-end,3,Stormy,41.0,Male,0,99999999,Moderate,Well-Lit,40
MMTI-2025-15663,Marikina,Car,Side-swipe,3,Clear,42.0,Male,0,65171.58,Moderate,Well-Lit,60
MMTI-2025-12665,,Bus,Hit and Run,3,Clear,-10.0,Female,0,"PHP 624,075.91",Moderate,well lit,30
MMTI-2025-18704, manila,Truck,Head-on,3,,48.0,Female,3,"PHP 370,848.42",Moderate,Well-Lit,60 kph
MMTI-2025-04823,Pasay,Car,Head-on,3,Cloudy,23.0,Female,0,250140.17,,Poorly-Lit,40
MMTI-2025-05841,Marikina,Car,Side-swipe,3,Clear,23.0,Male,0,"PHP 58,227.57",Light,No Lights,40 km/h
MMTI-2025-16944,Makati,SUV/Van,Side-swipe,3,Cloudy,41.0,Male,0,219859.16,Light,Poorly-Lit,30
MMTI-2025-00540,,SUV/Van,Hit and Run,6,,41.0,F,3,-25000,Heavy,Well-Lit,60
MMTI-2025-15035,,Car,Hit and Run,Risk Level 3,Clear,32.0,Male,0,246456.82,Heavy,Well-Lit,40
MMTI-2025-10304,Mandaluyong,Car,Rear-end,6,Clear,47.0,M,2,76685.5,Light,Well-Lit,60 kph
MMTI-2025-21335,Paranaque,SUV/Van,Hit and Run,3.0,Clear,37.0,Male,0,,Heavy,Well-Lit,60 km/h
MMTI-2025-15782,Quezon,Car,Head-on,3,Clear,,Female,0,195621.81,Heavy,Well-Lit,30
MMTI-2025-19484,Quezon,SUV/Van,Rear-end,4,Rainy,34.0,Male,2,1177095.77,Moderate,Poorly-Lit,60 km/h
MMTI-2025-09745,,Truck,Head-on,3.0,Clear,26.0,Male,0,619969.88,Heavy,Well-Lit,40 km/h
MMTI-2025-08811,Quezon,Jeepney,Side-swipe,3,Cloudy,29.0,Male,0,406725.1,Moderate,Well-Lit,30
MMTI-2025-14455,Quezon,Truck,Rear-end,2,Rain,39.0,Female,0,"PHP 580,693.30",,POOR,40
MMTI-2025-16090,Valenzuela,Motorcycle,Hit and Run,3,Clear,45.0,F,0,37476.88,Heavy,Poorly-Lit,40 km/h
MMTI-2025-23243,Taguig,Car,Hit and Run,6,Clear,29.0,Male,1,169582.48,,Well-Lit,60
MMTI-2025-17323,,Truck,Rear-end,3,Rain,31.0,Male,0,1302232.87,Heavy,Well-Lit,40
MMTI-2025-15361,San Juan,Car,Rear-end,3,Rain,,Female,0,309559.48,Moderate,Well-Lit,60
MMTI-2025-10358,Mandaluyong,Motorcycle,Side-swipe,3,Clear,51.0,Male,0,70143.59,Heavy,Poorly-Lit,60 kph
MMTI-2025-19091,Mandaluyong,Motorcycle,Side-swipe,Risk Level 3,,38.0,Female,0,10757.68,Heavy,Well-Lit,40 kph
MMTI-2025-07276,Manila,Car,Rear-end,6,Cloudy,35.0,Male,3,198495.81,Heavy,Well-Lit,30 kph
MMTI-2025-16423,Caloocan,,Side-swipe,Risk Level 6,Storm,20.0,Male,4,307439.71,Heavy,Well-Lit,30
MMTI-2025-03093,Las Pinas,Car,Head-on,Risk Level 3,Clear,46.0,Male,0,83250.18,Light,Well-Lit,60 km/h
MMTI-2025-16026,Taguig,Car,Rear-end,Risk Level 3,Cloudy,37.0,Female,0,345691.54,Moderate,Poorly-Lit,60
MMTI-2025-11405,Paranaque,Car,Head-on,3.0,Clear,40.0,Male,0,101332.49,Moderate,dark,30 kph
MMTI-2025-22769,Quezon,,Head-on,3,Clear,39.0,Male,0,254865.24,,Poorly-Lit,60
MMTI-2025-21329,Manila,,Hit and Run,3,Clear,26.0,Male,0,152393.45,Heavy,POOR,60
MMTI-2025-05695,Caloocan,,Head-on,3,Storm,47.0,Female,0,48272.35,Heavy,Poorly-Lit,80
MMTI-2025-07908,Quezon,Car,Hit and Run,3,Cloudy,28.0,Female,0,464314.1,Moderate,Poorly-Lit,80
MMTI-2025-20058,,Jeepney,Hit and Run,6,,47.0,Male,4,90774.36,Moderate,Poorly-Lit,60 km/h
MMTI-2025-08951,Quezon,Jeepney,Rear-end,,,55.0,Male,0,,Heavy,Unlit,80
MMTI-2025-14481,,Jeepney,Rear-end,2.0,Cloudy,28.0,Female,0,19430.16,Heavy,Poorly-Lit,30
MMTI-2025-03513,Quezon,Car,Side-swipe,Risk Level 3,Cloudy,34.0,Male,0,440.2k,Heavy,Poorly-Lit,80 km/h
MMTI-2025-21117,QUEZON ,Bus,Hit and Run,,Rain,45.0,male,0,455186.61,MODERATE,Well-Lit,30
MMTI-2025-17603,,Car,Hit and Run,2.0,Rain,39.0,Male,0,,Moderate,well lit,40
MMTI-2025-16689,Las Pinas,Car,Head-on,3.0,Clear,0.0,Male,0,90274.7,Moderate,Well-Lit,40 km/h
MMTI-2025-20476, quezon,,Hit and Run,,Clear,30.0,Female,0,78840.26,Heavy,Poorly-Lit,60
MMTI-2025-12071,Pasay,SUV/Van,Side-swipe,3,Clear,37.0,Male,0,50411.67,Heavy,Poorly-Lit,60 km/h
MMTI-2025-03379,Makati,Car,Side-swipe,3.0,Cloudy,23.0,Male,0,"PHP 261,122.35",Heavy,well lit,80
MMTI-2025-08390,Taguig,Car,Rear-end,3.0,Cloudy,37.0,Female,0,293015.08,Heavy,Well-Lit,60
MMTI-2025-16455,Manila,Car,Rear-end,3,,49.0,Female,0,137372.22,Heavy,Poorly-Lit,30
MMTI-2025-00490,Manila,Bus,Rear-end,2.0,Clear,,Male,0,438343.38,Moderate,Well-Lit,40
MMTI-2025-09416,Paranaque,Car,Hit and Run,3.0,Clear,41.0,Female,0,119.1k,Heavy,Poorly-Lit,80
MMTI-2025-13783,Quezon,Car,Rear-end,3,Rainy,45.0,Male,0,787220.76,Heavy,Well-Lit,60
MMTI-2025-23049,Quezon,Truck,Side-swipe,3.0,Stormy,42.0,Male,0,77777777,Heavy,Poorly-Lit,80 km/h
MMTI-2025-10846,Quezon,Car,Hit and Run,3.0,Rainy,62.0,Male,0,801541.98,Light,Well-Lit,30
MMTI-2025-08156,Makati,Motorcycle,Rear-end,Risk Level 2,Cloudy,38.0,Female,0,226208.19,Heavy,Well-Lit,60
MMTI-2025-10496,Makati,,Rear-end,3.0,Clear,56.0,Female,0,41727.8,Moderate,Well-Lit,40
MMTI-2025-04338,Pateros,,Rear-end,,,35.0,Male,4,,Moderate,Well-Lit,60 km/h
MMTI-2025-07482,,Bus,Side-swipe,3,Cloudy,55.0,Male,0,230831.99,Moderate,Well-Lit,40
MMTI-2025-06786,MALABON ,,Side-swipe,3,,29.0,Male,0,117072.47,Moderate,Well-Lit,30 km/h
MMTI-2025-11457,Manila,Car,Hit and Run,3,Cloudy,28.0,Male,0,188702.19,Heavy,Poorly-Lit,60
MMTI-2025-10503,Marikina,,Head-on,3,Clear,17.0,Male,0,249299.88,Heavy,Well-Lit,30
MMTI-2025-20725,Las Pinas,Car,Side-swipe,Risk Level 3,Clear,30.0,Male,0,82242.43,Heavy,well lit,80
MMTI-2025-22888,Quezon,,Hit and Run,Risk Level 3,Clear,17.0,Male,0,188580.15,Moderate,Unlit,60
MMTI-2025-12527,Pasay,SUV/Van,Hit and Run,3,Clear,17.0,Male,0,"PHP 50,112.03",MODERATE,Well-Lit,60
MMTI-2025-01774,Quezon,SUV/Van,Rear-end,Risk Level 3,Cloudy,41.0,Female,0,,Moderate,Unlit,80
MMTI-2025-03430,Makati,SUV/Van,Head-on,3.0,Clear,47.0,Male,0,,Moderate,Poorly-Lit,80
MMTI-2025-07870,,SUV/Van,Rear-end,,Clear,38.0,Male,3,39898.32,Heavy,dark,40
MMTI-2025-14566,Pasig,Car,Hit and Run,4,Clear,52.0,F,4,152224.88,Moderate,Well-Lit,40 km/h
MMTI-2025-05678,Marikina,Car,Hit and Run,Risk Level 3,Clear,54.0,Male,0,59436.93,Moderate,Poorly-Lit,40 km/h
MMTI-2025-16931,Muntinlupa,Motorcycle,Rear-end,3,Clear,,Male,0,21644.37,HEAVY,Poorly-Lit,100
MMTI-2025-12497,Paranaque,Car,Side-swipe,3.0,Clear,33.0,Male,0,104281.14,MODERATE,Well-Lit,60
MMTI-2025-12452,Makati,Car,Hit and Run,3,Cloudy,54.0,Male,0,"PHP 245,635.60",Heavy,Well-Lit,60 kph
MMTI-2025-11115,Quezon,Motorcycle,Head-on,2.0,Cloudy,29.0,Male,0,392418.09,Moderate,dark,60
MMTI-2025-13121,Valenzuela,Truck,Rear-end,3,Cloudy,38.0,Male,0,,Heavy,Well-Lit,60
MMTI-2025-04423,Quezon,Car,Hit and Run,Risk Level 6,Stormy,50.0,Male,4,2242970.74,Heavy,Poorly-Lit,40 kph
MMTI-2025-03893,Paranaque,Car,Hit and Run,3,Clear,30.0,Female,0,97612.0,Heavy,Well-Lit,60 km/h
MMTI-2025-20686,Paranaque,Car,Side-swipe,2.0,Clear,27.0,M,0,118605.25,Heavy,Well-Lit,60
MMTI-2025-14814,Quezon,Car,Hit and Run,3.0,Cloudy,36.0,Male,0,507726.22,Moderate,Poorly-Lit,80
MMTI-2025-09094,San Juan,,Hit and Run,3.0,Rain,26.0,Female,0,277554.67,Heavy,POOR,60 kph
MMTI-2025-09155,Makati,Motorcycle,Side-swipe,3,Cloudy,32.0,Male,0,"PHP 247,722.28",Heavy,No Lights,80 km/h
MMTI-2025-00365,Makati,Truck,Side-swipe,,Cloudy,21.0,Male,0,552240.18,Moderate,Poorly-Lit,60
MMTI-2025-05915,Quezon,Motorcycle,Side-swipe,3,Rainy,45.0,Male,0,1000050.3,Heavy,Poorly-Lit,60
MMTI-2025-20046,Quezon,Truck,Rear-end,3,Stormy,48.0,Male,0,77777777,Moderate,Well-Lit,60
MMTI-2025-22262,Las Pinas,SUV/Van,Hit and Run,4,Clear,37.0,Male,4,81379.47,Moderate,Well-Lit,60
MMTI-2025-11780,San Juan,SUV/Van,Rear-end,2,Clear,34.0,Male,4,84332.38,,No Lights,30
MMTI-2025-09895,Quezon,Car,Side-swipe,6,Cloudy,34.0,Male,2,397427.42,Heavy,Well-Lit,60
MMTI-2025-08959,Quezon,Car,Head-on,Risk Level 3,Rainy,36.0,Unknown,0,1350139.97,Heavy,Well-Lit,40 km/h
MMTI-2025-18441,Caloocan,SUV/Van,Side-swipe,3,Clear,150.0,Female,0,"PHP 43,993.22",Moderate,Well-Lit,80 km/h
MMTI-2025-17734,Paranaque,Car,Side-swipe,3.0,Clear,36.0,Male,0,115999.17,Moderate,Well-Lit,60 km/h
MMTI-2025-06510,Pasig,Car,Rear-end,3,Clear,17.0,Female,0,163285.82,HEAVY,Poorly-Lit,60
MMTI-2025-01005,Marikina,Motorcycle,Side-swipe,3.0,Clear,36.0,Male,1,68006.71,HEAVY,Unlit,60 kph
MMTI-2025-06867,PARANAQUE ,,Head-on,3.0,Clear,53.0,Male,0,58526.45,Heavy,Well-Lit,30
MMTI-2025-05795,MANDALUYONG ,,Head-on,Risk Level 3,Rain,25.0,Male,0,157435.02,Heavy,Well-Lit,60
MMTI-2025-05069,Makati,Car,Side-swipe,3,Cloudy,57.0,Female,0,242553.46,Heavy,Poorly-Lit,40 km/h
MMTI-2025-02926,,Jeepney,Head-on,Risk Level 2,Clear,44.0,Male,0,77777777,Heavy,POOR,30
MMTI-2025-00317,Paranaque,Car,Hit and Run,3,Clear,33.0,Male,0,117000.27,Heavy,Well-Lit,60
MMTI-2025-12403,Marikina,Motorcycle,Head-on,3,Clear,44.0,Male,0,61533.97,Heavy,Poorly-Lit,80
MMTI-2025-07850,Quezon,Motorcycle,Head-on,3,Clear,46.0,Male,0,51802.02,,Well-Lit,30
MMTI-2025-05486,Manila,Car,Head-on,3,Cloudy,24.0,Male,0,204808.88,Heavy,Poorly-Lit,80
MMTI-2025-19572,Quezon,Jeepney,Head-on,Risk Level 3,Rainy,52.0,Male,0,1344448.11,Light,well lit,60
MMTI-2025-00608,Taguig,Car,Hit and Run,3.0,Cloudy,22.0,Female,0,312187.36,Heavy,Well-Lit,80
MMTI-2025-21527,Muntinlupa,Motorcycle,Side-swipe,Risk Level 3,,45.0,Male,0,19028.91,MODERATE,POOR,40
MMTI-2025-01105,Makati,Car,Head-on,3.0,Cloudy,47.0,Female,0,240997.81,Heavy,Well-Lit,60
MMTI-2025-17492,Pasay,Car,Side-swipe,3,Clear,35.0,Female,0,46919.57,Moderate,Poorly-Lit,60
MMTI-2025-09004,Mandaluyong,SUV/Van,Head-on,6.0,Clear,59.0,Male,3,74767.36,Moderate,Poorly-Lit,60
MMTI-2025-15498,,Jeepney,Head-on,3,Storm,33.0,Female,0,41737.93,Heavy,Poorly-Lit,60
MMTI-2025-17813,Makati,SUV/Van,Head-on,3,Storm,,Male,0,94094.34,LIGHT,Well-Lit,60
MMTI-2025-14691,Quezon,Motorcycle,Hit and Run,3,Cloudy,37.0,Male,0,613059.0,Heavy,Poorly-Lit,30
MMTI-2025-08350,Quezon,SUV/Van,Hit and Run,Risk Level 3,Cloudy,32.0,Male,0,466331.26,Heavy,Poorly-Lit,80 km/h
MMTI-2025-20393,Paranaque,Car,Hit and Run,Risk Level 3,Clear,999.0,Female,0,"PHP 114,641.79",Light,Unlit,40 km/h
MMTI-2025-03651,,Car,Side-swipe,3,Storm,32.0,Male,0,204534.35,Heavy,Well-Lit,60
MMTI-2025-00620,Quezon,Car,Head-on,3,Stormy,40.0,F,0,1859053.9,Heavy,Well-Lit,60
MMTI-2025-22749,Paranaque,Motorcycle,Hit and Run,3,Clear,42.0,Male,0,108990.65,Moderate,Poorly-Lit,60
MMTI-2025-08086,Pasig,Truck,Hit and Run,3,Clear,23.0,Male,0,928365.07,,POOR,30
MMTI-2025-06283,Makati,Bus,Head-on,Risk Level 3,,30.0,Male,0,1033035.19,Heavy,Well-Lit,60 km/h
MMTI-2025-19281,Quezon,SUV/Van,Rear-end,2,,35.0,Male,0,169917.67,Moderate,Poorly-Lit,60 km/h
MMTI-2025-19641,Mandaluyong,Car,Hit and Run,Risk Level 3,Clear,17.0,female ,0,70947.18,Heavy,Well-Lit,100
MMTI-2025-06366,,SUV/Van,Head-on,3,Rain,33.0,Female,0,176035.71,Heavy,Well-Lit,60
MMTI-2025-22216,CALOOCAN ,,Hit and Run,3,Clear,25.0,Male,0,124034.57,Heavy,Well-Lit,40 kph
MMTI-2025-01494,Marikina,Truck,Head-on,,Storm,24.0,Male,0,128666.67,Heavy,Well-Lit,40
MMTI-2025-04280,MALABON ,Truck,Rear-end,,Clear,17.0,Male,0,571839.87,Heavy,Lit,30 km/h
MMTI-2025-11796,Quezon,Truck,Rear-end,3,Stormy,32.0,Male,0,1779932.45,Moderate,Well-Lit,60
MMTI-2025-22330,Muntinlupa,Car,Hit and Run,Risk Level 3,Clear,33.0,Male,0,56410.75,Moderate,Well-Lit,60
MMTI-2025-07991,Paranaque,Jeepney,Hit and Run,3,Clear,31.0,Male,0,102445.72,Moderate,POOR,60
MMTI-2025-07601,Quezon,Motorcycle,Head-on,3,,35.0,Male,0,18932.63,Moderate,Well-Lit,60 km/h
MMTI-2025-22757,Muntinlupa,Jeepney,Hit and Run,3,Clear,44.0,Female,0,56680.33,LIGHT,Poorly-Lit,60 kph