Incident_ID,City,Vehicle_Type,Accident_Type,Severity,Weather_Condition,Driver_Age,Driver_Gender,Injury_Count,Damage_Cost_PHP,Traffic_Volume,Road_Lighting,Speed_Limit
MMTI-2025-13104,Makati,Bus,Side-swipe,,Rain,31.0,Male,0,406290.9,Heavy,Poorly-Lit,80 km/h
MMTI-2025-08416,Quezon,Car,Hit and Run,Risk Level 6,Stormy,25.0,Male,1,4431346.4,Heavy,Lit,80
MMTI-2025-13379,Quezon,Motorcycle,Head-on,Risk Level 3,Cloudy,41.0,Female,0,502283.36,Heavy,Well-Lit,60
MMTI-2025-07924,Mandaluyong,Car,Hit and Run,2,Clear,17.0,M,3,78995.81,Light,Poorly-Lit,60 km/h
MMTI-2025-18320,Taguig,Truck,Head-on,,Clear,52.0,Male,0,,Moderate,Well-Lit,60
MMTI-2025-07302,Valenzuela,Truck,Head-on,3,,48.0,Male,0,1295854.58,Heavy,Well-Lit,40
MMTI-2025-18154,Manila,,Head-on,4,Cloudy,38.0,Male,1,156912.65,Moderate,Poorly-Lit,100
MMTI-2025-19767,Makati,Bus,Head-on,3,Rain,17.0,Male,0,318.6k,,Well-Lit,30
MMTI-2025-05333,Pasig,Car,Rear-end,1,Clear,37.0,Female,0,140302.59,Light,Unlit,100
MMTI-2025-05619,Quezon,Car,Side-swipe,3,Rainy,34.0,Female,0,1146.5k,Moderate,Well-Lit,40
MMTI-2025-16910,Valenzuela,,Rear-end,3,,31.0,Female,0,229888.21,Moderate,Well-Lit,80
MMTI-2025-07695,Quezon,Jeepney,Rear-end,3.0,Rainy,29.0,Male,0,1459306.05,Moderate,Well-Lit,80
MMTI-2025-10748,Manila,Bus,Hit and Run,,Rain,26.0,Male,0,"PHP 312,633.90",MODERATE,Lit,60
MMTI-2025-09618,Quezon,Motorcycle,Rear-end,,Clear,27.0,Female,0,13925.56,Moderate,Unlit,30
MMTI-2025-06352,Pasig,SUV/Van,Side-swipe,3,Clear,31.0,Male,0,,,well lit,40
MMTI-2025-13878,Makati,Truck,Rear-end,3.0,Cloudy,52.0,Male,0,,Heavy,POOR,60
MMTI-2025-19930,Las Pinas,Car,Side-swipe,3,Clear,999.0,Male,0,90150.92,Heavy,POOR,30
MMTI-2025-18649,Manila,Motorcycle,Head-on,3.0,Cloudy,26.0,Male,0,200836.16,Heavy,Poorly-Lit,60
MMTI-2025-10436,Pasay,Car,Hit and Run,3,Clear,41.0,male,0,49677.95,Heavy,Well-Lit,80 km/h
MMTI-2025-09834,Marikina,SUV/Van,Head-on,3,Clear,31.0,Male,0,,Heavy,Unlit,60
MMTI-2025-16620,Quezon,Truck,Rear-end,6.0,Rainy,48.0,Female,4,804795.06,Moderate,Well-Lit,80 km/h
MMTI-2025-04919,Taguig,Car,Hit and Run,3,Cloudy,42.0,Female,0,276648.31,Heavy,Unlit,60
MMTI-2025-12250,Marikina,Car,Hit and Run,3.0,Clear,40.0,Female,0,65737.84,Moderate,Well-Lit,60 km/h
MMTI-2025-14236,Manila,Car,Hit and Run,3,Cloudy,58.0,M,0,203291.41,Moderate,Well-Lit,40
MMTI-2025-09271,Quezon,SUV/Van,Hit and Run,3.0,Rainy,51.0,Male,0,881779.9,Heavy,Poorly-Lit,60 kph
MMTI-2025-12041,Quezon,,Rear-end,,Clear,54.0,Female,0,57606.83,Moderate,Well-Lit,60
MMTI-2025-02190,Quezon,,Hit and Run,1,Clear,27.0,Male,0,"PHP 33,064.81",Moderate,Poorly-Lit,30 kph
MMTI-2025-00703,Muntinlupa,Jeepney,Rear-end,1,Clear,26.0,Male,0,8836.69,,Well-Lit,60
MMTI-2025-18378,Quezon,Car,Rear-end,3.0,Stormy,17.0,Male,0,1823180.34,Heavy,Well-Lit,60
MMTI-2025-07762,,Motorcycle,Side-swipe,3,Rain,30.0,Male,0,13657.19,HEAVY,Well-Lit,40 km/h
MMTI-2025-12178,Marikina,Car,Head-on,3.0,Clear,19.0,Female,0,"PHP 66,499.81",Moderate,Well-Lit,60
MMTI-2025-02336,Makati,Car,Hit and Run,6.0,Cloudy,40.0,Male,2,231513.04,HEAVY,Poorly-Lit,60
MMTI-2025-08333,Quezon,Truck,Hit and Run,3,Cloudy,36.0,Female,0,458567.99,Heavy,Poorly-Lit,60
MMTI-2025-06315,Quezon,Car,Hit and Run,3,Rainy,47.0,Male,0,1021565.73,Moderate,POOR,40
MMTI-2025-13584,Manila,,Head-on,1,Clear,60.0,Male,0,67006.08,Moderate,Well-Lit,40
MMTI-2025-05896,Quezon,SUV/Van,Side-swipe,6,Stormy,28.0,Male,3,"PHP 3,407,684.20",Moderate,Unlit,100
MMTI-2025-10612,Quezon,Car,Head-on,6,Stormy,31.0,Female,4,3709392.36,Heavy,POOR,60
MMTI-2025-00801,Marikina,Car,Rear-end,4,Clear,28.0,Male,4,"PHP 67,520.53",MODERATE,Well-Lit,100
MMTI-2025-21822,Caloocan,,Hit and Run,2,Clear,35.0,Male,0,35445.32,Moderate,Well-Lit,30
MMTI-2025-22274,Quezon,Car,Rear-end,3,Cloudy,37.0,Male,0,358703.76,Light,Well-Lit,40 km/h
MMTI-2025-23247,Paranaque,Bus,Rear-end,3.0,Clear,49.0,Female,0,,Heavy,dark,40
MMTI-2025-15531,Manila,Bus,Rear-end,,Clear,40.0,Female,0,204085.09,,dark,80 km/h
MMTI-2025-01226,Marikina,Motorcycle,Hit and Run,3,Clear,24.0,Male,0,60059.99,Heavy,Well-Lit,100
MMTI-2025-22137,,Motorcycle,Head-on,2,Clear,61.0,Male,1,20890.87,,Poorly-Lit,60
MMTI-2025-22265,Makati,Truck,Hit and Run,3.0,Cloudy,52.0,Female,0,212356.28,Moderate,Well-Lit,30
MMTI-2025-02274,MANILA ,Truck,Head-on,3,Clear,69.0,Female,0,,Heavy,Well-Lit,40
MMTI-2025-19336, pasig,Car,Rear-end,2.0,Storm,33.0,Female,0,,Moderate,Well-Lit,30 km/h
MMTI-2025-07026,Taguig,Car,Hit and Run,1,Cloudy,44.0,Male,0,330601.06,Moderate,No Lights,40
MMTI-2025-13537,Quezon,Motorcycle,Rear-end,Risk Level 6,Rainy,40.0,Male,4,886792.73,Heavy,Poorly-Lit,40
MMTI-2025-17169,Pasig,Car,Head-on,3,Clear,17.0,female ,0,157.3k,Moderate,Well-Lit,60
MMTI-2025-23426,Makati,Motorcycle,Side-swipe,2,Cloudy,31.0,Female,3,"PHP 225,606.23",Moderate,Well-Lit,40
MMTI-2025-17837,Manila,SUV/Van,Head-on,3,Clear,31.0,Male,0,294469.26,,Poorly-Lit,100
MMTI-2025-17041,Las Pinas,Car,Side-swipe,3.0,Clear,42.0,Male,0,83461.83,Heavy,Well-Lit,60
MMTI-2025-20220,Quezon,Car,Side-swipe,3,Stormy,37.0,Male,0,2124.1k,Heavy,well lit,80
MMTI-2025-17134,Valenzuela,Jeepney,Side-swipe,,Rain,17.0,Male,0,,Heavy,Well-Lit,40
MMTI-2025-19799,Manila,Jeepney,Side-swipe,3,,38.0,Male,0,17336.98,Heavy,Well-Lit,60
MMTI-2025-10329,Makati,SUV/Van,Rear-end,Risk Level 3,Cloudy,51.0,Male,0,242987.61,Heavy,Well-Lit,60
MMTI-2025-09921,Quezon,Truck,Rear-end,Risk Level 3,Rainy,35.0,Male,0,816752.44,Heavy,Well-Lit,40
MMTI-2025-09105,Makati,Car,Head-on,2,Cloudy,58.0,Male,0,218107.25,Heavy,Well-Lit,60
MMTI-2025-07882,Taguig,Car,Rear-end,Risk Level 3,Cloudy,55.0,Male,0,301753.04,Moderate,Poorly-Lit,40
MMTI-2025-05423,MANILA,Truck,Hit and Run,6,Cloudy,40.0,Male,3,,Heavy,Poorly-Lit,100
MMTI-2025-15252,PASIG ,Truck,Rear-end,3,Clear,27.0,Male,0,,Heavy,Poorly-Lit,100
MMTI-2025-03560,Pasig,SUV/Van,Hit and Run,3,Clear,,Female,0,206804.44,Heavy,POOR,60
MMTI-2025-00569,Navotas,,Head-on,2,Cloudy,32.0,Male,0,21927.94,Moderate,well lit,60
MMTI-2025-12880,Paranaque,Car,Head-on,Risk Level 3,Clear,65.0,Male,0,113872.32,Heavy,Unlit,40
MMTI-2025-16665,Paranaque,Car,Rear-end,,Clear,49.0,Female,0,"PHP 68,029.26",Heavy,Well-Lit,40 kph
MMTI-2025-18602,Las Pinas,Car,Head-on,3,Clear,39.0,Male,0,88167.72,Heavy,Well-Lit,40
MMTI-2025-12823,,Motorcycle,Side-swipe,6.0,Clear,38.0,Male,4,,Heavy,Poorly-Lit,40
MMTI-2025-09165,Quezon,SUV/Van,Side-swipe,Risk Level 2,,30.0,female ,0,112852.82,Heavy,Well-Lit,30
MMTI-2025-21277, quezon,Jeepney,Head-on,3.0,Clear,38.0,Male,0,,Heavy,Well-Lit,60 km/h
MMTI-2025-08205,Quezon,Truck,Hit and Run,1,Clear,25.0,Male,0,514878.47,,Well-Lit,60
MMTI-2025-10634,Manila,SUV/Van,Side-swipe,3,Cloudy,41.0,Male,0,"PHP 200,491.21",Moderate,Unlit,60
MMTI-2025-02812,Quezon,Motorcycle,Head-on,3.0,,41.0,Male,0,16419.58,Moderate,Unlit,80
MMTI-2025-10240,Caloocan,SUV/Van,Side-swipe,3.0,,43.0,Male,0,"PHP 81,562.43",,Well-Lit,60 kph
MMTI-2025-20981,Makati,Truck,Rear-end,Risk Level 3,Cloudy,53.0,Male,0,219418.45,Heavy,Well-Lit,80 km/h
MMTI-2025-18016,Manila,Jeepney,Side-swipe,,Rain,27.0,Female,0,32242.74,Moderate,Well-Lit,60 km/h
MMTI-2025-10609,Quezon,Motorcycle,Head-on,Risk Level 6,Rainy,33.0,Unknown,3,1605178.31,Heavy,dark,60
MMTI-2025-06384,Pasay,SUV/Van,Side-swipe,3.0,Storm,30.0,Male,0,,Heavy,Well-Lit,80
MMTI-2025-08020,Manila,Bus,Side-swipe,3.0,,30.0,Male,0,196602.13,HEAVY,Poorly-Lit,40
MMTI-2025-09294,Mandaluyong,SUV/Van,Rear-end,2,Clear,35.0,Male,0,70453.96,Heavy,POOR,60
MMTI-2025-08712,Makati,Car,Head-on,3.0,Cloudy,49.0,Male,0,237127.06,Heavy,Unlit,60
MMTI-2025-16732,Taguig,Car,Hit and Run,3,Cloudy,45.0,Male,0,285477.31,Light,No Lights,60
MMTI-2025-19795,Navotas,Car,Head-on,Risk Level 3,Clear,44.0,Male,0,36274.89,Heavy,Well-Lit,60
MMTI-2025-07371,Paranaque,Car,Head-on,3.0,Clear,43.0,Male,0,110763.53,Moderate,Well-Lit,40
MMTI-2025-05182,Paranaque,Car,Rear-end,6,Clear,21.0,F,4,108508.43,Heavy,Poorly-Lit,60
MMTI-2025-02488,CALOOCAN ,Motorcycle,Head-on,,Clear,42.0,Male,1,13463.82,Heavy,Unlit,80
MMTI-2025-12055,Mandaluyong,,Side-swipe,9.0,Clear,30.0,Male,3,"PHP 347,590.83",Moderate,Well-Lit,80
MMTI-2025-07735,Las Pinas,SUV/Van,Hit and Run,3.0,Clear,40.0,Male,0,86314.17,Heavy,Poorly-Lit,60
MMTI-2025-11665,Taguig,Car,Rear-end,6,Cloudy,31.0,Male,4,347770.95,Moderate,Well-Lit,60
MMTI-2025-09862,Mandaluyong,Car,Hit and Run,3,Clear,46.0,Male,0,"PHP 74,400.70",Heavy,Unlit,60 km/h
MMTI-2025-18245,QUEZON ,,Hit and Run,3.0,Rain,45.0,Female,0,,Moderate,Poorly-Lit,100
MMTI-2025-05534,Quezon,Car,Side-swipe,6,Rainy,150.0,Male,1,1075372.18,Light,Well-Lit,80
MMTI-2025-13881,Marikina,Motorcycle,Hit and Run,3.0,,45.0,Male,0,9076.06,Heavy,Well-Lit,40
MMTI-2025-00138,Pasig,Bus,Rear-end,2,Clear,35.0,Male,0,"PHP 320,624.35",,Well-Lit,80 km/h
MMTI-2025-00832,Quezon,Car,Side-swipe,3,Cloudy,71.0,Male,0,386.9k,Heavy,Poorly-Lit,60 km/h
MMTI-2025-11681,Pasig,Car,Head-on,3,Clear,40.0,Female,0,135989.61,Moderate,Well-Lit,60
MMTI-2025-03688,Quezon,Car,Hit and Run,3,Cloudy,36.0,Male,0,521980.93,MODERATE,No Lights,40
MMTI-2025-02043,San Juan,SUV/Van,Rear-end,6,Clear,42.0,Female,4,39341.15,Heavy,Poorly-Lit,60 km/h
MMTI-2025-11423,Caloocan,Motorcycle,Hit and Run,2.0,Clear,41.0,Female,0,42005.06,Moderate,Poorly-Lit,40 km/h
MMTI-2025-02244,Marikina,Car,Rear-end,Risk Level 3,Clear,27.0,Female,0,62179.77,Heavy,Well-Lit,40
MMTI-2025-13067,Quezon,Truck,Side-swipe,3.0,Stormy,22.0,Male,0,77777777,Heavy,Well-Lit,60
MMTI-2025-14161,Quezon,Car,Hit and Run,3,Rainy,20.0,Female,0,"PHP 664,902.53",MODERATE,Poorly-Lit,40
MMTI-2025-18454,Las Pinas,Jeepney,Rear-end,Risk Level 3,,32.0,Male,0,32931.92,Heavy,Poorly-Lit,60
MMTI-2025-15793,Manila,Bus,Side-swipe,,,22.0,Male,0,230317.26,Heavy,Well-Lit,40 km/h
MMTI-2025-01515,Manila,,Head-on,,Clear,150.0,Female,0,61838.46,Heavy,Poorly-Lit,60
MMTI-2025-23461,Navotas,Motorcycle,Head-on,3,Clear,23.0,Female,0,36608.48,Heavy,Well-Lit,60 km/h
MMTI-2025-06254,,,Rear-end,3,Rain,-10.0,Male,0,291854.72,Heavy,Well-Lit,60
MMTI-2025-11605,Quezon,Jeepney,Head-on,3,Cloudy,34.0,Male,0,540841.36,Heavy,Well-Lit,60
MMTI-2025-10872,Mandaluyong,Car,Rear-end,3.0,Clear,42.0,Female,0,73577.27,Heavy,Well-Lit,40 kph
MMTI-2025-12001,Makati,Jeepney,Rear-end,3,Rain,43.0,M,0,"PHP 54,669.34",,Poorly-Lit,60
MMTI-2025-07254,Quezon,Bus,Side-swipe,2,,28.0,Male,0,331685.73,Heavy,Well-Lit,60
MMTI-2025-06073,Quezon,Motorcycle,Rear-end,3.0,Rainy,27.0,Male,0,1108631.48,Heavy,Poorly-Lit,30
MMTI-2025-12160,Pasay,Car,Side-swipe,3,Clear,40.0,F,0,45176.12,Heavy,Poorly-Lit,60
MMTI-2025-08031,Muntinlupa,Motorcycle,Side-swipe,3.0,Clear,32.0,F,0,54642.98,Heavy,Well-Lit,60
MMTI-2025-16326,Manila,Jeepney,Rear-end,3,Clear,,Male,0,49153.98,Moderate,Well-Lit,60
MMTI-2025-02732, pasig ,Bus,Hit and Run,3,Clear,21.0,male,0,,Moderate,Poorly-Lit,80 km/h
MMTI-2025-00566,Makati,Truck,Rear-end,3,Cloudy,19.0,Male,0,259502.75,Moderate,Poorly-Lit,80
MMTI-2025-10560,Manila,SUV/Van,Rear-end,3,Cloudy,31.0,F,0,183772.5,Moderate,Well-Lit,60 km/h
MMTI-2025-12485,Quezon,SUV/Van,Hit and Run,3,Stormy,40.0,Male,0,1893812.86,Heavy,Poorly-Lit,40
MMTI-2025-13488,Las Pinas,Car,Rear-end,3,Clear,17.0,Male,0,95227.11,Heavy,Well-Lit,60
MMTI-2025-12072, manila,Jeepney,Head-on,3,Cloudy,30.0,Male,0,,Moderate,Well-Lit,40
MMTI-2025-09121,,Truck,Side-swipe,3.0,Clear,45.0,Male,0,521770.95,Heavy,Poorly-Lit,30 kph
MMTI-2025-06729,Quezon,Truck,Hit and Run,Risk Level 3,Stormy,35.0,Female,0,1845071.9,Moderate,No Lights,80
MMTI-2025-20067,Malabon,Motorcycle,Head-on,3.0,Clear,58.0,Female,1,29378.53,,Unlit,30
MMTI-2025-21106,Manila,Car,Rear-end,3.0,Cloudy,56.0,Male,0,193030.37,Heavy,Poorly-Lit,80
MMTI-2025-18731,Makati,Motorcycle,Side-swipe,Risk Level 2,Cloudy,44.0,Male,0,250718.44,Moderate,Poorly-Lit,60
MMTI-2025-08420,Muntinlupa,Motorcycle,Rear-end,,Clear,45.0,Male,0,14.2k,Moderate,Well-Lit,40
MMTI-2025-02417,Manila,Bus,Rear-end,3,Cloudy,30.0,F,0,308224.02,,Well-Lit,30
MMTI-2025-09670,,Bus,Head-on,3.0,Rain,43.0,Male,0,879971.08,Moderate,Well-Lit,60
MMTI-2025-23018,Quezon,,Head-on,3,Clear,45.0,Male,0,262896.19,Heavy,Well-Lit,60
MMTI-2025-11293,Quezon,Car,Rear-end,Risk Level 3,Rainy,33.0,Male,0,1066809.45,Heavy,Poorly-Lit,100
MMTI-2025-18446,,Motorcycle,Hit and Run,3,,45.0,Male,0,,Moderate,Well-Lit,100
MMTI-2025-00498,Manila,SUV/Van,Rear-end,3,Rain,50.0,Male,0,254916.76,,Well-Lit,60
MMTI-2025-20907,,Car,Rear-end,6.0,Clear,23.0,Male,4,,Moderate,Well-Lit,40 km/h
MMTI-2025-12209,Taguig,Jeepney,Hit and Run,3,Cloudy,47.0,Male,0,312241.56,Heavy,Well-Lit,40 km/h
MMTI-2025-15985,MANILA,,Hit and Run,1,Clear,51.0,Female,0,34719.87,,Poorly-Lit,40
MMTI-2025-06341, paranaque,Motorcycle,Hit and Run,3.0,Rain,30.0,Male,0,,MODERATE,Well-Lit,60
MMTI-2025-15627,Makati,,Side-swipe,Risk Level 3,Rain,23.0,Male,0,176701.59,Moderate,Unlit,60
MMTI-2025-08660,Muntinlupa,Car,Side-swipe,3,Clear,38.0,Male,0,"PHP 53,539.93",Heavy,Well-Lit,60 km/h
MMTI-2025-15269,,SUV/Van,Head-on,2,Clear,40.0,Female,0,"PHP 24,951.10",Moderate,Well-Lit,60 km/h
MMTI-2025-15942,MALABON ,Car,Head-on,3.0,Cloudy,33.0,Male,0,,Heavy,well lit,60 kph
MMTI-2025-15239,Paranaque,Car,Hit and Run,3,Clear,29.0,Male,0,115551.28,Heavy,Well-Lit,100
MMTI-2025-18619,Muntinlupa,Motorcycle,Rear-end,2,Clear,24.0,Female,0,,Light,Well-Lit,60 km/h
MMTI-2025-01271,Quezon,Car,Side-swipe,Risk Level 3,Rainy,34.0,Male,0,1302598.93,Heavy,Poorly-Lit,60
MMTI-2025-10815,Quezon,Jeepney,Hit and Run,3.0,Rain,50.0,Female,0,,Heavy,Poorly-Lit,80
MMTI-2025-16509,Manila,Motorcycle,Head-on,3,Clear,43.0,Male,0,164297.27,Light,Well-Lit,60
MMTI-2025-09981,,Car,Hit and Run,3.0,Clear,36.0,Female,0,223105.84,Moderate,Poorly-Lit,60
MMTI-2025-04574,Makati,SUV/Van,Rear-end,Risk Level 3,Clear,36.0,Male,0,,HEAVY,No Lights,80
MMTI-2025-05369, manila,Truck,Hit and Run,,Clear,50.0,Male,0,735956.09,Heavy,Poorly-Lit,60
MMTI-2025-08196,Malabon,Car,Head-on,6.0,Rain,40.0,Male,4,125464.65,,Well-Lit,30
MMTI-2025-07920,Taguig,Bus,Side-swipe,3.0,,27.0,Male,0,529695.94,Heavy,Well-Lit,30
MMTI-2025-12045, manila,Truck,Head-on,3,Clear,33.0,male,0,,Heavy,Well-Lit,60
MMTI-2025-21548,Manila,,Rear-end,3.0,Clear,29.0,Male,0,"PHP 139,229.97",Heavy,POOR,60 km/h
MMTI-2025-06873, manila,Truck,Head-on,3,Clear,39.0,Female,0,500288.01,,Well-Lit,30
MMTI-2025-18945,Manila,Jeepney,Side-swipe,,Clear,31.0,Male,0,8108.75,Heavy,Poorly-Lit,40
MMTI-2025-20752,Valenzuela,Motorcycle,Head-on,3,Clear,48.0,Female,0,,Heavy,dark,60
MMTI-2025-12608,Quezon,Car,Head-on,Risk Level 6,Rainy,19.0,Male,3,789748.34,Moderate,Lit,40
MMTI-2025-17510,Taguig,SUV/Van,Hit and Run,3,Cloudy,30.0,Male,0,318806.32,Heavy,Poorly-Lit,80
MMTI-2025-12188,Paranaque,Car,Head-on,3.0,Clear,56.0,Male,0,"PHP 119,066.45",HEAVY,Unlit,60
MMTI-2025-03848,PARANAQUE ,,Side-swipe,Risk Level 1,Clear,35.0,Male,0,68151.81,Moderate,Well-Lit,40
MMTI-2025-22389,Quezon,Truck,Head-on,3,Stormy,26.0,Female,0,77777777,Heavy,Poorly-Lit,80
MMTI-2025-18806,Manila,Car,Side-swipe,3,Cloudy,18.0,M,0,165404.78,Heavy,Well-Lit,60
MMTI-2025-16942,Las Pinas,SUV/Van,Rear-end,3,Clear,28.0,Male,0,"PHP 96,409.62",Heavy,Poorly-Lit,60
MMTI-2025-10625,Quezon,Car,Rear-end,3.0,Rainy,35.0,Male,0,980925.13,HEAVY,Unlit,80 km/h
MMTI-2025-04355,Taguig,Bus,Head-on,6.0,Clear,31.0,Male,4,,Moderate,Well-Lit,30
MMTI-2025-17801,,Motorcycle,Head-on,2,Clear,25.0,Male,0,6853.99,Moderate,Well-Lit,80
MMTI-2025-01820,Pasig,Truck,Rear-end,3,Clear,43.0,M,0,139267.73,Moderate,Poorly-Lit,60 km/h
MMTI-2025-15232,Quezon,Bus,Head-on,,Clear,42.0,Male,0,86276.72,Moderate,Well-Lit,60
MMTI-2025-08585,Quezon,Motorcycle,Rear-end,3.0,Rainy,51.0,Male,0,993866.18,Light,Unlit,60 km/h
MMTI-2025-16805,Quezon,Motorcycle,Head-on,6,Stormy,51.0,Female,4,77777777,Heavy,Well-Lit,80 km/h
MMTI-2025-10020,Quezon,Motorcycle,Side-swipe,3,Cloudy,34.0,Male,0,353661.89,Moderate,well lit,40
MMTI-2025-08224,Quezon,Bus,Side-swipe,6,,39.0,Male,4,684182.82,Heavy,Poorly-Lit,60
MMTI-2025-12344,Paranaque,Motorcycle,Hit and Run,3.0,Clear,33.0,Male,0,103300.81,Moderate,No Lights,60 km/h
MMTI-2025-22666,Quezon,Motorcycle,Head-on,Risk Level 3,Cloudy,29.0,Male,0,382677.05,Moderate,Poorly-Lit,60
MMTI-2025-15852,Paranaque,Car,Head-on,6,Clear,33.0,M,3,117.8k,Heavy,Well-Lit,30 km/h
MMTI-2025-05590,Quezon,Car,Hit and Run,3,Rainy,25.0,Male,0,1188550.8,HEAVY,Well-Lit,30
MMTI-2025-07278,,Motorcycle,Rear-end,Risk Level 3,Clear,49.0,Female,0,45810.21,Heavy,Poorly-Lit,60
MMTI-2025-11755,San Juan,Car,Head-on,3.0,Clear,30.0,Male,0,"PHP 40,595.94",Heavy,dark,60 kph
MMTI-2025-20730,Manila,Motorcycle,Side-swipe,,Clear,37.0,Male,0,5951.53,,Well-Lit,60
MMTI-2025-17757,,Jeepney,Rear-end,3.0,Cloudy,36.0,Male,0,26348.41,Moderate,Poorly-Lit,60
MMTI-2025-20698,Manila,Car,Hit and Run,3,Cloudy,17.0,Unknown,0,174762.31,Heavy,Well-Lit,60
MMTI-2025-08648,Manila,Car,Side-swipe,Risk Level 3,Cloudy,19.0,Male,0,172911.31,Heavy,Well-Lit,40
MMTI-2025-10206,Quezon,SUV/Van,Head-on,Risk Level 3,Cloudy,44.0,Female,0,435255.85,Heavy,Well-Lit,40 km/h
MMTI-2025-21294,Manila,Car,Head-on,Risk Level 3,Cloudy,29.0,Male,0,183357.68,Light,Poorly-Lit,60 kph
MMTI-2025-15335,Makati,Car,Rear-end,Risk Level 2,Cloudy,60.0,Male,0,70972.91,,Well-Lit,80
MMTI-2025-08266,Manila,Jeepney,Side-swipe,3.0,,33.0,Male,0,104845.05,Heavy,Well-Lit,40
MMTI-2025-18569,Quezon,Truck,Side-swipe,3.0,Clear,39.0,Male,0,,Heavy,well lit,60 km/h
MMTI-2025-21241,Las Pinas,Truck,Hit and Run,3,Clear,38.0,Male,0,91636.35,Heavy,Well-Lit,60 km/h
MMTI-2025-00215,Mandaluyong,Car,Hit and Run,3,Clear,56.0,Male,0,73569.2,Moderate,Poorly-Lit,40
MMTI-2025-07813,Quezon,Motorcycle,Rear-end,3,Cloudy,44.0,Unknown,0,604377.47,Heavy,Well-Lit,60 km/h
MMTI-2025-13205,Quezon,Car,Head-on,3,Rainy,64.0,Female,0,740522.02,Heavy,Well-Lit,60
MMTI-2025-04385,Manila,,Hit and Run,3.0,Rain,22.0,Female,0,173289.6,Heavy,POOR,40
MMTI-2025-05713,Quezon,SUV/Van,Rear-end,3,,36.0,Male,0,66399.08,Heavy,dark,60 kph
MMTI-2025-10373,Manila,Jeepney,Side-swipe,3.0,Clear,18.0,Male,0,,Light,Well-Lit,100
MMTI-2025-08610,Quezon,Car,Head-on,6,,39.0,Male,3,448780.43,Light,Poorly-Lit,60
MMTI-2025-11464, manila,SUV/Van,Side-swipe,3.0,Clear,47.0,Male,0,197244.93,,Well-Lit,60 km/h
MMTI-2025-14644,Mandaluyong,Motorcycle,Rear-end,Risk Level 3,Clear,26.0,Female,0,"PHP 78,932.42",Heavy,No Lights,60
MMTI-2025-12418,Taguig,Truck,Head-on,Risk Level 6,,25.0,Unknown,2,870320.4,Heavy,Poorly-Lit,80 km/h
MMTI-2025-13154,Quezon,Truck,Head-on,3,Rainy,23.0,Female,0,951488.03,Moderate,Well-Lit,40
MMTI-2025-09768,Las Pinas,Car,Head-on,6,Clear,44.0,Male,4,87897.9,Heavy,Well-Lit,80
MMTI-2025-08001,Pasig,Car,Head-on,3.0,Clear,44.0,Female,0,161106.86,Light,POOR,40 km/h
MMTI-2025-22392,Pasig,,Head-on,3.0,Clear,28.0,Male,0,269.5k,Heavy,Well-Lit,40 kph
MMTI-2025-11006,Quezon,Car,Hit and Run,3.0,Cloudy,26.0,Male,0,351010.76,Moderate,Well-Lit,80
MMTI-2025-14704,Pasig,Jeepney,Rear-end,2,Clear,49.0,Male,0,,Heavy,Well-Lit,40 km/h
MMTI-2025-04026,QUEZON ,SUV/Van,Side-swipe,2,Clear,47.0,Male,0,99999999,,Unlit,80
MMTI-2025-12410,,SUV/Van,Rear-end,3.0,Clear,44.0,Male,0,269826.47,Heavy,Well-Lit,60
MMTI-2025-01015,Paranaque,,Rear-end,3,Clear,56.0,Female,0,67348.76,Heavy,well lit,60
MMTI-2025-09001,Quezon,Car,Head-on,3.0,Rainy,39.0,Female,0,756990.62,Heavy,Well-Lit,30
MMTI-2025-03208,Makati,Motorcycle,Hit and Run,3,Cloudy,30.0,female ,0,243698.24,Heavy,Well-Lit,80
MMTI-2025-20035,Las Pinas,Car,Side-swipe,Risk Level 3,Clear,24.0,Male,0,90953.71,Heavy,Well-Lit,60
MMTI-2025-22140,Paranaque,Jeepney,Head-on,3.0,Clear,,male,0,24438.65,Heavy,Lit,60
MMTI-2025-11310,,Motorcycle,Head-on,3,Clear,,Male,0,-25000,Light,Well-Lit,60
MMTI-2025-09786,Quezon,Car,Side-swipe,6,Rainy,32.0,Female,2,951152.34,Heavy,Well-Lit,60
MMTI-2025-16683,Pasig,Truck,Hit and Run,Risk Level 3,Clear,45.0,Female,0,"PHP 145,224.39",Light,Unlit,60
MMTI-2025-14164,Paranaque,Car,Hit and Run,3.0,Clear,32.0,Male,0,119216.04,Heavy,Poorly-Lit,80
MMTI-2025-15455,Quezon,Car,Hit and Run,3.0,Cloudy,43.0,Female,0,583648.98,Heavy,Well-Lit,60
MMTI-2025-01284,San Juan,Car,Side-swipe,3,Clear,39.0,Male,0,39772.2,Heavy,Well-Lit,60
MMTI-2025-03343,Taguig,Bus,Rear-end,3,Clear,,Male,0,1130770.94,Heavy,Poorly-Lit,80
MMTI-2025-10431,PASIG ,Car,Side-swipe,3,Rain,36.0,Female,0,,Moderate,Poorly-Lit,60
MMTI-2025-01942,Manila,SUV/Van,Hit and Run,Risk Level 3,,33.0,Male,0,,Heavy,Well-Lit,60
MMTI-2025-02566,Makati,Bus,Hit and Run,3,,37.0,Male,0,658561.17,Moderate,Well-Lit,60 km/h