Incident_ID,City,Vehicle_Type,Accident_Type,Severity,Weather_Condition,Driver_Age,Driver_Gender,Injury_Count,Damage_Cost_PHP,Traffic_Volume,Road_Lighting,Speed_Limit
MMTI-2025-03437,Quezon,Car,Head-on,6.0,Rainy,26.0,Male,4,1072857.78,Heavy,Well-Lit,60
MMTI-2025-17780,QUEZON ,Truck,Side-swipe,3,Clear,58.0,male,0,753145.58,,Well-Lit,60
MMTI-2025-08064,Quezon,Car,Hit and Run,3,Clear,43.0,Male,0,,Heavy,Well-Lit,60
MMTI-2025-06797,Quezon,Car,Head-on,3,Rainy,37.0,female ,0,1246862.33,Heavy,Poorly-Lit,60
MMTI-2025-01969,Pasay,Motorcycle,Side-swipe,3,Clear,45.0,Male,0,44921.16,Moderate,Well-Lit,30
MMTI-2025-00052,Pasay,Car,Side-swipe,3,Clear,43.0,Male,0,"PHP 45,473.65",MODERATE,Well-Lit,80
MMTI-2025-19969,Las Pinas,Motorcycle,Head-on,3.0,Clear,17.0,Male,0,92172.15,Heavy,No Lights,100 km/h
MMTI-2025-22373,Quezon,Motorcycle,Hit and Run,Risk Level 3,Rainy,17.0,Male,0,1395765.34,Moderate,Well-Lit,30 kph
MMTI-2025-16876,Taguig,SUV/Van,Rear-end,,Rain,61.0,Male,0,,Moderate,Unlit,60
MMTI-2025-02031,Makati,Jeepney,Head-on,3.0,Clear,45.0,female ,0,46772.78,,Well-Lit,30 km/h
MMTI-2025-05670,Paranaque,Motorcycle,Side-swipe,Risk Level 2,Clear,35.0,Male,0,"PHP 104,479.87",Heavy,Well-Lit,60
MMTI-2025-20217,San Juan,,Side-swipe,3,Cloudy,51.0,Male,0,274010.2,Light,Well-Lit,60
MMTI-2025-11486,,Motorcycle,Head-on,3,Clear,43.0,Male,0,23290.08,Moderate,Unlit,60
MMTI-2025-19308,Quezon,SUV/Van,Side-swipe,Risk Level 6,Rainy,59.0,Male,2,1101323.51,Heavy,Poorly-Lit,80
MMTI-2025-23510,Quezon,Car,Rear-end,6,Rainy,28.0,Male,3,1559813.62,HEAVY,dark,80
MMTI-2025-01857,Quezon,Motorcycle,Side-swipe,3.0,Rainy,45.0,Male,0,1304841.61,Heavy,Well-Lit,30
MMTI-2025-08974,Mandaluyong,Car,Head-on,3,Clear,43.0,Male,0,76070.75,Heavy,Poorly-Lit,30
MMTI-2025-05793,Makati,Car,Hit and Run,3,Cloudy,39.0,Male,0,254338.58,Heavy,POOR,80
MMTI-2025-20840,Taguig,Motorcycle,Hit and Run,3,Cloudy,34.0,Female,0,308041.04,Moderate,Well-Lit,60
MMTI-2025-07863,PARANAQUE ,,Hit and Run,3.0,Cloudy,32.0,Male,0,135399.1,Heavy,Poorly-Lit,60 km/h
MMTI-2025-20777,Las Pinas,Truck,Rear-end,2.0,Clear,29.0,Male,0,86655.65,Light,Well-Lit,80
MMTI-2025-10904,,Car,Rear-end,2.0,Clear,37.0,Male,0,0,Heavy,Poorly-Lit,40
MMTI-2025-17761,Manila,Car,Hit and Run,,Clear,46.0,Male,0,61860.55,Moderate,Well-Lit,30 km/h
MMTI-2025-03721,Marikina,Car,Rear-end,Risk Level 3,Clear,30.0,M,0,"PHP 66,529.97",Moderate,Poorly-Lit,80
MMTI-2025-13457,Pasig,Motorcycle,Side-swipe,3,Rain,,Male,0,19880.17,Heavy,Well-Lit,60
MMTI-2025-23002,Taguig,Car,Hit and Run,3,Cloudy,42.0,Male,0,344143.98,Heavy,Well-Lit,60
MMTI-2025-07621,Quezon,Motorcycle,Hit and Run,3.0,Stormy,27.0,Female,0,1961390.73,HEAVY,Well-Lit,60
MMTI-2025-19121,Paranaque,Motorcycle,Head-on,3,Clear,47.0,Male,0,109467.37,Light,Well-Lit,80 kph
MMTI-2025-01702,Quezon,SUV/Van,Head-on,3,Rain,28.0,Male,0,359.0k,,Unlit,30
MMTI-2025-00581,Caloocan,Car,Side-swipe,3,Clear,41.0,Male,0,42424.23,Light,Poorly-Lit,30
MMTI-2025-00718,,Jeepney,Hit and Run,2,Storm,30.0,Male,0,27911.7,Moderate,Well-Lit,60 km/h
MMTI-2025-10492,Quezon,Car,Hit and Run,3,Cloudy,34.0,Female,0,"PHP 602,059.14",Heavy,Unlit,60
MMTI-2025-02127,Muntinlupa,Car,Rear-end,3,Clear,55.0,Male,0,50834.0,Moderate,Unlit,40
MMTI-2025-10220,Marikina,Car,Hit and Run,3.0,Clear,26.0,Male,0,"PHP 66,746.93",Heavy,Well-Lit,60
MMTI-2025-12376,Pateros,Bus,Side-swipe,,Storm,40.0,Unknown,0,,Light,Lit,60
MMTI-2025-15411,Makati,Truck,Head-on,3.0,Rain,35.0,Male,0,,Moderate,POOR,80
MMTI-2025-01974,Taguig,,Rear-end,3,Rain,42.0,Male,4,200472.36,Light,Poorly-Lit,60
MMTI-2025-22826,Manila,,Hit and Run,9.0,Clear,19.0,Male,2,113.0k,HEAVY,Poorly-Lit,60
MMTI-2025-01492,Mandaluyong,SUV/Van,Head-on,Risk Level 3,Clear,31.0,Male,0,75064.76,Moderate,Well-Lit,30
MMTI-2025-21980,Mandaluyong,Car,Head-on,2,Clear,33.0,Female,0,70073.11,Heavy,Poorly-Lit,80
MMTI-2025-00198,Quezon,Car,Rear-end,Risk Level 3,Cloudy,27.0,Male,0,488283.21,Heavy,dark,60 km/h
MMTI-2025-11449,Makati,Car,Hit and Run,Risk Level 3,Cloudy,51.0,Male,0,230722.13,Moderate,Unlit,80
MMTI-2025-14419,,Car,Rear-end,3,Clear,34.0,Male,0,125306.4,Moderate,Well-Lit,60 kph
MMTI-2025-00026,Valenzuela,,Head-on,3,,50.0,Male,0,67836.27,Moderate,dark,60
MMTI-2025-16893,Quezon,SUV/Van,Head-on,Risk Level 3,Clear,33.0,female ,0,,HEAVY,Well-Lit,80
MMTI-2025-07080,Quezon,Jeepney,Side-swipe,3,Cloudy,35.0,Male,0,556598.01,Heavy,Poorly-Lit,100
MMTI-2025-13553,,,Rear-end,3,Clear,53.0,Male,0,120999.13,Heavy,well lit,60 kph
MMTI-2025-22230,Quezon,Motorcycle,Side-swipe,6,Rainy,69.0,Male,1,813384.33,MODERATE,Poorly-Lit,60
MMTI-2025-14337,Mandaluyong,Car,Head-on,3,Clear,61.0,Male,0,74055.01,Moderate,Poorly-Lit,40
MMTI-2025-15886,Quezon,Jeepney,Head-on,,Clear,,Male,0,"PHP 16,082.63",Heavy,Well-Lit,60
MMTI-2025-22091,Taguig,Car,Hit and Run,Risk Level 3,Cloudy,46.0,Female,0,349223.79,Heavy,Unlit,60
MMTI-2025-10330,Quezon,Truck,Side-swipe,Risk Level 3,Rainy,22.0,Male,0,1354560.19,Heavy,Well-Lit,80 km/h
MMTI-2025-14788,Taguig,Motorcycle,Side-swipe,3,Cloudy,41.0,Male,0,277667.54,Heavy,Well-Lit,60 km/h
MMTI-2025-16853,,SUV/Van,Side-swipe,3,Clear,26.0,male,0,113702.52,Heavy,Well-Lit,60
MMTI-2025-19500,Quezon,Car,Hit and Run,3,Rainy,32.0,Male,0,976158.52,Moderate,Unlit,60 km/h
MMTI-2025-00453,Malabon,Car,Hit and Run,4,Clear,32.0,Female,3,"PHP 37,074.31",Heavy,Well-Lit,30 kph
MMTI-2025-08982,Quezon,Motorcycle,Side-swipe,6.0,,24.0,Female,1,22040.14,Moderate,well lit,60
MMTI-2025-11450,Manila,Car,Rear-end,6,Clear,21.0,Male,4,164907.79,Heavy,Poorly-Lit,100
MMTI-2025-05620,QUEZON ,Bus,Head-on,,Rain,42.0,Male,0,"PHP 308,725.48",Moderate,POOR,60
MMTI-2025-06091,Makati,,Head-on,3,,35.0,Male,0,118637.64,MODERATE,Well-Lit,40
MMTI-2025-05783,Quezon,Car,Side-swipe,3,Rainy,41.0,female ,0,1401999.18,Heavy,Well-Lit,60 kph
MMTI-2025-03840,,Car,Hit and Run,6.0,Cloudy,26.0,Male,4,437869.37,Heavy,Well-Lit,30
MMTI-2025-16036,Quezon,Car,Head-on,2,,43.0,Male,0,30519.56,Moderate,well lit,80
MMTI-2025-15520,Paranaque,Car,Head-on,2,Clear,38.0,Male,0,"PHP 112,565.79",Heavy,Well-Lit,60 km/h
MMTI-2025-01673,Taguig,Truck,Side-swipe,Risk Level 3,Cloudy,24.0,Male,0,327604.05,Moderate,Unlit,60
MMTI-2025-06205,Paranaque,Truck,Head-on,3,Clear,38.0,Female,0,102294.37,Heavy,Poorly-Lit,30
MMTI-2025-14245,Quezon,Car,Head-on,3,Rainy,22.0,Male,0,921029.6,Heavy,Unlit,60
MMTI-2025-18024,,Bus,Head-on,3.0,Rain,37.0,male,0,581971.44,Heavy,Well-Lit,60
MMTI-2025-17445,Marikina,SUV/Van,Hit and Run,3,Cloudy,29.0,Female,0,"PHP 161,050.10",,Well-Lit,40
MMTI-2025-01401,Muntinlupa,Motorcycle,Head-on,3,Clear,60.0,Male,0,50722.44,Light,Well-Lit,40
MMTI-2025-06277,Taguig,Car,Head-on,3,Cloudy,31.0,Male,0,342585.84,Heavy,POOR,60 km/h
MMTI-2025-07352,Quezon,Car,Side-swipe,3.0,Rainy,32.0,Female,0,1058197.05,Heavy,Well-Lit,30
MMTI-2025-20076,Pasay,,Rear-end,3,Clear,48.0,Female,0,179924.02,Light,POOR,40
MMTI-2025-00431,Muntinlupa,Bus,Rear-end,Risk Level 3,,43.0,Male,0,328374.08,Heavy,Well-Lit,60
MMTI-2025-14719,Quezon,Car,Rear-end,2,Cloudy,44.0,Male,0,43308.49,,Well-Lit,60
MMTI-2025-19373,Manila,Car,Hit and Run,Risk Level 6,Cloudy,44.0,Male,3,179943.88,Heavy,Well-Lit,60
MMTI-2025-08751,,Bus,Head-on,6,Cloudy,35.0,Male,2,2099949.69,Moderate,Well-Lit,60
MMTI-2025-11062,Quezon,Bus,Rear-end,Risk Level 3,Rain,39.0,Male,1,,Heavy,Well-Lit,80
MMTI-2025-20569,Manila,Car,Hit and Run,,Cloudy,43.0,Male,0,47383.04,Moderate,Well-Lit,80
MMTI-2025-20534,Quezon,Truck,Hit and Run,,Clear,17.0,Male,0,316911.0,Heavy,No Lights,60
MMTI-2025-23319,Quezon,Motorcycle,Rear-end,,Clear,28.0,F,3,9307.85,HEAVY,Well-Lit,40 km/h
MMTI-2025-06912,Quezon,SUV/Van,Side-swipe,3,Cloudy,40.0,Male,0,166332.48,,Poorly-Lit,30
MMTI-2025-09434,Las Pinas,Motorcycle,Head-on,2,Clear,43.0,Male,0,81717.38,Moderate,Poorly-Lit,30
MMTI-2025-02274,MANILA ,Truck,Head-on,3,Clear,69.0,Female,0,,Heavy,Well-Lit,40
MMTI-2025-10508,Taguig,,Head-on,Risk Level 2,Clear,33.0,Male,0,83709.93,Moderate,dark,60
MMTI-2025-03835,Marikina,Car,Side-swipe,3,,30.0,Male,0,82570.67,Moderate,Poorly-Lit,80
MMTI-2025-12806,Taguig,Car,Side-swipe,3,Cloudy,19.0,Male,0,340913.03,Light,Poorly-Lit,30
MMTI-2025-19192,Quezon,Car,Rear-end,3.0,Rainy,52.0,Male,0,928002.3,Heavy,Poorly-Lit,80
MMTI-2025-00147,Marikina,Motorcycle,Side-swipe,3.0,Clear,32.0,Male,0,63635.28,Moderate,Well-Lit,100
MMTI-2025-20010, quezon,,Hit and Run,3,Clear,59.0,Male,0,282.8k,Moderate,POOR,60 km/h
MMTI-2025-20251,Paranaque,,Head-on,1,Cloudy,57.0,Male,0,"PHP 18,944.27",Light,well lit,80 km/h
MMTI-2025-19119,Makati,Car,Hit and Run,Risk Level 1,Cloudy,47.0,Female,0,241048.36,Moderate,Well-Lit,80
MMTI-2025-19180,Quezon,Truck,Rear-end,Risk Level 3,Cloudy,34.0,Male,0,486578.41,MODERATE,Well-Lit,60 km/h
MMTI-2025-21902,Quezon,Car,Side-swipe,Risk Level 3,Rainy,56.0,Male,0,1189380.73,Heavy,Well-Lit,60 km/h
MMTI-2025-15048,Quezon,SUV/Van,Head-on,3,Rainy,37.0,Male,0,679515.67,HEAVY,Well-Lit,80 km/h
MMTI-2025-17233,Quezon,Car,Rear-end,Risk Level 3,Rainy,40.0,Male,0,824433.67,Heavy,Lit,60 km/h
MMTI-2025-02286,Muntinlupa,Motorcycle,Hit and Run,3,Clear,52.0,Male,0,56349.59,Light,Well-Lit,60
MMTI-2025-03496,Las Pinas,Car,Side-swipe,Risk Level 2,Clear,38.0,Male,0,"PHP 91,753.21",Moderate,dark,60
MMTI-2025-21917,Paranaque,Jeepney,Side-swipe,6,,37.0,male,3,254214.36,Moderate,Well-Lit,60
MMTI-2025-10619,Taguig,Car,Side-swipe,3,Cloudy,25.0,Male,0,269229.3,Light,No Lights,60
MMTI-2025-16122,Makati,Car,Rear-end,3,,55.0,Male,0,142713.0,Heavy,Well-Lit,30
MMTI-2025-06067,Manila,SUV/Van,Hit and Run,3,Rain,51.0,Male,0,,Heavy,Well-Lit,60 kph
MMTI-2025-01152,Quezon,Jeepney,Head-on,3.0,Cloudy,46.0,Female,0,526395.55,Heavy,Well-Lit,40
MMTI-2025-15413,Pasig,Motorcycle,Rear-end,3,Clear,30.0,Male,0,135204.32,HEAVY,Poorly-Lit,100 km/h
MMTI-2025-14883,Quezon,Bus,Rear-end,3.0,,42.0,Male,0,796.5k,Moderate,Poorly-Lit,80 km/h
MMTI-2025-15320,Paranaque,Car,Side-swipe,Risk Level 3,Clear,26.0,Male,0,105250.32,Heavy,Poorly-Lit,80
MMTI-2025-03903,Makati,Motorcycle,Side-swipe,3,Cloudy,41.0,Female,0,"PHP 254,971.97",Heavy,Well-Lit,60
MMTI-2025-00910,Taguig,Jeepney,Side-swipe,3.0,Cloudy,61.0,Male,0,275233.19,Heavy,Well-Lit,40 km/h
MMTI-2025-12302,,Bus,Hit and Run,9,Rain,37.0,Male,2,896417.45,MODERATE,Unlit,80 kph
MMTI-2025-01281,Manila,Truck,Hit and Run,Risk Level 3,Clear,47.0,Male,0,,Light,Well-Lit,40
MMTI-2025-11420,,Jeepney,Head-on,,Clear,-10.0,Female,0,16945.87,Moderate,Poorly-Lit,40 km/h
MMTI-2025-07078,,SUV/Van,Head-on,9.0,Clear,52.0,Male,4,"PHP 256,054.89",Heavy,Well-Lit,60
MMTI-2025-07948,Paranaque,Car,Hit and Run,3,Clear,33.0,Male,0,123031.91,Heavy,Poorly-Lit,40
MMTI-2025-08637,Pasig,SUV/Van,Rear-end,3.0,Clear,45.0,Male,0,129.6k,Heavy,Well-Lit,60
MMTI-2025-14048,Quezon,Car,Rear-end,3,Rainy,29.0,M,0,1208784.03,Heavy,dark,40
MMTI-2025-06106,Quezon,Motorcycle,Side-swipe,3.0,Rainy,-10.0,Male,0,1075710.19,HEAVY,Well-Lit,60 km/h
MMTI-2025-18137,Quezon,SUV/Van,Side-swipe,Risk Level 2,Cloudy,32.0,Male,0,521579.61,Heavy,Well-Lit,60
MMTI-2025-13652,Mandaluyong,Jeepney,Head-on,3,Clear,30.0,Male,0,80600.61,Moderate,Well-Lit,60
MMTI-2025-14843,Mandaluyong,Motorcycle,Side-swipe,1.0,Clear,22.0,Female,0,7506.75,,Poorly-Lit,40 kph
MMTI-2025-15289,San Juan,Car,Hit and Run,1,Clear,,Female,0,74593.52,Light,Poorly-Lit,60
MMTI-2025-11643,Quezon,Motorcycle,Hit and Run,Risk Level 3,Cloudy,52.0,Male,0,465897.51,Heavy,Well-Lit,60 kph
MMTI-2025-11970,Muntinlupa,Motorcycle,Side-swipe,3,Clear,38.0,Male,0,"PHP 54,476.32",Moderate,Poorly-Lit,80
MMTI-2025-15678,San Juan,Car,Side-swipe,3,,33.0,Male,0,"PHP 219,351.00",Heavy,Well-Lit,60
MMTI-2025-21120,Manila,,Side-swipe,3,Rain,43.0,Male,0,"PHP 202,572.70",,Well-Lit,60 km/h
MMTI-2025-03863,Caloocan,SUV/Van,Side-swipe,3,Clear,26.0,Male,0,44782.48,Heavy,Well-Lit,30
MMTI-2025-09595,Valenzuela,Motorcycle,Side-swipe,2,Clear,35.0,Male,0,37667.99,Heavy,Well-Lit,40
MMTI-2025-02439,Caloocan,Motorcycle,Head-on,6,,34.0,Male,4,83101.78,Light,Unlit,100
MMTI-2025-02850,QUEZON ,SUV/Van,Hit and Run,6.0,,49.0,Female,4,668190.85,Heavy,Well-Lit,40 kph
MMTI-2025-13469,Mandaluyong,Truck,Rear-end,3,Clear,-10.0,Male,0,75109.4,Heavy,Well-Lit,60
MMTI-2025-02196,Taguig,,Side-swipe,3.0,Clear,35.0,Male,0,233100.37,Heavy,Well-Lit,80
MMTI-2025-17983,Las Pinas,Motorcycle,Hit and Run,3,Clear,45.0,Female,0,93766.13,Heavy,Well-Lit,60
MMTI-2025-02855,,Car,Side-swipe,3.0,Rain,29.0,Male,0,135535.39,Heavy,Well-Lit,30
MMTI-2025-18928,Quezon,Jeepney,Side-swipe,,Rain,40.0,Male,0,"PHP 25,000.90",HEAVY,Well-Lit,80 km/h
MMTI-2025-17850,Manila,Truck,Hit and Run,Risk Level 3,Clear,,Male,0,1426.0k,Heavy,Well-Lit,60
MMTI-2025-09363,QUEZON ,Car,Side-swipe,,Clear,33.0,Female,0,80935.4,Moderate,Well-Lit,60
MMTI-2025-20872, manila,Bus,Hit and Run,2,,37.0,Female,2,99736.44,Moderate,Poorly-Lit,60 km/h
MMTI-2025-06036,Manila,Car,Side-swipe,Risk Level 3,Cloudy,17.0,Male,0,201517.47,Heavy,Well-Lit,80
MMTI-2025-09188,Manila,Truck,Hit and Run,3,Clear,,Male,0,179317.95,Heavy,Poorly-Lit,40
MMTI-2025-15956,Marikina,Car,Side-swipe,Risk Level 3,Clear,44.0,Female,0,66167.52,HEAVY,Well-Lit,60
MMTI-2025-22450,Las Pinas,Motorcycle,Side-swipe,2,Clear,32.0,Female,0,,Heavy,No Lights,80
MMTI-2025-22111,Quezon,Car,Hit and Run,3,Cloudy,33.0,Male,0,364685.23,MODERATE,dark,30
MMTI-2025-18742,Mandaluyong,Car,Rear-end,3.0,Clear,24.0,Male,0,75760.23,Heavy,Unlit,40
MMTI-2025-04112,Manila,Jeepney,Head-on,3,Clear,,Male,0,50519.2,Heavy,Poorly-Lit,60
MMTI-2025-19107,,Jeepney,Hit and Run,6,Clear,70.0,Male,2,61313.14,HEAVY,Well-Lit,30
MMTI-2025-07050,Pasay,Car,Hit and Run,Risk Level 3,Clear,47.0,Male,0,48278.53,Moderate,Lit,60
MMTI-2025-22873,Quezon,Jeepney,Hit and Run,3.0,Clear,,Male,0,26546.69,Light,Well-Lit,60
MMTI-2025-01997,Quezon,Car,Head-on,3,Rainy,31.0,Male,0,"PHP 1,729,601.56",Heavy,Well-Lit,60 km/h
MMTI-2025-11881,Marikina,Motorcycle,Rear-end,3,Clear,41.0,Male,0,61657.88,Moderate,Well-Lit,40
MMTI-2025-01541,Manila,Motorcycle,Rear-end,,Clear,56.0,Male,2,5.4k,HEAVY,Poorly-Lit,100
MMTI-2025-10073,,Jeepney,Hit and Run,,Cloudy,53.0,Male,0,"PHP 24,501.17",Heavy,Well-Lit,40
MMTI-2025-10280,Quezon,Car,Head-on,3,Rainy,27.0,Male,0,837694.59,Heavy,Well-Lit,40
MMTI-2025-09180,Pasay,Car,Side-swipe,3,Clear,60.0,Male,0,48068.29,Heavy,Unlit,60
MMTI-2025-02247,Muntinlupa,Car,Head-on,Risk Level 3,Clear,49.0,Female,0,54105.82,Heavy,Well-Lit,60 km/h
MMTI-2025-21210,Manila,Jeepney,Rear-end,3,Cloudy,17.0,Male,0,203533.5,Heavy,Well-Lit,30
MMTI-2025-11145,,Bus,Hit and Run,3.0,Cloudy,41.0,Male,0,266980.18,Heavy,Well-Lit,60
MMTI-2025-03017,Taguig,Motorcycle,Head-on,3,Cloudy,34.0,Female,0,273441.58,Heavy,Poorly-Lit,60 km/h
MMTI-2025-04111,Quezon,Motorcycle,Hit and Run,3.0,Cloudy,31.0,Male,0,396733.25,Light,No Lights,60
MMTI-2025-05018,Pasay,Car,Side-swipe,3.0,Clear,17.0,Male,0,48602.94,Heavy,POOR,60
MMTI-2025-13202,Valenzuela,Car,Hit and Run,3.0,Clear,52.0,Male,0,37507.29,Heavy,Well-Lit,40
MMTI-2025-04878,Las Pinas,Jeepney,Head-on,,Clear,49.0,Female,0,12522.28,Moderate,Well-Lit,60 kph
MMTI-2025-14013,TAGUIG ,Motorcycle,Head-on,,,43.0,Male,0,4638.15,Heavy,Poorly-Lit,60
MMTI-2025-04240,Quezon,Truck,Head-on,3.0,Cloudy,56.0,Female,0,483506.39,Heavy,Poorly-Lit,80
MMTI-2025-15739,,SUV/Van,Head-on,3,Clear,33.0,Male,0,215582.07,Heavy,Poorly-Lit,80
MMTI-2025-17721,Makati,Car,Hit and Run,6,Cloudy,45.0,Male,4,250737.68,Heavy,Poorly-Lit,40
MMTI-2025-12144,Las Pinas,Truck,Hit and Run,3.0,Clear,23.0,Male,0,94636.03,Heavy,Well-Lit,100
MMTI-2025-08203,Quezon,Motorcycle,Side-swipe,3,Rainy,30.0,Male,0,1608329.31,Heavy,Well-Lit,60
MMTI-2025-17361,Quezon,Jeepney,Side-swipe,,Clear,26.0,Male,0,17144.58,Heavy,Poorly-Lit,80 kph
MMTI-2025-01072,Taguig,Jeepney,Rear-end,3,Cloudy,48.0,Female,0,271967.55,Heavy,Poorly-Lit,30
MMTI-2025-02969,Makati,Truck,Hit and Run,3.0,Clear,34.0,Male,0,1398648.18,,Poorly-Lit,40 km/h
MMTI-2025-17303,Quezon,Car,Side-swipe,3,Rainy,28.0,Male,0,"PHP 916,208.43",Moderate,Well-Lit,60
MMTI-2025-08581,Pasig,Motorcycle,Rear-end,Risk Level 3,Clear,,Male,0,13308.98,Heavy,Well-Lit,60 kph
MMTI-2025-17432,Manila,Bus,Head-on,,,63.0,Male,1,358070.49,Heavy,Well-Lit,40
MMTI-2025-01465,PASAY ,,Head-on,3,Clear,30.0,Male,0,206031.82,Heavy,Well-Lit,60
MMTI-2025-08910,Quezon,Bus,Head-on,Risk Level 3,,999.0,Male,0,879389.67,Heavy,Well-Lit,60 km/h
MMTI-2025-19106,Las Pinas,Car,Head-on,3,Clear,24.0,Female,0,96451.29,Heavy,Poorly-Lit,60
MMTI-2025-15181,Makati,Motorcycle,Side-swipe,3,Cloudy,52.0,Female,0,212064.7,Heavy,POOR,80
MMTI-2025-06614,,Truck,Side-swipe,2,Clear,,Male,0,483922.52,Heavy,Well-Lit,60
MMTI-2025-13695,Muntinlupa,Motorcycle,Hit and Run,3,Clear,42.0,Male,0,55256.99,Heavy,Poorly-Lit,60 kph
MMTI-2025-08941,Las Pinas,SUV/Van,Hit and Run,4,Clear,35.0,Female,2,65331.56,,Well-Lit,40 km/h
MMTI-2025-03386,Quezon,Jeepney,Rear-end,3,Rainy,51.0,Male,0,862891.93,Moderate,Well-Lit,40
MMTI-2025-13040,Pasay,Truck,Hit and Run,3,Clear,37.0,Female,0,,Heavy,Poorly-Lit,60
MMTI-2025-01058,Quezon,,Side-swipe,3.0,Clear,46.0,Male,0,91.5k,Light,POOR,40
MMTI-2025-23017,Marikina,Car,Rear-end,3,Clear,44.0,Male,0,60763.63,Heavy,Poorly-Lit,60
MMTI-2025-22173,Makati,Car,Side-swipe,3,Cloudy,31.0,Female,0,"PHP 237,413.40",Heavy,Well-Lit,80
MMTI-2025-06005,Manila,Bus,Side-swipe,3,Clear,64.0,Male,0,,Heavy,well lit,40
MMTI-2025-08955,Pasig,,Rear-end,3,Clear,55.0,M,0,177393.94,Heavy,Well-Lit,60
MMTI-2025-21537,Manila,SUV/Van,Hit and Run,,Clear,27.0,Female,1,21774.71,Heavy,Well-Lit,60
MMTI-2025-16482,Taguig,SUV/Van,Side-swipe,6,Cloudy,39.0,Male,2,311466.71,Heavy,Well-Lit,60
MMTI-2025-08210,Mandaluyong,Car,Side-swipe,3,Clear,41.0,Female,0,75451.17,Moderate,Poorly-Lit,60
MMTI-2025-05476,Makati,Car,Hit and Run,3,Cloudy,34.0,Male,0,"PHP 238,627.90",Heavy,Well-Lit,80
MMTI-2025-06699,Paranaque,Motorcycle,Hit and Run,3,Clear,33.0,Female,0,121223.08,Heavy,Well-Lit,60
MMTI-2025-17937,Taguig,Motorcycle,Rear-end,3.0,Cloudy,31.0,Female,0,305255.1,Heavy,Well-Lit,60
MMTI-2025-06942,Taguig,Car,Hit and Run,3.0,Cloudy,37.0,Male,0,320060.51,Light,Well-Lit,40
MMTI-2025-04306,,Car,Side-swipe,3.0,Clear,28.0,Female,0,194175.82,Heavy,Well-Lit,60
MMTI-2025-23359,Quezon,Car,Hit and Run,4,Cloudy,37.0,Male,2,403460.33,Moderate,POOR,60
MMTI-2025-18239,Las Pinas,Car,Side-swipe,3,Clear,51.0,Female,0,"PHP 95,520.47",Heavy,Well-Lit,60 km/h
MMTI-2025-08789,,Motorcycle,Hit and Run,3.0,Clear,47.0,Male,0,10396.22,Light,POOR,60
MMTI-2025-15804,San Juan,Motorcycle,Side-swipe,3,,54.0,Female,0,42638.37,Heavy,Well-Lit,80
MMTI-2025-20999,Las Pinas,Car,Rear-end,3,Clear,46.0,Female,0,88902.9,Heavy,Lit,60
MMTI-2025-07539,Muntinlupa,Car,Side-swipe,3,Clear,31.0,Female,0,50704.11,Heavy,Poorly-Lit,30 kph
MMTI-2025-22811,Quezon,,Head-on,6,Clear,38.0,Male,1,228695.84,,Poorly-Lit,60
MMTI-2025-17906,MANILA ,Jeepney,Side-swipe,3,Clear,43.0,Male,0,,Heavy,Well-Lit,100 kph
MMTI-2025-12551,Marikina,Car,Side-swipe,3,Clear,42.0,Male,0,64.6k,Moderate,Well-Lit,60
MMTI-2025-17028,Quezon,,Head-on,4.0,Cloudy,25.0,Male,1,40977.03,Heavy,Well-Lit,60 km/h
MMTI-2025-05583,Manila,Car,Head-on,2,Cloudy,31.0,M,0,170733.69,MODERATE,Unlit,60 km/h
MMTI-2025-17839,Quezon,Truck,Side-swipe,3,Cloudy,19.0,Male,0,586839.14,MODERATE,Poorly-Lit,40 kph
MMTI-2025-09165,Quezon,SUV/Van,Side-swipe,Risk Level 2,,30.0,female ,0,112852.82,Heavy,Well-Lit,30
MMTI-2025-08630,Quezon,Truck,Rear-end,4.0,Cloudy,28.0,Male,1,"PHP 358,819.28",Heavy,POOR,40 km/h
MMTI-2025-04531,Paranaque,Car,Side-swipe,Risk Level 6,Clear,39.0,Male,2,113152.59,Light,Well-Lit,60 km/h
MMTI-2025-12684,Las Pinas,Motorcycle,Side-swipe,3.0,,17.0,Female,0,28479.97,HEAVY,POOR,40 km/h
MMTI-2025-08049,Las Pinas,Truck,Side-swipe,1,,57.0,Male,0,414878.35,Moderate,Well-Lit,60
MMTI-2025-19197,Manila,Car,Head-on,3,Storm,,Male,0,163423.08,Heavy,Well-Lit,80
MMTI-2025-02166,Manila,Motorcycle,Side-swipe,2.0,Cloudy,41.0,female ,0,204681.06,Moderate,Poorly-Lit,60 km/h
MMTI-2025-08584,Pasig,Motorcycle,Head-on,3.0,Clear,42.0,Male,0,157270.37,Heavy,Poorly-Lit,80
MMTI-2025-23544,Las Pinas,,Hit and Run,,Cloudy,36.0,Male,0,73122.15,Moderate,Well-Lit,60
MMTI-2025-10461,Makati,Car,Rear-end,3.0,Clear,36.0,Male,0,108371.2,,No Lights,80
MMTI-2025-08892,Paranaque,Jeepney,Rear-end,3.0,Storm,43.0,Male,0,70302.24,,Well-Lit,80 km/h
MMTI-2025-19082,MARIKINA ,Truck,Rear-end,3,,41.0,F,0,1558434.64,Heavy,well lit,30
MMTI-2025-22241,Quezon,Jeepney,Hit and Run,3,,37.0,Male,0,99999999,Light,Well-Lit,40