Incident_ID,City,Vehicle_Type,Accident_Type,Severity,Weather_Condition,Driver_Age,Driver_Gender,Injury_Count,Damage_Cost_PHP,Traffic_Volume,Road_Lighting,Speed_Limit
MMTI-2025-02905,Quezon,SUV/Van,Side-swipe,3,,17.0,Male,0,,Moderate,Well-Lit,60 km/h
MMTI-2025-11157,Paranaque,Car,Hit and Run,6,Clear,44.0,Female,2,109953.75,Moderate,Well-Lit,30
MMTI-2025-11524,Makati,SUV/Van,Side-swipe,3.0,Cloudy,28.0,Male,0,259.5k,Heavy,Poorly-Lit,30 km/h
MMTI-2025-21556,Quezon,Motorcycle,Rear-end,3,Cloudy,23.0,Female,0,544055.59,Moderate,Well-Lit,60
MMTI-2025-07048,Taguig,SUV/Van,Side-swipe,3,Clear,35.0,Female,0,,Heavy,Unlit,60
MMTI-2025-19897,Makati,Truck,Rear-end,2.0,Cloudy,41.0,Male,0,"PHP 252,901.29",HEAVY,Well-Lit,80
MMTI-2025-14677,Quezon,Car,Hit and Run,Risk Level 6,Stormy,45.0,Male,4,2508.0k,Moderate,Well-Lit,60 kph
MMTI-2025-07025,Quezon,Car,Rear-end,3.0,Rainy,45.0,Female,0,648472.84,Heavy,Well-Lit,100 kph
MMTI-2025-07185,Quezon,Car,Hit and Run,3,Stormy,47.0,Male,0,99999999,Heavy,Poorly-Lit,60
MMTI-2025-09548, makati,Truck,Head-on,3.0,Clear,47.0,Male,0,,Light,Well-Lit,60
MMTI-2025-11676,Makati,SUV/Van,Head-on,6,Clear,17.0,male,3,267403.67,,Well-Lit,60
MMTI-2025-12927,Quezon,,Side-swipe,3.0,Rain,45.0,Male,0,64371.62,Heavy,Well-Lit,80
MMTI-2025-03372,,Car,Hit and Run,6.0,Clear,38.0,Male,3,"PHP 705,011.36",,Well-Lit,60
MMTI-2025-13502,Manila,,Hit and Run,3,Clear,22.0,Male,0,97.2k,Moderate,Well-Lit,80
MMTI-2025-01866,Manila,Car,Side-swipe,2,Cloudy,-10.0,Male,0,189704.48,Heavy,Well-Lit,80
MMTI-2025-02027,Manila,Jeepney,Side-swipe,1,Cloudy,35.0,Male,0,,Moderate,Well-Lit,60
MMTI-2025-18173,Quezon,Car,Head-on,3,Stormy,36.0,Female,0,1850244.32,Heavy,Unlit,100 kph
MMTI-2025-14921,Quezon,Motorcycle,Rear-end,3,Cloudy,46.0,Male,0,381837.22,Moderate,well lit,30
MMTI-2025-01642,Taguig,Car,Head-on,3.0,Cloudy,37.0,Female,0,282459.73,Heavy,Well-Lit,40 km/h
MMTI-2025-17515,Mandaluyong,Car,Side-swipe,3,Clear,39.0,male,0,75565.27,Heavy,Lit,60
MMTI-2025-07035,Makati,Jeepney,Side-swipe,Risk Level 3,,51.0,Female,0,47940.32,Heavy,Poorly-Lit,40 km/h
MMTI-2025-10476,Quezon,Car,Hit and Run,3,Cloudy,35.0,Male,0,372319.52,Heavy,Well-Lit,100
MMTI-2025-21593,Mandaluyong,Motorcycle,Head-on,2.0,Clear,29.0,Male,0,78147.91,Moderate,POOR,60
MMTI-2025-13408,Quezon,Motorcycle,Hit and Run,3,Cloudy,40.0,Male,0,"PHP 372,571.52",Heavy,Well-Lit,40
MMTI-2025-06916,Paranaque,,Rear-end,3,Clear,44.0,Male,0,155.0k,Heavy,Well-Lit,60
MMTI-2025-07993,Marikina,SUV/Van,Hit and Run,3,Clear,21.0,Male,0,65242.41,Moderate,Poorly-Lit,100 kph
MMTI-2025-06578,Pasig,Car,Rear-end,3,Clear,26.0,Male,0,131096.89,Moderate,dark,40 km/h
MMTI-2025-03260,Quezon,Car,Hit and Run,3,Stormy,32.0,Male,0,77777777,Heavy,Unlit,30
MMTI-2025-00177,Quezon,Car,Head-on,6,Rainy,52.0,Male,1,1747874.28,Heavy,Well-Lit,40
MMTI-2025-02153,MAKATI ,Motorcycle,Side-swipe,Risk Level 3,Clear,,Male,0,56470.94,Heavy,No Lights,60
MMTI-2025-20926,Manila,SUV/Van,Rear-end,3,Storm,,Female,0,411979.55,Moderate,Lit,60 kph
MMTI-2025-21455,Quezon,SUV/Van,Side-swipe,2,Cloudy,29.0,Male,0,,Heavy,Well-Lit,80
MMTI-2025-00292,Paranaque,Jeepney,Side-swipe,Risk Level 3,,32.0,Male,0,,Heavy,Well-Lit,40
MMTI-2025-18718,Manila,Bus,Side-swipe,3,Clear,30.0,Male,0,,Heavy,Well-Lit,60 km/h
MMTI-2025-13603,Taguig,SUV/Van,Hit and Run,3.0,Cloudy,19.0,Male,0,302163.09,Heavy,well lit,40 kph
MMTI-2025-08667,Pasig,Motorcycle,Rear-end,3,Clear,51.0,Female,0,161281.81,Heavy,Poorly-Lit,60
MMTI-2025-02761,Mandaluyong,Motorcycle,Head-on,1,Clear,34.0,Unknown,0,72308.52,Moderate,Well-Lit,40
MMTI-2025-06744,Manila,Car,Hit and Run,3.0,Cloudy,37.0,Unknown,0,171919.77,Moderate,Poorly-Lit,80
MMTI-2025-03540,Quezon,Car,Side-swipe,3,Cloudy,37.0,Male,0,368431.78,Heavy,Well-Lit,60
MMTI-2025-12710,Quezon,Jeepney,Rear-end,3,,40.0,Male,0,84269.93,Moderate,Poorly-Lit,80
MMTI-2025-21458,Makati,Motorcycle,Head-on,3.0,Cloudy,31.0,Female,0,235714.56,Moderate,Well-Lit,60 km/h
MMTI-2025-02023,Quezon,Motorcycle,Head-on,6,Cloudy,59.0,Female,3,407983.08,Moderate,Well-Lit,60 km/h
MMTI-2025-10780,Quezon,Car,Rear-end,3,Cloudy,58.0,Female,0,528520.26,Heavy,Poorly-Lit,80 km/h
MMTI-2025-21014,Mandaluyong,Car,Head-on,3,Clear,38.0,Male,0,73759.07,Heavy,Well-Lit,60 kph
MMTI-2025-12095,Makati,Car,Head-on,3,Cloudy,31.0,Male,0,261315.85,Moderate,Well-Lit,60
MMTI-2025-02122,Las Pinas,Car,Side-swipe,2,Clear,32.0,Female,0,93583.39,Heavy,Poorly-Lit,60
MMTI-2025-03239,Quezon,Car,Side-swipe,3.0,Rainy,20.0,Male,0,1139362.08,Heavy,Well-Lit,40 km/h
MMTI-2025-23552,Pasig,Truck,Head-on,,Clear,44.0,Male,0,144857.14,Light,Well-Lit,80
MMTI-2025-03809,Taguig,Car,Head-on,6,Rain,31.0,Male,1,156363.18,,Well-Lit,60
MMTI-2025-07191,Quezon,Car,Head-on,6.0,Rainy,17.0,Male,2,1622797.61,Moderate,Well-Lit,60
MMTI-2025-17108,Taguig,Car,Rear-end,Risk Level 3,Cloudy,35.0,Male,0,290916.53,Moderate,Poorly-Lit,80 km/h
MMTI-2025-00529,Paranaque,Car,Head-on,Risk Level 3,Clear,47.0,Male,0,99747.83,Moderate,Lit,60 km/h
MMTI-2025-20173,Manila,Truck,Side-swipe,3,,39.0,Female,0,565.7k,Heavy,Poorly-Lit,60 km/h
MMTI-2025-21194,Manila,SUV/Van,Head-on,,Rain,43.0,Female,0,38231.81,Heavy,POOR,60
MMTI-2025-11063,Quezon,Motorcycle,Hit and Run,Risk Level 3,Cloudy,41.0,Male,0,404541.16,Moderate,Poorly-Lit,60 km/h
MMTI-2025-22863,Pasay,Car,Hit and Run,3,Clear,50.0,Male,0,45859.16,Heavy,Well-Lit,60
MMTI-2025-08396,Valenzuela,Truck,Rear-end,2.0,Clear,25.0,Female,0,335419.94,,Well-Lit,60 km/h
MMTI-2025-04396,,Truck,Head-on,2,Clear,50.0,Male,0,"PHP 77,803.36",Heavy,Unlit,80 km/h
MMTI-2025-17876,Quezon,Car,Rear-end,3,Rainy,20.0,Male,0,624875.08,Light,Well-Lit,60
MMTI-2025-08413,Paranaque,Truck,Hit and Run,3.0,Clear,35.0,Female,0,119661.27,Light,Well-Lit,60 km/h
MMTI-2025-13088,Quezon,SUV/Van,Hit and Run,3.0,Rainy,40.0,Male,0,1198.7k,Heavy,Poorly-Lit,60 km/h
MMTI-2025-17438,Quezon,Motorcycle,Rear-end,3,Rainy,29.0,Male,0,1206927.06,Heavy,Well-Lit,40 km/h
MMTI-2025-17964,Las Pinas,Car,Hit and Run,3.0,Clear,32.0,Female,0,84860.37,Moderate,dark,60 kph
MMTI-2025-21151,Quezon,Car,Head-on,9,Rainy,45.0,Male,4,1106151.63,Heavy,No Lights,60
MMTI-2025-10293,MAKATI ,Truck,Head-on,,,28.0,Male,0,225125.57,Light,Well-Lit,30
MMTI-2025-03097,Pasig,Truck,Head-on,3,Clear,41.0,Female,0,126359.06,Heavy,Well-Lit,40 km/h
MMTI-2025-03148,Makati,Car,Hit and Run,Risk Level 3,Cloudy,45.0,Male,0,243207.35,Heavy,Unlit,60 km/h
MMTI-2025-09085,Paranaque,Motorcycle,Rear-end,3,Clear,38.0,Male,0,117420.88,Moderate,Well-Lit,30 km/h
MMTI-2025-16024,Manila,Bus,Head-on,Risk Level 2,,32.0,Male,0,178784.2,,Well-Lit,60
MMTI-2025-09482,Taguig,Truck,Hit and Run,3.0,Cloudy,39.0,Male,0,310067.73,Moderate,Well-Lit,40
MMTI-2025-20726,Pasay,Car,Hit and Run,Risk Level 3,Clear,44.0,male,0,49373.49,Heavy,Well-Lit,80
MMTI-2025-06596,Taguig,Car,Hit and Run,3,Cloudy,17.0,Male,0,345496.65,Heavy,No Lights,60
MMTI-2025-18335,,Motorcycle,Hit and Run,4,Clear,150.0,Female,4,27553.36,Heavy,Poorly-Lit,100 km/h
MMTI-2025-09402,Quezon,Motorcycle,Side-swipe,3.0,Cloudy,22.0,Male,0,,Heavy,Poorly-Lit,40 km/h
MMTI-2025-04421,Quezon,Motorcycle,Head-on,6,Cloudy,40.0,Female,1,504186.89,Heavy,Poorly-Lit,60
MMTI-2025-10479,MAKATI ,,Rear-end,3,Clear,53.0,female ,0,107.6k,Heavy,Poorly-Lit,30
MMTI-2025-22080,Makati,Motorcycle,Hit and Run,Risk Level 3,Cloudy,53.0,Male,0,238954.82,Heavy,Well-Lit,60 km/h
MMTI-2025-04675,Las Pinas,Jeepney,Head-on,Risk Level 3,Clear,42.0,Female,0,88879.39,Heavy,Well-Lit,40
MMTI-2025-07707,MAKATI ,Bus,Side-swipe,Risk Level 3,,35.0,Male,0,767912.82,Heavy,No Lights,40 km/h
MMTI-2025-05220,Manila,Car,Hit and Run,3,Cloudy,21.0,Male,0,201909.03,Moderate,Poorly-Lit,30
MMTI-2025-02878,Quezon,SUV/Van,Head-on,3.0,Clear,32.0,Male,0,205232.83,,POOR,30
MMTI-2025-07853,Makati,Truck,Head-on,3,Cloudy,55.0,Male,0,232002.6,Heavy,Poorly-Lit,40
MMTI-2025-07390,Taguig,Car,Head-on,2.0,Cloudy,79.0,Female,0,336380.84,Heavy,POOR,40
MMTI-2025-08797,,Jeepney,Hit and Run,2,Clear,17.0,Male,0,10312.87,Light,Well-Lit,60 km/h
MMTI-2025-09939,Pasay,Car,Hit and Run,Risk Level 3,Clear,35.0,Male,0,46896.13,Heavy,Unlit,80
MMTI-2025-14713,Quezon,,Rear-end,3.0,Clear,,female ,0,164851.83,Light,Poorly-Lit,80
MMTI-2025-16198,QUEZON ,,Side-swipe,3.0,Rain,46.0,Male,0,102214.47,Moderate,Well-Lit,60
MMTI-2025-05293,Makati,Car,Rear-end,2,Clear,34.0,Male,0,96446.63,,Poorly-Lit,60
MMTI-2025-02583,Quezon,Car,Head-on,3,Rainy,49.0,Male,0,828338.3,Heavy,Well-Lit,60
MMTI-2025-10620,Quezon,Car,Rear-end,3,Clear,150.0,Female,0,75036.05,,Well-Lit,80
MMTI-2025-02714,Quezon,SUV/Van,Head-on,3,Rainy,51.0,Female,0,1531276.88,Moderate,Well-Lit,60
MMTI-2025-03880,Pasig,Car,Head-on,3.0,Clear,51.0,Male,0,128525.5,Moderate,Well-Lit,80
MMTI-2025-09189,Muntinlupa,Motorcycle,Head-on,Risk Level 3,Clear,17.0,Male,0,53789.57,Heavy,Poorly-Lit,80
MMTI-2025-01295,Muntinlupa,Motorcycle,Side-swipe,2,Clear,19.0,Male,0,54447.21,Heavy,Well-Lit,40
MMTI-2025-20843,Pasay,Car,Hit and Run,2,Clear,54.0,Male,0,45.8k,Moderate,Well-Lit,60
MMTI-2025-13455,Pasig,Motorcycle,Side-swipe,Risk Level 3,Clear,44.0,Male,0,162379.68,Heavy,Well-Lit,60
MMTI-2025-08169,Manila,SUV/Van,Hit and Run,2,Cloudy,17.0,Female,0,193396.1,Heavy,Well-Lit,40 kph
MMTI-2025-02024,Quezon,Bus,Rear-end,3,Cloudy,35.0,Male,0,598532.43,,Poorly-Lit,40
MMTI-2025-10573,Quezon,,Hit and Run,3,Rain,30.0,Female,0,80631.17,Heavy,Well-Lit,60
MMTI-2025-14819,,Truck,Head-on,3.0,Rain,36.0,Female,0,645450.08,Moderate,POOR,60
MMTI-2025-02636,Manila,SUV/Van,Hit and Run,3,Cloudy,30.0,Male,0,202762.42,Moderate,well lit,30
MMTI-2025-10332,Quezon,Car,Hit and Run,3,Rainy,46.0,Female,0,"PHP 711,528.22",Heavy,Well-Lit,100
MMTI-2025-14398,Manila,Truck,Rear-end,Risk Level 6,Clear,51.0,Male,3,3435562.77,,Well-Lit,80
MMTI-2025-14708,Quezon,SUV/Van,Head-on,1,Clear,46.0,Male,0,116363.3,,Unlit,60
MMTI-2025-23490,Makati,Motorcycle,Side-swipe,,Clear,32.0,Male,3,10020.22,Heavy,Well-Lit,40
MMTI-2025-23244,Taguig,Car,Hit and Run,3.0,Cloudy,44.0,Male,0,285611.31,Moderate,Poorly-Lit,60 km/h
MMTI-2025-02153,MAKATI ,Motorcycle,Side-swipe,Risk Level 3,Clear,,Male,0,56470.94,Heavy,No Lights,60
MMTI-2025-20437,Pasay,Truck,Hit and Run,Risk Level 4,,35.0,Male,4,693002.91,Moderate,Well-Lit,60
MMTI-2025-12014,Quezon,Car,Side-swipe,3,Rainy,34.0,Male,0,822292.98,Heavy,Lit,60 km/h
MMTI-2025-21581,Marikina,Car,Head-on,2.0,Clear,35.0,Male,0,"PHP 66,998.43",Heavy,Poorly-Lit,60 kph
MMTI-2025-07441,Taguig,Car,Hit and Run,6,Cloudy,29.0,Female,1,438435.11,,Poorly-Lit,80 km/h
MMTI-2025-18013,Quezon,Motorcycle,Hit and Run,Risk Level 3,Clear,30.0,Male,0,33158.22,,Poorly-Lit,60
MMTI-2025-08462,Pasig,SUV/Van,Side-swipe,3,Clear,38.0,Female,0,"PHP 140,468.53",Heavy,Well-Lit,60 km/h
MMTI-2025-11826,Quezon,Truck,Head-on,6,Cloudy,26.0,Male,4,"PHP 360,803.88",Moderate,Well-Lit,80 kph
MMTI-2025-19976,Taguig,Car,Head-on,3,Cloudy,43.0,Male,0,276880.17,Moderate,Poorly-Lit,40 km/h
MMTI-2025-11624,Pasig,Motorcycle,Side-swipe,6,Clear,24.0,Male,4,"PHP 146,816.25",Heavy,Poorly-Lit,60
MMTI-2025-18016,Manila,Jeepney,Side-swipe,,Rain,27.0,Female,0,32242.74,Moderate,Well-Lit,60 km/h
MMTI-2025-18835,Manila,Truck,Hit and Run,1,Clear,,Male,0,297263.51,,Well-Lit,60
MMTI-2025-07508,Taguig,Car,Rear-end,4.0,Cloudy,34.0,Female,2,293285.92,Heavy,Well-Lit,60 km/h
MMTI-2025-14456,Mandaluyong,Truck,Side-swipe,,,30.0,Male,0,706132.07,HEAVY,Well-Lit,100
MMTI-2025-08744,Taguig,Car,Head-on,2.0,Cloudy,35.0,male,0,276622.75,Heavy,Well-Lit,30
MMTI-2025-17079,Manila,Car,Hit and Run,3,Cloudy,42.0,Female,0,191254.96,Moderate,Poorly-Lit,40
MMTI-2025-07172,Pasig,Car,Head-on,,Clear,29.0,Male,0,,Heavy,Poorly-Lit,60 kph
MMTI-2025-22517,,Car,Hit and Run,Risk Level 6,Rain,27.0,Male,1,"PHP 248,556.48",Moderate,Unlit,100
MMTI-2025-15783,Makati,Car,Rear-end,3,Cloudy,44.0,Male,0,224918.29,Moderate,Well-Lit,80 km/h
MMTI-2025-21743,Quezon,Car,Rear-end,,Cloudy,36.0,Male,0,,Moderate,Well-Lit,60
MMTI-2025-18874,Caloocan,Car,Side-swipe,Risk Level 3,Clear,27.0,Male,0,42533.73,Heavy,Well-Lit,40
MMTI-2025-02938,Pasig,Motorcycle,Rear-end,3,Clear,48.0,F,0,"PHP 147,802.15",HEAVY,Poorly-Lit,40
MMTI-2025-08170,Manila,Car,Rear-end,Risk Level 3,Cloudy,40.0,Male,0,175589.35,Moderate,Well-Lit,40
MMTI-2025-04023,Manila,Car,Side-swipe,,Clear,42.0,Female,0,106316.01,HEAVY,Well-Lit,60
MMTI-2025-18228,Pasig,Motorcycle,Head-on,Risk Level 3,Clear,32.0,Male,0,145291.19,Heavy,Lit,60 km/h
MMTI-2025-15917,TAGUIG ,Bus,Hit and Run,,Clear,45.0,Female,0,212398.55,,Well-Lit,80
MMTI-2025-00051,Pasay,Motorcycle,Hit and Run,Risk Level 3,Clear,28.0,Male,0,48183.84,Heavy,Well-Lit,30
MMTI-2025-16794,Marikina,Car,Head-on,3,Clear,27.0,Male,0,61809.1,Heavy,POOR,60
MMTI-2025-14016,Quezon,SUV/Van,Rear-end,3,Rainy,28.0,Male,0,1045600.44,Heavy,Well-Lit,60
MMTI-2025-09349,Pasay,Truck,Rear-end,Risk Level 3,Clear,45.0,Female,0,46.9k,Heavy,Well-Lit,60
MMTI-2025-11098,Quezon,Car,Head-on,Risk Level 3,Stormy,52.0,Female,0,1913008.96,Heavy,Well-Lit,40 km/h
MMTI-2025-19025,Quezon,Car,Side-swipe,3.0,Cloudy,34.0,Male,0,462556.18,Moderate,Poorly-Lit,60
MMTI-2025-12840,Taguig,Car,Side-swipe,Risk Level 4,Cloudy,36.0,Male,2,311968.89,Moderate,No Lights,40
MMTI-2025-18897,Quezon,Car,Rear-end,3.0,Cloudy,38.0,Female,0,414596.02,LIGHT,Well-Lit,100
MMTI-2025-23230,Las Pinas,Car,Side-swipe,2.0,Clear,34.0,Male,0,84067.74,Moderate,POOR,40
MMTI-2025-15830,,Jeepney,Side-swipe,Risk Level 3,Clear,30.0,Male,0,"PHP 24,767.08",Heavy,Poorly-Lit,60
MMTI-2025-00563,Quezon,Car,Hit and Run,3,Cloudy,41.0,Male,0,418809.74,Heavy,Well-Lit,60 km/h
MMTI-2025-17192,Makati,Jeepney,Side-swipe,3,Clear,47.0,male,0,,Heavy,Well-Lit,40
MMTI-2025-18249,Quezon,Jeepney,Rear-end,,Clear,37.0,Male,0,28603.65,Moderate,Well-Lit,40
MMTI-2025-19802,Las Pinas,Car,Hit and Run,3.0,Clear,17.0,Male,0,94429.49,Moderate,Poorly-Lit,60
MMTI-2025-05176, quezon,Motorcycle,Hit and Run,,Clear,44.0,Female,0,16285.4,Moderate,Well-Lit,80
MMTI-2025-07260,Makati,Motorcycle,Head-on,6,,44.0,Female,4,52263.83,Light,Poorly-Lit,60 km/h
MMTI-2025-02340,,SUV/Van,Head-on,Risk Level 3,Clear,36.0,Male,0,461478.15,Moderate,POOR,80 km/h
MMTI-2025-08580,Quezon,Car,Hit and Run,3,Rainy,39.0,Male,0,744825.13,Heavy,POOR,80
MMTI-2025-22673,,Bus,Side-swipe,3.0,Rain,30.0,Male,0,823423.33,Moderate,Well-Lit,60
MMTI-2025-17243,Pasay,Jeepney,Head-on,3,Cloudy,41.0,Male,0,"PHP 42,409.77",,Unlit,60
MMTI-2025-03593,Taguig,Car,Head-on,3,Cloudy,42.0,Male,0,285054.6,Moderate,No Lights,60
MMTI-2025-11267,Caloocan,Jeepney,Hit and Run,6,,0.0,M,1,"PHP 103,482.58",LIGHT,Poorly-Lit,60
MMTI-2025-20354,,Motorcycle,Head-on,3,Clear,33.0,Female,0,,Heavy,Poorly-Lit,30
MMTI-2025-01372,Taguig,Jeepney,Hit and Run,Risk Level 3,Clear,44.0,Male,0,92951.17,,Poorly-Lit,60
MMTI-2025-18772,Quezon,Motorcycle,Rear-end,Risk Level 3,Rain,,Male,0,54583.12,Moderate,No Lights,40 kph
MMTI-2025-13703,Paranaque,Car,Rear-end,3.0,Clear,26.0,Male,0,99410.92,Moderate,Unlit,30
MMTI-2025-09272,Mandaluyong,SUV/Van,Rear-end,3.0,Clear,28.0,Male,0,76822.75,Moderate,Poorly-Lit,40
MMTI-2025-00540,Quezon,SUV/Van,Hit and Run,6,Rain,36.0,Male,3,517057.48,,Well-Lit,60
MMTI-2025-16796,Mandaluyong,Motorcycle,Hit and Run,3,Rain,43.0,Male,0,,Heavy,Poorly-Lit,60 km/h
MMTI-2025-09029,Quezon,Car,Rear-end,6,Cloudy,48.0,Female,1,362996.04,Heavy,Well-Lit,40 km/h
MMTI-2025-23136,Makati,,Rear-end,3,Rain,40.0,Female,0,155092.51,Moderate,Poorly-Lit,40
MMTI-2025-03581,Manila,,Side-swipe,Risk Level 1,Clear,49.0,Male,0,44871.07,Light,well lit,60
MMTI-2025-19619,Quezon,Motorcycle,Hit and Run,Risk Level 3,Stormy,41.0,Male,0,77777777,Heavy,Poorly-Lit,40
MMTI-2025-22070,,Truck,Side-swipe,6,Rain,28.0,Male,3,3151138.02,,Unlit,60
MMTI-2025-04463,Manila,Jeepney,Hit and Run,3,Clear,28.0,Male,0,28604.5,,Well-Lit,40
MMTI-2025-17675,Pasig,Car,Hit and Run,3.0,Clear,17.0,Female,0,135143.59,Heavy,Unlit,80
MMTI-2025-11730,MAKATI ,Bus,Rear-end,Risk Level 6,Cloudy,43.0,Female,4,3202632.57,,Poorly-Lit,40
MMTI-2025-14604,Quezon,Car,Head-on,Risk Level 2,Cloudy,-10.0,Male,0,413798.81,Heavy,dark,100 km/h
MMTI-2025-23429,Manila,Car,Rear-end,3,Cloudy,57.0,Male,0,187357.75,Heavy,Well-Lit,60
MMTI-2025-09747,Quezon,Motorcycle,Hit and Run,6,Stormy,46.0,Female,1,4205925.77,Heavy,Well-Lit,40
MMTI-2025-12575,Quezon,SUV/Van,Rear-end,3,Clear,26.0,Male,0,,Heavy,Lit,80
MMTI-2025-10317,,Car,Side-swipe,3,Rain,31.0,Male,0,,Moderate,Well-Lit,40
MMTI-2025-07061,Mandaluyong,Truck,Side-swipe,3.0,Clear,34.0,Male,0,75510.18,Moderate,Well-Lit,80
MMTI-2025-08990,Manila,Car,Side-swipe,3,Cloudy,22.0,Male,0,203831.63,HEAVY,Poorly-Lit,40 km/h
MMTI-2025-10100,Caloocan,Bus,Side-swipe,3,Clear,,Female,0,175257.15,Heavy,Well-Lit,30
MMTI-2025-22448,Las Pinas,Car,Hit and Run,3,Clear,43.0,Female,0,89504.64,Moderate,Well-Lit,30 km/h
MMTI-2025-10059,Makati,,Rear-end,2,Clear,31.0,Male,0,72072.71,Moderate,dark,30
MMTI-2025-21709,Quezon,Car,Side-swipe,Risk Level 3,Rainy,21.0,Female,0,679060.45,Light,Well-Lit,40
MMTI-2025-21837,Quezon,Car,Hit and Run,9,Stormy,33.0,Male,4,1792435.32,Moderate,Unlit,100
MMTI-2025-17782,Manila,,Hit and Run,6,Clear,35.0,Male,3,"PHP 165,624.82",Heavy,Well-Lit,60
MMTI-2025-04993,Quezon,Car,Hit and Run,3.0,Rainy,44.0,Male,0,785674.2,Heavy,dark,60
MMTI-2025-21565,Pasig,Motorcycle,Hit and Run,3.0,,49.0,Female,0,14182.25,HEAVY,Well-Lit,60
MMTI-2025-02978,Paranaque,SUV/Van,Head-on,Risk Level 6,,17.0,Female,3,528838.11,Heavy,Well-Lit,60 kph
MMTI-2025-13356,Mandaluyong,Jeepney,Rear-end,6,Clear,46.0,Male,2,80470.35,Heavy,Poorly-Lit,60
MMTI-2025-19228,,Motorcycle,Head-on,3,Cloudy,29.0,Male,0,39397.31,Moderate,No Lights,80
MMTI-2025-22618,Las Pinas,Car,Hit and Run,3.0,Clear,33.0,Male,0,91304.28,Light,dark,60
MMTI-2025-10810,,Truck,Rear-end,3.0,Cloudy,17.0,Male,0,634470.85,Moderate,Well-Lit,80
MMTI-2025-20459,Muntinlupa,Car,Side-swipe,3,Clear,45.0,Female,0,50930.06,Moderate,POOR,60
MMTI-2025-17261,Manila,Truck,Head-on,,,48.0,Male,0,438655.61,Heavy,Well-Lit,40
MMTI-2025-03028,Paranaque,,Side-swipe,6.0,Clear,46.0,Male,2,180263.83,Light,Well-Lit,80
MMTI-2025-12883,,Car,Hit and Run,3.0,Rain,33.0,Male,0,109647.15,Moderate,well lit,40
MMTI-2025-04863,Paranaque,Car,Head-on,3,Clear,40.0,Male,0,100157.57,Moderate,No Lights,80
MMTI-2025-06484,Quezon,Truck,Head-on,3,Cloudy,39.0,Male,0,,Heavy,Well-Lit,60 km/h
MMTI-2025-05131,Makati,Truck,Side-swipe,3.0,,31.0,Female,0,565810.75,Moderate,Poorly-Lit,60
MMTI-2025-20407,Taguig,Car,Head-on,6.0,Cloudy,41.0,Male,3,"PHP 327,886.33",Moderate,dark,60
MMTI-2025-09698,Pasig,Car,Rear-end,3,Clear,45.0,Female,0,136080.06,LIGHT,Well-Lit,40
MMTI-2025-14721,Manila,Car,Head-on,3,Cloudy,38.0,Female,0,188327.87,Heavy,Well-Lit,80
MMTI-2025-08799,Pasay,Car,Side-swipe,3.0,Clear,43.0,Male,0,46684.96,Moderate,Poorly-Lit,100
MMTI-2025-03114,Quezon,,Side-swipe,3,Clear,28.0,Male,0,173636.77,LIGHT,Well-Lit,60
MMTI-2025-12358,Pasig,Car,Rear-end,1,Clear,40.0,M,0,161971.25,Moderate,Poorly-Lit,60 km/h
MMTI-2025-00682,,Motorcycle,Side-swipe,3,Rain,46.0,Female,0,59913.98,Moderate,Well-Lit,60
MMTI-2025-02689,Quezon,Car,Hit and Run,3,Rainy,42.0,Male,0,1072700.28,Heavy,Well-Lit,40
MMTI-2025-13712,Caloocan,Car,Hit and Run,,Clear,37.0,Male,0,"PHP 34,728.12",Moderate,Unlit,60
MMTI-2025-01128,Quezon,SUV/Van,Rear-end,3,Cloudy,17.0,Female,0,439569.37,Heavy,Poorly-Lit,60
MMTI-2025-10700, san juan,Car,Rear-end,,Clear,34.0,Male,0,71930.2,Moderate,Well-Lit,80 km/h
MMTI-2025-02640,Quezon,Car,Head-on,3,Rainy,39.0,Male,0,833133.53,Heavy,Unlit,80
MMTI-2025-15243,Mandaluyong,SUV/Van,Hit and Run,3,Clear,30.0,male,0,75498.99,Heavy,Well-Lit,40
MMTI-2025-11289,Pasay,Bus,Side-swipe,Risk Level 3,Clear,46.0,Male,0,998180.93,,Well-Lit,40
MMTI-2025-05090,Quezon,Motorcycle,Hit and Run,3,Cloudy,40.0,Male,0,529941.07,Moderate,Well-Lit,100 km/h
MMTI-2025-11305,Makati,Motorcycle,Rear-end,2,Cloudy,39.0,Male,0,226160.37,Moderate,Well-Lit,60 km/h
MMTI-2025-19620,PASAY ,SUV/Van,Hit and Run,Risk Level 3,,33.0,Female,0,256489.55,Heavy,dark,40
MMTI-2025-21048,Mandaluyong,Truck,Rear-end,3,Rain,32.0,M,0,,Moderate,Well-Lit,30 kph
MMTI-2025-03733,Quezon,Jeepney,Hit and Run,,Clear,,M,0,43295.54,Heavy,Poorly-Lit,40
MMTI-2025-05671,Taguig,Truck,Head-on,2,Cloudy,30.0,Male,0,335371.36,Moderate,Well-Lit,60
MMTI-2025-10847,Manila,,Rear-end,Risk Level 2,Rain,,Male,0,19508.67,,Unlit,40 km/h
MMTI-2025-17535,,Motorcycle,Rear-end,Risk Level 3,Clear,41.0,Unknown,0,53005.1,Heavy,Well-Lit,60 kph