Incident_ID,City,Vehicle_Type,Accident_Type,Severity,Weather_Condition,Driver_Age,Driver_Gender,Injury_Count,Damage_Cost_PHP,Traffic_Volume,Road_Lighting,Speed_Limit
MMTI-2025-13587,VALENZUELA ,Bus,Side-swipe,3,,-10.0,Female,0,725.9k,Moderate,Well-Lit,60
MMTI-2025-07843,Manila,SUV/Van,Rear-end,3.0,Cloudy,33.0,Male,0,167781.08,Moderate,Poorly-Lit,60
MMTI-2025-00001,Caloocan,Truck,Rear-end,3,Clear,29.0,Female,0,43110.15,Heavy,Poorly-Lit,80
MMTI-2025-16122,Makati,Car,Rear-end,3,,55.0,Male,0,142713.0,Heavy,Well-Lit,30
MMTI-2025-00520,Valenzuela,SUV/Van,Head-on,3.0,Clear,48.0,Male,0,37967.32,Heavy,Well-Lit,30
MMTI-2025-14446,Quezon,Car,Side-swipe,,Clear,20.0,Male,0,49894.63,Heavy,Well-Lit,60
MMTI-2025-19597,Makati,Car,Rear-end,3,Cloudy,28.0,Male,0,222487.77,Moderate,Well-Lit,60
MMTI-2025-19713,Mandaluyong,Car,Head-on,3,Clear,43.0,Male,0,74665.07,Heavy,Well-Lit,60
MMTI-2025-09372,Quezon,Car,Side-swipe,3,Rainy,42.0,female ,0,1328181.08,Heavy,Unlit,40
MMTI-2025-03303,MANILA ,Jeepney,Rear-end,3,Clear,,Male,0,56.3k,Heavy,Well-Lit,60 km/h
MMTI-2025-03770,Makati,Bus,Hit and Run,3.0,Clear,48.0,Male,0,895130.6,,Unlit,60
MMTI-2025-06493,Makati,Truck,Side-swipe,,Clear,23.0,Male,1,702109.38,MODERATE,POOR,60
MMTI-2025-14936,Marikina,Jeepney,Hit and Run,Risk Level 3,Clear,40.0,Male,0,59852.08,Moderate,Well-Lit,40
MMTI-2025-20732,Quezon,Motorcycle,Rear-end,3,Cloudy,51.0,Male,0,426116.74,Heavy,Well-Lit,80
MMTI-2025-21865,,Truck,Side-swipe,3,Clear,34.0,Male,0,581267.16,Heavy,Poorly-Lit,60
MMTI-2025-19443,Manila,Bus,Rear-end,,Cloudy,47.0,Female,0,239278.36,Moderate,Well-Lit,40 kph
MMTI-2025-20643,Manila,Truck,Hit and Run,3,,38.0,Male,0,,Heavy,Poorly-Lit,100 km/h
MMTI-2025-14509,Mandaluyong,Bus,Head-on,3.0,,18.0,Male,0,599570.78,,Well-Lit,60
MMTI-2025-12018,Manila,Motorcycle,Head-on,1,Cloudy,40.0,male,0,188624.44,Moderate,Poorly-Lit,60 km/h
MMTI-2025-01756,Makati,Car,Rear-end,3,Cloudy,39.0,Male,0,230163.59,Light,Poorly-Lit,60 kph
MMTI-2025-15380,Manila,,Head-on,Risk Level 3,Clear,41.0,Male,0,,Heavy,Well-Lit,60
MMTI-2025-04455,Paranaque,Motorcycle,Side-swipe,3,Clear,69.0,Female,0,114983.2,Heavy,Well-Lit,30
MMTI-2025-00282,Manila,Car,Side-swipe,3,Cloudy,68.0,Male,0,179298.51,Heavy,Poorly-Lit,60 km/h
MMTI-2025-02134,Quezon,Car,Rear-end,Risk Level 6,Rainy,45.0,Male,4,1418648.87,Moderate,Poorly-Lit,80
MMTI-2025-07413,Manila,Jeepney,Head-on,,Rain,47.0,Male,0,"PHP 9,810.20",Moderate,Well-Lit,60 km/h
MMTI-2025-15202,Quezon,Motorcycle,Head-on,3,Rainy,17.0,Female,0,737185.91,Heavy,Lit,60
MMTI-2025-09624,Muntinlupa,Truck,Side-swipe,3,Clear,38.0,Male,0,57339.73,MODERATE,Well-Lit,40 kph
MMTI-2025-02037,Pasig,Motorcycle,Side-swipe,3,Clear,43.0,female ,0,124384.88,Heavy,Unlit,80 kph
MMTI-2025-13585,,Bus,Side-swipe,6,Rain,29.0,Female,2,2720325.79,Light,Poorly-Lit,30 km/h
MMTI-2025-01781,Pasig,SUV/Van,Head-on,Risk Level 3,,50.0,Male,0,358654.49,Heavy,Well-Lit,60
MMTI-2025-06387,Valenzuela,Bus,Rear-end,Risk Level 3,Clear,31.0,Male,0,615270.68,,Lit,60 km/h
MMTI-2025-06121,Manila,Jeepney,Hit and Run,,Clear,34.0,Male,0,22715.59,,Well-Lit,80
MMTI-2025-10347,Pasig,Motorcycle,Hit and Run,6,Clear,30.0,Female,4,58684.19,,Poorly-Lit,30
MMTI-2025-06509,Caloocan,Truck,Rear-end,4.0,Clear,55.0,Male,3,,Moderate,Well-Lit,30
MMTI-2025-14824,Paranaque,Motorcycle,Hit and Run,3,Clear,40.0,Male,0,100988.29,Moderate,Well-Lit,40
MMTI-2025-21857,Quezon,Car,Rear-end,Risk Level 2,Rainy,54.0,Male,0,689370.5,Light,dark,30 kph
MMTI-2025-13469,Manila,Car,Rear-end,3,Storm,54.0,Male,0,194736.65,,Well-Lit,60
MMTI-2025-11255,Quezon,Car,Hit and Run,6,Cloudy,62.0,M,2,352389.79,Light,Well-Lit,60
MMTI-2025-20448,Las Pinas,Jeepney,Hit and Run,,Clear,38.0,Male,2,9.7k,Light,Well-Lit,60 kph
MMTI-2025-03070,Quezon,Truck,Side-swipe,Risk Level 3,Rainy,22.0,Male,0,630723.04,Heavy,Well-Lit,60 km/h
MMTI-2025-02992,Manila,Car,Hit and Run,3.0,Cloudy,-10.0,Female,3,198585.9,Light,dark,80
MMTI-2025-09492,Quezon,Car,Head-on,3,Cloudy,27.0,Male,0,535325.62,Heavy,POOR,60 kph
MMTI-2025-15894,Makati,Car,Rear-end,6,Cloudy,38.0,Female,4,220081.19,Heavy,Well-Lit,80 km/h
MMTI-2025-20018,Pasay,Car,Hit and Run,3.0,Clear,20.0,Female,0,46763.62,Heavy,Well-Lit,60
MMTI-2025-04895,Quezon,Car,Side-swipe,3,Rainy,21.0,female ,0,1233293.35,Heavy,Well-Lit,100
MMTI-2025-11279,Quezon,Motorcycle,Head-on,Risk Level 3,Rainy,19.0,Male,0,641494.17,Heavy,Well-Lit,60
MMTI-2025-13622,Muntinlupa,,Side-swipe,Risk Level 3,Clear,45.0,Male,0,,Light,Well-Lit,60 km/h
MMTI-2025-11780,San Juan,SUV/Van,Rear-end,2,Clear,34.0,Male,4,84332.38,,No Lights,30
MMTI-2025-03340,Quezon,,Hit and Run,Risk Level 3,Storm,51.0,Male,0,99999999,Heavy,Well-Lit,60
MMTI-2025-09821,Las Pinas,SUV/Van,Rear-end,Risk Level 3,Clear,29.0,Male,0,95926.06,Heavy,Well-Lit,80
MMTI-2025-05642,Taguig,Car,Side-swipe,3,Cloudy,34.0,Female,0,287630.93,Moderate,Unlit,60
MMTI-2025-21812,Mandaluyong,Motorcycle,Side-swipe,3,Clear,59.0,Male,0,78.5k,Moderate,Well-Lit,100
MMTI-2025-17344,,Truck,Rear-end,3,Clear,69.0,Male,0,1589041.01,Heavy,Poorly-Lit,60
MMTI-2025-19214,Quezon,Car,Hit and Run,3.0,Cloudy,46.0,Male,0,393692.84,Heavy,Well-Lit,60
MMTI-2025-07926,Manila,,Rear-end,Risk Level 3,Storm,50.0,Male,0,"PHP 69,659.68",Moderate,Poorly-Lit,40
MMTI-2025-00635, manila,Bus,Head-on,2,Clear,42.0,female ,0,,Heavy,No Lights,60 kph
MMTI-2025-02750,Quezon,Truck,Rear-end,3,Rainy,28.0,Male,0,1239480.33,Heavy,Well-Lit,60
MMTI-2025-04104,Marikina,Truck,Head-on,,Clear,36.0,Male,0,545718.38,Heavy,Poorly-Lit,40
MMTI-2025-20126,,Car,Hit and Run,6.0,Rain,20.0,Male,2,587060.91,Light,Well-Lit,60 km/h
MMTI-2025-18413,Taguig,Motorcycle,Side-swipe,3,Clear,23.0,Male,0,,HEAVY,Lit,60
MMTI-2025-03726,Las Pinas,Motorcycle,Side-swipe,3,Clear,48.0,Female,0,94728.82,Heavy,Well-Lit,80
MMTI-2025-01322,Taguig,Car,Head-on,Risk Level 3,Cloudy,17.0,Male,0,306235.13,Moderate,Well-Lit,60
MMTI-2025-06388,Paranaque,Car,Rear-end,3,Clear,44.0,Male,0,102.2k,Light,POOR,80
MMTI-2025-01933,Quezon,Motorcycle,Hit and Run,3.0,Rainy,28.0,Male,0,1053683.94,Heavy,Well-Lit,40
MMTI-2025-21112,Pasay,Motorcycle,Head-on,3.0,Clear,23.0,Male,0,49681.45,Heavy,Well-Lit,60 km/h
MMTI-2025-09883,Paranaque,Car,Hit and Run,3,Clear,24.0,M,0,100736.21,Moderate,Well-Lit,80
MMTI-2025-10621,Manila,Truck,Side-swipe,3,Rain,43.0,Male,0,1159650.26,,Well-Lit,60 km/h
MMTI-2025-09759,Makati,Car,Side-swipe,3.0,Cloudy,23.0,Male,0,241167.91,Heavy,Well-Lit,40
MMTI-2025-13046,Pasig,Car,Rear-end,3,Clear,55.0,Female,0,131993.25,Heavy,Well-Lit,60
MMTI-2025-06652,San Juan,Motorcycle,Rear-end,,Storm,-10.0,Male,1,11522.04,Heavy,Well-Lit,40
MMTI-2025-03205,Makati,Bus,Head-on,Risk Level 6,Clear,22.0,Female,4,,Heavy,Well-Lit,60
MMTI-2025-18805,Quezon,Car,Head-on,Risk Level 3,Cloudy,36.0,Male,0,539639.51,Heavy,Well-Lit,60
MMTI-2025-12936,Manila,Motorcycle,Rear-end,3,Cloudy,53.0,Male,0,"PHP 207,890.33",Heavy,Poorly-Lit,60
MMTI-2025-05037,Manila,Motorcycle,Side-swipe,,Cloudy,47.0,Male,0,8187.43,Heavy,No Lights,40
MMTI-2025-03910,Marikina,Car,Rear-end,3,Clear,36.0,Male,0,62755.02,Heavy,Well-Lit,100
MMTI-2025-03754,Taguig,Truck,Rear-end,,Clear,23.0,Male,0,733632.16,MODERATE,Well-Lit,60
MMTI-2025-13060,Quezon,Car,Side-swipe,Risk Level 3,Rainy,54.0,Male,0,1245565.22,Heavy,Poorly-Lit,60
MMTI-2025-00528,Muntinlupa,Motorcycle,Hit and Run,3,Storm,48.0,Male,0,35938.63,,Poorly-Lit,40
MMTI-2025-23122,Quezon,Jeepney,Head-on,,Clear,21.0,Female,0,26.4k,Light,Well-Lit,60 km/h
MMTI-2025-11860,Quezon,Car,Rear-end,3,Rainy,30.0,Male,0,935675.13,Moderate,Well-Lit,60 kph
MMTI-2025-05585,Mandaluyong,Car,Head-on,4,Clear,999.0,Male,4,73980.36,Moderate,Poorly-Lit,40
MMTI-2025-18428,Pasay,SUV/Van,Hit and Run,2,Clear,41.0,Male,0,48949.04,Heavy,Poorly-Lit,60 km/h
MMTI-2025-12151,Pasay,Motorcycle,Rear-end,2.0,Clear,19.0,Male,0,47739.48,Heavy,dark,40
MMTI-2025-08400,Las Pinas,SUV/Van,Rear-end,3.0,Clear,28.0,Male,0,95387.01,Light,Well-Lit,100
MMTI-2025-02144,Muntinlupa,Truck,Head-on,3,,23.0,Male,0,1519.6k,Heavy,Well-Lit,60
MMTI-2025-10847,Manila,,Rear-end,Risk Level 2,Rain,,Male,0,19508.67,,Unlit,40 km/h
MMTI-2025-07986,Makati,Car,Hit and Run,Risk Level 6,Cloudy,61.0,Male,2,215844.36,Moderate,Unlit,60
MMTI-2025-13985,Las Pinas,Jeepney,Side-swipe,3,Clear,19.0,Male,0,"PHP 95,122.80",Heavy,Poorly-Lit,30 km/h
MMTI-2025-14495,Quezon,Car,Rear-end,2,Cloudy,34.0,Female,0,550988.69,Heavy,Well-Lit,30
MMTI-2025-12393,Manila,SUV/Van,Side-swipe,Risk Level 3,Cloudy,17.0,Male,0,"PHP 202,020.39",Heavy,Well-Lit,40
MMTI-2025-00747,TAGUIG ,,Hit and Run,3.0,Rain,42.0,Unknown,0,96116.41,MODERATE,Well-Lit,60 km/h
MMTI-2025-22978,Taguig,Truck,Head-on,Risk Level 1,Cloudy,43.0,Male,0,269842.55,Moderate,Well-Lit,60
MMTI-2025-09204,,Motorcycle,Rear-end,3,Storm,30.0,Female,0,35310.76,Moderate,Well-Lit,30
MMTI-2025-20471,Taguig,Jeepney,Hit and Run,3,,17.0,Male,0,26325.41,Heavy,Well-Lit,80
MMTI-2025-04749,Quezon,Car,Head-on,Risk Level 3,Cloudy,35.0,Male,0,"PHP 364,410.27",Heavy,Poorly-Lit,80
MMTI-2025-06983,Taguig,,Rear-end,Risk Level 3,Clear,39.0,Female,0,"PHP 281,247.21",Heavy,Well-Lit,60
MMTI-2025-10635,Valenzuela,Motorcycle,Rear-end,3,Clear,40.0,Male,0,37459.07,Moderate,Well-Lit,100
MMTI-2025-16587,Caloocan,SUV/Van,Head-on,3,Clear,17.0,male,0,43428.32,Heavy,No Lights,100 km/h
MMTI-2025-02193,Muntinlupa,Car,Hit and Run,3.0,Clear,23.0,Male,0,51.4k,Moderate,Poorly-Lit,60
MMTI-2025-10581,Quezon,Car,Side-swipe,3,Cloudy,29.0,Male,4,456713.36,Moderate,Well-Lit,60 kph
MMTI-2025-21674,Paranaque,Car,Side-swipe,3,Clear,40.0,Male,0,122685.1,Heavy,Poorly-Lit,30
MMTI-2025-12026,Makati,Motorcycle,Rear-end,Risk Level 3,Cloudy,20.0,Female,0,235975.53,Heavy,Well-Lit,80
MMTI-2025-00389,Quezon,Motorcycle,Side-swipe,Risk Level 3,Cloudy,66.0,Male,0,415054.88,Heavy,Well-Lit,60
MMTI-2025-04885,Quezon,Car,Rear-end,,Rain,69.0,Unknown,0,88194.8,HEAVY,Well-Lit,80
MMTI-2025-12013,Quezon,Car,Rear-end,Risk Level 6,Stormy,26.0,male,1,2400921.4,Heavy,Well-Lit,30 km/h
MMTI-2025-21595,Quezon,Jeepney,Head-on,,Clear,37.0,Male,0,31241.05,Light,Well-Lit,60
MMTI-2025-22420,MANDALUYONG ,Motorcycle,Head-on,3,Clear,,Female,0,"PHP 25,504.12",Heavy,Poorly-Lit,60
MMTI-2025-19805,,Car,Head-on,Risk Level 9,Rain,17.0,Male,4,465675.79,Light,Unlit,60
MMTI-2025-05299,Pasig,Motorcycle,Side-swipe,4,Clear,56.0,Female,1,149350.06,Moderate,Well-Lit,60
MMTI-2025-14403,Mandaluyong,Car,Rear-end,Risk Level 3,Clear,46.0,Female,0,69656.41,Heavy,Well-Lit,40 kph
MMTI-2025-15516,,Bus,Side-swipe,1,Clear,29.0,Male,0,106418.54,Light,Well-Lit,60
MMTI-2025-07241,Marikina,Jeepney,Head-on,3,Clear,34.0,Male,0,59451.25,Moderate,POOR,60
MMTI-2025-05549,Marikina,Car,Side-swipe,2,Clear,40.0,Female,0,59590.67,Heavy,Well-Lit,60
MMTI-2025-13357,,Jeepney,Side-swipe,2,Clear,37.0,Male,0,34651.66,Moderate,Unlit,60
MMTI-2025-09121,,Truck,Side-swipe,3.0,Clear,45.0,Male,0,521770.95,Heavy,Poorly-Lit,30 kph
MMTI-2025-03538,Quezon,Motorcycle,Side-swipe,3.0,Stormy,24.0,Male,0,99999999,Moderate,Poorly-Lit,60
MMTI-2025-15293,Quezon,Car,Hit and Run,3.0,Cloudy,45.0,Male,1,375939.2,Heavy,Poorly-Lit,60 kph
MMTI-2025-16565,Quezon,Car,Hit and Run,3,Rainy,34.0,Male,0,1299675.22,Moderate,Poorly-Lit,60
MMTI-2025-02811,Mandaluyong,Car,Rear-end,3.0,Clear,23.0,Male,0,76848.19,Heavy,Well-Lit,60
MMTI-2025-06232,Quezon,Car,Head-on,3.0,Rainy,19.0,Male,0,"PHP 734,615.65",Heavy,Unlit,60 kph
MMTI-2025-01745,Makati,Car,Rear-end,3,Cloudy,45.0,Male,0,239920.61,Light,Unlit,40 km/h
MMTI-2025-11658,Paranaque,Motorcycle,Hit and Run,3,Clear,31.0,M,0,113378.12,Moderate,Well-Lit,80
MMTI-2025-01247,Muntinlupa,Jeepney,Head-on,3,Clear,44.0,Female,0,51518.84,Light,well lit,60
MMTI-2025-03725,Quezon,Car,Head-on,3,Rainy,49.0,Female,0,704390.17,Light,Well-Lit,40
MMTI-2025-10614,Marikina,Truck,Hit and Run,1,Clear,55.0,F,0,65710.92,Moderate,Unlit,60 km/h
MMTI-2025-03156,Manila,Motorcycle,Hit and Run,3,Cloudy,44.0,female ,0,210526.27,Heavy,No Lights,80
MMTI-2025-13740,Marikina,Car,Rear-end,3,Clear,44.0,Male,0,60065.87,Heavy,Well-Lit,60
MMTI-2025-21710,Taguig,,Hit and Run,Risk Level 3,Clear,41.0,Male,0,128427.34,Heavy,Well-Lit,80
MMTI-2025-17052,Paranaque,SUV/Van,Head-on,3,Clear,42.0,Male,0,122059.19,Heavy,Poorly-Lit,60
MMTI-2025-23558,Caloocan,Car,Hit and Run,3,Clear,26.0,Male,0,43757.74,Heavy,Poorly-Lit,60
MMTI-2025-02815,Pasig,Jeepney,Hit and Run,,Clear,17.0,Unknown,0,"PHP 39,839.67",Heavy,Well-Lit,60
MMTI-2025-20206,Quezon,Car,Head-on,Risk Level 3,,32.0,Male,0,129631.94,Heavy,Poorly-Lit,80
MMTI-2025-17534,Quezon,Car,Rear-end,3,Rainy,52.0,Male,0,732769.55,Heavy,Well-Lit,40 km/h
MMTI-2025-15860,Pasay,Car,Head-on,3,Clear,36.0,Male,0,49250.92,Heavy,Well-Lit,30
MMTI-2025-09144,Paranaque,Car,Head-on,Risk Level 3,Clear,45.0,Male,0,116331.13,Heavy,Well-Lit,60
MMTI-2025-16701,Quezon,Car,Head-on,4,Rainy,45.0,Female,1,917996.26,Heavy,Well-Lit,60 km/h
MMTI-2025-00503,San Juan,Jeepney,Side-swipe,Risk Level 3,Clear,22.0,Male,0,,Heavy,Poorly-Lit,60 km/h
MMTI-2025-16563,Quezon,Motorcycle,Side-swipe,3.0,Cloudy,35.0,Male,0,526452.75,Heavy,Well-Lit,40
MMTI-2025-05815,Pateros,Truck,Hit and Run,3,,45.0,Female,0,77777777,Heavy,Well-Lit,40
MMTI-2025-16865,,Jeepney,Rear-end,2.0,Rain,17.0,Male,0,9544.89,Moderate,Well-Lit,80 km/h
MMTI-2025-07261,Paranaque,SUV/Van,Hit and Run,2,Clear,35.0,Male,0,119.6k,Moderate,Well-Lit,60
MMTI-2025-06075,Pasig,Motorcycle,Hit and Run,3,Clear,44.0,Male,0,151863.31,Heavy,Well-Lit,80
MMTI-2025-21860,Quezon,SUV/Van,Head-on,3.0,Rainy,32.0,Male,0,1212127.99,Heavy,Well-Lit,60 kph
MMTI-2025-22713,Quezon,Motorcycle,Side-swipe,3,Cloudy,46.0,Male,0,530014.72,Moderate,Well-Lit,60
MMTI-2025-17911,Taguig,Motorcycle,Rear-end,6,Cloudy,999.0,Female,1,309861.68,Heavy,Poorly-Lit,60 kph
MMTI-2025-00851,Quezon,SUV/Van,Side-swipe,Risk Level 3,,41.0,Male,0,"PHP 273,841.58",MODERATE,Poorly-Lit,60
MMTI-2025-16945,San Juan,Motorcycle,Hit and Run,,Clear,61.0,Male,0,9620.73,Moderate,Well-Lit,60 km/h
MMTI-2025-04665,Quezon,Car,Side-swipe,Risk Level 3,Rainy,27.0,female ,0,1409979.94,Heavy,Poorly-Lit,80
MMTI-2025-15066,Manila,SUV/Van,Head-on,3,Cloudy,34.0,Male,0,171648.23,Light,Well-Lit,60
MMTI-2025-06229,Quezon,SUV/Van,Rear-end,6,Cloudy,39.0,Male,4,563779.42,Heavy,Well-Lit,80
MMTI-2025-19054,Quezon,Car,Side-swipe,3.0,Cloudy,39.0,Male,0,461394.54,Heavy,Well-Lit,60
MMTI-2025-08626,Quezon,Motorcycle,Rear-end,3,Rainy,33.0,Male,0,1093752.19,Moderate,Well-Lit,40
MMTI-2025-21314,Quezon,Truck,Side-swipe,3.0,Rainy,37.0,Male,0,655384.41,Heavy,Well-Lit,60
MMTI-2025-17596,Quezon,Bus,Hit and Run,3,Clear,50.0,Female,0,,Heavy,Well-Lit,60
MMTI-2025-11325,,Jeepney,Rear-end,3,Clear,27.0,F,0,69603.5,HEAVY,No Lights,80
MMTI-2025-18620,Quezon,Motorcycle,Hit and Run,6.0,Stormy,26.0,Male,2,2082174.78,Heavy,Well-Lit,60
MMTI-2025-19303,Pateros,,Side-swipe,3,Clear,27.0,F,0,184983.93,MODERATE,No Lights,60 km/h
MMTI-2025-13100,,Truck,Head-on,3,,24.0,Female,0,1627385.98,Heavy,Poorly-Lit,60
MMTI-2025-02717, makati,Bus,Rear-end,3,Clear,45.0,Female,0,,HEAVY,dark,100
MMTI-2025-14698,San Juan,SUV/Van,Hit and Run,2,Clear,45.0,Female,0,38639.41,HEAVY,Well-Lit,60 km/h
MMTI-2025-10919,MANILA ,Car,Side-swipe,3,Rain,29.0,Male,0,,Heavy,Well-Lit,80
MMTI-2025-04785,Manila,Car,Hit and Run,6,Cloudy,34.0,Male,3,167.6k,Heavy,Well-Lit,40
MMTI-2025-14897,Taguig,Truck,Rear-end,3,Cloudy,33.0,Female,0,289968.66,Heavy,Well-Lit,60 kph
MMTI-2025-07902,Manila,Bus,Head-on,3,Rain,,Female,0,"PHP 770,616.62",Heavy,POOR,40 kph
MMTI-2025-04825,Pasig,Motorcycle,Hit and Run,1,Clear,55.0,Male,0,154608.97,Moderate,Well-Lit,60
MMTI-2025-04708,Quezon,Truck,Side-swipe,Risk Level 6,Rain,,Male,1,2306338.83,Heavy,Well-Lit,60
MMTI-2025-11525,Taguig,Truck,Rear-end,Risk Level 3,Cloudy,43.0,Female,0,342925.51,Moderate,Well-Lit,40
MMTI-2025-05314,Marikina,,Side-swipe,3.0,Rain,46.0,Male,0,173551.03,Heavy,Poorly-Lit,60
MMTI-2025-01888,Quezon,Car,Side-swipe,Risk Level 3,Rainy,27.0,Male,0,625265.78,HEAVY,POOR,30
MMTI-2025-08628,Pasig,Truck,Rear-end,3,Clear,31.0,Male,0,154993.15,Moderate,Lit,80 km/h
MMTI-2025-06907,Muntinlupa,Motorcycle,Side-swipe,Risk Level 3,Clear,31.0,Male,0,54568.63,Heavy,Well-Lit,60 km/h
MMTI-2025-05194,,,Head-on,3,Clear,17.0,Male,0,229668.06,Light,Well-Lit,60
MMTI-2025-06186,Paranaque,Car,Head-on,Risk Level 2,Clear,44.0,Male,0,104474.93,Moderate,POOR,60
MMTI-2025-12590,PARANAQUE ,,Rear-end,Risk Level 6,Clear,34.0,female ,1,153787.95,Heavy,Poorly-Lit,60
MMTI-2025-20177,Pasig,Jeepney,Head-on,3,Clear,38.0,Male,0,"PHP 73,061.85",,Unlit,60
MMTI-2025-05188,,Truck,Hit and Run,3,Cloudy,28.0,Male,0,460807.09,Moderate,Well-Lit,40
MMTI-2025-05106,Quezon,,Head-on,,Clear,33.0,Male,0,40067.55,Light,Poorly-Lit,60
MMTI-2025-03374,Makati,,Rear-end,Risk Level 3,Clear,19.0,Female,0,0,Heavy,Well-Lit,60
MMTI-2025-17414,Manila,Truck,Rear-end,,Cloudy,41.0,Female,0,544681.87,Moderate,Well-Lit,60 kph
MMTI-2025-22996,Quezon,Car,Side-swipe,Risk Level 3,Cloudy,49.0,Male,0,414199.91,HEAVY,Well-Lit,60
MMTI-2025-22195,Las Pinas,SUV/Van,Head-on,3.0,Clear,48.0,Male,0,91532.91,Heavy,Well-Lit,80
MMTI-2025-16573, makati,,Head-on,Risk Level 2,Clear,,Male,0,51953.3,Moderate,Poorly-Lit,30
MMTI-2025-21491,Manila,Motorcycle,Head-on,Risk Level 3,Clear,39.0,female ,0,,Light,Poorly-Lit,60
MMTI-2025-01274,Malabon,Motorcycle,Head-on,3.0,,28.0,Male,0,15110.7,Heavy,Well-Lit,60 km/h
MMTI-2025-07426,Quezon,Jeepney,Side-swipe,,Clear,50.0,M,0,27443.14,Heavy,Lit,60
MMTI-2025-01651,,Truck,Hit and Run,3,Clear,24.0,Male,0,417060.38,Moderate,Poorly-Lit,100
MMTI-2025-16030,QUEZON ,,Hit and Run,,Clear,39.0,Male,0,,Heavy,Well-Lit,40
MMTI-2025-07410,Taguig,Car,Side-swipe,3,Cloudy,49.0,Male,0,329178.29,Heavy,No Lights,80
MMTI-2025-22955,San Juan,Truck,Side-swipe,3.0,Rain,51.0,Female,0,,Heavy,Well-Lit,60
MMTI-2025-11035,Paranaque,,Rear-end,3,Clear,44.0,Male,0,41263.66,Heavy,Well-Lit,40
MMTI-2025-13447, quezon,,Head-on,3.0,Clear,35.0,male,0,"PHP 194,026.98",Heavy,Poorly-Lit,30 kph
MMTI-2025-19561,Pasay,Car,Hit and Run,3,Clear,45.0,Male,0,46342.25,Heavy,Well-Lit,60
MMTI-2025-20641,,Truck,Hit and Run,3,Clear,50.0,Male,0,832369.76,Heavy,Poorly-Lit,60
MMTI-2025-12605,Taguig,Bus,Side-swipe,,Rain,34.0,Male,4,394734.4,Heavy,Well-Lit,40
MMTI-2025-01773,Manila,Car,Head-on,3,Cloudy,54.0,Male,0,183835.35,Heavy,Well-Lit,60
MMTI-2025-06997,Las Pinas,Car,Side-swipe,3,Clear,44.0,F,0,92902.07,Heavy,Well-Lit,40
MMTI-2025-19344,Paranaque,SUV/Van,Rear-end,3,Clear,39.0,Male,0,113732.44,Light,Well-Lit,60 km/h
MMTI-2025-21891,Paranaque,Motorcycle,Head-on,3,Clear,26.0,Male,0,103343.45,Heavy,POOR,60
MMTI-2025-11058,Las Pinas,Car,Head-on,6,Clear,27.0,Male,1,87352.95,Moderate,Poorly-Lit,80
MMTI-2025-03463,Quezon,Car,Hit and Run,3.0,Cloudy,34.0,Female,0,409726.88,Moderate,Well-Lit,40
MMTI-2025-23334,Pasig,Truck,Side-swipe,3,Rain,33.0,Male,0,401584.42,,No Lights,30
MMTI-2025-10408,Mandaluyong,Motorcycle,Side-swipe,3.0,Clear,43.0,Female,0,70433.19,Heavy,Poorly-Lit,60 kph
MMTI-2025-14650,Quezon,Car,Hit and Run,3,Rainy,41.0,Male,0,995119.08,Moderate,Unlit,60
MMTI-2025-02718,Caloocan,Car,Rear-end,Risk Level 3,Clear,39.0,Female,0,43702.3,Heavy,Well-Lit,30 km/h
MMTI-2025-11647,Taguig,Car,Hit and Run,2,Cloudy,41.0,Male,0,287336.63,Heavy,Poorly-Lit,60
MMTI-2025-00551,Makati,SUV/Van,Head-on,Risk Level 3,Cloudy,31.0,Male,0,251678.64,Moderate,Well-Lit,40
MMTI-2025-13898,Pasay,Truck,Side-swipe,3,Clear,42.0,Male,0,"PHP 50,337.47",Heavy,Poorly-Lit,60
MMTI-2025-10359,Quezon,Jeepney,Side-swipe,3.0,Rain,,Male,0,36583.91,Heavy,dark,60
MMTI-2025-09860,Manila,Motorcycle,Rear-end,Risk Level 3,Cloudy,39.0,Female,0,"PHP 180,199.99",Moderate,Poorly-Lit,60
MMTI-2025-14006,Paranaque,Car,Head-on,3,Clear,46.0,Male,0,"PHP 116,264.29",MODERATE,Poorly-Lit,80
MMTI-2025-16946,Quezon,SUV/Van,Side-swipe,Risk Level 3,Rainy,41.0,Male,0,636397.79,Heavy,Well-Lit,60
MMTI-2025-07347,Makati,Car,Side-swipe,3.0,Cloudy,29.0,Male,0,234454.91,Moderate,Well-Lit,40
MMTI-2025-09016,Makati,Truck,Rear-end,2,Cloudy,48.0,Male,0,231022.46,Moderate,Well-Lit,60 kph
MMTI-2025-03805,Marikina,Jeepney,Side-swipe,,Clear,56.0,Male,0,34538.89,,Unlit,40 km/h
MMTI-2025-12998,Caloocan,SUV/Van,Rear-end,3,Clear,42.0,Female,0,44758.28,Heavy,Poorly-Lit,40 km/h
MMTI-2025-08468,Quezon,Motorcycle,Rear-end,3,Stormy,30.0,Male,0,77777777,Light,Poorly-Lit,60
MMTI-2025-03646,Caloocan,Motorcycle,Hit and Run,3.0,Clear,35.0,Male,0,,Heavy,Well-Lit,80 kph
MMTI-2025-09948,Taguig,Car,Head-on,6.0,Cloudy,51.0,Male,3,"PHP 316,617.91",Moderate,Well-Lit,80