Incident_ID,City,Vehicle_Type,Accident_Type,Severity,Weather_Condition,Driver_Age,Driver_Gender,Injury_Count,Damage_Cost_PHP,Traffic_Volume,Road_Lighting,Speed_Limit
MMTI-2025-11675,Quezon,Car,Head-on,3.0,Rainy,40.0,Male,0,1270040.14,HEAVY,Poorly-Lit,100
MMTI-2025-04288,Quezon,SUV/Van,Rear-end,3,Rainy,47.0,Male,0,886.4k,Heavy,Well-Lit,40
MMTI-2025-23294,Manila,,Head-on,3,Clear,42.0,Male,0,98026.64,Heavy,Well-Lit,100
MMTI-2025-14615,Pasig,SUV/Van,Head-on,Risk Level 6,Clear,21.0,Male,4,138928.6,Moderate,Poorly-Lit,60
MMTI-2025-06612,Manila,Car,Side-swipe,3,Clear,44.0,female ,0,,,Well-Lit,60
MMTI-2025-13645,Quezon,Truck,Hit and Run,3.0,Rainy,19.0,Male,0,1274461.9,Heavy,Poorly-Lit,60
MMTI-2025-21118,Paranaque,SUV/Van,Hit and Run,3,Clear,48.0,Male,0,113921.2,Heavy,Poorly-Lit,60 km/h
MMTI-2025-22846,Makati,Motorcycle,Hit and Run,Risk Level 3,Cloudy,39.0,Male,0,212018.1,Heavy,Well-Lit,60
MMTI-2025-21153,Taguig,Car,Head-on,6.0,Cloudy,47.0,Female,2,336531.89,Moderate,Well-Lit,60 km/h
MMTI-2025-15596,Mandaluyong,Car,Side-swipe,3.0,Clear,46.0,Female,0,76.0k,Heavy,Well-Lit,80
MMTI-2025-22653,Caloocan,SUV/Van,Hit and Run,,,34.0,Female,3,63154.64,Light,Unlit,40 kph
MMTI-2025-07956,Quezon,Car,Side-swipe,6.0,Rainy,37.0,Male,3,1368169.96,HEAVY,Well-Lit,80
MMTI-2025-11088,Makati,Car,Hit and Run,3.0,Cloudy,31.0,Female,0,253475.46,Heavy,Well-Lit,60
MMTI-2025-01640,Manila,Motorcycle,Side-swipe,3.0,,,Male,0,33575.14,Heavy,dark,80
MMTI-2025-11552,Quezon,Car,Side-swipe,Risk Level 6,Stormy,47.0,Male,3,3407809.24,Heavy,well lit,60
MMTI-2025-03856,Pasay,Car,Hit and Run,,Clear,48.0,Female,0,"PHP 54,163.08",Heavy,Well-Lit,80 km/h
MMTI-2025-04592,Quezon,Motorcycle,Head-on,3.0,Rainy,49.0,male,0,1430804.69,Light,Well-Lit,60 kph
MMTI-2025-00028, quezon,Truck,Hit and Run,3.0,Cloudy,46.0,Male,0,1447267.96,,Well-Lit,80
MMTI-2025-04838,Manila,Bus,Hit and Run,4,Rain,17.0,Male,2,,Moderate,Poorly-Lit,40
MMTI-2025-01535,Quezon,Car,Rear-end,3,Rainy,54.0,male,0,1008180.34,Heavy,Well-Lit,100
MMTI-2025-08039,Makati,SUV/Van,Head-on,2,,45.0,Male,0,72377.07,Moderate,dark,40 km/h
MMTI-2025-14741,Quezon,Bus,Rear-end,3.0,,47.0,Male,0,1231777.3,Heavy,Well-Lit,60
MMTI-2025-11256,Quezon,Motorcycle,Head-on,3,Stormy,27.0,Male,0,1813707.32,Heavy,Well-Lit,30 kph
MMTI-2025-00780,Quezon,Motorcycle,Hit and Run,,Clear,,Male,3,21172.49,,well lit,40
MMTI-2025-10725,Quezon,Car,Head-on,3,Rainy,45.0,Male,0,1069857.66,Heavy,well lit,60
MMTI-2025-01012,Manila,Truck,Rear-end,,Rain,150.0,female ,0,591442.08,Heavy,Unlit,40
MMTI-2025-12642,,Truck,Head-on,Risk Level 4,Cloudy,40.0,Male,2,191810.47,Heavy,Well-Lit,60 kph
MMTI-2025-08876,,Truck,Side-swipe,2,,43.0,Male,0,,Moderate,Poorly-Lit,40
MMTI-2025-18264,Las Pinas,Car,Rear-end,6.0,Clear,31.0,M,4,96004.12,Moderate,Well-Lit,40 kph
MMTI-2025-10432,Quezon,Car,Side-swipe,3.0,Cloudy,44.0,Male,0,560031.62,Heavy,Poorly-Lit,80
MMTI-2025-16984,Muntinlupa,Jeepney,Hit and Run,6,Rain,50.0,Male,1,133846.36,,Poorly-Lit,60 kph
MMTI-2025-10578,Makati,Truck,Side-swipe,3,Cloudy,39.0,Male,0,263269.95,Heavy,Poorly-Lit,40
MMTI-2025-02659,Manila,Truck,Side-swipe,,Clear,28.0,Male,0,397355.16,,dark,60 km/h
MMTI-2025-18412,Quezon,SUV/Van,Head-on,3,Rainy,42.0,Male,0,653838.3,Moderate,Well-Lit,100
MMTI-2025-13801,Taguig,,Hit and Run,1,Clear,39.0,Female,0,33674.38,Moderate,Well-Lit,40
MMTI-2025-01635,Paranaque,Car,Hit and Run,6,Clear,23.0,Male,3,105172.87,Heavy,Poorly-Lit,80
MMTI-2025-14391,Makati,Motorcycle,Hit and Run,Risk Level 3,Cloudy,45.0,Male,0,264220.39,Heavy,Unlit,40
MMTI-2025-01921,Makati,Motorcycle,Head-on,,Clear,19.0,Male,0,,,Well-Lit,60
MMTI-2025-01549,Mandaluyong,Car,Head-on,2.0,Clear,32.0,Male,0,79747.0,Heavy,Well-Lit,100
MMTI-2025-18941,,Motorcycle,Side-swipe,3,Clear,43.0,Male,0,11028.43,Moderate,Well-Lit,60
MMTI-2025-01632,Paranaque,Truck,Hit and Run,,Clear,50.0,Male,4,117579.15,,Well-Lit,100
MMTI-2025-00574,Quezon,Jeepney,Head-on,Risk Level 3,,30.0,Male,0,63951.48,Moderate,Poorly-Lit,60
MMTI-2025-13516,Makati,Truck,Side-swipe,2.0,Cloudy,33.0,M,0,252815.77,Moderate,Well-Lit,30
MMTI-2025-04830,Paranaque,Car,Side-swipe,Risk Level 2,Clear,30.0,Female,0,105761.27,Heavy,Poorly-Lit,30
MMTI-2025-21958,Quezon,Car,Side-swipe,,Clear,36.0,Female,2,27071.33,Moderate,Well-Lit,30
MMTI-2025-09940,Navotas,Jeepney,Head-on,3,Clear,30.0,Male,0,36502.52,Heavy,Well-Lit,60
MMTI-2025-21080,Mandaluyong,SUV/Van,Side-swipe,3,Clear,48.0,male,0,"PHP 68,326.58",Heavy,POOR,80
MMTI-2025-10039,Taguig,Car,Side-swipe,3,Cloudy,33.0,Female,0,289183.72,Moderate,Unlit,60 km/h
MMTI-2025-06866,Mandaluyong,Motorcycle,Hit and Run,3,Clear,25.0,Female,0,"PHP 73,901.30",Heavy,Well-Lit,40
MMTI-2025-23440,Manila,Jeepney,Side-swipe,,Clear,31.0,Male,0,45567.05,Moderate,Poorly-Lit,30
MMTI-2025-18786,Quezon,SUV/Van,Head-on,3,Stormy,27.0,Female,0,1798804.02,Heavy,POOR,60
MMTI-2025-00800,Muntinlupa,Car,Side-swipe,Risk Level 3,Clear,48.0,Female,0,52655.85,Heavy,Well-Lit,60 km/h
MMTI-2025-15942,MALABON ,Car,Head-on,3.0,Cloudy,33.0,Male,0,,Heavy,well lit,60 kph
MMTI-2025-04296,Taguig,Bus,Rear-end,3,,39.0,Male,0,502605.39,Moderate,Well-Lit,30 kph
MMTI-2025-07538,Makati,Motorcycle,Rear-end,2,Cloudy,33.0,Female,0,241663.31,Heavy,Unlit,60 km/h
MMTI-2025-02174,Quezon,Car,Head-on,3,Cloudy,47.0,Male,0,606925.94,Light,Well-Lit,60
MMTI-2025-13862,Caloocan,Car,Head-on,3.0,Clear,35.0,Male,0,43829.01,Light,Unlit,60
MMTI-2025-14139,MAKATI ,Truck,Side-swipe,3.0,,46.0,Female,0,-25000,Heavy,Poorly-Lit,60
MMTI-2025-00321,,Motorcycle,Rear-end,Risk Level 3,Clear,47.0,Female,0,8176.37,Light,Well-Lit,40
MMTI-2025-07270,Las Pinas,Car,Hit and Run,3,Clear,50.0,Female,0,87126.76,Heavy,Well-Lit,40
MMTI-2025-22465,Makati,Car,Rear-end,3,Clear,17.0,Male,0,,Moderate,Well-Lit,60
MMTI-2025-01392,Quezon,SUV/Van,Rear-end,3,Rainy,51.0,female ,0,943269.33,Moderate,Well-Lit,60
MMTI-2025-15768,Quezon,Car,Head-on,3.0,Rainy,55.0,Male,0,642825.06,Heavy,Unlit,30
MMTI-2025-06920,Malabon,SUV/Van,Head-on,3,Clear,26.0,Male,0,36815.59,Heavy,Well-Lit,60
MMTI-2025-11885,Quezon,Car,Rear-end,3,Cloudy,0.0,Female,0,511127.94,Heavy,Unlit,60
MMTI-2025-04561,Pasig,Car,Rear-end,2,Clear,39.0,Female,0,145358.09,Moderate,Poorly-Lit,40
MMTI-2025-21717,Quezon,Car,Hit and Run,3,Rainy,27.0,Male,0,660075.56,Heavy,Well-Lit,60 km/h
MMTI-2025-12951, pasig,SUV/Van,Head-on,Risk Level 1,Clear,47.0,Male,0,,Moderate,POOR,30 km/h
MMTI-2025-05779,Quezon,Car,Hit and Run,3,Rainy,41.0,Female,0,889839.42,Moderate,Unlit,60
MMTI-2025-04144,Quezon,Motorcycle,Rear-end,3,Cloudy,40.0,Male,0,395457.64,Heavy,Well-Lit,60
MMTI-2025-01088,Quezon,Car,Side-swipe,3.0,Stormy,36.0,male,0,99999999,Heavy,Well-Lit,60 kph
MMTI-2025-14756,Quezon,Car,Rear-end,3.0,Rainy,55.0,Female,0,1103759.4,Heavy,Lit,40 km/h
MMTI-2025-01937,Pasig,,Hit and Run,Risk Level 3,Rain,33.0,Male,0,126281.03,LIGHT,Well-Lit,100
MMTI-2025-22187,Quezon,SUV/Van,Rear-end,3,Rainy,45.0,Male,0,866941.61,Heavy,Well-Lit,80
MMTI-2025-11908,Quezon,Motorcycle,Hit and Run,3.0,Cloudy,40.0,Male,0,388851.41,Heavy,Well-Lit,40
MMTI-2025-18879,Pasay,Car,Side-swipe,3,Clear,33.0,Male,0,49030.78,Moderate,Poorly-Lit,60
MMTI-2025-06001,Quezon,Truck,Hit and Run,6,Stormy,33.0,Male,4,2679811.39,Heavy,Unlit,60
MMTI-2025-11375,Muntinlupa,Jeepney,Head-on,3.0,Clear,51.0,Male,0,,Heavy,Well-Lit,60 km/h
MMTI-2025-12070,Quezon,Jeepney,Rear-end,3.0,Stormy,29.0,Male,0,1993390.67,Heavy,Well-Lit,40
MMTI-2025-01984,Paranaque,Car,Side-swipe,2,Clear,45.0,Male,0,115711.08,Heavy,Well-Lit,60 km/h
MMTI-2025-22174,Marikina,Car,Hit and Run,Risk Level 2,Clear,27.0,Male,0,59488.97,Heavy,Well-Lit,60 kph
MMTI-2025-22678,Makati,Jeepney,Side-swipe,3.0,Rain,25.0,Male,3,104339.0,,Well-Lit,60 km/h
MMTI-2025-12586,Caloocan,Car,Head-on,3,Clear,21.0,F,0,"PHP 41,402.87",Heavy,Well-Lit,60 kph
MMTI-2025-00981,,Bus,Side-swipe,Risk Level 3,Rain,32.0,Male,0,462462.52,Heavy,Well-Lit,80 km/h
MMTI-2025-15420,Quezon,Motorcycle,Hit and Run,1,Clear,47.0,Male,0,"PHP 5,986.46",,Well-Lit,40 kph
MMTI-2025-09485,Quezon,Car,Head-on,3.0,Stormy,17.0,Male,0,1983447.74,Moderate,Poorly-Lit,60 km/h
MMTI-2025-22633,,Jeepney,Rear-end,2,Cloudy,29.0,Male,0,39407.33,Moderate,POOR,30 km/h
MMTI-2025-07898,Makati,Motorcycle,Head-on,3,Clear,45.0,Unknown,0,,Heavy,Well-Lit,30 km/h
MMTI-2025-01064,QUEZON ,Bus,Side-swipe,3,Cloudy,47.0,Female,0,,Heavy,Well-Lit,60 km/h
MMTI-2025-08809,Paranaque,Car,Head-on,3,Clear,28.0,Male,0,106101.46,Heavy,Unlit,60 km/h
MMTI-2025-01199,Pasay,Car,Side-swipe,3,Clear,51.0,Female,0,44999.47,Light,Poorly-Lit,40
MMTI-2025-04885,Quezon,Car,Rear-end,,Rain,69.0,Unknown,0,88194.8,HEAVY,Well-Lit,80
MMTI-2025-01978,Pasay,Car,Hit and Run,Risk Level 3,Clear,27.0,Male,0,48999.62,LIGHT,Well-Lit,60
MMTI-2025-09317,Caloocan,Car,Rear-end,3,Clear,54.0,Male,0,43898.54,Heavy,Well-Lit,80
MMTI-2025-20405,Marikina,SUV/Van,Hit and Run,3,Clear,51.0,Male,0,66484.59,Heavy,Poorly-Lit,60 km/h
MMTI-2025-07999,,,Hit and Run,3,Rain,,Male,0,249944.75,Heavy,Poorly-Lit,60
MMTI-2025-08116,Muntinlupa,Car,Head-on,Risk Level 3,Clear,49.0,Male,0,52.1k,Heavy,Well-Lit,60 km/h
MMTI-2025-21573,Makati,Car,Hit and Run,3,Cloudy,26.0,M,0,234875.46,Heavy,Lit,40
MMTI-2025-03968,Quezon,Car,Rear-end,3.0,Cloudy,17.0,Male,0,383668.42,Heavy,Well-Lit,60
MMTI-2025-04192,Paranaque,Car,Hit and Run,3.0,Rain,,Male,0,,Heavy,dark,60
MMTI-2025-01323,San Juan,Motorcycle,Side-swipe,3,,50.0,Male,0,22451.82,Heavy,Well-Lit,40
MMTI-2025-15977,,Bus,Head-on,Risk Level 6,Rain,39.0,Female,1,997711.38,Heavy,Well-Lit,60
MMTI-2025-01123,Quezon,Jeepney,Hit and Run,,Clear,47.0,M,0,"PHP 28,622.38",Light,Poorly-Lit,40
MMTI-2025-13689,Quezon,Jeepney,Rear-end,Risk Level 3,Rainy,25.0,Male,0,1439629.0,Light,Unlit,80 kph
MMTI-2025-19143,Makati,Truck,Rear-end,2.0,Cloudy,37.0,F,0,228089.26,Light,Unlit,60
MMTI-2025-14018,Quezon,Car,Rear-end,3,Cloudy,31.0,Male,0,587100.01,Light,well lit,60 km/h
MMTI-2025-00461,San Juan,Motorcycle,Head-on,3.0,Clear,24.0,Female,0,"PHP 40,934.10",Heavy,Well-Lit,60
MMTI-2025-02505,Pasig,Bus,Head-on,2.0,,40.0,Female,0,398594.5,Heavy,Well-Lit,60 km/h
MMTI-2025-13038,Pasig,Car,Hit and Run,3.0,Clear,54.0,F,0,134034.54,Heavy,Well-Lit,60 kph
MMTI-2025-20446,Quezon,Motorcycle,Rear-end,3,Rainy,35.0,female ,0,962059.6,LIGHT,Poorly-Lit,60 km/h
MMTI-2025-14884,Quezon,Car,Head-on,3,Rainy,37.0,Male,0,1439617.45,Heavy,Well-Lit,60 kph
MMTI-2025-17048,Makati,Jeepney,Side-swipe,3.0,Clear,29.0,F,0,,,Well-Lit,80
MMTI-2025-02572,Quezon,Truck,Head-on,3,Clear,25.0,Male,0,,Heavy,Well-Lit,80
MMTI-2025-13984,Manila,Car,Side-swipe,3,Cloudy,26.0,F,0,210837.97,Heavy,Poorly-Lit,60 km/h
MMTI-2025-08798,Quezon,Car,Rear-end,9,Stormy,49.0,Male,4,2783237.62,Heavy,Well-Lit,40
MMTI-2025-17637,,Motorcycle,Side-swipe,1,Clear,37.0,Male,0,6132.81,Moderate,Well-Lit,80 km/h
MMTI-2025-01574,,Bus,Head-on,3,Cloudy,38.0,Male,0,0,Heavy,Poorly-Lit,40
MMTI-2025-10633,Makati,Motorcycle,Hit and Run,3,Cloudy,35.0,Male,0,255952.16,Heavy,Poorly-Lit,60
MMTI-2025-20834,Caloocan,Car,Side-swipe,3,Clear,29.0,Male,0,41832.22,Moderate,Unlit,80
MMTI-2025-11201,Paranaque,SUV/Van,Head-on,3,Clear,45.0,Female,0,121709.66,Heavy,Well-Lit,60 km/h
MMTI-2025-10882,Pasig,Car,Head-on,,Clear,49.0,Male,0,68200.93,Light,POOR,60
MMTI-2025-08368,,,Rear-end,3.0,Clear,40.0,Male,0,,Moderate,Poorly-Lit,80
MMTI-2025-12538,Quezon,Car,Rear-end,3,Rainy,60.0,Male,0,723035.31,Heavy,Well-Lit,30
MMTI-2025-22471,Paranaque,,Head-on,Risk Level 3,Clear,17.0,Male,0,84707.72,Moderate,Poorly-Lit,60
MMTI-2025-08900,Quezon,Car,Side-swipe,6,Cloudy,35.0,Male,2,389331.22,Heavy,Well-Lit,40
MMTI-2025-11601,Quezon,Car,Rear-end,Risk Level 3,Rainy,26.0,Male,0,1757893.72,Moderate,Well-Lit,60
MMTI-2025-05563,Manila,Bus,Side-swipe,1,Clear,41.0,male,0,,Light,Poorly-Lit,30
MMTI-2025-02894,Manila,Car,Side-swipe,6,Cloudy,40.0,Male,4,207332.64,MODERATE,Well-Lit,40
MMTI-2025-09520,Las Pinas,Car,Side-swipe,2,Clear,38.0,female ,3,88195.64,Heavy,Well-Lit,40
MMTI-2025-20868, pasig,Jeepney,Rear-end,,Clear,45.0,Male,0,40378.71,Light,Poorly-Lit,40
MMTI-2025-09628,Caloocan,SUV/Van,Rear-end,2.0,Clear,0.0,Male,0,,Heavy,Well-Lit,30
MMTI-2025-18639,Quezon,Motorcycle,Hit and Run,Risk Level 3,Cloudy,29.0,Female,0,373143.89,Moderate,Well-Lit,80
MMTI-2025-09610,Quezon,Truck,Head-on,3.0,Rainy,24.0,Male,0,869888.42,Heavy,Poorly-Lit,80 km/h
MMTI-2025-18995,Muntinlupa,Car,Head-on,3,Clear,40.0,Male,0,54098.98,Light,Well-Lit,80 km/h
MMTI-2025-04595,Malabon,,Hit and Run,3.0,Clear,42.0,Male,0,,Heavy,Poorly-Lit,30
MMTI-2025-01608,,SUV/Van,Head-on,,Cloudy,33.0,Unknown,0,145232.31,Heavy,Well-Lit,100
MMTI-2025-02593,,Car,Head-on,3.0,Rain,55.0,Female,0,34124.51,Moderate,Well-Lit,60 km/h
MMTI-2025-17204,Pasig,Motorcycle,Hit and Run,3,,54.0,Female,0,50464.46,Heavy,POOR,60 km/h
MMTI-2025-20643,Manila,Truck,Hit and Run,3,,38.0,Male,0,,Heavy,Poorly-Lit,100 km/h
MMTI-2025-06387,San Juan,Bus,Rear-end,3,Clear,38.0,female ,0,1011116.58,,Well-Lit,30
MMTI-2025-22273,Quezon,Car,Side-swipe,3,Rainy,41.0,Female,0,1135390.08,Moderate,Unlit,40
MMTI-2025-03672,Muntinlupa,Car,Side-swipe,Risk Level 3,Clear,50.0,Female,0,"PHP 55,841.35",Heavy,POOR,40 kph
MMTI-2025-02096,Las Pinas,Motorcycle,Rear-end,3.0,Clear,38.0,Male,0,85119.01,Heavy,POOR,60 km/h
MMTI-2025-20657,Manila,Car,Side-swipe,3.0,Cloudy,37.0,Male,0,201013.79,HEAVY,Lit,60
MMTI-2025-14007,Malabon,Car,Head-on,2.0,Clear,17.0,Male,0,18923.8,,Well-Lit,60 km/h
MMTI-2025-04778,,SUV/Van,Side-swipe,6,Cloudy,45.0,Male,3,266819.02,Heavy,Well-Lit,100 km/h
MMTI-2025-12455,Taguig,,Side-swipe,2,Clear,29.0,Female,0,25.6k,Heavy,Poorly-Lit,60
MMTI-2025-08821,Quezon,Car,Side-swipe,6,Cloudy,57.0,Male,1,462093.77,Heavy,Well-Lit,60
MMTI-2025-00065,QUEZON ,Jeepney,Side-swipe,3.0,Clear,,female ,0,20286.46,Heavy,Lit,80
MMTI-2025-05425,Quezon,Motorcycle,Hit and Run,3.0,Stormy,21.0,Male,0,2021060.13,Moderate,Well-Lit,60
MMTI-2025-07889,Quezon,Car,Side-swipe,3,Rainy,150.0,Male,0,"PHP 1,487,707.06",Heavy,Well-Lit,80
MMTI-2025-14543,Pasig,Car,Head-on,3,Clear,42.0,Male,0,133633.09,Heavy,Poorly-Lit,60
MMTI-2025-17186,Manila,,Rear-end,6,Clear,40.0,Female,3,703803.95,Heavy,Poorly-Lit,60
MMTI-2025-11865,Caloocan,Motorcycle,Side-swipe,3,Clear,26.0,Female,0,,Moderate,Well-Lit,60
MMTI-2025-22220,Quezon,SUV/Van,Hit and Run,3,Rainy,40.0,Male,0,1482158.21,MODERATE,well lit,40
MMTI-2025-19853,Quezon,Car,Head-on,6.0,Stormy,46.0,Male,4,5461796.14,Moderate,well lit,40 km/h
MMTI-2025-21359,,Jeepney,Hit and Run,Risk Level 3,Clear,47.0,Male,0,83675.06,Heavy,Poorly-Lit,80 kph
MMTI-2025-10699,Quezon,Car,Hit and Run,6,Stormy,35.0,Male,3,2175452.7,Heavy,Poorly-Lit,40
MMTI-2025-21027,Quezon,Motorcycle,Hit and Run,6.0,Rainy,54.0,Male,4,849364.78,Heavy,Poorly-Lit,60
MMTI-2025-19154,Mandaluyong,,Rear-end,3,Rain,32.0,Male,0,"PHP 183,023.90",Heavy,Well-Lit,40
MMTI-2025-20428,Quezon,Motorcycle,Rear-end,3,Cloudy,30.0,male,0,"PHP 602,589.30",LIGHT,Poorly-Lit,60 km/h
MMTI-2025-12204,Quezon,Car,Hit and Run,3,Cloudy,57.0,Male,0,495.3k,Heavy,Well-Lit,80 km/h
MMTI-2025-00552,Valenzuela,Truck,Side-swipe,3.0,Clear,,Male,0,830481.44,Heavy,Well-Lit,80
MMTI-2025-14950,Quezon,Motorcycle,Rear-end,3.0,Stormy,44.0,Male,0,1926.0k,Moderate,dark,30
MMTI-2025-02145,Navotas,Car,Side-swipe,Risk Level 1,,21.0,Male,0,78938.36,,Well-Lit,40
MMTI-2025-09313,Makati,Car,Hit and Run,3,Cloudy,44.0,Female,0,214.9k,Moderate,dark,80
MMTI-2025-07822,,Truck,Rear-end,3,Clear,52.0,Male,0,458690.99,Heavy,Poorly-Lit,100
MMTI-2025-04848,Quezon,Motorcycle,Head-on,Risk Level 3,Rainy,50.0,Male,0,1012453.99,Heavy,Poorly-Lit,60
MMTI-2025-15064,Pasay,,Rear-end,3,Clear,33.0,Male,0,212466.6,Heavy,Well-Lit,80 km/h
MMTI-2025-20115,Makati,Motorcycle,Rear-end,3.0,Cloudy,48.0,Male,0,265219.72,Heavy,Well-Lit,60
MMTI-2025-15303,Quezon,Motorcycle,Side-swipe,3,,26.0,Male,0,16730.13,Heavy,Well-Lit,80
MMTI-2025-10143,Pasig,Truck,Hit and Run,,Rain,47.0,Male,0,347877.37,Heavy,Lit,100
MMTI-2025-22905,,Car,Side-swipe,Risk Level 3,Storm,30.0,Male,0,155679.82,Moderate,Well-Lit,60
MMTI-2025-23228,Quezon,Car,Hit and Run,3,Stormy,39.0,Female,0,77777777,Heavy,Well-Lit,60 km/h
MMTI-2025-12755,Quezon,Car,Head-on,Risk Level 3,Rainy,34.0,Male,0,689244.28,Heavy,POOR,40 km/h
MMTI-2025-18640, manila,Jeepney,Hit and Run,Risk Level 3,,,Male,0,139872.72,Moderate,Well-Lit,60
MMTI-2025-22488,Las Pinas,Motorcycle,Rear-end,Risk Level 3,Clear,30.0,Male,0,84449.91,Heavy,Well-Lit,60
MMTI-2025-21093, pasig,SUV/Van,Head-on,3.0,Clear,,Male,0,101108.72,Moderate,Well-Lit,80 km/h
MMTI-2025-22848,Quezon,Motorcycle,Rear-end,3,Stormy,20.0,Female,0,99999999,Heavy,Well-Lit,60
MMTI-2025-10342,MANILA ,Bus,Rear-end,,Clear,39.0,Male,0,393185.36,Moderate,Well-Lit,100
MMTI-2025-22809,Las Pinas,Car,Rear-end,9,Clear,20.0,Male,2,82628.06,Moderate,POOR,60 km/h
MMTI-2025-15381,Quezon,Bus,Head-on,3,,20.0,Female,0,724038.32,Heavy,Well-Lit,100
MMTI-2025-17760,Mandaluyong,SUV/Van,Side-swipe,2.0,Clear,,Male,0,"PHP 51,713.92",Heavy,well lit,30
MMTI-2025-18298,,Jeepney,Rear-end,3,Rain,42.0,male,0,,Moderate,Well-Lit,60
MMTI-2025-06045,San Juan,Car,Head-on,Risk Level 3,Cloudy,,Male,0,33783.21,Moderate,No Lights,40
MMTI-2025-19421,Pasay,Motorcycle,Head-on,3.0,Clear,34.0,Male,0,48562.44,Light,Poorly-Lit,60
MMTI-2025-14762,Manila,Jeepney,Side-swipe,,Clear,44.0,Male,0,50201.85,MODERATE,Well-Lit,60
MMTI-2025-08575,Makati,Car,Rear-end,1,Cloudy,69.0,Male,0,245748.46,Moderate,Unlit,60
MMTI-2025-12891, quezon,,Side-swipe,2.0,Clear,41.0,Female,0,22606.77,Heavy,Well-Lit,80
MMTI-2025-06105,Paranaque,Car,Head-on,3,Clear,18.0,Male,0,115905.94,Light,Well-Lit,60
MMTI-2025-03547,Paranaque,Car,Head-on,3.0,Clear,31.0,Male,0,122741.16,Heavy,Well-Lit,60
MMTI-2025-09499,Quezon,Car,Head-on,9,Rainy,34.0,Male,1,767784.77,Heavy,No Lights,60
MMTI-2025-01134,,SUV/Van,Hit and Run,2.0,Clear,48.0,male,0,38063.66,Moderate,POOR,60 km/h
MMTI-2025-00060,Marikina,Car,Hit and Run,,Clear,24.0,Female,4,91785.31,Light,Poorly-Lit,60 km/h
MMTI-2025-09766,Pasig,Car,Side-swipe,2,Clear,26.0,Male,0,126780.73,Heavy,Well-Lit,40
MMTI-2025-05842,Muntinlupa,Motorcycle,Head-on,,Clear,42.0,Male,0,8540.05,Moderate,Well-Lit,60 km/h
MMTI-2025-08597,Pasig,Motorcycle,Head-on,3,,21.0,Male,0,99999999,Heavy,Well-Lit,60
MMTI-2025-16168,Navotas,Bus,Hit and Run,4,Rain,17.0,Male,1,500532.8,,Poorly-Lit,60
MMTI-2025-06932,,Bus,Side-swipe,3,Clear,31.0,Male,0,978285.89,Heavy,Lit,60
MMTI-2025-21216,Mandaluyong,Car,Head-on,Risk Level 2,Clear,55.0,Female,0,77971.78,Heavy,No Lights,60
MMTI-2025-07116,Paranaque,Car,Head-on,Risk Level 3,Clear,20.0,Female,0,98449.52,Heavy,Poorly-Lit,60
MMTI-2025-06213,Paranaque,Jeepney,Rear-end,3,,32.0,Male,0,,Light,Well-Lit,60
MMTI-2025-05711,Quezon,Car,Rear-end,3,Cloudy,49.0,Male,0,520581.22,Moderate,Well-Lit,60
MMTI-2025-18269,Quezon,Car,Rear-end,6.0,Stormy,17.0,Male,1,4875744.84,Heavy,dark,60 kph
MMTI-2025-15733,,SUV/Van,Head-on,2,Clear,999.0,Male,0,78360.95,LIGHT,Unlit,40
MMTI-2025-17001,Paranaque,Bus,Side-swipe,,Clear,51.0,Male,0,170106.61,Heavy,Well-Lit,40 km/h
MMTI-2025-22621, caloocan,Motorcycle,Side-swipe,3,Clear,,Female,0,35172.43,Heavy,Poorly-Lit,80 km/h
MMTI-2025-10562,MANILA,SUV/Van,Rear-end,6,,38.0,Male,1,675398.5,MODERATE,Poorly-Lit,60 km/h
MMTI-2025-14388,Paranaque,Car,Rear-end,3,Clear,49.0,Male,0,"PHP 122,269.18",Heavy,Well-Lit,80 kph
MMTI-2025-10595,Quezon,,Head-on,,Rain,20.0,Male,0,39688.94,Heavy,Well-Lit,80
MMTI-2025-19582,Makati,Motorcycle,Rear-end,Risk Level 3,Cloudy,35.0,Male,0,260514.32,Moderate,Poorly-Lit,30
MMTI-2025-10097,Pasig,Car,Hit and Run,Risk Level 3,Clear,45.0,Male,0,143476.93,Heavy,Well-Lit,60
MMTI-2025-00394,Quezon,,Head-on,3,Clear,31.0,Male,0,157245.78,Moderate,Well-Lit,60 km/h
MMTI-2025-04425,Quezon,SUV/Van,Rear-end,3,Cloudy,44.0,Male,0,453110.83,Moderate,Well-Lit,30
MMTI-2025-12272,Taguig,Bus,Hit and Run,3.0,Rain,34.0,Male,0,,Heavy,Well-Lit,60
MMTI-2025-22714,San Juan,Motorcycle,Rear-end,3,,26.0,Male,0,32301.42,Heavy,Well-Lit,60
MMTI-2025-17456,Muntinlupa,SUV/Van,Hit and Run,,Clear,34.0,Female,0,109849.4,Heavy,Poorly-Lit,80 kph
MMTI-2025-00631,,Car,Side-swipe,Risk Level 3,Cloudy,24.0,Female,0,119997.28,Heavy,Well-Lit,40
MMTI-2025-04338,Valenzuela,,Rear-end,6,Clear,22.0,Male,4,"PHP 243,543.53",Heavy,Well-Lit,60 km/h
MMTI-2025-23517,Taguig,Car,Head-on,3,Cloudy,38.0,Male,0,342706.89,Heavy,Well-Lit,60
MMTI-2025-05369, manila,Truck,Hit and Run,,Clear,50.0,Male,0,735956.09,Heavy,Poorly-Lit,60