Incident_ID,City,Vehicle_Type,Accident_Type,Severity,Weather_Condition,Driver_Age,Driver_Gender,Injury_Count,Damage_Cost_PHP,Traffic_Volume,Road_Lighting,Speed_Limit
MMTI-2025-02623,,Car,Head-on,3,Clear,26.0,Female,0,108735.79,Heavy,Well-Lit,60 km/h
MMTI-2025-19656,Pasig,Car,Hit and Run,3,Clear,33.0,Male,0,129419.75,Moderate,Well-Lit,60
MMTI-2025-13496,Quezon,Car,Side-swipe,3,Rainy,36.0,female ,0,"PHP 1,064,434.22",Heavy,POOR,60
MMTI-2025-17370,,Car,Side-swipe,3,Rain,36.0,Unknown,0,239474.21,,Unlit,40
MMTI-2025-09841,,,Hit and Run,3,Clear,36.0,Male,0,43860.85,Light,Poorly-Lit,60
MMTI-2025-22039,Marikina,Car,Hit and Run,3.0,Clear,40.0,Male,0,60000.32,Heavy,Well-Lit,40 kph
MMTI-2025-20369,Caloocan,SUV/Van,Hit and Run,3,Rain,18.0,Male,0,287899.0,,Well-Lit,40
MMTI-2025-14367,Quezon,Motorcycle,Hit and Run,Risk Level 3,Rainy,41.0,Female,0,642.1k,Heavy,Well-Lit,30 km/h
MMTI-2025-18785,Quezon,Car,Hit and Run,3.0,Stormy,46.0,Male,0,1991717.13,Moderate,No Lights,60 km/h
MMTI-2025-22562,Manila,Jeepney,Hit and Run,Risk Level 3,Cloudy,38.0,Male,0,,Moderate,Poorly-Lit,80
MMTI-2025-04102,,Truck,Hit and Run,3.0,Clear,51.0,Male,0,625862.72,Heavy,Lit,40
MMTI-2025-01554,,Car,Head-on,3,Clear,24.0,Male,0,171036.2,LIGHT,Poorly-Lit,80
MMTI-2025-22514,Pasay,Motorcycle,Head-on,3.0,Clear,40.0,Female,0,50659.84,Light,Well-Lit,60 kph
MMTI-2025-00731,Taguig,Motorcycle,Rear-end,Risk Level 3,Cloudy,47.0,Male,0,"PHP 293,401.95",Moderate,Poorly-Lit,60
MMTI-2025-11614,Paranaque,Motorcycle,Head-on,6,Clear,41.0,Male,2,"PHP 123,248.08",Moderate,Poorly-Lit,60
MMTI-2025-09346,Makati,Car,Head-on,Risk Level 3,Cloudy,37.0,Male,0,266787.07,Moderate,Lit,60
MMTI-2025-08399,Quezon,SUV/Van,Rear-end,6,,38.0,Female,3,223813.63,Moderate,POOR,80 km/h
MMTI-2025-07313,Makati,Jeepney,Hit and Run,3,Cloudy,27.0,Male,0,247910.54,Heavy,Well-Lit,60 kph
MMTI-2025-08464,Manila,,Rear-end,3,Clear,38.0,Male,0,,Heavy,Well-Lit,80
MMTI-2025-07322,Valenzuela,Jeepney,Hit and Run,3.0,Rain,24.0,Male,0,,Heavy,Well-Lit,40
MMTI-2025-19082,MARIKINA ,Truck,Rear-end,3,,41.0,F,0,1558434.64,Heavy,well lit,30
MMTI-2025-11002,Pasig,Car,Hit and Run,3.0,Clear,24.0,Unknown,0,126784.56,Heavy,POOR,60 km/h
MMTI-2025-04577,Pasig,Motorcycle,Hit and Run,6,Clear,34.0,Male,1,129460.58,Light,Poorly-Lit,60
MMTI-2025-03508,Quezon,Truck,Rear-end,Risk Level 3,Cloudy,47.0,Male,0,"PHP 605,272.14",Heavy,Well-Lit,40
MMTI-2025-03183,Quezon,Car,Head-on,2,Cloudy,37.0,Male,0,536817.73,Moderate,No Lights,100
MMTI-2025-03119,Taguig,Car,Rear-end,2,Cloudy,33.0,Male,0,285453.62,Heavy,Poorly-Lit,100 km/h
MMTI-2025-11904,Caloocan,,Side-swipe,Risk Level 3,Cloudy,40.0,Male,0,299698.85,Moderate,Lit,30
MMTI-2025-05802,Makati,Car,Side-swipe,6,Cloudy,42.0,Male,3,"PHP 234,336.15",Heavy,Well-Lit,80
MMTI-2025-13983, taguig,SUV/Van,Side-swipe,3,Clear,32.0,Male,0,,Heavy,Well-Lit,80
MMTI-2025-02597,Quezon,SUV/Van,Hit and Run,3.0,Rainy,29.0,M,0,1118139.51,Moderate,Poorly-Lit,60
MMTI-2025-00774,Taguig,,Head-on,Risk Level 2,Clear,35.0,Male,0,14146.27,Heavy,Well-Lit,80
MMTI-2025-10454,Manila,,Head-on,Risk Level 3,Clear,25.0,Male,0,224029.77,Moderate,Well-Lit,40
MMTI-2025-19048,Mandaluyong,,Head-on,6,Clear,49.0,Male,3,"PHP 528,896.30",Heavy,Poorly-Lit,60
MMTI-2025-02926,,Jeepney,Head-on,Risk Level 2,Clear,44.0,Male,0,77777777,Heavy,POOR,30
MMTI-2025-04642,Pasig,Motorcycle,Hit and Run,Risk Level 3,,21.0,Female,0,36965.03,Heavy,Well-Lit,60
MMTI-2025-04674,Paranaque,Car,Hit and Run,6,Clear,43.0,Male,1,120592.17,Heavy,Poorly-Lit,80
MMTI-2025-09193,QUEZON ,Bus,Hit and Run,Risk Level 3,,0.0,Male,0,608.2k,Heavy,Well-Lit,60
MMTI-2025-21240,Taguig,SUV/Van,Side-swipe,Risk Level 3,,27.0,Male,0,262401.01,Heavy,Well-Lit,60
MMTI-2025-21042,Quezon,Car,Side-swipe,3,Rainy,54.0,Male,0,991368.06,Heavy,Unlit,60
MMTI-2025-12242,Marikina,Car,Side-swipe,Risk Level 6,Clear,34.0,Male,3,61754.29,Moderate,well lit,40 km/h
MMTI-2025-07164,PARANAQUE ,Truck,Head-on,Risk Level 2,Clear,50.0,Male,0,"PHP 498,374.44",,Well-Lit,80
MMTI-2025-17837,Makati,SUV/Van,Head-on,Risk Level 3,,41.0,Male,0,78087.5,Heavy,Poorly-Lit,30
MMTI-2025-02988,Pasay,Truck,Hit and Run,Risk Level 3,Clear,53.0,Male,0,49.6k,Light,Well-Lit,80
MMTI-2025-18501,San Juan,Car,Head-on,3,Clear,44.0,Female,0,40142.75,Heavy,Well-Lit,100 km/h
MMTI-2025-16274,Manila,Car,Side-swipe,Risk Level 3,Cloudy,29.0,Male,0,188495.79,Light,Poorly-Lit,40 kph
MMTI-2025-23445,Taguig,Car,Side-swipe,3.0,Cloudy,35.0,Female,0,295164.65,Moderate,Well-Lit,60
MMTI-2025-08369,Quezon,Car,Head-on,6,Rainy,31.0,Female,2,1089873.33,HEAVY,Well-Lit,60
MMTI-2025-14713,Muntinlupa,Motorcycle,Rear-end,3,Clear,,Male,0,12973.89,HEAVY,Well-Lit,60 km/h
MMTI-2025-19707,SAN JUAN ,,Head-on,3.0,Clear,40.0,female ,0,130115.76,HEAVY,POOR,80
MMTI-2025-03848,PARANAQUE ,,Side-swipe,Risk Level 1,Clear,35.0,Male,0,68151.81,Moderate,Well-Lit,40
MMTI-2025-12273,Makati,Motorcycle,Rear-end,Risk Level 6,Cloudy,50.0,Male,2,"PHP 241,012.73",Light,Well-Lit,40
MMTI-2025-19455,,,Head-on,6,Clear,58.0,Female,2,272025.81,Moderate,Well-Lit,60
MMTI-2025-07550,Quezon,Motorcycle,Side-swipe,3,Rainy,29.0,Male,0,"PHP 1,414,088.87",Heavy,Poorly-Lit,60
MMTI-2025-12399,Taguig,Motorcycle,Side-swipe,,Clear,57.0,Male,0,8235.34,Moderate,Unlit,40 km/h
MMTI-2025-08098,Marikina,Motorcycle,Head-on,3,Clear,53.0,female ,0,58167.83,Moderate,Well-Lit,60 km/h
MMTI-2025-08074,Quezon,Bus,Head-on,Risk Level 3,,48.0,Female,0,1270564.6,Moderate,Unlit,60
MMTI-2025-12022,,Bus,Head-on,3,Rain,44.0,Male,0,259556.7,Light,Unlit,60 km/h
MMTI-2025-00538,Muntinlupa,Car,Head-on,2.0,Clear,43.0,M,0,56.9k,Heavy,Poorly-Lit,60 kph
MMTI-2025-23528,Quezon,Motorcycle,Head-on,3,Rainy,49.0,Male,0,676016.14,Moderate,Poorly-Lit,60
MMTI-2025-09841,,,Hit and Run,3,Clear,36.0,Male,0,43860.85,Light,Poorly-Lit,60
MMTI-2025-09723,Quezon,Truck,Hit and Run,Risk Level 3,Clear,31.0,Male,0,285991.19,,Well-Lit,40 km/h
MMTI-2025-11564,Valenzuela,Car,Head-on,Risk Level 2,Clear,56.0,Male,0,62007.17,,Well-Lit,100
MMTI-2025-13904,Taguig,Car,Head-on,3.0,Rain,58.0,Male,0,169333.26,,Well-Lit,80
MMTI-2025-14401, makati,Bus,Side-swipe,3,Rain,36.0,Male,0,,Moderate,Well-Lit,60
MMTI-2025-15317,Las Pinas,Car,Rear-end,3,Clear,39.0,Male,0,83679.84,Light,Poorly-Lit,60 km/h
MMTI-2025-07464,Quezon,Car,Rear-end,3,Rainy,47.0,Male,0,738761.48,Heavy,Poorly-Lit,60
MMTI-2025-03807,Paranaque,Car,Hit and Run,2,Clear,47.0,Male,0,117222.63,Heavy,Poorly-Lit,60
MMTI-2025-01698,Quezon,Motorcycle,Hit and Run,6,Cloudy,31.0,Male,4,614155.37,Moderate,Poorly-Lit,30
MMTI-2025-22883,Makati,SUV/Van,Head-on,Risk Level 3,,26.0,Male,0,173343.77,Heavy,Well-Lit,80 kph
MMTI-2025-09325,Makati,Car,Rear-end,1,Cloudy,44.0,Male,0,"PHP 236,142.54",Moderate,Poorly-Lit,60
MMTI-2025-00787,Mandaluyong,Car,Hit and Run,6,Rain,54.0,Male,2,0,,Well-Lit,60
MMTI-2025-02456,Quezon,SUV/Van,Hit and Run,3,Cloudy,33.0,Male,0,610679.36,Heavy,Unlit,60
MMTI-2025-06450,Valenzuela,Truck,Head-on,Risk Level 3,Clear,55.0,Male,0,38018.32,Heavy,Well-Lit,30
MMTI-2025-16223,Muntinlupa,Motorcycle,Hit and Run,3.0,Clear,51.0,Male,0,"PHP 56,501.79",Moderate,Well-Lit,80 km/h
MMTI-2025-22572,Muntinlupa,Jeepney,Side-swipe,2.0,Clear,20.0,Male,0,55548.22,Moderate,Poorly-Lit,60
MMTI-2025-07244,Quezon,Car,Side-swipe,2,Rain,28.0,Female,0,75902.12,,Well-Lit,60
MMTI-2025-06759,Manila,Car,Head-on,6,Cloudy,40.0,Male,1,168870.32,Heavy,Well-Lit,100 km/h
MMTI-2025-08848,Makati,SUV/Van,Rear-end,3.0,Clear,,Male,0,"PHP 340,231.66",Heavy,Well-Lit,40 km/h
MMTI-2025-16218,,Car,Side-swipe,6,Clear,36.0,Male,4,632761.3,Light,well lit,60
MMTI-2025-05345,Quezon,Car,Head-on,3.0,Rainy,43.0,Female,0,"PHP 849,642.55",Heavy,Poorly-Lit,40 kph
MMTI-2025-03624,Manila,Motorcycle,Hit and Run,,Clear,42.0,Male,0,8013.32,Heavy,Poorly-Lit,40 km/h
MMTI-2025-10308,Caloocan,Car,Rear-end,1,Clear,49.0,Male,0,"PHP 45,477.77",,Poorly-Lit,100
MMTI-2025-05961,Muntinlupa,Car,Head-on,3,Clear,51.0,F,0,53325.87,Heavy,Poorly-Lit,60 km/h
MMTI-2025-23580,QUEZON ,Truck,Head-on,3,Clear,,F,0,1934569.47,Light,No Lights,80
MMTI-2025-20798,,Truck,Hit and Run,3.0,Clear,45.0,Male,0,719569.28,Heavy,Well-Lit,60 kph
MMTI-2025-04378,Quezon,SUV/Van,Head-on,3,Cloudy,0.0,Male,0,372194.79,Heavy,Unlit,40 kph
MMTI-2025-03800,Quezon,SUV/Van,Rear-end,3,Rainy,27.0,Female,0,870678.09,Heavy,Poorly-Lit,60
MMTI-2025-17759,Valenzuela,,Side-swipe,3,Clear,29.0,Male,0,135506.29,Heavy,Poorly-Lit,100
MMTI-2025-01130,Marikina,Car,Head-on,Risk Level 3,Clear,24.0,Male,0,62.6k,Moderate,Poorly-Lit,60
MMTI-2025-07523,Manila,Motorcycle,Side-swipe,Risk Level 3,Rain,24.0,Female,0,,Heavy,Well-Lit,60
MMTI-2025-20344,Valenzuela,Car,Head-on,Risk Level 3,Clear,35.0,Male,0,275593.08,,Well-Lit,60
MMTI-2025-12689,Paranaque,Car,Head-on,2,Clear,58.0,Male,0,117269.96,Heavy,Well-Lit,30 km/h
MMTI-2025-11834,Pasig,Car,Head-on,3.0,Clear,29.0,Male,0,157707.8,Moderate,Well-Lit,100
MMTI-2025-02732, pasig ,Bus,Hit and Run,3,Clear,21.0,male,0,,Moderate,Poorly-Lit,80 km/h
MMTI-2025-14265,Manila,Bus,Head-on,3,Rain,,Male,0,1199791.62,Moderate,Well-Lit,60 kph
MMTI-2025-22562,Manila,Jeepney,Hit and Run,Risk Level 3,Cloudy,38.0,Male,0,,Moderate,Poorly-Lit,80
MMTI-2025-11380,Manila,Motorcycle,Side-swipe,3,Cloudy,46.0,Male,0,185157.71,Moderate,well lit,60 km/h
MMTI-2025-22356,Las Pinas,Truck,Rear-end,2,Clear,,Male,0,141772.14,Moderate,Well-Lit,60
MMTI-2025-09513,Caloocan,Car,Side-swipe,3.0,Clear,46.0,Female,0,41344.15,Moderate,Well-Lit,60 kph
MMTI-2025-12072, manila,Jeepney,Head-on,3,Cloudy,30.0,Male,0,,Moderate,Well-Lit,40
MMTI-2025-17017,Manila,Motorcycle,Rear-end,6,Cloudy,37.0,Female,3,207217.26,Heavy,Poorly-Lit,60 kph
MMTI-2025-20616,Manila,Truck,Side-swipe,3,Clear,42.0,Male,0,,Heavy,Unlit,40 km/h
MMTI-2025-16471,Quezon,Bus,Hit and Run,4.0,,,Male,3,183940.66,,Unlit,80 km/h
MMTI-2025-08007,Taguig,Motorcycle,Hit and Run,2,Cloudy,32.0,M,0,344.9k,Heavy,Well-Lit,60
MMTI-2025-07431,Quezon,Car,Side-swipe,3.0,Rainy,28.0,Female,0,861761.55,Heavy,Lit,60
MMTI-2025-00611,Quezon,Truck,Rear-end,Risk Level 6,Stormy,29.0,Male,4,1897824.14,Heavy,Poorly-Lit,80 km/h
MMTI-2025-11976,Quezon,Motorcycle,Hit and Run,3,Rainy,52.0,Male,0,1186324.91,Heavy,Poorly-Lit,80
MMTI-2025-19760,Makati,Jeepney,Hit and Run,Risk Level 3,Clear,29.0,Female,0,,Moderate,Well-Lit,30
MMTI-2025-15327,Paranaque,Truck,Side-swipe,3,Clear,39.0,Male,0,"PHP 106,766.45",Heavy,No Lights,40
MMTI-2025-11442,Mandaluyong,SUV/Van,Hit and Run,,Clear,24.0,Male,0,100311.53,Heavy,Poorly-Lit,60
MMTI-2025-00699,Muntinlupa,Car,Head-on,9.0,Clear,18.0,Male,1,56955.57,Heavy,Poorly-Lit,40
MMTI-2025-04696,Manila,Truck,Head-on,,Rain,40.0,Male,0,218.4k,Heavy,Well-Lit,30
MMTI-2025-11757,Mandaluyong,Truck,Hit and Run,Risk Level 2,Clear,42.0,Male,0,76647.98,Moderate,Well-Lit,30 km/h
MMTI-2025-19280,Taguig,Car,Rear-end,3,Cloudy,17.0,Male,0,310472.18,Heavy,Lit,60
MMTI-2025-00935,Quezon,Car,Rear-end,3,Rainy,26.0,Male,0,"PHP 1,405,563.21",Heavy,Unlit,100
MMTI-2025-11037,Quezon,Car,Side-swipe,3,Cloudy,47.0,Male,0,402188.17,Moderate,Well-Lit,100
MMTI-2025-13229,San Juan,Jeepney,Head-on,3,Clear,65.0,Female,0,38425.99,Moderate,Well-Lit,60
MMTI-2025-00687,Manila,Motorcycle,Hit and Run,3,Cloudy,27.0,Unknown,0,210652.05,Heavy,Well-Lit,40
MMTI-2025-11137,Quezon,Car,Hit and Run,3,Rainy,48.0,F,0,963699.73,Moderate,No Lights,30 kph
MMTI-2025-05494,Quezon,Jeepney,Head-on,3.0,Rainy,47.0,Female,0,1323737.01,Heavy,Poorly-Lit,40
MMTI-2025-04221,Las Pinas,Motorcycle,Side-swipe,3.0,Clear,25.0,Male,0,95201.31,Heavy,Well-Lit,60
MMTI-2025-18421,Navotas,Car,Head-on,2,Clear,45.0,Male,0,,Heavy,Unlit,60
MMTI-2025-07242,Las Pinas,Car,Rear-end,1,Clear,20.0,Male,0,88259.45,Moderate,Well-Lit,60
MMTI-2025-13719,Quezon,Car,Rear-end,6,Stormy,26.0,M,4,3305759.67,Heavy,Well-Lit,60
MMTI-2025-00122,,Truck,Rear-end,3,Rain,34.0,Male,0,453.0k,HEAVY,POOR,60
MMTI-2025-01095,Paranaque,,Side-swipe,3,Clear,36.0,F,0,144712.4,Heavy,Well-Lit,40 kph
MMTI-2025-13491,Quezon,Car,Rear-end,3,Cloudy,32.0,Male,0,479627.19,Light,Well-Lit,60
MMTI-2025-16355,Paranaque,Motorcycle,Head-on,3,Clear,24.0,Male,0,98474.23,Heavy,Well-Lit,40
MMTI-2025-16120,Quezon,Car,Side-swipe,Risk Level 3,Cloudy,24.0,Female,0,523817.83,Moderate,Well-Lit,60
MMTI-2025-11967,Muntinlupa,Truck,Side-swipe,3,Clear,36.0,Male,0,57221.73,Heavy,Unlit,40 km/h
MMTI-2025-08004,Quezon,SUV/Van,Hit and Run,3.0,Rainy,52.0,Female,0,767815.88,Heavy,Well-Lit,100
MMTI-2025-22701,Pasig,Car,Hit and Run,3,Clear,26.0,Unknown,0,89621.59,,No Lights,60 km/h
MMTI-2025-07374,Caloocan,Motorcycle,Side-swipe,3,Clear,33.0,Male,0,42119.39,Moderate,Well-Lit,30
MMTI-2025-17439, manila,,Head-on,3,Cloudy,29.0,Male,0,71511.95,Heavy,Well-Lit,60 km/h
MMTI-2025-11802,Mandaluyong,Car,Rear-end,3,,32.0,Female,0,232191.02,Heavy,Well-Lit,40
MMTI-2025-22113,Quezon,Jeepney,Side-swipe,,Storm,36.0,Male,0,22.0k,Moderate,Well-Lit,60
MMTI-2025-20806,Quezon,Motorcycle,Rear-end,3,Rainy,36.0,Male,0,746.7k,HEAVY,Well-Lit,40
MMTI-2025-18259,Paranaque,Car,Side-swipe,3,Clear,20.0,Female,0,119497.33,Heavy,Poorly-Lit,80 km/h
MMTI-2025-01744,Quezon,Jeepney,Side-swipe,3,Rain,,Male,0,32802.65,Moderate,Well-Lit,30
MMTI-2025-08130,Manila,Bus,Head-on,Risk Level 3,,55.0,Male,0,416015.25,Heavy,Well-Lit,60 km/h
MMTI-2025-18815,Mandaluyong,SUV/Van,Rear-end,2,Clear,41.0,Male,0,,Light,Poorly-Lit,40 km/h
MMTI-2025-21261,Quezon,Car,Rear-end,3,Rainy,32.0,Female,0,834471.57,Light,Lit,60
MMTI-2025-16043,Quezon,Motorcycle,Hit and Run,3,Cloudy,50.0,male,0,524421.09,Moderate,Well-Lit,60
MMTI-2025-18268,,SUV/Van,Hit and Run,3,Clear,55.0,Male,0,324.5k,Heavy,Poorly-Lit,40 km/h
MMTI-2025-19336, pasig,Car,Rear-end,2.0,Storm,33.0,Female,0,,Moderate,Well-Lit,30 km/h
MMTI-2025-01042,Pasig,,Rear-end,,Clear,65.0,Male,0,58855.25,Heavy,Poorly-Lit,60
MMTI-2025-09178,Quezon,Car,Rear-end,6.0,Stormy,49.0,Unknown,2,2742890.34,Heavy,Well-Lit,30
MMTI-2025-23123,Makati,Truck,Head-on,3,Cloudy,44.0,Male,0,214576.77,Moderate,Unlit,40
MMTI-2025-03235,Manila,,Rear-end,,Rain,45.0,Male,0,67754.68,Moderate,Well-Lit,60 kph
MMTI-2025-22200,,Truck,Head-on,3,Rain,36.0,Male,0,1310019.85,,well lit,60
MMTI-2025-09903,Quezon,SUV/Van,Head-on,3.0,Rainy,38.0,Male,0,935021.11,Moderate,Well-Lit,60
MMTI-2025-10881,,Bus,Side-swipe,3,Clear,36.0,Female,0,658095.15,Heavy,Poorly-Lit,80
MMTI-2025-08883,Manila,Bus,Hit and Run,3,Rain,52.0,Male,0,,Moderate,Well-Lit,60
MMTI-2025-04828,Manila,Car,Head-on,3,Cloudy,31.0,Female,0,194844.62,HEAVY,Well-Lit,40
MMTI-2025-12454,Manila,Jeepney,Head-on,,Clear,26.0,Male,0,28895.09,Light,Poorly-Lit,30 km/h
MMTI-2025-20233,Quezon,Motorcycle,Rear-end,Risk Level 3,Rainy,36.0,Male,0,1235214.8,Heavy,Unlit,40
MMTI-2025-08513,Manila,Jeepney,Head-on,2.0,,17.0,Male,0,20588.73,Heavy,Well-Lit,60 kph
MMTI-2025-05125,Makati,Motorcycle,Rear-end,3.0,Cloudy,61.0,Male,0,259070.02,Heavy,Well-Lit,60 km/h
MMTI-2025-08514,Marikina,Car,Side-swipe,3,Clear,47.0,Male,0,64231.05,Moderate,Well-Lit,60
MMTI-2025-13582,Quezon,Car,Hit and Run,6,Rainy,57.0,Male,3,1123883.01,Heavy,Well-Lit,30
MMTI-2025-04103,Paranaque,SUV/Van,Hit and Run,2,,17.0,Male,0,87308.58,Heavy,Unlit,60
MMTI-2025-08876,,Truck,Side-swipe,2,,43.0,Male,0,,Moderate,Poorly-Lit,40
MMTI-2025-08607,Quezon,Truck,Hit and Run,3,Rainy,37.0,Female,0,856.8k,MODERATE,Poorly-Lit,40
MMTI-2025-01295,Valenzuela,Car,Side-swipe,,,42.0,F,0,41045.46,Heavy,Poorly-Lit,60
MMTI-2025-07196,Manila,,Rear-end,2,Rain,40.0,Unknown,0,77777777,Heavy,Poorly-Lit,30
MMTI-2025-00950,Paranaque,Car,Hit and Run,2.0,Clear,48.0,Female,0,104506.18,Light,Poorly-Lit,60 kph
MMTI-2025-04653,Taguig,Motorcycle,Rear-end,Risk Level 3,Cloudy,47.0,male,0,329478.95,Light,Well-Lit,40
MMTI-2025-22728,Makati,Jeepney,Rear-end,3,Clear,32.0,F,0,,Heavy,Well-Lit,30 kph
MMTI-2025-17375,Paranaque,Car,Hit and Run,Risk Level 3,Clear,,M,0,58097.62,Heavy,Well-Lit,60
MMTI-2025-07054,Quezon,,Side-swipe,2,Clear,47.0,Female,0,77405.3,Heavy,Poorly-Lit,60 km/h
MMTI-2025-22074,Paranaque,Motorcycle,Rear-end,Risk Level 6,Clear,52.0,Male,1,120499.25,Light,Poorly-Lit,60 kph
MMTI-2025-09979,Quezon,Truck,Head-on,3.0,Rainy,39.0,Female,0,696328.15,Heavy,well lit,60
MMTI-2025-13688,Las Pinas,Car,Rear-end,6,Clear,28.0,Male,4,"PHP 94,695.03",Heavy,Well-Lit,60 km/h
MMTI-2025-15615,Pasig,Truck,Rear-end,2,Clear,57.0,Unknown,0,149694.88,LIGHT,Lit,60
MMTI-2025-06080,Paranaque,Motorcycle,Hit and Run,2,Clear,44.0,Male,0,116404.15,Heavy,Unlit,60
MMTI-2025-10621,Manila,Truck,Side-swipe,3,Rain,43.0,Male,0,1159650.26,,Well-Lit,60 km/h
MMTI-2025-19506,Taguig,Motorcycle,Rear-end,3.0,Cloudy,38.0,Male,0,"PHP 323,611.14",Heavy,Well-Lit,60 kph
MMTI-2025-20157,Quezon,Car,Head-on,4.0,Cloudy,32.0,F,4,485874.95,Moderate,Poorly-Lit,60
MMTI-2025-17637,,Motorcycle,Side-swipe,1,Clear,37.0,Male,0,6132.81,Moderate,Well-Lit,80 km/h
MMTI-2025-06720,,Motorcycle,Hit and Run,Risk Level 3,Clear,17.0,Male,0,49182.39,Heavy,Lit,40
MMTI-2025-18939,Quezon,Car,Side-swipe,6,Cloudy,33.0,Male,3,458637.41,Moderate,Well-Lit,60 km/h
MMTI-2025-03450,Quezon,SUV/Van,Side-swipe,3,Rainy,53.0,Female,0,1428911.82,Heavy,Poorly-Lit,60
MMTI-2025-00733,Manila,Car,Head-on,3.0,Cloudy,29.0,Male,0,196268.84,Heavy,Poorly-Lit,60
MMTI-2025-00005,Valenzuela,Car,Head-on,3,Clear,35.0,Female,0,,,Poorly-Lit,80
MMTI-2025-13904,Taguig,Car,Head-on,3.0,Rain,58.0,Male,0,169333.26,,Well-Lit,80
MMTI-2025-01529,Paranaque,Motorcycle,Side-swipe,3.0,Clear,40.0,M,0,"PHP 98,797.13",Heavy,Well-Lit,100
MMTI-2025-01572,,Jeepney,Hit and Run,Risk Level 3,Rain,43.0,Male,0,,Light,Well-Lit,60 km/h
MMTI-2025-20623,Quezon,Car,Head-on,3.0,Cloudy,36.0,Female,0,351026.7,Heavy,Unlit,60 km/h
MMTI-2025-12438,Quezon,,Hit and Run,6,,29.0,Female,2,"PHP 339,475.71",Moderate,Well-Lit,80
MMTI-2025-06845,Mandaluyong,Car,Side-swipe,3,Clear,36.0,Male,0,73069.96,Heavy,Well-Lit,60 km/h
MMTI-2025-16621,Pasay,Truck,Rear-end,Risk Level 3,Clear,43.0,Male,0,,Moderate,Well-Lit,40
MMTI-2025-01830,MAKATI ,,Hit and Run,6,Cloudy,49.0,Female,4,581161.07,Heavy,Well-Lit,60
MMTI-2025-06087,Quezon,Bus,Side-swipe,3,Storm,27.0,Male,0,"PHP 888,757.79",,Lit,40
MMTI-2025-09600,Muntinlupa,SUV/Van,Head-on,3,Clear,27.0,female ,0,54387.96,Heavy,Poorly-Lit,60
MMTI-2025-09815,,Motorcycle,Head-on,3.0,Clear,32.0,Male,0,47121.0,Moderate,Lit,80
MMTI-2025-13494,Quezon,Truck,Head-on,Risk Level 3,Rainy,36.0,Male,0,1009345.96,Heavy,Well-Lit,60
MMTI-2025-00885,Quezon,Car,Hit and Run,3,Cloudy,49.0,Male,0,"PHP 386,058.35",Moderate,Well-Lit,60 kph
MMTI-2025-09145,Las Pinas,Car,Side-swipe,3,Clear,56.0,Female,0,87442.66,Heavy,Well-Lit,40
MMTI-2025-08627,Quezon,Car,Rear-end,Risk Level 3,Rainy,44.0,Male,0,1488.2k,Moderate,Poorly-Lit,60
MMTI-2025-09656,Manila,Car,Hit and Run,3,Cloudy,20.0,Female,0,196355.28,Moderate,Unlit,60
MMTI-2025-11558,Valenzuela,,Hit and Run,3,Clear,36.0,Male,0,89547.72,Heavy,dark,60 kph
MMTI-2025-12706,Manila,Motorcycle,Rear-end,3,Cloudy,51.0,Male,0,165055.12,Heavy,Poorly-Lit,60 km/h
MMTI-2025-23357,Quezon,Jeepney,Hit and Run,,Clear,39.0,Male,0,28.3k,Heavy,Well-Lit,60 km/h
MMTI-2025-12623,Quezon,Car,Side-swipe,,Clear,28.0,male,0,95174.24,Heavy,Well-Lit,60
MMTI-2025-14524,Manila,SUV/Van,Rear-end,3.0,Cloudy,42.0,Female,0,"PHP 177,160.52",Heavy,well lit,40
MMTI-2025-06207,Las Pinas,Motorcycle,Head-on,6,Clear,46.0,Male,2,"PHP 90,078.96",Heavy,Well-Lit,60
MMTI-2025-16078,Quezon,Car,Hit and Run,Risk Level 3,Clear,19.0,Female,0,,Heavy,Well-Lit,60 km/h
MMTI-2025-15508,Marikina,Car,Rear-end,6.0,Clear,73.0,Unknown,3,62934.31,Moderate,Poorly-Lit,40
MMTI-2025-03972,,Car,Side-swipe,3,Storm,60.0,Female,0,168777.54,Heavy,Well-Lit,30 kph
MMTI-2025-15650,MANILA ,SUV/Van,Head-on,2,Cloudy,20.0,Male,0,,Moderate,Well-Lit,40
MMTI-2025-12533,Quezon,Car,Side-swipe,3,Rainy,48.0,Male,0,1662956.52,Moderate,Well-Lit,60
MMTI-2025-16723,Manila,Motorcycle,Head-on,Risk Level 3,Cloudy,39.0,Male,0,199560.53,HEAVY,Well-Lit,30
MMTI-2025-21307,Pasig,Car,Head-on,2,Clear,38.0,Female,4,148913.76,MODERATE,Well-Lit,40 km/h
MMTI-2025-20434,Quezon,Motorcycle,Rear-end,3.0,,43.0,Male,0,50731.18,Light,Poorly-Lit,60
MMTI-2025-08629,MANILA ,SUV/Van,Hit and Run,3.0,Clear,25.0,Male,0,,Moderate,Well-Lit,60 km/h
MMTI-2025-11432,Makati,SUV/Van,Hit and Run,3,Storm,,Female,0,92321.57,Heavy,Well-Lit,60
MMTI-2025-00992,Makati,Truck,Hit and Run,,Cloudy,34.0,Male,0,"PHP 559,257.87",Heavy,Poorly-Lit,100 km/h
MMTI-2025-19095,Mandaluyong,Car,Hit and Run,2,Clear,30.0,Male,2,75597.54,Light,Well-Lit,60