Incident_ID,City,Vehicle_Type,Accident_Type,Severity,Weather_Condition,Driver_Age,Driver_Gender,Injury_Count,Damage_Cost_PHP,Traffic_Volume,Road_Lighting,Speed_Limit
MMTI-2025-09121,,Truck,Side-swipe,3.0,Clear,45.0,Male,0,521770.95,Heavy,Poorly-Lit,30 kph
MMTI-2025-10539,Valenzuela,SUV/Van,Side-swipe,6.0,Rain,29.0,Male,1,547909.21,,Poorly-Lit,60
MMTI-2025-04621,Valenzuela,Truck,Rear-end,3.0,,35.0,Male,0,1298980.21,,POOR,100 km/h
MMTI-2025-03219,Manila,Motorcycle,Side-swipe,Risk Level 6,Cloudy,39.0,Male,3,"PHP 196,806.20",Moderate,Poorly-Lit,80 km/h
MMTI-2025-21001,Marikina,Truck,Rear-end,3.0,Clear,39.0,Female,0,59101.21,Heavy,Well-Lit,40
MMTI-2025-08765,Quezon,Car,Head-on,Risk Level 3,Rainy,55.0,Male,0,1203433.71,Heavy,Well-Lit,80
MMTI-2025-22778,Quezon,Car,Hit and Run,Risk Level 3,Cloudy,54.0,Female,0,560542.62,Light,Well-Lit,60
MMTI-2025-21360,Paranaque,Car,Rear-end,3.0,Clear,37.0,Male,0,117275.17,Heavy,Poorly-Lit,60
MMTI-2025-01139,Taguig,Motorcycle,Rear-end,3.0,Cloudy,34.0,Female,0,312586.91,Light,Well-Lit,40
MMTI-2025-03349,Quezon,,Rear-end,6,Rain,17.0,Female,3,160398.04,Heavy,Well-Lit,30
MMTI-2025-13136,,Jeepney,Rear-end,3,Clear,45.0,Male,0,50468.56,Heavy,No Lights,40
MMTI-2025-06603,Paranaque,Car,Side-swipe,Risk Level 3,,26.0,Male,0,147252.91,Heavy,Well-Lit,60
MMTI-2025-11062,Quezon,Bus,Rear-end,Risk Level 3,Rain,39.0,Male,1,,Heavy,Well-Lit,80
MMTI-2025-06387,San Juan,Bus,Rear-end,3,Clear,38.0,female ,0,1011116.58,,Well-Lit,30
MMTI-2025-03885,Quezon,Car,Head-on,3,Rain,39.0,Male,0,,Heavy,Well-Lit,30
MMTI-2025-03471,Quezon,Car,Side-swipe,Risk Level 3,Rainy,50.0,Male,0,1031848.01,Light,Well-Lit,60
MMTI-2025-03058,Pasig,Motorcycle,Hit and Run,3,Clear,34.0,Male,0,151.2k,HEAVY,Poorly-Lit,40
MMTI-2025-05894,Quezon,Car,Rear-end,6.0,Rainy,41.0,Female,3,1588805.83,Heavy,Well-Lit,80
MMTI-2025-03743,Quezon,Motorcycle,Head-on,2,Cloudy,29.0,male,0,371547.72,MODERATE,Poorly-Lit,40
MMTI-2025-00005,Valenzuela,Car,Head-on,3,Clear,35.0,Female,0,,,Poorly-Lit,80
MMTI-2025-14338,Pasay,Motorcycle,Rear-end,3,Clear,29.0,Male,0,48254.43,Heavy,Well-Lit,60
MMTI-2025-09875,QUEZON ,Bus,Side-swipe,,Clear,-10.0,Male,0,185576.56,Heavy,Poorly-Lit,60
MMTI-2025-07367,Quezon,,Head-on,3.0,Rain,33.0,Male,0,83632.58,Heavy,Unlit,60 kph
MMTI-2025-04230,Las Pinas,Car,Rear-end,Risk Level 3,Clear,47.0,Male,0,82759.56,Heavy,Poorly-Lit,30
MMTI-2025-19567,Paranaque,Car,Side-swipe,Risk Level 3,Clear,51.0,F,0,115123.76,Moderate,Poorly-Lit,30
MMTI-2025-11822,Taguig,Truck,Side-swipe,6,,35.0,Female,2,3357327.54,Moderate,Well-Lit,100
MMTI-2025-22924,Quezon,Motorcycle,Hit and Run,3,Cloudy,18.0,Male,0,406689.38,Moderate,Poorly-Lit,30 km/h
MMTI-2025-13119,Quezon,SUV/Van,Side-swipe,3,Rainy,39.0,Male,0,"PHP 793,753.77",Heavy,Poorly-Lit,30
MMTI-2025-09128,Marikina,,Head-on,Risk Level 3,Clear,45.0,F,0,99999999,Heavy,Well-Lit,60
MMTI-2025-18551,Manila,SUV/Van,Rear-end,Risk Level 3,Cloudy,23.0,Male,0,168169.86,Heavy,Well-Lit,60
MMTI-2025-13881,Marikina,Motorcycle,Hit and Run,3.0,,45.0,Male,0,9076.06,Heavy,Well-Lit,40
MMTI-2025-13430,Marikina,SUV/Van,Side-swipe,3,Rain,33.0,Male,0,244587.36,,Lit,60
MMTI-2025-07098,Quezon,Car,Side-swipe,1,Stormy,28.0,Male,0,77777777,Moderate,Well-Lit,60 kph
MMTI-2025-10745,Quezon,Car,Side-swipe,6.0,Rainy,39.0,F,2,971667.98,Heavy,Poorly-Lit,40 kph
MMTI-2025-03632,Quezon,Car,Hit and Run,3.0,Rainy,38.0,Female,0,1306120.78,Heavy,Well-Lit,40
MMTI-2025-02216,Muntinlupa,Car,Head-on,Risk Level 3,Clear,40.0,Male,0,57.4k,Heavy,Well-Lit,40
MMTI-2025-12264,Quezon,Car,Hit and Run,Risk Level 3,Rainy,28.0,Female,0,967959.34,Moderate,Well-Lit,30 kph
MMTI-2025-15501,Taguig,Bus,Hit and Run,3.0,Rain,45.0,Male,0,1099634.06,,Well-Lit,80
MMTI-2025-00278,Mandaluyong,SUV/Van,Hit and Run,Risk Level 3,Clear,35.0,Male,0,74145.63,Heavy,Unlit,60
MMTI-2025-17687,Caloocan,Motorcycle,Rear-end,Risk Level 2,Clear,38.0,Female,0,42683.46,Moderate,Well-Lit,60 km/h
MMTI-2025-21170,,Truck,Hit and Run,3,Rain,27.0,Male,0,590260.5,Heavy,Poorly-Lit,40
MMTI-2025-10924,Quezon,Car,Rear-end,Risk Level 3,Cloudy,32.0,Male,0,592787.57,Light,Poorly-Lit,40
MMTI-2025-11150,Manila,SUV/Van,Head-on,2,,25.0,Female,0,125866.44,Heavy,Poorly-Lit,100
MMTI-2025-20496,Manila,Car,Hit and Run,3,Cloudy,38.0,Male,0,206616.81,Light,Well-Lit,60
MMTI-2025-04325,Quezon,Motorcycle,Head-on,2,Cloudy,48.0,Male,0,425.6k,Heavy,Well-Lit,60 kph
MMTI-2025-22359,Mandaluyong,Motorcycle,Hit and Run,3,Clear,38.0,Male,0,78522.3,Heavy,Well-Lit,100
MMTI-2025-13746,Makati,Motorcycle,Rear-end,,Clear,39.0,Male,0,6936.81,HEAVY,Well-Lit,40
MMTI-2025-16016,PARANAQUE ,Jeepney,Head-on,3,Clear,40.0,Female,0,87835.06,,Well-Lit,30
MMTI-2025-12437,Quezon,Car,Hit and Run,6,Stormy,25.0,Male,2,3508.4k,Light,POOR,80
MMTI-2025-21159,San Juan,Motorcycle,Side-swipe,3,Clear,40.0,Female,0,38506.12,Heavy,Poorly-Lit,60
MMTI-2025-04188,Pasig,Car,Hit and Run,3.0,Clear,24.0,Female,0,140369.77,Moderate,Poorly-Lit,80 km/h
MMTI-2025-11407,Quezon,,Rear-end,3,Clear,36.0,Male,0,84454.1,Moderate,Well-Lit,80
MMTI-2025-10095,Pasay,Car,Head-on,3,Clear,37.0,Female,0,47136.36,Moderate,Well-Lit,30 km/h
MMTI-2025-08835, caloocan,Bus,Head-on,6,,36.0,Female,2,,Heavy,Well-Lit,80
MMTI-2025-07443,Paranaque,Motorcycle,Rear-end,9.0,Clear,40.0,Male,3,119876.97,Moderate,Well-Lit,80
MMTI-2025-17445,Marikina,SUV/Van,Hit and Run,3,Cloudy,29.0,Female,0,"PHP 161,050.10",,Well-Lit,40
MMTI-2025-03417,Quezon,Car,Side-swipe,3.0,Cloudy,50.0,Male,0,511853.56,HEAVY,Well-Lit,30
MMTI-2025-15330,Caloocan,Truck,Head-on,,Clear,36.0,Male,0,469.5k,Moderate,Well-Lit,80 km/h
MMTI-2025-17154,Makati,Car,Rear-end,Risk Level 3,Rain,48.0,Male,3,,Heavy,Well-Lit,100 km/h
MMTI-2025-01707,Las Pinas,Car,Hit and Run,2,Clear,31.0,Female,0,92852.89,Heavy,Well-Lit,60
MMTI-2025-17089,Quezon,Car,Hit and Run,2,Cloudy,27.0,Male,0,427119.97,MODERATE,Poorly-Lit,60
MMTI-2025-07157,Quezon,Car,Hit and Run,3.0,Stormy,51.0,Male,0,1948049.44,HEAVY,Poorly-Lit,60 km/h
MMTI-2025-01603,Quezon,,Rear-end,3,Rain,41.0,Male,0,207541.65,Heavy,Well-Lit,80
MMTI-2025-05591,Pasig,Car,Rear-end,3.0,Clear,61.0,Male,0,137380.6,Heavy,Well-Lit,60
MMTI-2025-01527,Muntinlupa,SUV/Van,Head-on,2,Clear,45.0,Male,0,57040.61,Moderate,No Lights,60 km/h
MMTI-2025-08643,Manila,Jeepney,Head-on,1,,38.0,Female,0,34865.32,,Poorly-Lit,40
MMTI-2025-16869,Paranaque,Car,Head-on,3.0,Clear,35.0,Female,0,109531.9,Moderate,Well-Lit,30
MMTI-2025-21662,Quezon,Bus,Rear-end,3,Clear,44.0,Male,0,,Heavy,Poorly-Lit,30
MMTI-2025-01486,Pasig,SUV/Van,Head-on,,Clear,56.0,Male,0,65260.1,Heavy,Well-Lit,60
MMTI-2025-12069,Manila,Car,Head-on,3,Cloudy,37.0,Male,0,181852.43,Heavy,Well-Lit,60 km/h
MMTI-2025-12181,,SUV/Van,Side-swipe,Risk Level 3,Rain,30.0,Female,0,168850.81,Moderate,Well-Lit,60
MMTI-2025-12226,,Car,Rear-end,3,Clear,36.0,Male,0,152699.94,,Well-Lit,30
MMTI-2025-16241,Manila,Motorcycle,Rear-end,3.0,Rain,56.0,Male,0,50967.68,,dark,40
MMTI-2025-05623,Muntinlupa,SUV/Van,Hit and Run,Risk Level 1,Clear,35.0,Male,0,55903.16,Moderate,Well-Lit,80 kph
MMTI-2025-08862,Makati,Car,Head-on,Risk Level 3,Cloudy,28.0,Male,0,230861.71,MODERATE,Well-Lit,60
MMTI-2025-23200,Pasig,Truck,Rear-end,6.0,Clear,47.0,Male,2,149632.67,Heavy,well lit,30
MMTI-2025-04643,Caloocan,Car,Hit and Run,3,Clear,33.0,Female,0,42999.94,Light,Well-Lit,40
MMTI-2025-00060,Marikina,Car,Hit and Run,,Clear,24.0,Female,4,91785.31,Light,Poorly-Lit,60 km/h
MMTI-2025-00838,Quezon,SUV/Van,Rear-end,3.0,Rainy,60.0,Male,0,706028.74,Light,Well-Lit,60
MMTI-2025-19277,Manila,SUV/Van,Rear-end,,Clear,26.0,Male,0,106965.92,,Poorly-Lit,60
MMTI-2025-20878,Quezon,SUV/Van,Hit and Run,3,Clear,47.0,Female,0,,Moderate,Poorly-Lit,60
MMTI-2025-05078,Quezon,Car,Side-swipe,Risk Level 3,Rainy,48.0,Female,0,785341.22,Heavy,Well-Lit,60 km/h
MMTI-2025-03689,San Juan,SUV/Van,Head-on,3,,30.0,Male,0,199659.71,Heavy,Lit,60
MMTI-2025-14925,Paranaque,SUV/Van,Head-on,2,Clear,45.0,Male,0,108.3k,Heavy,Unlit,30
MMTI-2025-03447,Caloocan,Bus,Head-on,Risk Level 6,Clear,49.0,Male,2,840592.01,,Unlit,60
MMTI-2025-20531,Quezon,Car,Rear-end,3.0,Stormy,41.0,Male,0,1819026.66,Light,Well-Lit,80 km/h
MMTI-2025-00159,Quezon,SUV/Van,Side-swipe,Risk Level 6,Clear,46.0,Unknown,1,,Moderate,Well-Lit,60
MMTI-2025-14849,MANILA ,Car,Head-on,3,Rain,51.0,Male,0,"PHP 228,379.59",,Well-Lit,60
MMTI-2025-08129,Quezon,Car,Side-swipe,1,Cloudy,40.0,Male,0,406.6k,Light,Well-Lit,60
MMTI-2025-11049,Manila,,Head-on,3,Clear,,Male,0,75087.75,Light,Poorly-Lit,60 kph
MMTI-2025-09943,Caloocan,Car,Side-swipe,,Clear,44.0,Female,0,84952.15,Heavy,Well-Lit,60 kph
MMTI-2025-19650,Mandaluyong,SUV/Van,Head-on,3,Rain,21.0,Unknown,0,,Heavy,Well-Lit,60
MMTI-2025-19041,Quezon,Jeepney,Head-on,3,Rainy,50.0,Male,0,623607.28,Moderate,Well-Lit,80
MMTI-2025-16185,Makati,Motorcycle,Hit and Run,3.0,Cloudy,37.0,Male,0,224429.07,Heavy,POOR,60
MMTI-2025-21050,Quezon,Motorcycle,Head-on,3.0,Rainy,65.0,Male,0,"PHP 1,159,832.95",Heavy,well lit,60
MMTI-2025-23504,Paranaque,Car,Rear-end,3,Clear,46.0,Male,0,119496.48,Heavy,Well-Lit,60
MMTI-2025-03610,Mandaluyong,,Head-on,3.0,,33.0,Male,0,162708.16,Heavy,Well-Lit,60 kph
MMTI-2025-03757, manila,,Rear-end,3,Rain,39.0,Male,0,"PHP 114,238.95",Heavy,Well-Lit,60
MMTI-2025-07196,Manila,,Rear-end,2,Rain,40.0,Unknown,0,77777777,Heavy,Poorly-Lit,30
MMTI-2025-04029,Marikina,Car,Side-swipe,3,Clear,62.0,Female,0,67351.44,Heavy,Well-Lit,60
MMTI-2025-09296,Quezon,Motorcycle,Hit and Run,Risk Level 3,Cloudy,20.0,Male,0,442796.78,Moderate,dark,60
MMTI-2025-00154,Pasig,Car,Rear-end,3,Clear,54.0,Male,0,"PHP 125,611.95",Heavy,Well-Lit,40
MMTI-2025-11961,Quezon,Car,Side-swipe,Risk Level 3,Cloudy,23.0,Male,0,415152.41,Heavy,Poorly-Lit,40
MMTI-2025-09615,Muntinlupa,SUV/Van,Head-on,Risk Level 3,Clear,54.0,Female,0,51404.0,Heavy,well lit,40 km/h
MMTI-2025-03287,Quezon,,Rear-end,Risk Level 3,Clear,35.0,Male,0,172395.52,Moderate,Well-Lit,60
MMTI-2025-03303,MANILA ,Jeepney,Rear-end,3,Clear,,Male,0,56.3k,Heavy,Well-Lit,60 km/h
MMTI-2025-12844,Pasay,Car,Head-on,3,Clear,41.0,Male,0,49194.17,Heavy,Well-Lit,40 km/h
MMTI-2025-00477,Pasig,Motorcycle,Side-swipe,3.0,Clear,43.0,Male,0,"PHP 134,061.54",Moderate,Well-Lit,60 km/h
MMTI-2025-18824,Quezon,Motorcycle,Rear-end,3.0,Cloudy,31.0,Male,0,"PHP 371,543.22",Heavy,Well-Lit,60
MMTI-2025-05231,,Truck,Hit and Run,9,Clear,34.0,Female,2,3976292.13,Heavy,Well-Lit,40
MMTI-2025-04672,CALOOCAN ,,Rear-end,Risk Level 3,Storm,46.0,Female,0,126148.43,Moderate,Well-Lit,80
MMTI-2025-00200,,Truck,Hit and Run,6.0,,28.0,Male,4,1225485.26,Moderate,Well-Lit,40
MMTI-2025-06956,Muntinlupa,Truck,Rear-end,3.0,Clear,38.0,Male,0,53719.43,Heavy,Poorly-Lit,30 kph
MMTI-2025-02229,Makati,Jeepney,Rear-end,6,Rain,35.0,Male,1,,Light,Well-Lit,60 km/h
MMTI-2025-22757,,Motorcycle,Hit and Run,,Rain,48.0,Female,0,16010.85,Light,Poorly-Lit,60
MMTI-2025-02481,Taguig,Car,Head-on,Risk Level 3,Cloudy,32.0,Female,0,320854.95,HEAVY,Poorly-Lit,60
MMTI-2025-04495,Manila,Car,Side-swipe,3.0,Cloudy,40.0,Male,0,203908.17,Moderate,Poorly-Lit,40 km/h
MMTI-2025-10738,Quezon,Car,Rear-end,3,Rainy,55.0,Male,0,850760.53,Heavy,Poorly-Lit,60 km/h
MMTI-2025-07882,Quezon,SUV/Van,Rear-end,3.0,Rain,,Male,0,120796.76,Heavy,Poorly-Lit,60
MMTI-2025-00108,Quezon,Jeepney,Hit and Run,3,Rainy,35.0,female ,0,1067701.39,Moderate,Poorly-Lit,40
MMTI-2025-23199,Marikina,Car,Head-on,3,Clear,39.0,Male,0,63357.17,HEAVY,Poorly-Lit,40
MMTI-2025-06221, quezon,Truck,Head-on,Risk Level 2,,29.0,Male,0,459124.75,Heavy,Well-Lit,60
MMTI-2025-09998,Pasay,Car,Hit and Run,3,Clear,46.0,Male,0,48343.35,Moderate,Well-Lit,60
MMTI-2025-22176,,Bus,Rear-end,2,Clear,40.0,Male,0,115541.77,Heavy,Well-Lit,100
MMTI-2025-22646,Quezon,Car,Side-swipe,6,Stormy,27.0,Male,2,"PHP 2,937,469.04",HEAVY,Poorly-Lit,60
MMTI-2025-11902,Muntinlupa,Car,Side-swipe,3.0,Clear,33.0,Female,0,54701.79,Heavy,Poorly-Lit,60
MMTI-2025-21428,Quezon,Car,Rear-end,3.0,Rainy,47.0,Male,0,1223566.26,Light,Well-Lit,60
MMTI-2025-19910,Quezon,Car,Rear-end,2.0,,26.0,Female,0,78133.03,Heavy,well lit,60
MMTI-2025-10478,Quezon,Car,Hit and Run,3.0,Cloudy,34.0,Male,0,542.2k,HEAVY,Poorly-Lit,60
MMTI-2025-07594,,Bus,Side-swipe,3,Clear,36.0,Female,0,447449.2,Heavy,Well-Lit,30 km/h
MMTI-2025-05270,Quezon,,Side-swipe,3,Clear,33.0,Female,0,275504.68,Moderate,Well-Lit,100
MMTI-2025-01672,Quezon,Car,Rear-end,Risk Level 6,Rainy,46.0,Male,1,700.1k,Heavy,POOR,60
MMTI-2025-20198,Makati,Motorcycle,Head-on,Risk Level 3,Cloudy,41.0,Male,0,"PHP 213,017.20",Heavy,Unlit,60
MMTI-2025-12853,Quezon,Car,Head-on,6.0,Cloudy,45.0,Male,1,463836.36,Heavy,Unlit,40
MMTI-2025-05509,Valenzuela,SUV/Van,Head-on,3.0,,37.0,Male,0,"PHP 239,969.27",Heavy,Poorly-Lit,60
MMTI-2025-05275,Quezon,SUV/Van,Side-swipe,,Clear,46.0,Male,0,70115.03,Moderate,Poorly-Lit,60
MMTI-2025-22847, san juan,Bus,Rear-end,2,Clear,,Male,0,471916.73,,Poorly-Lit,80
MMTI-2025-09875,QUEZON ,Bus,Side-swipe,,Clear,-10.0,Male,0,185576.56,Heavy,Poorly-Lit,60
MMTI-2025-19887,Paranaque,Motorcycle,Head-on,Risk Level 2,Clear,35.0,Male,0,101148.59,MODERATE,Well-Lit,80 km/h
MMTI-2025-03700,Pasig,Car,Side-swipe,3.0,Clear,25.0,Male,0,143219.21,Heavy,Well-Lit,60
MMTI-2025-11018,,SUV/Van,Side-swipe,3,,28.0,Male,0,395668.42,Moderate,Well-Lit,30
MMTI-2025-09746,Taguig,Jeepney,Rear-end,Risk Level 6,Rain,29.0,Female,3,"PHP 355,882.37",,Well-Lit,80
MMTI-2025-11311,Pasay,Car,Rear-end,3.0,Clear,47.0,Male,0,45750.62,Heavy,Well-Lit,100
MMTI-2025-22757,,Motorcycle,Hit and Run,,Rain,48.0,Female,0,16010.85,Light,Poorly-Lit,60
MMTI-2025-20319,Muntinlupa,Truck,Hit and Run,,Clear,40.0,Male,0,441166.11,Moderate,Poorly-Lit,60
MMTI-2025-04766,,Jeepney,Head-on,Risk Level 3,Clear,20.0,Male,0,107837.16,Moderate,Well-Lit,60
MMTI-2025-02882,Paranaque,Car,Side-swipe,6,Clear,68.0,Female,1,115754.42,Moderate,Lit,60
MMTI-2025-09371,Quezon,Truck,Side-swipe,3,Stormy,40.0,Female,0,99999999,Heavy,Unlit,80 kph
MMTI-2025-15294,Quezon,Motorcycle,Head-on,3,Rainy,37.0,Male,0,1269040.32,Moderate,Well-Lit,60
MMTI-2025-22321,Muntinlupa,,Rear-end,6,Rain,54.0,Female,4,86832.69,Heavy,POOR,30 kph
MMTI-2025-17990,Taguig,Car,Side-swipe,4,Cloudy,58.0,Male,2,340674.74,LIGHT,Poorly-Lit,60
MMTI-2025-21815,Quezon,Car,Head-on,3.0,Rainy,43.0,Male,0,873179.78,Moderate,Well-Lit,30
MMTI-2025-09292,Makati,SUV/Van,Rear-end,6.0,Clear,36.0,Female,4,,Heavy,Well-Lit,60
MMTI-2025-17064,Quezon,Motorcycle,Rear-end,Risk Level 3,Rainy,26.0,Female,0,940872.37,Heavy,Well-Lit,30 km/h
MMTI-2025-16943,Quezon,SUV/Van,Head-on,3,Rainy,53.0,Male,0,1147614.04,Heavy,Poorly-Lit,60 km/h
MMTI-2025-19725,Manila,Car,Hit and Run,Risk Level 4,Cloudy,40.0,female ,4,179450.71,Light,Well-Lit,60
MMTI-2025-01877,Quezon,Car,Side-swipe,3.0,Stormy,44.0,Female,0,77777777,HEAVY,Poorly-Lit,80
MMTI-2025-18249,Quezon,Jeepney,Rear-end,,Clear,37.0,Male,0,28603.65,Moderate,Well-Lit,40
MMTI-2025-00101,Quezon,Jeepney,Hit and Run,3.0,Stormy,44.0,Male,0,"PHP 2,104,356.42",HEAVY,Well-Lit,60 km/h
MMTI-2025-15425,Makati,SUV/Van,Head-on,3.0,Cloudy,27.0,Male,0,262473.73,Heavy,Well-Lit,100
MMTI-2025-12241,Caloocan,Motorcycle,Hit and Run,1,Clear,41.0,Male,0,42999.1,Moderate,Well-Lit,40 km/h
MMTI-2025-05729,Pasay,Motorcycle,Side-swipe,3,Clear,46.0,Male,0,"PHP 50,368.61",Heavy,POOR,60
MMTI-2025-08452,,Jeepney,Head-on,3.0,Clear,32.0,Female,0,101362.41,Heavy,Well-Lit,80
MMTI-2025-00992,Quezon,Truck,Hit and Run,3,Rainy,41.0,Male,0,"PHP 1,064,875.13",Heavy,Poorly-Lit,80
MMTI-2025-05879,Quezon,Bus,Side-swipe,3.0,Rain,26.0,Male,0,214211.39,,Poorly-Lit,60 kph
MMTI-2025-11274, makati,Motorcycle,Hit and Run,2,Clear,39.0,Male,0,6303.91,,Well-Lit,40
MMTI-2025-18535,Paranaque,SUV/Van,Rear-end,1.0,Clear,28.0,Male,0,"PHP 121,766.32",LIGHT,Poorly-Lit,60 km/h
MMTI-2025-04844,Manila,Car,Head-on,3,Cloudy,44.0,Male,0,174100.93,Light,Well-Lit,60
MMTI-2025-20991,Quezon,Bus,Side-swipe,3,Clear,42.0,Male,0,,Heavy,Well-Lit,40 km/h
MMTI-2025-21736,Quezon,Car,Hit and Run,3,Cloudy,50.0,Female,0,367163.81,Heavy,Poorly-Lit,40
MMTI-2025-18334,Quezon,Car,Side-swipe,3,Rainy,45.0,Female,0,769840.7,Moderate,well lit,60
MMTI-2025-16978,Makati,Bus,Side-swipe,6,Clear,39.0,female ,1,,Heavy,Well-Lit,60
MMTI-2025-18230,Manila,,Side-swipe,3,Clear,46.0,Male,0,132664.85,Light,Well-Lit,40
MMTI-2025-03935,Mandaluyong,Motorcycle,Rear-end,3.0,Clear,58.0,Female,0,69263.09,Heavy,Lit,60 kph
MMTI-2025-12286,Makati,Motorcycle,Rear-end,Risk Level 3,Cloudy,35.0,Male,0,"PHP 219,707.15",Heavy,Well-Lit,40 kph
MMTI-2025-04823,Pasay,Car,Head-on,3,Cloudy,23.0,Female,0,250140.17,,Poorly-Lit,40
MMTI-2025-13239,Manila,Car,Hit and Run,2,,48.0,Male,0,"PHP 67,020.49",Heavy,Poorly-Lit,60
MMTI-2025-09489,,Jeepney,Rear-end,3,Cloudy,38.0,Unknown,0,55632.66,Heavy,Well-Lit,60
MMTI-2025-20365,Valenzuela,Motorcycle,Hit and Run,Risk Level 2,Clear,50.0,Female,0,37422.75,Moderate,Poorly-Lit,60
MMTI-2025-19089,Muntinlupa,Bus,Hit and Run,Risk Level 6,Storm,41.0,Male,1,631451.86,,Well-Lit,80 km/h
MMTI-2025-04814,Marikina,Motorcycle,Rear-end,Risk Level 3,Clear,28.0,Female,0,59613.52,Moderate,Poorly-Lit,60
MMTI-2025-05359,,SUV/Van,Hit and Run,3.0,Storm,27.0,Male,0,307462.89,Heavy,Poorly-Lit,40
MMTI-2025-12378,Las Pinas,Motorcycle,Hit and Run,6.0,,39.0,Female,2,122989.32,Heavy,Unlit,40 km/h
MMTI-2025-15706,Manila,Bus,Side-swipe,1,Clear,57.0,Male,0,,Light,No Lights,60 kph
MMTI-2025-09036,Taguig,Motorcycle,Side-swipe,3,Cloudy,27.0,Male,0,273924.75,Moderate,Well-Lit,60
MMTI-2025-08682,Quezon,Car,Hit and Run,6,Rainy,18.0,Male,2,682439.95,Heavy,Well-Lit,60
MMTI-2025-04803,San Juan,SUV/Van,Side-swipe,3,Clear,27.0,Male,0,183968.46,,Well-Lit,60
MMTI-2025-12149,Quezon,Car,Hit and Run,3,Cloudy,43.0,Male,0,544.3k,HEAVY,Poorly-Lit,60
MMTI-2025-22384,,SUV/Van,Rear-end,6,Rain,30.0,female ,4,1005.9k,Heavy,No Lights,30
MMTI-2025-10228,Quezon,Motorcycle,Head-on,3,Rainy,50.0,Male,0,691496.91,Heavy,Poorly-Lit,60
MMTI-2025-00378,Quezon,Car,Head-on,Risk Level 3,Rainy,39.0,Male,0,"PHP 709,049.24",Heavy,Well-Lit,80 km/h
MMTI-2025-18463,Marikina,Motorcycle,Head-on,6,Clear,37.0,Male,2,57780.09,Heavy,Well-Lit,60
MMTI-2025-08404,Pasig,Car,Hit and Run,3.0,Clear,32.0,Male,0,131541.61,Moderate,Well-Lit,30 km/h
MMTI-2025-12841,,Jeepney,Hit and Run,3.0,Clear,32.0,Male,0,54979.65,Heavy,Well-Lit,60
MMTI-2025-15177,Pasay,Truck,Side-swipe,3,Storm,,Male,0,"PHP 450,585.00",Heavy,Well-Lit,60 kph
MMTI-2025-14976,Quezon,Car,Rear-end,3.0,Cloudy,46.0,Male,0,437868.53,Light,Unlit,40
MMTI-2025-04553,Quezon,Motorcycle,Head-on,Risk Level 3,Clear,,Male,0,"PHP 22,463.35",Heavy,Poorly-Lit,60
MMTI-2025-12789,Makati,,Rear-end,3,Storm,49.0,Male,0,,Light,Poorly-Lit,30
MMTI-2025-12534,Pasig,Car,Side-swipe,2,Clear,30.0,Male,0,161296.67,Light,Well-Lit,100
MMTI-2025-07633,Pateros,Motorcycle,Head-on,2,Clear,28.0,Male,0,,Heavy,Poorly-Lit,60 km/h
MMTI-2025-11598,Quezon,Bus,Head-on,,Cloudy,36.0,Female,0,104462.49,Heavy,well lit,60
MMTI-2025-01009,Pasig,Motorcycle,Head-on,6.0,Clear,33.0,Male,3,159.0k,Heavy,Well-Lit,40
MMTI-2025-11940, pasig ,Motorcycle,Side-swipe,2,Clear,40.0,Female,0,,Heavy,Poorly-Lit,100 km/h
MMTI-2025-21188,Quezon,Car,Side-swipe,3,Rainy,38.0,Male,0,1112545.46,Heavy,Poorly-Lit,40
MMTI-2025-03204,San Juan,Motorcycle,Side-swipe,2.0,Clear,54.0,Male,0,"PHP 39,917.82",LIGHT,Poorly-Lit,60
MMTI-2025-03619,Manila,,Side-swipe,3,Storm,51.0,Male,0,256360.57,Heavy,Well-Lit,80 kph
MMTI-2025-05001,Manila,Car,Rear-end,3.0,Cloudy,47.0,Male,0,200805.72,Moderate,Well-Lit,60 km/h
MMTI-2025-12885,Taguig,Motorcycle,Head-on,3,Cloudy,29.0,Female,0,307675.52,MODERATE,POOR,80
MMTI-2025-07039,Quezon,,Side-swipe,2.0,Clear,53.0,M,0,29113.38,Heavy,POOR,80
MMTI-2025-05694,Paranaque,Car,Side-swipe,Risk Level 3,Clear,29.0,Male,0,120153.92,Heavy,Well-Lit,60
MMTI-2025-09012,Marikina,Car,Rear-end,3,Clear,150.0,Male,0,62750.76,Moderate,Well-Lit,40
MMTI-2025-00715,Pasig,SUV/Van,Side-swipe,3,Clear,40.0,Male,0,132127.22,Heavy,Well-Lit,80
MMTI-2025-16546,Quezon,Jeepney,Hit and Run,3,Clear,24.0,female ,0,81173.68,,Poorly-Lit,60
MMTI-2025-17044,Pasig,Truck,Side-swipe,3,Cloudy,38.0,Male,0,1091125.96,,Poorly-Lit,80
MMTI-2025-01609,Las Pinas,Jeepney,Head-on,3.0,Clear,51.0,Male,0,,HEAVY,Well-Lit,40
MMTI-2025-13893,Manila,,Hit and Run,3,Clear,45.0,Female,0,239737.48,HEAVY,Well-Lit,40
MMTI-2025-09805,Quezon,Motorcycle,Rear-end,Risk Level 3,Rainy,49.0,Male,0,1237455.4,Light,Well-Lit,80