Incident_ID,City,Vehicle_Type,Accident_Type,Severity,Weather_Condition,Driver_Age,Driver_Gender,Injury_Count,Damage_Cost_PHP,Traffic_Volume,Road_Lighting,Speed_Limit
MMTI-2025-02292,Pasig,Motorcycle,Hit and Run,1,Clear,60.0,Female,0,140481.02,Light,Poorly-Lit,40 km/h
MMTI-2025-16088,Quezon,Car,Side-swipe,3.0,Cloudy,37.0,Female,0,473161.63,Heavy,Well-Lit,80 km/h
MMTI-2025-02120,Quezon,Motorcycle,Head-on,Risk Level 3,Rainy,37.0,Male,0,801243.55,Moderate,Unlit,40
MMTI-2025-23402,San Juan,Car,Rear-end,3.0,Clear,27.0,Male,0,40885.36,Heavy,Well-Lit,60
MMTI-2025-17712,Quezon,Truck,Head-on,Risk Level 6,Rainy,39.0,Female,3,809520.57,Moderate,Well-Lit,40
MMTI-2025-10965,Quezon,SUV/Van,Head-on,3,Rainy,17.0,Unknown,0,649702.05,Heavy,Poorly-Lit,60
MMTI-2025-17775, caloocan,Truck,Head-on,Risk Level 1,Cloudy,,Male,0,305052.6,Moderate,Well-Lit,60
MMTI-2025-13341,Quezon,Car,Hit and Run,6,Cloudy,31.0,Male,2,369234.18,Heavy,Lit,60
MMTI-2025-14762,Manila,Jeepney,Side-swipe,,Clear,44.0,Male,0,50201.85,MODERATE,Well-Lit,60
MMTI-2025-05153,Navotas,Car,Rear-end,Risk Level 2,Clear,28.0,Male,0,,,Well-Lit,60
MMTI-2025-19714,Quezon,SUV/Van,Side-swipe,3,Rainy,31.0,Male,0,947.5k,Heavy,Well-Lit,100
MMTI-2025-01684,Quezon,,Hit and Run,1,Clear,37.0,Male,0,49736.03,Moderate,Well-Lit,60
MMTI-2025-13867,,Car,Side-swipe,3,Clear,36.0,Male,0,38418.29,Moderate,Poorly-Lit,30
MMTI-2025-01770,San Juan,Car,Hit and Run,3.0,Clear,37.0,Male,0,"PHP 39,866.18",Heavy,Unlit,40
MMTI-2025-04614,Taguig,Bus,Hit and Run,3,Clear,,Male,0,1013803.7,Heavy,Poorly-Lit,60
MMTI-2025-00866,Taguig,,Head-on,3,Clear,45.0,Male,0,174592.52,Moderate,Well-Lit,100
MMTI-2025-08011,MALABON ,Truck,Rear-end,3,Clear,39.0,Male,0,,Moderate,well lit,60
MMTI-2025-16443,Manila,Car,Rear-end,3.0,Cloudy,31.0,Male,0,205758.7,HEAVY,Well-Lit,60
MMTI-2025-19110,Manila,Truck,Rear-end,3.0,,42.0,Female,0,381456.9,Moderate,Well-Lit,60
MMTI-2025-14151,Quezon,Car,Hit and Run,Risk Level 3,Rainy,47.0,Female,0,1248589.07,Heavy,Poorly-Lit,40 km/h
MMTI-2025-02814,Quezon,,Rear-end,3.0,Cloudy,57.0,Male,0,,Heavy,Unlit,80
MMTI-2025-10961,Quezon,Motorcycle,Rear-end,4.0,Rainy,28.0,Female,4,1590230.43,Heavy,Well-Lit,60
MMTI-2025-16660,Manila,Bus,Side-swipe,Risk Level 3,Rain,40.0,Female,0,517739.09,,Well-Lit,60
MMTI-2025-11659,Valenzuela,Truck,Side-swipe,3,Rain,24.0,Male,0,,Heavy,Well-Lit,30
MMTI-2025-17080, malabon,Car,Head-on,3.0,Clear,29.0,Female,0,64636.64,,Well-Lit,60 kph
MMTI-2025-16207,Marikina,SUV/Van,Head-on,2,Clear,48.0,M,0,62609.18,Heavy,Lit,40
MMTI-2025-12269,Quezon,Car,Rear-end,3,Cloudy,35.0,Male,0,399068.68,Heavy,Unlit,30 km/h
MMTI-2025-19525,,Truck,Side-swipe,Risk Level 1,Cloudy,20.0,Male,0,225474.69,MODERATE,Poorly-Lit,60
MMTI-2025-07377,,Jeepney,Rear-end,2,Clear,36.0,Male,0,"PHP 32,474.80",Moderate,dark,30
MMTI-2025-19158,Quezon,Motorcycle,Side-swipe,3,Cloudy,41.0,Male,0,368365.24,Heavy,POOR,60
MMTI-2025-00868,Marikina,SUV/Van,Rear-end,Risk Level 3,Cloudy,,Male,0,76109.94,Moderate,Unlit,80
MMTI-2025-04365,Las Pinas,Car,Side-swipe,1.0,Clear,25.0,Male,0,89721.43,Moderate,Well-Lit,100 km/h
MMTI-2025-20134,Pasig,Car,Head-on,3,Clear,37.0,Male,0,129630.57,Light,Well-Lit,60 kph
MMTI-2025-17375,Paranaque,Car,Hit and Run,Risk Level 3,Clear,,M,0,58097.62,Heavy,Well-Lit,60
MMTI-2025-10099,Manila,,Head-on,2,Cloudy,37.0,Male,0,,,Well-Lit,60 km/h
MMTI-2025-03077,,Jeepney,Head-on,6,Clear,45.0,Male,4,341355.03,Light,Well-Lit,40
MMTI-2025-07783,Paranaque,Car,Rear-end,3,Clear,43.0,Male,0,116395.64,Heavy,POOR,30
MMTI-2025-00059,Quezon,Car,Side-swipe,3,Cloudy,50.0,Male,0,587461.76,Heavy,Unlit,60
MMTI-2025-21915,Mandaluyong,,Hit and Run,3,Clear,36.0,Male,0,108956.02,Moderate,Poorly-Lit,100
MMTI-2025-14189,Manila,Truck,Hit and Run,,Clear,52.0,M,0,259758.18,Heavy,Poorly-Lit,40
MMTI-2025-03074,Quezon,Motorcycle,Rear-end,3.0,Rainy,46.0,Male,0,915575.36,MODERATE,Unlit,60
MMTI-2025-09844,Malabon,SUV/Van,Hit and Run,,Clear,30.0,Female,0,123336.57,,Well-Lit,80
MMTI-2025-22073,Quezon,Motorcycle,Head-on,3,Cloudy,26.0,Male,0,416055.18,Moderate,Poorly-Lit,60
MMTI-2025-23289,Makati,Car,Hit and Run,3,Cloudy,28.0,Unknown,0,260602.5,Heavy,Well-Lit,80
MMTI-2025-10073,,Jeepney,Hit and Run,,Cloudy,53.0,Male,0,"PHP 24,501.17",Heavy,Well-Lit,40
MMTI-2025-11765,,SUV/Van,Rear-end,6.0,Clear,21.0,Female,2,311168.21,Moderate,No Lights,60
MMTI-2025-10735,Quezon,Car,Hit and Run,3,Rainy,30.0,Female,0,1566562.91,Light,Poorly-Lit,30
MMTI-2025-16034,Valenzuela,,Head-on,Risk Level 1,Clear,39.0,Female,0,0,,Poorly-Lit,40
MMTI-2025-23179,MANILA ,SUV/Van,Side-swipe,3.0,Rain,,Female,0,111020.81,Moderate,Unlit,40
MMTI-2025-21816,Pasig,Car,Hit and Run,3,Clear,33.0,Male,0,143562.98,Heavy,Poorly-Lit,40 km/h
MMTI-2025-15650,MANILA ,SUV/Van,Head-on,2,Cloudy,20.0,Male,0,,Moderate,Well-Lit,40
MMTI-2025-08556,PARANAQUE ,Truck,Rear-end,6,Cloudy,32.0,Male,3,2014779.09,,Unlit,60
MMTI-2025-07394,Pasay,Car,Hit and Run,3,Clear,39.0,Male,0,49261.81,Heavy,Well-Lit,80
MMTI-2025-14508,,SUV/Van,Side-swipe,3,Rain,50.0,Male,0,70284.46,,well lit,60
MMTI-2025-16621,Pasay,Truck,Rear-end,Risk Level 3,Clear,43.0,Male,0,,Moderate,Well-Lit,40
MMTI-2025-07909,Paranaque,Motorcycle,Side-swipe,3.0,Clear,29.0,Male,0,105060.07,Heavy,Well-Lit,60
MMTI-2025-18313,MUNTINLUPA ,Jeepney,Hit and Run,3,Clear,29.0,M,0,34944.29,,Well-Lit,40 km/h
MMTI-2025-09740,QUEZON ,Jeepney,Rear-end,,Clear,45.0,Male,0,27994.7,Heavy,Well-Lit,80
MMTI-2025-11749,MAKATI ,SUV/Van,Side-swipe,,Clear,48.0,male,0,84929.09,Heavy,Well-Lit,60
MMTI-2025-12644,Pasig,Bus,Hit and Run,3,Clear,60.0,Female,0,1018683.28,,Well-Lit,40
MMTI-2025-19476,Quezon,Car,Head-on,3,Rainy,36.0,Male,0,686663.39,Moderate,Poorly-Lit,100 km/h
MMTI-2025-17829,,Jeepney,Head-on,6.0,Clear,32.0,Female,3,197572.79,Moderate,Poorly-Lit,40
MMTI-2025-06417,Manila,Motorcycle,Hit and Run,3,Cloudy,35.0,M,0,198927.88,Moderate,Unlit,60
MMTI-2025-11124,Makati,Motorcycle,Head-on,2,Cloudy,42.0,Male,0,224872.21,Heavy,Poorly-Lit,100
MMTI-2025-14923,Quezon,Jeepney,Rear-end,3.0,Cloudy,51.0,Male,0,622218.75,Heavy,Well-Lit,80
MMTI-2025-14428,Manila,Jeepney,Head-on,3,,38.0,Male,0,71007.75,Heavy,Well-Lit,60
MMTI-2025-14586,Pasig,Motorcycle,Side-swipe,3,Clear,24.0,Male,0,136758.96,Moderate,Poorly-Lit,40 km/h
MMTI-2025-18231,Manila,Truck,Head-on,3.0,Rain,24.0,Male,0,,Heavy,Poorly-Lit,60 kph
MMTI-2025-23189,Mandaluyong,Truck,Hit and Run,1.0,Clear,48.0,Male,0,77164.85,LIGHT,Well-Lit,80 km/h
MMTI-2025-05973,,SUV/Van,Hit and Run,Risk Level 3,Clear,36.0,Male,0,88298.97,Moderate,dark,30
MMTI-2025-06863,Paranaque,,Rear-end,3,Clear,42.0,Male,0,159.2k,Heavy,Well-Lit,60
MMTI-2025-23434,Mandaluyong,Car,Rear-end,6,Clear,48.0,Male,1,70165.07,Heavy,Well-Lit,100 km/h
MMTI-2025-16021,Caloocan,Truck,Hit and Run,3.0,Clear,38.0,Male,0,43642.33,Heavy,Poorly-Lit,60
MMTI-2025-17054,,SUV/Van,Head-on,3.0,Rain,20.0,Female,0,132449.47,Heavy,Well-Lit,40
MMTI-2025-13546,Marikina,Motorcycle,Hit and Run,3.0,Clear,63.0,Male,0,64744.14,Heavy,Unlit,100
MMTI-2025-11964,Quezon,SUV/Van,Rear-end,3.0,Clear,,Male,0,"PHP 383,743.04",Heavy,Well-Lit,60 km/h
MMTI-2025-07750, caloocan,Bus,Rear-end,3,Storm,47.0,Male,0,1066651.31,,Well-Lit,80
MMTI-2025-05864,Manila,Jeepney,Hit and Run,Risk Level 3,Cloudy,31.0,Female,0,177991.84,Heavy,Poorly-Lit,80
MMTI-2025-04493,Paranaque,Car,Hit and Run,,Storm,25.0,Female,0,"PHP 31,617.85",Moderate,Well-Lit,60
MMTI-2025-07130,Makati,Motorcycle,Hit and Run,3,Clear,23.0,Female,0,28005.54,,Poorly-Lit,100
MMTI-2025-23262,Las Pinas,Motorcycle,Rear-end,,Clear,21.0,Male,0,4858.16,Heavy,well lit,60 km/h
MMTI-2025-13930,Las Pinas,Truck,Head-on,3,Clear,36.0,Female,0,90320.83,Heavy,Well-Lit,60
MMTI-2025-04754,Quezon,Truck,Rear-end,Risk Level 3,Rainy,37.0,Male,0,1166548.92,MODERATE,Well-Lit,30 km/h
MMTI-2025-05105,Quezon,SUV/Van,Head-on,3,Cloudy,38.0,Female,0,365140.98,Heavy,Well-Lit,40
MMTI-2025-14557,Valenzuela,SUV/Van,Head-on,3.0,Clear,26.0,Male,0,37363.15,Moderate,Well-Lit,100
MMTI-2025-16174,Manila,Car,Hit and Run,3,,35.0,Male,0,162716.71,Heavy,Lit,60
MMTI-2025-12831,Pasig,Car,Rear-end,3,Clear,61.0,Female,0,159110.54,Moderate,Well-Lit,60
MMTI-2025-19213,Pasay,Motorcycle,Head-on,3,Clear,27.0,Male,0,"PHP 46,722.14",HEAVY,Unlit,40
MMTI-2025-04837,Paranaque,Car,Rear-end,3,Clear,,Male,0,245826.1,Heavy,Well-Lit,80
MMTI-2025-09834,Marikina,SUV/Van,Head-on,3,Clear,31.0,Male,0,,Heavy,Unlit,60
MMTI-2025-17745,Taguig,Car,Rear-end,4,Cloudy,39.0,Male,2,284333.24,Light,Well-Lit,30
MMTI-2025-21371,Marikina,Car,Hit and Run,Risk Level 3,Clear,37.0,Male,0,60707.14,Light,Poorly-Lit,60 kph
MMTI-2025-09361,Taguig,SUV/Van,Side-swipe,Risk Level 3,Cloudy,27.0,Male,0,329570.69,Heavy,dark,60
MMTI-2025-13112,,Car,Rear-end,3,Clear,999.0,Male,0,213646.68,Moderate,Well-Lit,60
MMTI-2025-03366,Makati,Motorcycle,Side-swipe,3,Cloudy,39.0,Male,0,230688.91,Light,Well-Lit,60 kph
MMTI-2025-21209,Quezon,SUV/Van,Rear-end,3,Clear,,Male,0,187455.11,Heavy,Lit,60
MMTI-2025-12449,Taguig,Motorcycle,Side-swipe,3,Cloudy,52.0,Male,0,"PHP 306,673.01",Heavy,Well-Lit,30
MMTI-2025-19495,Quezon,Motorcycle,Hit and Run,3,Rainy,33.0,Male,0,1621048.48,Heavy,Well-Lit,40
MMTI-2025-13357,,Jeepney,Side-swipe,2,Clear,37.0,Male,0,34651.66,Moderate,Unlit,60
MMTI-2025-05681,Manila,Motorcycle,Hit and Run,6.0,Cloudy,22.0,Male,3,195421.64,Moderate,Poorly-Lit,60 km/h
MMTI-2025-16279,Manila,Jeepney,Hit and Run,6.0,,54.0,male,3,180353.17,Heavy,Poorly-Lit,40
MMTI-2025-09171,,Motorcycle,Rear-end,Risk Level 1,Clear,55.0,Male,0,14273.71,Moderate,Well-Lit,40
MMTI-2025-13915,Quezon,Motorcycle,Rear-end,Risk Level 3,Rainy,17.0,Unknown,0,767928.64,Heavy,Well-Lit,60
MMTI-2025-23489,Quezon,SUV/Van,Head-on,3.0,Rainy,26.0,Female,0,958801.25,Moderate,Poorly-Lit,40 km/h
MMTI-2025-18069,Quezon,Car,Side-swipe,3,Rainy,150.0,Male,0,1442203.2,Heavy,Unlit,30 kph
MMTI-2025-18744,Quezon,Car,Side-swipe,3,Rainy,38.0,Female,0,831587.63,Heavy,dark,60
MMTI-2025-06307,Paranaque,SUV/Van,Head-on,2,Clear,32.0,Female,0,114489.9,Moderate,Well-Lit,60
MMTI-2025-22995,Quezon,Motorcycle,Head-on,3,Rainy,45.0,Male,0,"PHP 1,065,445.33",Heavy,Well-Lit,60 kph
MMTI-2025-00081,Las Pinas,Car,Side-swipe,3.0,Clear,40.0,Female,0,93019.77,Heavy,Well-Lit,60 kph
MMTI-2025-00865,Manila,Jeepney,Rear-end,,Storm,58.0,Male,0,11082.96,Heavy,Well-Lit,40
MMTI-2025-19070,Las Pinas,Motorcycle,Head-on,3,Clear,44.0,Female,0,94435.35,Heavy,Lit,30
MMTI-2025-11267,Caloocan,Jeepney,Hit and Run,6,,0.0,M,1,"PHP 103,482.58",LIGHT,Poorly-Lit,60
MMTI-2025-22678,Makati,Jeepney,Side-swipe,3.0,Rain,25.0,Male,3,104339.0,,Well-Lit,60 km/h
MMTI-2025-23124,Quezon,Car,Side-swipe,3,Cloudy,17.0,Male,0,441055.59,Heavy,Poorly-Lit,80
MMTI-2025-23282,,Truck,Side-swipe,3,Clear,35.0,Male,1,1031880.94,Heavy,Well-Lit,40 kph
MMTI-2025-01799,Mandaluyong,,Rear-end,2,Clear,44.0,Female,0,"PHP 39,240.06",Moderate,Well-Lit,60
MMTI-2025-06005,Manila,Bus,Side-swipe,3,Clear,64.0,Male,0,,Heavy,well lit,40
MMTI-2025-09355,Quezon,Truck,Side-swipe,Risk Level 3,Cloudy,37.0,Male,0,358537.98,Heavy,Well-Lit,40
MMTI-2025-10649,TAGUIG ,Bus,Head-on,3.0,Clear,39.0,female ,0,,Heavy,Poorly-Lit,80
MMTI-2025-17415,Taguig,Car,Rear-end,3,Cloudy,26.0,Male,0,297711.46,Heavy,Well-Lit,80 km/h
MMTI-2025-14667,Quezon,,Rear-end,,Clear,31.0,Male,0,100079.69,Heavy,Well-Lit,40
MMTI-2025-04713,Las Pinas,Car,Rear-end,Risk Level 3,Clear,53.0,Male,0,83691.78,Heavy,Poorly-Lit,60
MMTI-2025-17657,Mandaluyong,Truck,Rear-end,3,,33.0,Male,0,"PHP 276,864.71",Heavy,Well-Lit,60
MMTI-2025-10112,Quezon,SUV/Van,Rear-end,Risk Level 3,Cloudy,55.0,Male,0,376189.89,Heavy,Well-Lit,60
MMTI-2025-02493,Quezon,Car,Rear-end,3,Cloudy,51.0,Male,0,422366.94,Moderate,Well-Lit,60
MMTI-2025-02142,Paranaque,Truck,Head-on,Risk Level 3,,38.0,Male,0,350679.57,,dark,60 km/h
MMTI-2025-14008,,Car,Hit and Run,3.0,Clear,62.0,Unknown,0,,Heavy,Well-Lit,60
MMTI-2025-22069,Quezon,Bus,Side-swipe,,Clear,22.0,Male,0,63168.01,Heavy,Well-Lit,60
MMTI-2025-06173,San Juan,SUV/Van,Hit and Run,Risk Level 3,Clear,23.0,Male,0,38309.27,Heavy,Poorly-Lit,60
MMTI-2025-15390,Taguig,Motorcycle,Rear-end,2,Cloudy,47.0,Male,0,323228.5,Heavy,Well-Lit,80 km/h
MMTI-2025-17512,Quezon,Car,Hit and Run,3,Rainy,47.0,Female,0,988555.81,Heavy,Well-Lit,60
MMTI-2025-11425,Pasay,Car,Hit and Run,3,Clear,34.0,Male,0,47186.7,Light,Unlit,80 kph
MMTI-2025-23325,San Juan,SUV/Van,Head-on,3,Clear,38.0,Female,0,38972.94,Heavy,Well-Lit,60 km/h
MMTI-2025-09740,QUEZON ,Jeepney,Rear-end,,Clear,45.0,Male,0,27994.7,Heavy,Well-Lit,80
MMTI-2025-01830,MAKATI ,,Hit and Run,6,Cloudy,49.0,Female,4,581161.07,Heavy,Well-Lit,60
MMTI-2025-14823,Quezon,Motorcycle,Head-on,9,Cloudy,46.0,Male,3,"PHP 355,985.03",Moderate,Unlit,30 kph
MMTI-2025-16261,Paranaque,Bus,Side-swipe,Risk Level 3,Clear,33.0,Male,0,935320.12,,Well-Lit,30
MMTI-2025-09295,Taguig,Motorcycle,Side-swipe,2,Clear,30.0,Male,0,6828.65,,Poorly-Lit,40
MMTI-2025-21825,Makati,Car,Side-swipe,3,Cloudy,37.0,Male,0,221277.42,Light,Well-Lit,60
MMTI-2025-02436,Quezon,Car,Side-swipe,3,Cloudy,52.0,Male,0,"PHP 553,655.69",Light,Poorly-Lit,40 kph
MMTI-2025-10043,Quezon,Jeepney,Rear-end,3.0,Rain,,Female,0,,Heavy,Well-Lit,60
MMTI-2025-09743,Pasig,Car,Rear-end,2.0,Clear,43.0,Female,0,157758.93,Heavy,Poorly-Lit,60
MMTI-2025-13942,Pasig,Motorcycle,Side-swipe,3,Clear,49.0,Male,0,134469.79,Heavy,Poorly-Lit,80 kph
MMTI-2025-10680,Pasig,Car,Hit and Run,3.0,Clear,39.0,Unknown,0,162191.21,Moderate,Poorly-Lit,60
MMTI-2025-03098,Las Pinas,Car,Rear-end,3,Clear,30.0,Female,0,85438.55,Heavy,Well-Lit,60
MMTI-2025-19407,Quezon,Car,Rear-end,3.0,Rainy,43.0,F,0,1111609.71,Heavy,Well-Lit,60
MMTI-2025-18231,Manila,Truck,Head-on,3.0,Rain,24.0,Male,0,,Heavy,Poorly-Lit,60 kph
MMTI-2025-15708,Pasig,Car,Hit and Run,3.0,Clear,56.0,Male,0,162246.46,Heavy,Well-Lit,60 km/h
MMTI-2025-21864,Pasay,Truck,Side-swipe,6.0,Clear,39.0,Male,2,1676765.57,,Well-Lit,80
MMTI-2025-12315,Quezon,Car,Hit and Run,3,Cloudy,19.0,Female,0,445427.16,Heavy,Well-Lit,40 kph
MMTI-2025-19675,Makati,Truck,Rear-end,3,Cloudy,45.0,Male,0,240539.38,Heavy,POOR,60 km/h
MMTI-2025-20975,Navotas,Motorcycle,Hit and Run,,Clear,27.0,Male,0,19206.78,Heavy,Poorly-Lit,60
MMTI-2025-21638,Paranaque,Car,Head-on,Risk Level 3,Clear,28.0,Unknown,0,104411.2,MODERATE,dark,40 kph
MMTI-2025-08539,Muntinlupa,Car,Hit and Run,Risk Level 3,Clear,17.0,Female,0,57347.47,Heavy,Well-Lit,100
MMTI-2025-12352,Quezon,Car,Hit and Run,3,Rainy,22.0,Male,0,770131.59,Heavy,Well-Lit,60 km/h
MMTI-2025-02382,Caloocan,Motorcycle,Side-swipe,3,,20.0,Male,0,,Heavy,Lit,60 km/h
MMTI-2025-01644,Makati,Truck,Rear-end,3,Cloudy,48.0,Male,0,"PHP 237,248.06",Heavy,Well-Lit,60
MMTI-2025-04739,Quezon,Motorcycle,Rear-end,4.0,Cloudy,22.0,Male,4,387124.17,Moderate,well lit,30 km/h
MMTI-2025-21375,Marikina,Motorcycle,Head-on,2.0,,29.0,Male,0,14784.87,HEAVY,Poorly-Lit,40 km/h
MMTI-2025-18284,Quezon,Motorcycle,Side-swipe,Risk Level 3,Rainy,19.0,Male,0,1035141.71,Heavy,Lit,60
MMTI-2025-19379,Quezon,Car,Side-swipe,Risk Level 3,Rainy,36.0,Female,0,681439.74,Heavy,Unlit,30 kph
MMTI-2025-00386,,Bus,Side-swipe,3,Cloudy,,Male,0,460529.93,Heavy,Well-Lit,60 kph
MMTI-2025-05931,Valenzuela,Bus,Rear-end,2,Clear,33.0,Male,0,,MODERATE,Poorly-Lit,80
MMTI-2025-17194,Malabon,Bus,Hit and Run,,Clear,40.0,Male,0,353563.74,Moderate,Well-Lit,80 kph
MMTI-2025-22081,Quezon,SUV/Van,Rear-end,3.0,Rainy,26.0,Female,0,1104561.84,Heavy,Poorly-Lit,40
MMTI-2025-01342,Quezon,Motorcycle,Head-on,Risk Level 6,Cloudy,24.0,Male,4,595832.9,Heavy,Poorly-Lit,40
MMTI-2025-07140,Quezon,SUV/Van,Hit and Run,3,Cloudy,40.0,Male,0,582767.55,Heavy,Well-Lit,60
MMTI-2025-12334, caloocan,Bus,Rear-end,3,,45.0,Female,0,723377.46,Light,Well-Lit,60
MMTI-2025-11520,Mandaluyong,Car,Head-on,3.0,Clear,17.0,Female,0,69139.96,Heavy,Well-Lit,30
MMTI-2025-22765,Quezon,Car,Rear-end,3.0,Rainy,20.0,Male,0,1055640.66,Heavy,Well-Lit,80
MMTI-2025-05175,Quezon,SUV/Van,Rear-end,,Rain,30.0,Male,3,68090.15,Moderate,Poorly-Lit,60
MMTI-2025-19509,,Bus,Side-swipe,Risk Level 3,Rain,24.0,Female,0,1371442.98,Heavy,Lit,60 kph
MMTI-2025-19575,Quezon,Car,Rear-end,2,Cloudy,31.0,Male,0,512895.38,Light,Well-Lit,40
MMTI-2025-08781,Quezon,Car,Side-swipe,Risk Level 3,Cloudy,46.0,Female,0,608428.89,Moderate,Well-Lit,30 km/h
MMTI-2025-20006,Marikina,Motorcycle,Hit and Run,3,Clear,41.0,Female,0,59537.15,Heavy,Poorly-Lit,40
MMTI-2025-07072,Manila,Jeepney,Hit and Run,3.0,Cloudy,36.0,Female,0,200361.9,Moderate,Well-Lit,60
MMTI-2025-07122,Makati,SUV/Van,Rear-end,2.0,,35.0,Male,0,38833.28,,Well-Lit,80 km/h
MMTI-2025-01032, makati,Car,Side-swipe,3,,37.0,Male,0,,Heavy,Unlit,80
MMTI-2025-00445,,Jeepney,Hit and Run,3,Clear,37.0,Female,0,,Heavy,Poorly-Lit,80
MMTI-2025-20971,Marikina,Motorcycle,Side-swipe,3.0,Clear,42.0,Male,0,58206.41,Heavy,Unlit,60
MMTI-2025-01216,Pasig,Car,Hit and Run,3,Clear,34.0,Female,0,126477.55,Heavy,Poorly-Lit,80
MMTI-2025-09078,Pasig,SUV/Van,Head-on,Risk Level 2,Clear,39.0,M,0,57486.5,,Poorly-Lit,30
MMTI-2025-08447,Quezon,Car,Head-on,Risk Level 3,Stormy,38.0,Male,0,77777777,Light,Unlit,80
MMTI-2025-13737,Taguig,SUV/Van,Side-swipe,Risk Level 3,Cloudy,39.0,Male,0,272840.88,Heavy,Well-Lit,80
MMTI-2025-15333,Paranaque,Bus,Side-swipe,3.0,,40.0,Male,0,588083.61,Heavy,Poorly-Lit,80 km/h
MMTI-2025-00856,Taguig,Truck,Hit and Run,3,Rain,31.0,Male,0,1486324.73,,Well-Lit,60
MMTI-2025-19288,Quezon,Jeepney,Hit and Run,Risk Level 3,,32.0,Female,0,98888.03,Heavy,Well-Lit,40 km/h
MMTI-2025-19861,Quezon,SUV/Van,Rear-end,2,Cloudy,44.0,Female,0,412357.71,Heavy,Poorly-Lit,80 km/h
MMTI-2025-16183,Manila,Car,Side-swipe,3,Cloudy,26.0,Male,0,202158.97,Heavy,Well-Lit,60
MMTI-2025-19997,Marikina,Bus,Side-swipe,,Clear,33.0,Male,0,354663.68,Moderate,dark,30
MMTI-2025-06785,Quezon,Car,Head-on,Risk Level 3,Rainy,39.0,Male,0,1563019.65,Heavy,Well-Lit,60 km/h
MMTI-2025-16910,Valenzuela,,Rear-end,3,,31.0,Female,0,229888.21,Moderate,Well-Lit,80
MMTI-2025-17697,Manila,Truck,Hit and Run,Risk Level 3,Rain,44.0,Female,0,,Heavy,Well-Lit,60
MMTI-2025-08314,Marikina,Car,Hit and Run,3,Clear,30.0,Female,4,60923.72,HEAVY,Poorly-Lit,80
MMTI-2025-07326,Manila,Car,Hit and Run,3,Cloudy,40.0,Female,0,170806.96,Moderate,Well-Lit,60
MMTI-2025-17980,Las Pinas,Motorcycle,Side-swipe,3.0,Clear,27.0,male,0,84079.18,Light,Poorly-Lit,40
MMTI-2025-06735,Quezon,Truck,Rear-end,2.0,Clear,,Male,0,99999999,Moderate,Unlit,80
MMTI-2025-23529,Quezon,SUV/Van,Head-on,3.0,Rainy,38.0,Male,0,"PHP 842,759.54",Heavy,Poorly-Lit,80
MMTI-2025-21941,Mandaluyong,Car,Head-on,Risk Level 3,Clear,19.0,Male,0,80110.2,Heavy,Well-Lit,60
MMTI-2025-01448,Malabon,,Head-on,3,Cloudy,39.0,Female,0,121966.66,Heavy,Poorly-Lit,60
MMTI-2025-15069,Quezon,Car,Rear-end,3,Rainy,999.0,Male,0,1580196.47,Heavy,Well-Lit,80
MMTI-2025-06490,San Juan,Car,Side-swipe,3.0,Clear,55.0,Male,0,38273.44,Moderate,dark,40
MMTI-2025-22429,Marikina,Car,Hit and Run,3,Clear,40.0,Male,0,62372.33,Heavy,Poorly-Lit,60
MMTI-2025-08734,Muntinlupa,Bus,Side-swipe,3,Clear,,Male,0,823693.5,Heavy,Poorly-Lit,40
MMTI-2025-00894, manila,Bus,Side-swipe,1.0,Clear,44.0,Female,0,167486.88,,Well-Lit,80 kph
MMTI-2025-12962, makati,,Hit and Run,Risk Level 3,Storm,42.0,M,0,178047.68,Heavy,Well-Lit,60
MMTI-2025-01220,Pasay,Car,Side-swipe,3,Clear,29.0,Male,0,47559.56,Moderate,No Lights,60 km/h
MMTI-2025-08969,Taguig,Jeepney,Rear-end,3,Cloudy,26.0,Male,0,285291.96,Heavy,Poorly-Lit,60
MMTI-2025-01236,Quezon,Motorcycle,Hit and Run,6.0,Rainy,39.0,Female,4,942909.0,LIGHT,Well-Lit,60
MMTI-2025-19951,Quezon,Truck,Hit and Run,3,Rainy,17.0,Male,0,1597143.58,Light,POOR,60
MMTI-2025-22933,Las Pinas,Motorcycle,Hit and Run,3,Clear,999.0,Female,0,88841.3,Heavy,Well-Lit,40 km/h
MMTI-2025-07916,Makati,Motorcycle,Head-on,2.0,Cloudy,17.0,Male,0,215712.35,HEAVY,Well-Lit,60
MMTI-2025-21425,Quezon,Motorcycle,Rear-end,Risk Level 3,Rainy,53.0,Female,0,782647.24,Heavy,Well-Lit,30 kph
MMTI-2025-01303,Mandaluyong,Motorcycle,Side-swipe,3.0,Clear,,Unknown,0,,HEAVY,Lit,80
MMTI-2025-06476,Manila,,Side-swipe,3.0,Clear,,Male,0,"PHP 241,849.63",Moderate,Poorly-Lit,60
MMTI-2025-20476, quezon,,Hit and Run,,Clear,30.0,Female,0,78840.26,Heavy,Poorly-Lit,60
MMTI-2025-19409,Quezon,Car,Side-swipe,3,Cloudy,42.0,Male,0,521525.35,Heavy,Poorly-Lit,60
MMTI-2025-19323,Quezon,Car,Rear-end,3,Rainy,32.0,male,0,729123.33,Moderate,Well-Lit,40 km/h
MMTI-2025-04668,Mandaluyong,Bus,Head-on,6.0,Clear,,Male,3,,MODERATE,POOR,80 km/h