Incident_ID,City,Vehicle_Type,Accident_Type,Severity,Weather_Condition,Driver_Age,Driver_Gender,Injury_Count,Damage_Cost_PHP,Traffic_Volume,Road_Lighting,Speed_Limit
MMTI-2025-00361,Taguig,Bus,Hit and Run,6.0,Clear,28.0,Male,1,"PHP 2,808,345.23",,POOR,60
MMTI-2025-10734,Makati,,Head-on,3,,43.0,Male,0,218.1k,Heavy,Poorly-Lit,60 km/h
MMTI-2025-02268,Quezon,Car,Side-swipe,3,Rainy,44.0,Male,0,640410.31,Heavy,Well-Lit,80
MMTI-2025-08947,Manila,Car,Side-swipe,3,Cloudy,-10.0,Male,0,167073.1,Heavy,Poorly-Lit,30 km/h
MMTI-2025-23611,Makati,Car,Head-on,6.0,Cloudy,32.0,Male,1,246323.91,Heavy,dark,60 kph
MMTI-2025-05074,Quezon,Car,Rear-end,3,Rain,,Male,0,161894.85,Moderate,Well-Lit,40
MMTI-2025-03963,Caloocan,Car,Rear-end,,Clear,26.0,Male,0,"PHP 41,099.88",Heavy,Poorly-Lit,40 km/h
MMTI-2025-04456, manila,Car,Rear-end,,Clear,37.0,Male,0,33089.81,MODERATE,Poorly-Lit,80
MMTI-2025-11942,Marikina,Car,Head-on,3,Clear,31.0,Female,0,67926.48,Heavy,Well-Lit,40 kph
MMTI-2025-04527,Manila,Bus,Hit and Run,2,,35.0,Male,0,,Heavy,Well-Lit,100
MMTI-2025-00414,Makati,Car,Side-swipe,3.0,Cloudy,,Male,0,45916.39,Heavy,Poorly-Lit,80 km/h
MMTI-2025-20262,Quezon,Car,Head-on,3.0,Cloudy,52.0,Female,0,394057.47,Heavy,Well-Lit,80
MMTI-2025-07201,Quezon,Bus,Rear-end,3,Clear,,Female,0,145487.76,Light,Well-Lit,40
MMTI-2025-21391,Quezon,Car,Rear-end,3,Rainy,0.0,Male,0,899700.49,Heavy,Well-Lit,60 km/h
MMTI-2025-15164,Taguig,Motorcycle,Head-on,3,Cloudy,59.0,Male,0,316503.81,Heavy,Well-Lit,60 kph
MMTI-2025-09190,Quezon,Car,Head-on,3,Rainy,-10.0,female ,0,874429.79,Heavy,Well-Lit,40
MMTI-2025-04539,Caloocan,Car,Head-on,3,Clear,55.0,Male,0,214232.38,,well lit,40
MMTI-2025-12598,Marikina,Car,Head-on,2.0,Clear,-10.0,Female,0,64872.09,Light,Well-Lit,80
MMTI-2025-23276,Quezon,Car,Hit and Run,3,Rainy,29.0,Male,0,1330541.07,HEAVY,Poorly-Lit,60
MMTI-2025-16134,Mandaluyong,SUV/Van,Hit and Run,3,Clear,44.0,Female,0,74.7k,Heavy,well lit,30
MMTI-2025-07633,Pateros,Motorcycle,Head-on,2,Clear,28.0,Male,0,,Heavy,Poorly-Lit,60 km/h
MMTI-2025-10760,Quezon,Car,Rear-end,6,Stormy,61.0,Male,3,2331962.74,Heavy,Well-Lit,60
MMTI-2025-06345,Quezon,Car,Rear-end,3,Rainy,30.0,Male,0,1459595.66,Heavy,Well-Lit,40
MMTI-2025-06288,Paranaque,Car,Side-swipe,4,Clear,26.0,Male,2,106618.95,MODERATE,Well-Lit,30
MMTI-2025-09596,Taguig,Car,Rear-end,3.0,Cloudy,45.0,Female,0,314603.32,Moderate,Well-Lit,60
MMTI-2025-02416,Taguig,Car,Head-on,3,Cloudy,32.0,M,0,284650.6,Heavy,Well-Lit,40
MMTI-2025-05498,Caloocan,Truck,Side-swipe,2.0,Clear,39.0,Male,0,419881.85,,well lit,40
MMTI-2025-21616,Makati,Bus,Head-on,,Clear,26.0,female ,0,104558.67,Heavy,Poorly-Lit,60
MMTI-2025-23612,Las Pinas,Truck,Side-swipe,1.0,,26.0,Male,0,172685.78,Moderate,Poorly-Lit,80 km/h
MMTI-2025-23265,Pasig,,Side-swipe,,Clear,17.0,Female,0,71.2k,Light,Well-Lit,60
MMTI-2025-10826,,Car,Hit and Run,3,Clear,49.0,Female,0,60424.54,Light,Well-Lit,40
MMTI-2025-16688,Pasig,Jeepney,Head-on,3.0,Clear,27.0,Female,0,"PHP 141,803.28",Heavy,Well-Lit,100 kph
MMTI-2025-17562,Quezon,SUV/Van,Rear-end,6.0,Rainy,40.0,Male,3,995072.7,Moderate,Poorly-Lit,60
MMTI-2025-02199,Marikina,Motorcycle,Rear-end,3,Clear,29.0,Male,0,"PHP 64,251.39",Heavy,POOR,60
MMTI-2025-20501,Quezon,Jeepney,Hit and Run,3.0,Cloudy,39.0,Male,0,476938.39,Heavy,Poorly-Lit,60
MMTI-2025-12866,Quezon,Car,Hit and Run,3,Cloudy,50.0,Male,0,534752.84,Heavy,Well-Lit,40
MMTI-2025-03263,Paranaque,Truck,Side-swipe,3,Clear,,Male,0,1426697.59,Heavy,Well-Lit,80
MMTI-2025-23581,Valenzuela,Bus,Head-on,,Clear,28.0,Male,0,429601.01,MODERATE,No Lights,30 km/h
MMTI-2025-10466,San Juan,Car,Hit and Run,3,Clear,52.0,Male,0,"PHP 41,098.18",Moderate,Poorly-Lit,60 km/h
MMTI-2025-11009,Marikina,Car,Side-swipe,3,Clear,29.0,Female,0,65103.38,Heavy,Lit,60 kph
MMTI-2025-08099,Quezon,Motorcycle,Side-swipe,3.0,Rainy,36.0,Male,0,1263632.84,Heavy,Well-Lit,80
MMTI-2025-15001,Quezon,Car,Side-swipe,Risk Level 3,Rainy,33.0,Female,0,917937.61,Moderate,Poorly-Lit,40
MMTI-2025-22859,Taguig,Jeepney,Side-swipe,,Rain,33.0,male,0,32293.84,Moderate,Well-Lit,60
MMTI-2025-05174,Paranaque,Car,Side-swipe,3,Clear,57.0,Male,0,"PHP 114,411.25",HEAVY,Poorly-Lit,80 kph
MMTI-2025-20631,Paranaque,Motorcycle,Head-on,,Cloudy,22.0,Male,0,7499.87,Heavy,Poorly-Lit,60
MMTI-2025-20864,Quezon,Motorcycle,Hit and Run,3,Cloudy,54.0,F,0,386518.54,Heavy,Well-Lit,60 kph
MMTI-2025-21209,Quezon,SUV/Van,Rear-end,3,Clear,,Male,0,187455.11,Heavy,Lit,60
MMTI-2025-14043,Taguig,Car,Head-on,3,Cloudy,27.0,Male,0,271605.69,Heavy,Poorly-Lit,100
MMTI-2025-05726,Makati,Car,Head-on,3,Cloudy,35.0,Male,0,234788.92,MODERATE,Unlit,100 km/h
MMTI-2025-22576,Manila,Car,Hit and Run,3,Cloudy,0.0,Male,0,169.6k,HEAVY,Unlit,60
MMTI-2025-21287,Muntinlupa,Car,Side-swipe,3,Clear,41.0,Male,0,52960.64,Moderate,Well-Lit,60
MMTI-2025-12783,Makati,Motorcycle,Hit and Run,3,Cloudy,26.0,Male,0,213751.59,Heavy,Well-Lit,40 km/h
MMTI-2025-11363,Paranaque,Motorcycle,Rear-end,2,Clear,39.0,Male,0,104684.5,Moderate,POOR,100
MMTI-2025-18265,Mandaluyong,Motorcycle,Side-swipe,Risk Level 3,Clear,32.0,Male,0,80204.85,Light,Well-Lit,30
MMTI-2025-06620, manila ,Truck,Hit and Run,3,,43.0,Male,0,543784.07,MODERATE,Unlit,60
MMTI-2025-11631,Quezon,Bus,Side-swipe,,Clear,-10.0,Male,0,332332.27,Heavy,Well-Lit,60
MMTI-2025-15173,Quezon,SUV/Van,Side-swipe,3,Clear,52.0,Male,0,,Light,Well-Lit,60 km/h
MMTI-2025-11365,Quezon,Jeepney,Side-swipe,Risk Level 2,Storm,35.0,Male,0,10724.14,,Poorly-Lit,60 km/h
MMTI-2025-17146,Quezon,Truck,Hit and Run,Risk Level 3,Clear,,Female,0,,Moderate,Poorly-Lit,80
MMTI-2025-23311,Manila,Car,Head-on,Risk Level 6,Cloudy,19.0,Unknown,4,181001.8,Heavy,Poorly-Lit,80
MMTI-2025-05166,Quezon,Car,Head-on,3,Stormy,37.0,Female,0,99999999,Heavy,Lit,40
MMTI-2025-13530,Las Pinas,Car,Head-on,3,Clear,31.0,female ,0,,Heavy,Well-Lit,60
MMTI-2025-20344,Valenzuela,Car,Head-on,Risk Level 3,Clear,35.0,Male,0,275593.08,,Well-Lit,60
MMTI-2025-04353,,,Hit and Run,3,Storm,42.0,Male,0,74.1k,Heavy,well lit,60
MMTI-2025-12912,Paranaque,Car,Side-swipe,3,Clear,44.0,Male,0,"PHP 117,946.23",Heavy,Well-Lit,60 kph
MMTI-2025-08687,Pasig,Motorcycle,Head-on,6,Clear,65.0,Female,4,160628.84,Heavy,Poorly-Lit,40
MMTI-2025-12406,Las Pinas,,Rear-end,3,Clear,32.0,Male,0,227362.62,Heavy,Poorly-Lit,80
MMTI-2025-23328,Taguig,Car,Head-on,3.0,Cloudy,45.0,Male,0,273199.09,Heavy,Well-Lit,60
MMTI-2025-11638,Marikina,Car,Head-on,3.0,Clear,17.0,Male,0,"PHP 66,697.96",Heavy,Poorly-Lit,60
MMTI-2025-03151,Quezon,Car,Rear-end,3,Cloudy,37.0,female ,0,601840.21,Heavy,No Lights,60
MMTI-2025-06556,Taguig,Car,Side-swipe,3,Cloudy,40.0,Male,0,314338.54,Moderate,Well-Lit,40
MMTI-2025-13954, quezon,Jeepney,Rear-end,4,Clear,38.0,Female,4,22291.58,,Well-Lit,60
MMTI-2025-03629,Pasig,Car,Side-swipe,3.0,Clear,39.0,Male,0,152730.42,Moderate,Well-Lit,40 kph
MMTI-2025-03321,Manila,Motorcycle,Hit and Run,6,Clear,39.0,Male,2,81022.19,,Poorly-Lit,80
MMTI-2025-07724,Taguig,Motorcycle,Rear-end,3,Cloudy,17.0,Male,0,327199.18,Heavy,Well-Lit,60
MMTI-2025-22249,Quezon,Motorcycle,Head-on,3,Cloudy,31.0,Female,0,568932.24,Heavy,Well-Lit,80 km/h
MMTI-2025-11943,Pasig,Car,Head-on,Risk Level 6,Clear,29.0,female ,1,134709.97,HEAVY,dark,60
MMTI-2025-06000,Quezon,Motorcycle,Side-swipe,3.0,Rainy,18.0,Male,0,1016946.43,Heavy,Well-Lit,60
MMTI-2025-22757,,Motorcycle,Hit and Run,,Rain,48.0,Female,0,16010.85,Light,Poorly-Lit,60
MMTI-2025-14452,Quezon,Car,Hit and Run,6.0,Stormy,41.0,F,1,4207612.17,Heavy,Well-Lit,80
MMTI-2025-17992,Pasay,SUV/Van,Head-on,2,Clear,42.0,Male,0,48788.78,Heavy,Well-Lit,60
MMTI-2025-03639, quezon ,Bus,Hit and Run,3,,37.0,Male,0,704924.15,Light,Poorly-Lit,40
MMTI-2025-10500,Pasig,Car,Side-swipe,1,Clear,52.0,Male,0,161581.46,MODERATE,Well-Lit,60 km/h
MMTI-2025-12728,Paranaque,Motorcycle,Head-on,2.0,Clear,43.0,Male,0,109996.62,Moderate,Well-Lit,80
MMTI-2025-21640,Quezon,SUV/Van,Head-on,3,Cloudy,47.0,Male,0,579775.67,Heavy,Well-Lit,60
MMTI-2025-23393,Manila,SUV/Van,Side-swipe,,Rain,46.0,Male,0,109197.73,Heavy,Lit,40
MMTI-2025-18844,Taguig,,Head-on,3.0,Clear,28.0,Male,0,97201.54,MODERATE,Lit,60
MMTI-2025-04961,Manila,Car,Rear-end,,Clear,50.0,M,3,80636.44,HEAVY,POOR,60
MMTI-2025-10750,Taguig,Motorcycle,Head-on,3,,47.0,Male,0,30.9k,Heavy,Well-Lit,60
MMTI-2025-23083,Mandaluyong,Jeepney,Hit and Run,4,Clear,23.0,Male,4,79469.41,Light,Well-Lit,30 km/h
MMTI-2025-20909,Quezon,Motorcycle,Rear-end,3,Rainy,32.0,Male,0,1222640.26,Heavy,Well-Lit,80 km/h
MMTI-2025-04619,Pasig,Car,Hit and Run,Risk Level 3,Clear,22.0,Male,0,137117.42,Heavy,dark,60 km/h
MMTI-2025-19743,Quezon,Car,Rear-end,6.0,Rainy,38.0,Male,4,1113.1k,Heavy,Well-Lit,40
MMTI-2025-19514,Taguig,Car,Hit and Run,3.0,Cloudy,41.0,Female,0,324535.64,Heavy,dark,60
MMTI-2025-17618,Taguig,Bus,Hit and Run,2,,27.0,Male,0,424728.95,Light,Well-Lit,60
MMTI-2025-03381,Manila,Motorcycle,Head-on,2,Cloudy,45.0,Male,0,208737.34,Heavy,Well-Lit,30
MMTI-2025-13547,Quezon,Motorcycle,Head-on,3.0,Rainy,50.0,Male,0,"PHP 906,704.34",Heavy,Poorly-Lit,60 km/h
MMTI-2025-06460,Las Pinas,Motorcycle,Hit and Run,6,Clear,36.0,Male,1,"PHP 95,523.65",Heavy,Well-Lit,40
MMTI-2025-02863, caloocan,Bus,Rear-end,9.0,Storm,25.0,Male,1,,Heavy,Unlit,80
MMTI-2025-21951,Makati,Truck,Side-swipe,Risk Level 1,Clear,18.0,Male,0,225451.94,,Well-Lit,40 km/h
MMTI-2025-19841,Pasig,,Hit and Run,3.0,Clear,19.0,Male,0,"PHP 81,485.49",Heavy,Poorly-Lit,80
MMTI-2025-01899,San Juan,Truck,Head-on,Risk Level 3,Clear,42.0,Male,0,38621.18,Heavy,No Lights,30 kph
MMTI-2025-14707,Quezon,SUV/Van,Hit and Run,,Storm,41.0,Male,4,35816.83,Heavy,Well-Lit,60
MMTI-2025-23523,,Bus,Head-on,3.0,Clear,45.0,Male,0,1442773.55,Light,Well-Lit,80
MMTI-2025-01002,,Bus,Hit and Run,Risk Level 2,Clear,43.0,Female,0,284559.41,Moderate,well lit,80
MMTI-2025-06580,Manila,Truck,Head-on,Risk Level 3,Cloudy,26.0,Male,0,211816.51,Heavy,Poorly-Lit,60
MMTI-2025-02817,Quezon,Jeepney,Hit and Run,3,Clear,22.0,Male,0,,Heavy,Well-Lit,40 km/h
MMTI-2025-08265,Quezon,Motorcycle,Head-on,3,Rainy,36.0,Male,0,1015002.71,Moderate,Well-Lit,80 km/h
MMTI-2025-15820,Quezon,Car,Side-swipe,3.0,Rainy,29.0,Female,0,1045.3k,Heavy,Well-Lit,60
MMTI-2025-00193,Paranaque,Car,Hit and Run,3.0,Clear,53.0,Female,0,98503.34,Heavy,Well-Lit,80
MMTI-2025-05562,Caloocan,Motorcycle,Head-on,3,Clear,17.0,Female,0,43494.92,Heavy,Well-Lit,80 km/h
MMTI-2025-10934,San Juan,Car,Head-on,3,Clear,23.0,Male,0,39.1k,Heavy,Poorly-Lit,60
MMTI-2025-01488,Makati,Car,Hit and Run,2,Cloudy,54.0,Male,0,256277.02,Heavy,Well-Lit,60
MMTI-2025-10573,Quezon,,Hit and Run,3,Rain,30.0,Female,0,80631.17,Heavy,Well-Lit,60
MMTI-2025-18539,Makati,Car,Side-swipe,Risk Level 3,Cloudy,45.0,Male,0,252509.14,Moderate,Poorly-Lit,80
MMTI-2025-13035,Quezon,Motorcycle,Rear-end,3.0,Cloudy,27.0,Male,0,445958.27,Heavy,POOR,60 km/h
MMTI-2025-13627,San Juan,Jeepney,Rear-end,3,Clear,46.0,Male,0,40776.75,Moderate,Well-Lit,80 km/h
MMTI-2025-13461,Navotas,Car,Side-swipe,2,,27.0,Male,0,"PHP 55,193.00",Moderate,Well-Lit,60
MMTI-2025-20592,Paranaque,Motorcycle,Head-on,2.0,Clear,25.0,Male,0,109310.2,MODERATE,Well-Lit,40
MMTI-2025-19362,Makati,Motorcycle,Hit and Run,Risk Level 3,Cloudy,23.0,Male,0,239967.36,Heavy,Well-Lit,40
MMTI-2025-01749,Caloocan,Jeepney,Side-swipe,2,Clear,36.0,Male,0,,Moderate,Unlit,100 km/h
MMTI-2025-14479,Manila,,Head-on,3,Storm,29.0,Male,0,206356.2,Heavy,Well-Lit,60
MMTI-2025-18141,,SUV/Van,Hit and Run,6,,43.0,Male,2,419358.43,Moderate,Well-Lit,60 kph
MMTI-2025-15538,Mandaluyong,Car,Head-on,3.0,Clear,38.0,Female,0,71180.93,Heavy,Lit,40 km/h
MMTI-2025-14808,Quezon,Car,Rear-end,3.0,Rainy,34.0,Female,0,1530223.13,Heavy,Well-Lit,60
MMTI-2025-08816,Pateros,Truck,Side-swipe,3.0,Clear,46.0,Female,0,1750800.75,,Unlit,60
MMTI-2025-10860,Taguig,Car,Head-on,3,Cloudy,21.0,Male,0,300512.79,Heavy,Lit,40 km/h
MMTI-2025-12102, manila,Bus,Head-on,3,Rain,56.0,Male,0,,Moderate,Lit,60
MMTI-2025-19652,Manila,Car,Head-on,3.0,Clear,43.0,Male,0,134236.83,,Poorly-Lit,80
MMTI-2025-23187,Malabon,Bus,Hit and Run,3,,22.0,Male,0,463304.89,Heavy,Poorly-Lit,80
MMTI-2025-19584,Las Pinas,Motorcycle,Side-swipe,3,Clear,34.0,Female,0,46771.74,,Well-Lit,40
MMTI-2025-11441,Quezon,Truck,Rear-end,2.0,Stormy,31.0,Male,0,77777777,Heavy,Well-Lit,60
MMTI-2025-18924,Pasig,Car,Head-on,3,Clear,17.0,male,0,"PHP 125,109.10",Moderate,dark,60
MMTI-2025-20306,Manila,,Rear-end,3,Clear,27.0,Male,0,66881.68,Moderate,Unlit,30
MMTI-2025-13369,Quezon,Car,Side-swipe,,Clear,56.0,Male,2,58739.71,Heavy,Well-Lit,60
MMTI-2025-11113,Pasig,Car,Rear-end,3,Clear,43.0,Male,0,131008.43,Heavy,Well-Lit,60 kph
MMTI-2025-08372,Quezon,Car,Head-on,,Cloudy,31.0,Male,0,"PHP 71,380.83",,Unlit,100 kph
MMTI-2025-16153,Taguig,Car,Side-swipe,3,Cloudy,42.0,Male,0,318865.33,Heavy,Well-Lit,60
MMTI-2025-20636,Paranaque,Car,Side-swipe,3,Clear,22.0,Male,0,116249.81,Heavy,Well-Lit,30
MMTI-2025-14033,Mandaluyong,Truck,Head-on,3,Clear,45.0,Male,0,74711.92,Heavy,Well-Lit,80
MMTI-2025-10901,Quezon,SUV/Van,Side-swipe,6.0,Cloudy,37.0,Male,1,429863.29,Heavy,Well-Lit,60 km/h
MMTI-2025-22887,Manila,Car,Side-swipe,3,Clear,47.0,Female,0,207276.43,,Poorly-Lit,100
MMTI-2025-00421,Quezon,Car,Hit and Run,Risk Level 3,Rainy,43.0,Male,0,804916.1,Heavy,Poorly-Lit,40 kph
MMTI-2025-14131,Valenzuela,Car,Rear-end,3,Clear,45.0,Male,0,37798.2,Heavy,Poorly-Lit,40 km/h
MMTI-2025-21588,Quezon,SUV/Van,Side-swipe,3.0,Rain,,Male,0,77777777,Moderate,Well-Lit,60 kph
MMTI-2025-08999,,Car,Rear-end,2,Clear,46.0,Male,0,76174.38,Heavy,dark,80
MMTI-2025-17453,Mandaluyong,Car,Head-on,3,Clear,30.0,Male,0,79088.07,Heavy,Well-Lit,60
MMTI-2025-23419,,Jeepney,Hit and Run,3.0,Clear,61.0,Male,0,63268.6,MODERATE,Well-Lit,60
MMTI-2025-21586,Marikina,Car,Side-swipe,3.0,Clear,34.0,Male,0,58786.25,Light,Well-Lit,60 km/h
MMTI-2025-09899,Makati,Motorcycle,Hit and Run,3,Cloudy,40.0,Female,0,222295.67,Moderate,Well-Lit,80
MMTI-2025-20103,Taguig,Car,Side-swipe,2,Cloudy,35.0,Male,0,295617.52,Moderate,Well-Lit,60 km/h
MMTI-2025-22472,Quezon,Car,Rear-end,Risk Level 3,Rainy,41.0,M,0,1118560.2,Moderate,Unlit,60
MMTI-2025-10884,Navotas,Bus,Side-swipe,3.0,,47.0,Male,0,729264.3,Heavy,Well-Lit,40
MMTI-2025-17796,Manila,Car,Hit and Run,3,Clear,53.0,Male,0,,Heavy,Well-Lit,60
MMTI-2025-01036,Quezon,Car,Hit and Run,3,Cloudy,54.0,Male,0,511268.91,Moderate,Well-Lit,80
MMTI-2025-02118,Taguig,Jeepney,Side-swipe,,Cloudy,35.0,male,0,18076.03,Moderate,Well-Lit,60
MMTI-2025-20521,Pasig,Bus,Head-on,Risk Level 3,,43.0,Male,0,453501.09,Heavy,Well-Lit,60
MMTI-2025-22020,Mandaluyong,Car,Side-swipe,Risk Level 3,Clear,31.0,Female,0,"PHP 79,693.07",Heavy,Well-Lit,100 kph
MMTI-2025-00656,Las Pinas,Car,Side-swipe,3,Clear,52.0,Male,0,88438.67,Heavy,Poorly-Lit,80
MMTI-2025-07543,Quezon,Truck,Side-swipe,3,Rainy,49.0,Male,0,1065322.4,Heavy,Well-Lit,60
MMTI-2025-09188,Manila,Truck,Hit and Run,3,Clear,,Male,0,179317.95,Heavy,Poorly-Lit,40
MMTI-2025-23438,Quezon,Motorcycle,Side-swipe,3,Rain,,Male,0,17016.97,Heavy,Well-Lit,60
MMTI-2025-00337,Quezon,SUV/Van,Rear-end,,Rain,50.0,Male,0,"PHP 84,019.53",Heavy,Well-Lit,100
MMTI-2025-03837,Quezon,Car,Side-swipe,3,Rainy,39.0,Male,0,833520.49,Heavy,Well-Lit,80
MMTI-2025-21427,Paranaque,Truck,Side-swipe,3,Clear,47.0,Male,0,1130161.3,,Lit,60
MMTI-2025-07651,Makati,Motorcycle,Side-swipe,3,Cloudy,41.0,Male,0,224426.24,Moderate,Well-Lit,60
MMTI-2025-11556,Caloocan,Jeepney,Rear-end,Risk Level 3,Clear,33.0,female ,0,85.5k,,Well-Lit,80 kph
MMTI-2025-15487,Pasay,Car,Head-on,2,Clear,42.0,M,0,49.0k,Heavy,Unlit,60
MMTI-2025-09813,Manila,Car,Rear-end,Risk Level 3,Clear,43.0,Male,0,163407.82,Heavy,dark,60 kph
MMTI-2025-19670,San Juan,Motorcycle,Rear-end,Risk Level 3,Clear,150.0,Male,0,39476.76,Heavy,Unlit,30
MMTI-2025-17638,Pasay,Car,Hit and Run,1.0,,47.0,Male,0,49281.39,Moderate,Unlit,60
MMTI-2025-16760,Valenzuela,Jeepney,Head-on,,Clear,51.0,Female,0,"PHP 35,238.07",Light,Well-Lit,40
MMTI-2025-06468,Makati,Car,Hit and Run,3,Cloudy,46.0,Female,0,245562.06,Heavy,Poorly-Lit,100
MMTI-2025-11659,Valenzuela,Truck,Side-swipe,3,Rain,24.0,Male,0,,Heavy,Well-Lit,30
MMTI-2025-18591,Pasig,Car,Hit and Run,3,Clear,42.0,Male,0,148089.56,Moderate,Poorly-Lit,30
MMTI-2025-11523,Manila,Car,Rear-end,3,Cloudy,52.0,Female,0,181993.73,Heavy,Poorly-Lit,80
MMTI-2025-06818,Paranaque,Car,Side-swipe,Risk Level 6,Clear,51.0,Male,1,97608.97,Heavy,Well-Lit,60
MMTI-2025-02467,Makati,Car,Hit and Run,3,Cloudy,33.0,Male,2,259659.86,Moderate,Well-Lit,30
MMTI-2025-05518,Marikina,Car,Head-on,3,Clear,53.0,Male,0,60896.23,Moderate,Well-Lit,100
MMTI-2025-08023,Quezon,Car,Side-swipe,3,Cloudy,26.0,Male,0,554124.56,Moderate,Poorly-Lit,80
MMTI-2025-07846,Makati,Car,Hit and Run,Risk Level 3,Cloudy,44.0,Male,0,252.3k,Heavy,Well-Lit,80
MMTI-2025-08808,Quezon,Car,Head-on,3,Cloudy,17.0,Male,0,391134.15,Heavy,Well-Lit,60
MMTI-2025-05458,Taguig,Motorcycle,Hit and Run,,Storm,30.0,Female,0,4351.83,Heavy,Well-Lit,60 km/h
MMTI-2025-19517,PARANAQUE ,Car,Head-on,,,51.0,Male,0,75041.71,Moderate,Well-Lit,40
MMTI-2025-06275,Makati,Car,Side-swipe,2.0,Cloudy,27.0,Female,0,256615.83,Moderate,well lit,60 kph
MMTI-2025-13174,PARANAQUE ,Car,Head-on,,Clear,41.0,Male,0,44945.84,Heavy,Well-Lit,40
MMTI-2025-18905,Pateros,Car,Head-on,3,Rain,30.0,Male,0,,Heavy,POOR,40
MMTI-2025-03115,Taguig,,Hit and Run,Risk Level 1,Clear,38.0,Male,0,30407.57,Moderate,Well-Lit,30
MMTI-2025-14136,Las Pinas,Car,Rear-end,3,Clear,41.0,Male,0,86499.17,Moderate,Poorly-Lit,40
MMTI-2025-14290,Caloocan,Car,Side-swipe,Risk Level 3,Clear,37.0,Male,0,41342.63,Heavy,No Lights,60
MMTI-2025-08738,Taguig,Car,Hit and Run,3,Cloudy,18.0,Male,0,287.7k,Heavy,Well-Lit,60
MMTI-2025-17677,Pasig,Car,Rear-end,3,Clear,47.0,Female,0,153574.58,LIGHT,Well-Lit,40
MMTI-2025-01364, manila ,Jeepney,Head-on,,Clear,42.0,Male,0,"PHP 26,280.94",Heavy,Well-Lit,100
MMTI-2025-13423,Quezon,Car,Head-on,3.0,Rainy,52.0,F,0,678026.21,Moderate,Well-Lit,60
MMTI-2025-22238,Quezon,Car,Hit and Run,Risk Level 3,Rainy,26.0,Male,0,1017164.14,Heavy,Poorly-Lit,30
MMTI-2025-09321,Makati,SUV/Van,Hit and Run,Risk Level 3,Cloudy,34.0,Male,0,216992.61,Moderate,Poorly-Lit,40
MMTI-2025-10082,Manila,Motorcycle,Hit and Run,3.0,Cloudy,50.0,M,0,176400.67,Heavy,Poorly-Lit,80 kph
MMTI-2025-15489,Manila,SUV/Van,Side-swipe,2.0,,45.0,Male,0,53340.52,Light,Well-Lit,60
MMTI-2025-03804,Pasig,Car,Hit and Run,3,Clear,54.0,Female,0,152511.12,HEAVY,No Lights,60 km/h
MMTI-2025-13087,Manila,Jeepney,Side-swipe,6,Rain,42.0,Male,4,,HEAVY,Well-Lit,60
MMTI-2025-12607,Taguig,SUV/Van,Side-swipe,Risk Level 3,Cloudy,55.0,Unknown,0,278770.09,HEAVY,Poorly-Lit,40 km/h
MMTI-2025-10436,Taguig,Motorcycle,Hit and Run,3,Storm,51.0,F,0,39329.04,,Poorly-Lit,80
MMTI-2025-17414,Manila,Truck,Rear-end,,Cloudy,41.0,Female,0,544681.87,Moderate,Well-Lit,60 kph
MMTI-2025-02916,Manila,SUV/Van,Rear-end,Risk Level 3,,33.0,Male,0,"PHP 370,321.92",HEAVY,Well-Lit,60 km/h
MMTI-2025-15499,Taguig,Motorcycle,Hit and Run,Risk Level 3,Cloudy,57.0,Male,0,341920.41,Heavy,Poorly-Lit,60
MMTI-2025-19970,Taguig,Motorcycle,Hit and Run,3,Cloudy,33.0,Male,0,341396.12,Light,Well-Lit,30
MMTI-2025-03650,Muntinlupa,Motorcycle,Rear-end,,Cloudy,44.0,Male,0,12733.8,Heavy,POOR,60 km/h
MMTI-2025-11047, manila,SUV/Van,Head-on,3,,27.0,Male,0,311690.86,Moderate,Well-Lit,60
MMTI-2025-10534,Quezon,Jeepney,Side-swipe,2.0,Cloudy,41.0,Female,0,393205.89,Heavy,Well-Lit,60 km/h
MMTI-2025-11474,Makati,Car,Side-swipe,Risk Level 3,Cloudy,37.0,Male,0,220.0k,Heavy,Well-Lit,60 km/h
MMTI-2025-06617,Manila,Jeepney,Rear-end,,Clear,18.0,Female,0,25869.96,Heavy,Well-Lit,60
MMTI-2025-00005,Valenzuela,Car,Head-on,3,Clear,35.0,Female,0,,,Poorly-Lit,80
MMTI-2025-18750,Marikina,Car,Head-on,3,Clear,30.0,male,0,60859.32,Light,Well-Lit,30
MMTI-2025-18190,Quezon,Car,Head-on,3,Rainy,32.0,Male,0,937636.2,Light,Poorly-Lit,60
MMTI-2025-04011,Pasig,Car,Rear-end,3,Clear,27.0,Male,0,153713.0,Moderate,Well-Lit,60 kph
MMTI-2025-17163,Pasig,Car,Head-on,3,Clear,44.0,Male,0,129304.3,Heavy,Well-Lit,60 km/h
MMTI-2025-14694,Valenzuela,Car,Side-swipe,2,Clear,38.0,Female,0,38141.61,Heavy,Well-Lit,60
MMTI-2025-04241,Quezon,Truck,Rear-end,3,Stormy,44.0,Male,0,99999999,Heavy,Poorly-Lit,40 km/h
MMTI-2025-04511,Quezon,Truck,Head-on,3.0,Clear,39.0,Male,0,363642.75,,No Lights,60
MMTI-2025-06590,Quezon,Car,Head-on,6.0,Stormy,50.0,Male,3,3263918.74,Heavy,Poorly-Lit,40