Incident_ID,City,Vehicle_Type,Accident_Type,Severity,Weather_Condition,Driver_Age,Driver_Gender,Injury_Count,Damage_Cost_PHP,Traffic_Volume,Road_Lighting,Speed_Limit
MMTI-2025-05934,Pasig,Motorcycle,Side-swipe,3,Clear,22.0,Male,0,47973.58,,Well-Lit,60 km/h
MMTI-2025-20294,,Motorcycle,Side-swipe,2,,49.0,Female,0,13817.91,Moderate,Poorly-Lit,80
MMTI-2025-11289,Pasay,Bus,Side-swipe,Risk Level 3,Clear,46.0,Male,0,998180.93,,Well-Lit,40
MMTI-2025-12805,Quezon,,Head-on,,Clear,26.0,Male,0,32.7k,Moderate,Well-Lit,80 km/h
MMTI-2025-16170,Quezon,Motorcycle,Hit and Run,1.0,Cloudy,52.0,Female,3,414852.11,Moderate,Well-Lit,60
MMTI-2025-02000,Quezon,Bus,Side-swipe,,Clear,19.0,Female,0,214856.83,Heavy,Well-Lit,60
MMTI-2025-14075,,Motorcycle,Hit and Run,6.0,Cloudy,55.0,Male,4,74565.24,Heavy,Well-Lit,60 km/h
MMTI-2025-06886,Manila,,Side-swipe,3,Clear,47.0,Male,0,245313.96,Heavy,Poorly-Lit,60
MMTI-2025-22209,Pasay,Car,Side-swipe,3.0,Clear,33.0,Female,0,46082.08,Heavy,Well-Lit,60
MMTI-2025-04063,Las Pinas,Car,Hit and Run,2,Clear,49.0,Male,0,81536.0,Heavy,Well-Lit,60 km/h
MMTI-2025-09880,Las Pinas,Car,Head-on,1,Clear,25.0,Male,0,"PHP 82,127.30",Moderate,Poorly-Lit,100
MMTI-2025-10739,Taguig,Truck,Head-on,3,Cloudy,29.0,Male,0,328976.44,Moderate,Well-Lit,80
MMTI-2025-18704,,Truck,Head-on,Risk Level 3,Clear,39.0,Female,3,1108660.22,Heavy,Well-Lit,40
MMTI-2025-20339,Las Pinas,Car,Head-on,3,Clear,49.0,Female,0,81372.15,Moderate,POOR,40
MMTI-2025-07407,Marikina,SUV/Van,Side-swipe,1,Clear,46.0,F,0,82324.76,,Unlit,60
MMTI-2025-04717,Manila,Truck,Hit and Run,3,Rain,150.0,Male,0,,,Poorly-Lit,60
MMTI-2025-18189,Las Pinas,Car,Rear-end,3,Clear,23.0,Female,0,88555.7,Moderate,Well-Lit,80 kph
MMTI-2025-10786,Valenzuela,,Side-swipe,,Storm,29.0,Male,0,,Heavy,Well-Lit,80
MMTI-2025-12205,Makati,Motorcycle,Side-swipe,1,Clear,22.0,Male,0,13066.48,,Poorly-Lit,80 km/h
MMTI-2025-14623,Makati,Bus,Rear-end,Risk Level 3,Clear,25.0,M,0,,HEAVY,Well-Lit,40
MMTI-2025-05835,Makati,Car,Side-swipe,3.0,Cloudy,45.0,female ,0,245151.96,Heavy,Well-Lit,80 km/h
MMTI-2025-02407,Makati,Car,Hit and Run,3,Cloudy,24.0,Female,0,212007.1,Light,Well-Lit,80
MMTI-2025-23152,MARIKINA ,Motorcycle,Side-swipe,3.0,Clear,,Male,0,24349.99,Moderate,Poorly-Lit,60
MMTI-2025-18916,Quezon,Motorcycle,Hit and Run,3,Cloudy,22.0,Male,0,496208.17,Light,Poorly-Lit,60
MMTI-2025-01053,Pasig,SUV/Van,Rear-end,,Storm,19.0,Female,0,,Heavy,Well-Lit,40
MMTI-2025-20394,San Juan,Car,Head-on,3,Clear,39.0,Female,0,39730.07,Heavy,Well-Lit,60
MMTI-2025-17264,Caloocan,Truck,Rear-end,Risk Level 3,Rain,43.0,Male,0,,Heavy,Poorly-Lit,80 kph
MMTI-2025-10847,Manila,,Rear-end,Risk Level 2,Rain,,Male,0,19508.67,,Unlit,40 km/h
MMTI-2025-09733,Marikina,Car,Hit and Run,Risk Level 3,Clear,52.0,Male,0,64040.92,Heavy,Well-Lit,80
MMTI-2025-03782,Las Pinas,Car,Hit and Run,3,Clear,65.0,Male,0,88549.76,Heavy,dark,80 kph
MMTI-2025-07130,Makati,Motorcycle,Hit and Run,3,Clear,23.0,Female,0,28005.54,,Poorly-Lit,100
MMTI-2025-15386,Quezon,Car,Rear-end,2,Cloudy,29.0,M,0,"PHP 448,841.53",Heavy,Poorly-Lit,60
MMTI-2025-16800,Quezon,Car,Rear-end,6.0,Rainy,48.0,Male,3,1754825.42,Heavy,Well-Lit,60
MMTI-2025-02057,Quezon,Motorcycle,Head-on,3,Rainy,33.0,Female,0,632.4k,Heavy,Well-Lit,40
MMTI-2025-13750,,Motorcycle,Hit and Run,1,Clear,30.0,F,0,4963.21,Light,Unlit,80 km/h
MMTI-2025-22338,Pasig,Car,Head-on,1,Clear,32.0,Male,0,138721.15,Moderate,Poorly-Lit,60
MMTI-2025-09462,Las Pinas,Car,Side-swipe,Risk Level 3,Clear,61.0,female ,0,94512.97,Heavy,well lit,100
MMTI-2025-16993,Caloocan,Car,Rear-end,3,Clear,61.0,Male,0,43020.35,Heavy,Well-Lit,60
MMTI-2025-14419,,Car,Rear-end,3,Clear,34.0,Male,0,125306.4,Moderate,Well-Lit,60 kph
MMTI-2025-17159,Marikina,Motorcycle,Side-swipe,3,Clear,38.0,Male,0,58248.56,Heavy,Well-Lit,60
MMTI-2025-04094,Makati,Motorcycle,Side-swipe,3,Cloudy,41.0,Male,0,264811.72,Moderate,Unlit,60
MMTI-2025-07739,Makati,Car,Hit and Run,3,Cloudy,51.0,male,0,255891.23,Heavy,Poorly-Lit,30
MMTI-2025-00417,,Car,Hit and Run,3,Rain,65.0,Male,0,50198.77,Light,Poorly-Lit,30
MMTI-2025-14579,Manila,Car,Side-swipe,1,Cloudy,23.0,Male,0,192942.19,Moderate,Well-Lit,60 km/h
MMTI-2025-01704,,Motorcycle,Side-swipe,6,Clear,43.0,Male,1,119801.99,Moderate,Lit,80
MMTI-2025-03972,Makati,Car,Side-swipe,3,Cloudy,22.0,Female,0,254480.83,LIGHT,Well-Lit,80 kph
MMTI-2025-10100,Caloocan,Bus,Side-swipe,3,Clear,,Female,0,175257.15,Heavy,Well-Lit,30
MMTI-2025-05075,Pasay,Car,Hit and Run,3.0,Clear,37.0,Male,0,48594.62,Heavy,well lit,60
MMTI-2025-10839,Muntinlupa,Car,Side-swipe,3.0,Clear,17.0,Male,0,51796.83,Heavy,Well-Lit,60
MMTI-2025-01696,Quezon,Car,Rear-end,6,Cloudy,39.0,Female,3,510.1k,Heavy,Poorly-Lit,60 km/h
MMTI-2025-12103,Makati,Car,Hit and Run,Risk Level 9,Cloudy,51.0,Male,2,253070.01,Moderate,Unlit,100
MMTI-2025-05481,Quezon,Truck,Rear-end,3,Cloudy,29.0,Male,0,433246.12,Moderate,Well-Lit,60 km/h
MMTI-2025-06287,Taguig,Car,Head-on,2,Cloudy,36.0,Female,0,299374.42,Light,Poorly-Lit,40
MMTI-2025-18933,MANILA ,Car,Rear-end,Risk Level 3,Clear,37.0,Male,0,97.3k,,Well-Lit,60
MMTI-2025-06337,Manila,Car,Hit and Run,3,Clear,40.0,Male,0,163660.52,MODERATE,POOR,40 kph
MMTI-2025-23252,Quezon,Truck,Head-on,3,Cloudy,25.0,Male,0,453315.29,Heavy,Poorly-Lit,60
MMTI-2025-06499,,Jeepney,Hit and Run,Risk Level 2,Clear,-10.0,M,0,10434.64,Heavy,Unlit,60
MMTI-2025-06263,Quezon,,Side-swipe,6,Clear,39.0,Male,3,389556.99,Heavy,Well-Lit,60
MMTI-2025-01358,Caloocan,Truck,Rear-end,3,Rain,,Male,0,1583236.98,Heavy,Well-Lit,40
MMTI-2025-03424,LAS PINAS ,Motorcycle,Hit and Run,Risk Level 3,Cloudy,49.0,Male,0,,Heavy,Well-Lit,40
MMTI-2025-09818,,SUV/Van,Hit and Run,3,Rain,17.0,Female,0,272231.79,Heavy,Well-Lit,80
MMTI-2025-06370,Valenzuela,Bus,Hit and Run,6.0,,53.0,Female,1,1188966.11,Moderate,Poorly-Lit,60
MMTI-2025-00682,,Motorcycle,Side-swipe,3,Rain,46.0,Female,0,59913.98,Moderate,Well-Lit,60
MMTI-2025-07398,Manila,Car,Rear-end,3.0,Cloudy,26.0,female ,0,208.6k,Heavy,Unlit,60
MMTI-2025-00696,Quezon,Car,Rear-end,3,Cloudy,28.0,Female,0,363.5k,Heavy,Lit,60 kph
MMTI-2025-06691,Makati,Motorcycle,Head-on,3,Clear,46.0,Male,0,,Heavy,Unlit,30
MMTI-2025-05878,Las Pinas,Jeepney,Head-on,3,Clear,48.0,Female,0,85244.32,Heavy,Poorly-Lit,100
MMTI-2025-08435,Marikina,SUV/Van,Side-swipe,,Cloudy,42.0,Female,0,43663.81,Heavy,POOR,60
MMTI-2025-06912,Quezon,Car,Side-swipe,3.0,Cloudy,40.0,Male,0,367162.99,Light,Poorly-Lit,60
MMTI-2025-15601,Quezon,Car,Side-swipe,3,Cloudy,41.0,Female,0,390519.85,Heavy,Well-Lit,40 kph
MMTI-2025-23243,Taguig,Car,Hit and Run,6,Clear,29.0,Male,1,169582.48,,Well-Lit,60
MMTI-2025-13562,Paranaque,Car,Rear-end,3.0,Clear,33.0,Male,0,103460.07,Heavy,Unlit,60
MMTI-2025-23550,,Car,Side-swipe,Risk Level 3,Rain,44.0,Male,0,58484.63,Light,Well-Lit,40
MMTI-2025-05551,Marikina,,Rear-end,6,Rain,45.0,male,3,231233.45,Heavy,Unlit,60
MMTI-2025-07414,Las Pinas,Car,Head-on,3.0,Clear,32.0,Male,0,87670.84,Heavy,Well-Lit,40
MMTI-2025-18464,Makati,Car,Rear-end,3,Cloudy,43.0,Male,0,"PHP 213,803.78",Moderate,Well-Lit,40 km/h
MMTI-2025-20558,Pasig,SUV/Van,Rear-end,2,Clear,46.0,M,0,160225.73,Heavy,Lit,60
MMTI-2025-14289, manila,Motorcycle,Head-on,2,Clear,43.0,Male,0,14202.2,,Well-Lit,60
MMTI-2025-12432,Paranaque,Car,Side-swipe,Risk Level 3,Clear,23.0,Male,0,104432.98,HEAVY,Well-Lit,80
MMTI-2025-06427,Makati,Car,Rear-end,Risk Level 3,Cloudy,26.0,Male,0,213375.8,Heavy,Well-Lit,60
MMTI-2025-00035,Makati,Truck,Side-swipe,Risk Level 3,Cloudy,42.0,Female,0,216994.63,Moderate,Well-Lit,60
MMTI-2025-11557,Valenzuela,Truck,Side-swipe,Risk Level 3,Clear,55.0,Male,0,37729.16,Heavy,Well-Lit,60
MMTI-2025-10431,PASIG ,Car,Side-swipe,3,Rain,36.0,Female,0,,Moderate,Poorly-Lit,60
MMTI-2025-12376,Pateros,Bus,Side-swipe,,Storm,40.0,Unknown,0,,Light,Lit,60
MMTI-2025-02997,Quezon,Car,Hit and Run,3,Cloudy,36.0,Female,0,386177.79,Heavy,Unlit,60
MMTI-2025-07933,Pasay,Motorcycle,Side-swipe,3,Clear,40.0,female ,0,49289.36,Heavy,Lit,30
MMTI-2025-05114,Manila,SUV/Van,Side-swipe,4,Cloudy,59.0,Male,1,211289.23,HEAVY,Poorly-Lit,80
MMTI-2025-09659,Quezon,SUV/Van,Head-on,Risk Level 3,Rainy,48.0,Male,0,1262124.34,Heavy,Unlit,60
MMTI-2025-00984,Marikina,Car,Rear-end,Risk Level 3,Clear,27.0,Male,0,60992.64,Heavy,well lit,60
MMTI-2025-13268, makati,,Hit and Run,3,Rain,48.0,Male,0,143150.34,Moderate,No Lights,60
MMTI-2025-17999,,Jeepney,Side-swipe,Risk Level 2,Clear,31.0,Male,0,42504.25,Heavy,Well-Lit,80
MMTI-2025-07754,Quezon,Car,Side-swipe,3,Storm,,Male,0,60043.88,Moderate,Well-Lit,80
MMTI-2025-18784,Paranaque,Car,Head-on,3.0,Clear,,Female,0,267657.08,,Well-Lit,60
MMTI-2025-10316,Las Pinas,Motorcycle,Side-swipe,3.0,Clear,37.0,Unknown,0,91910.75,Heavy,Poorly-Lit,30 kph
MMTI-2025-23098,Quezon,Car,Head-on,3.0,Cloudy,22.0,female ,0,366595.48,Heavy,Well-Lit,100
MMTI-2025-12279,Pasig,SUV/Van,Side-swipe,2,Clear,40.0,Female,0,"PHP 134,381.72",Moderate,Well-Lit,60 km/h
MMTI-2025-19671,Pasig,Truck,Hit and Run,2.0,Clear,50.0,Unknown,0,140640.71,Heavy,Well-Lit,80 kph
MMTI-2025-14052,Malabon,SUV/Van,Rear-end,2.0,,25.0,Male,0,24811.32,Moderate,Unlit,40 km/h
MMTI-2025-01802,Las Pinas,Car,Side-swipe,3,Clear,43.0,Female,0,88327.19,Moderate,Poorly-Lit,80 km/h
MMTI-2025-16147,Quezon,Truck,Rear-end,3.0,Cloudy,28.0,Male,0,425.3k,Heavy,Well-Lit,60 kph
MMTI-2025-18468,Manila,Bus,Hit and Run,3,Clear,,Unknown,0,1178498.84,Moderate,well lit,40
MMTI-2025-07463,Las Pinas,Motorcycle,Hit and Run,9,Clear,38.0,Male,4,84521.43,Heavy,well lit,60
MMTI-2025-15047,Manila,Bus,Hit and Run,,Rain,45.0,Female,0,70028.23,Moderate,Poorly-Lit,60
MMTI-2025-21554,Paranaque,Bus,Rear-end,3,Clear,44.0,Male,0,,Heavy,well lit,60
MMTI-2025-05325,Manila,Motorcycle,Side-swipe,6.0,Cloudy,34.0,Male,3,198205.1,Heavy,Well-Lit,60
MMTI-2025-10867,Pasig,Car,Side-swipe,,Clear,53.0,Male,0,34162.88,Moderate,Well-Lit,30
MMTI-2025-19980,Quezon,Car,Rear-end,Risk Level 3,Cloudy,43.0,Male,1,595599.5,MODERATE,No Lights,30
MMTI-2025-19313,Las Pinas,Truck,Rear-end,3,Clear,28.0,Male,0,92417.44,Light,No Lights,100 km/h
MMTI-2025-18221,Manila,Bus,Hit and Run,6.0,Clear,45.0,Male,4,,Heavy,Well-Lit,60
MMTI-2025-09430,Quezon,Car,Side-swipe,Risk Level 3,Cloudy,67.0,Male,0,355493.45,Moderate,Unlit,30 km/h
MMTI-2025-17728,Quezon,SUV/Van,Head-on,3.0,Cloudy,43.0,Female,0,402099.16,Heavy,Well-Lit,40 km/h
MMTI-2025-18302,Las Pinas,Motorcycle,Head-on,3,,36.0,Male,0,27220.53,Heavy,Unlit,100
MMTI-2025-15036,,Motorcycle,Hit and Run,3,Clear,47.0,Male,0,37717.64,Moderate,Well-Lit,80
MMTI-2025-08723, quezon,,Rear-end,,Cloudy,18.0,Female,0,30478.21,Heavy,Poorly-Lit,60
MMTI-2025-07932,Pasay,SUV/Van,Hit and Run,3.0,Clear,48.0,Male,0,46749.47,Heavy,Poorly-Lit,60
MMTI-2025-05191,Quezon,Motorcycle,Hit and Run,Risk Level 6,Rainy,50.0,Male,1,968826.46,Heavy,Poorly-Lit,60
MMTI-2025-21383,Taguig,Car,Hit and Run,3.0,Cloudy,22.0,Male,0,270459.88,Moderate,Unlit,60
MMTI-2025-18695,,Motorcycle,Head-on,3,Cloudy,34.0,Female,0,45724.68,HEAVY,Poorly-Lit,60 km/h
MMTI-2025-10723,Quezon,,Hit and Run,Risk Level 3,Rain,34.0,Male,0,206.9k,MODERATE,Poorly-Lit,60
MMTI-2025-19217,,Car,Head-on,3,Clear,27.0,Male,0,230094.33,Moderate,Well-Lit,40
MMTI-2025-10771,Quezon,Car,Side-swipe,3.0,Cloudy,39.0,Male,0,371386.55,Heavy,Poorly-Lit,30 kph
MMTI-2025-12553,Mandaluyong,SUV/Van,Side-swipe,3.0,Clear,33.0,Male,0,71960.44,Heavy,Poorly-Lit,60 km/h
MMTI-2025-05597,Quezon,Car,Hit and Run,3.0,Cloudy,47.0,Male,0,542914.73,Moderate,Well-Lit,60 km/h
MMTI-2025-04837,Paranaque,Car,Rear-end,3,Clear,,Male,0,245826.1,Heavy,Well-Lit,80
MMTI-2025-04355,Taguig,Bus,Head-on,6.0,Clear,31.0,Male,4,,Moderate,Well-Lit,30
MMTI-2025-05422,Taguig,Truck,Side-swipe,6,Cloudy,50.0,Male,4,271146.64,Heavy,Well-Lit,60
MMTI-2025-21116,Las Pinas,Truck,Rear-end,3.0,Clear,35.0,Male,0,95680.58,Heavy,POOR,60
MMTI-2025-01372,Taguig,Jeepney,Hit and Run,Risk Level 3,Clear,44.0,Male,0,92951.17,,Poorly-Lit,60
MMTI-2025-10106,Caloocan,Car,Head-on,3,Clear,20.0,Male,0,41414.94,Heavy,Poorly-Lit,30
MMTI-2025-06199,QUEZON ,Motorcycle,Rear-end,2,,30.0,Male,0,14970.74,Heavy,No Lights,60 km/h
MMTI-2025-21349,Pasig,Car,Hit and Run,3.0,Clear,21.0,Male,0,152378.04,Heavy,Well-Lit,40 km/h
MMTI-2025-22253,Quezon,Car,Side-swipe,6.0,Stormy,41.0,Male,4,2406813.06,Heavy,No Lights,80
MMTI-2025-18673,Quezon,Car,Hit and Run,6,Stormy,59.0,Male,1,2609537.38,Heavy,No Lights,100
MMTI-2025-00765,Pasig,Car,Rear-end,3.0,Clear,59.0,Male,0,129653.74,Heavy,Poorly-Lit,60
MMTI-2025-05514,Manila,Truck,Side-swipe,3,Cloudy,39.0,Male,0,"PHP 197,101.97",Heavy,Poorly-Lit,30
MMTI-2025-01547,Las Pinas,Car,Head-on,3.0,Clear,43.0,Male,0,84758.05,Heavy,Poorly-Lit,60 km/h
MMTI-2025-17144,LAS PINAS ,,Rear-end,Risk Level 3,Clear,39.0,Female,0,162932.62,Heavy,dark,80 kph
MMTI-2025-03730,Paranaque,,Rear-end,3,Rain,51.0,Male,0,104849.61,Heavy,Well-Lit,80
MMTI-2025-16057,Muntinlupa,Bus,Head-on,3,Cloudy,46.0,Male,0,,Light,Well-Lit,40
MMTI-2025-13797,Taguig,Jeepney,Hit and Run,3.0,,45.0,Female,0,112573.73,Heavy,Poorly-Lit,60
MMTI-2025-21962,Makati,Motorcycle,Head-on,6,Cloudy,24.0,Male,4,213930.81,Moderate,Poorly-Lit,60
MMTI-2025-07033,Makati,Motorcycle,Hit and Run,3.0,Cloudy,53.0,Male,0,212374.69,Heavy,POOR,60
MMTI-2025-06087,Quezon,Bus,Side-swipe,3,Storm,27.0,Male,0,"PHP 888,757.79",,Lit,40
MMTI-2025-12777,Quezon,SUV/Van,Side-swipe,3,Cloudy,26.0,Male,0,454115.74,Heavy,dark,80 km/h
MMTI-2025-01957,,Jeepney,Head-on,2,Clear,43.0,Male,0,28553.93,Moderate,Well-Lit,60
MMTI-2025-14587,Quezon,Jeepney,Head-on,2,Clear,,Male,0,37991.49,Moderate,Well-Lit,80 kph
MMTI-2025-11905,Pasig,Car,Head-on,Risk Level 3,Clear,38.0,Male,0,141130.94,Heavy,Poorly-Lit,60 kph
MMTI-2025-23503,Quezon,Car,Head-on,Risk Level 3,Rainy,48.0,Female,0,917680.85,Light,Poorly-Lit,60 km/h
MMTI-2025-15497,Quezon,SUV/Van,Side-swipe,6,Rainy,32.0,M,2,1398906.91,Moderate,Lit,30
MMTI-2025-16500,Taguig,Truck,Hit and Run,3,Cloudy,40.0,Female,0,341723.5,Heavy,Well-Lit,40 kph
MMTI-2025-17330,Quezon,,Hit and Run,Risk Level 3,Clear,45.0,Male,0,43358.34,Heavy,Well-Lit,60
MMTI-2025-21366,Quezon,Car,Head-on,3.0,Stormy,28.0,Male,0,99999999,Heavy,Well-Lit,60
MMTI-2025-10900,Las Pinas,Motorcycle,Side-swipe,3.0,Clear,21.0,Female,0,89080.62,Moderate,Well-Lit,60
MMTI-2025-10044,,SUV/Van,Head-on,Risk Level 3,,41.0,Unknown,0,465331.59,Moderate,Poorly-Lit,60
MMTI-2025-08704,Quezon,Truck,Rear-end,3,Cloudy,60.0,Male,0,371580.02,Moderate,well lit,80
MMTI-2025-17775, caloocan,Truck,Head-on,Risk Level 1,Cloudy,,Male,0,305052.6,Moderate,Well-Lit,60
MMTI-2025-03512,Taguig,Car,Hit and Run,1,Cloudy,52.0,Female,0,289589.93,Moderate,Well-Lit,80
MMTI-2025-00955,Caloocan,Car,Hit and Run,3,Clear,54.0,Male,0,42674.74,Heavy,Well-Lit,60
MMTI-2025-00242,Quezon,Truck,Head-on,3,Clear,31.0,Male,0,,Heavy,Unlit,60
MMTI-2025-16667,Quezon,Car,Hit and Run,3,Rainy,32.0,F,0,1126315.96,Moderate,Well-Lit,60
MMTI-2025-00787,Mandaluyong,Car,Hit and Run,6,Rain,54.0,Male,2,0,,Well-Lit,60
MMTI-2025-11677,Quezon,Car,Head-on,3.0,Rainy,54.0,Male,0,752325.92,Heavy,Well-Lit,60 km/h
MMTI-2025-07152,,Car,Rear-end,3,,40.0,Male,0,,Heavy,Poorly-Lit,40
MMTI-2025-03136,,Motorcycle,Hit and Run,Risk Level 3,Clear,48.0,Female,0,52638.47,Light,Well-Lit,80
MMTI-2025-18242,Taguig,Car,Head-on,3,Cloudy,22.0,Unknown,0,320722.16,Heavy,Poorly-Lit,60
MMTI-2025-20925,Manila,Truck,Hit and Run,Risk Level 3,Cloudy,40.0,F,0,195.2k,Heavy,POOR,60
MMTI-2025-20703,Manila,,Hit and Run,2,Cloudy,50.0,Male,0,83947.42,Heavy,POOR,80
MMTI-2025-15296,Makati,Car,Rear-end,2,Cloudy,18.0,Male,0,268027.76,Light,Well-Lit,60
MMTI-2025-19709, quezon,Car,Side-swipe,3.0,Clear,58.0,Female,0,51625.82,,Well-Lit,60
MMTI-2025-09854,Quezon,Car,Hit and Run,Risk Level 3,Cloudy,38.0,Male,0,368854.93,Light,Well-Lit,30
MMTI-2025-05335,Quezon,Truck,Rear-end,3,Cloudy,33.0,Male,0,356846.33,Heavy,Poorly-Lit,80
MMTI-2025-05241,Quezon,Car,Hit and Run,3,Stormy,57.0,Female,0,1962559.6,Heavy,Well-Lit,40
MMTI-2025-16043,Manila,SUV/Van,Hit and Run,Risk Level 3,Cloudy,49.0,Male,0,185599.58,Moderate,Well-Lit,30 km/h
MMTI-2025-02661,Valenzuela,Truck,Hit and Run,,,20.0,Female,0,284891.58,Heavy,Well-Lit,40
MMTI-2025-04420,Quezon,SUV/Van,Head-on,6,Cloudy,38.0,Male,1,528011.99,Moderate,Unlit,60
MMTI-2025-12004,Manila,Motorcycle,Side-swipe,,Clear,35.0,Male,0,17383.86,Heavy,Well-Lit,80 km/h
MMTI-2025-22610,Paranaque,Car,Head-on,3.0,Clear,31.0,Male,0,109238.03,Moderate,Poorly-Lit,60 km/h
MMTI-2025-17956,Valenzuela,SUV/Van,Head-on,3,,33.0,Male,3,274348.5,Moderate,Well-Lit,60
MMTI-2025-06649,Quezon,Motorcycle,Hit and Run,Risk Level 4,Rainy,39.0,Female,1,1754490.63,Light,Well-Lit,60
MMTI-2025-13203,,SUV/Van,Rear-end,Risk Level 3,Cloudy,35.0,Female,0,"PHP 303,282.91",Heavy,Well-Lit,60
MMTI-2025-15529,Mandaluyong,Car,Rear-end,3.0,Clear,58.0,Male,0,69611.04,Heavy,Poorly-Lit,40
MMTI-2025-11202,Mandaluyong,SUV/Van,Hit and Run,2.0,Clear,28.0,Male,0,70592.51,Moderate,POOR,60
MMTI-2025-14888,Quezon,Car,Head-on,6,Rainy,46.0,Male,2,1219139.08,Moderate,Well-Lit,30
MMTI-2025-06982,,Jeepney,Head-on,6,Clear,47.0,Male,1,162570.91,Heavy,No Lights,40
MMTI-2025-22447,Manila,Car,Side-swipe,3.0,Cloudy,53.0,Male,0,204066.17,Moderate,Poorly-Lit,80
MMTI-2025-07583,Pasig,SUV/Van,Head-on,6,Clear,41.0,female ,4,130.9k,Moderate,Well-Lit,80
MMTI-2025-11332,MAKATI ,,Rear-end,Risk Level 3,Rain,40.0,Female,0,41559.24,Heavy,Well-Lit,60
MMTI-2025-05860,Quezon,Motorcycle,Head-on,3.0,Cloudy,59.0,Male,0,616065.08,Heavy,Well-Lit,60
MMTI-2025-07738,Pasig,Car,Hit and Run,2.0,Clear,23.0,Male,0,158600.85,Heavy,Poorly-Lit,60 km/h
MMTI-2025-17137,Muntinlupa,Car,Hit and Run,6.0,Clear,17.0,Male,4,55200.64,Heavy,Unlit,80
MMTI-2025-10770,Paranaque,Truck,Rear-end,3.0,Clear,38.0,Male,0,102445.24,Moderate,Well-Lit,60
MMTI-2025-13886,TAGUIG ,Jeepney,Head-on,2.0,Clear,48.0,Female,0,,Light,Well-Lit,60
MMTI-2025-20730,Manila,Motorcycle,Side-swipe,,Clear,37.0,Male,0,5951.53,,Well-Lit,60
MMTI-2025-13133,Taguig,Car,Rear-end,3,Cloudy,26.0,Male,0,294018.93,Heavy,Lit,60
MMTI-2025-20874,Marikina,Motorcycle,Side-swipe,3,Clear,,Male,0,27639.91,Moderate,Well-Lit,40 km/h
MMTI-2025-04386,Quezon,Truck,Head-on,3,,28.0,Male,0,689571.29,Moderate,well lit,40
MMTI-2025-07037,Makati,SUV/Van,Rear-end,3,Cloudy,28.0,F,0,258588.37,Heavy,Poorly-Lit,60 km/h
MMTI-2025-09740,QUEZON ,Jeepney,Rear-end,,Clear,45.0,Male,0,27994.7,Heavy,Well-Lit,80
MMTI-2025-14416,Muntinlupa,SUV/Van,Hit and Run,Risk Level 3,Clear,30.0,Male,0,57163.87,Moderate,POOR,40
MMTI-2025-02451,,Car,Head-on,3,Clear,31.0,Male,0,137388.48,Heavy,Poorly-Lit,80
MMTI-2025-19091,Mandaluyong,Motorcycle,Side-swipe,Risk Level 3,,38.0,Female,0,10757.68,Heavy,Well-Lit,40 kph
MMTI-2025-02540,Mandaluyong,Truck,Side-swipe,3.0,Clear,49.0,Male,0,70100.43,Heavy,Poorly-Lit,60 km/h
MMTI-2025-10328,,Truck,Head-on,3.0,Clear,37.0,Female,0,366320.39,Light,Poorly-Lit,60 kph
MMTI-2025-06405,Quezon,Motorcycle,Head-on,Risk Level 1,Cloudy,36.0,Male,0,361424.6,Light,Well-Lit,60
MMTI-2025-02511,Quezon,Car,Head-on,Risk Level 3,Rainy,38.0,Female,0,1036091.96,Heavy,Poorly-Lit,60
MMTI-2025-22989,,SUV/Van,Hit and Run,Risk Level 6,Cloudy,55.0,Male,4,"PHP 312,222.08",Heavy,Poorly-Lit,60 km/h
MMTI-2025-09897,San Juan,Motorcycle,Head-on,3.0,Clear,39.0,Female,0,38685.2,Heavy,Well-Lit,60
MMTI-2025-13338,San Juan,,Head-on,,Clear,32.0,Male,4,30169.14,Heavy,Lit,60
MMTI-2025-13427,Quezon,SUV/Van,Rear-end,Risk Level 3,Rainy,36.0,Male,0,948204.36,Heavy,Well-Lit,60
MMTI-2025-11271,,Car,Side-swipe,6,Clear,37.0,male,1,77777777,Heavy,Well-Lit,40
MMTI-2025-17623,Muntinlupa,Jeepney,Rear-end,6,Clear,38.0,Male,2,72745.43,,Well-Lit,60
MMTI-2025-13275,Quezon,Car,Head-on,3,Cloudy,46.0,Male,0,350047.3,Heavy,Unlit,60 km/h
MMTI-2025-13255,Muntinlupa,Truck,Head-on,3,Rain,38.0,Male,0,,Moderate,Well-Lit,80
MMTI-2025-21079,Quezon,Car,Hit and Run,6,Rainy,54.0,Male,2,1564711.91,Heavy,No Lights,60 km/h
MMTI-2025-09304,Quezon,Car,Head-on,Risk Level 3,Rainy,37.0,M,0,1145854.66,Heavy,Poorly-Lit,60
MMTI-2025-11203,Quezon,Motorcycle,Head-on,Risk Level 3,Rainy,39.0,Male,0,1281494.77,Heavy,Unlit,40
MMTI-2025-08061,Quezon,SUV/Van,Rear-end,3,Stormy,39.0,Male,0,2042055.19,Heavy,Well-Lit,40 km/h
MMTI-2025-01687,,Bus,Side-swipe,3.0,Rain,41.0,Male,0,1044211.55,Heavy,dark,80
MMTI-2025-19505,Las Pinas,Motorcycle,Side-swipe,1,Clear,42.0,M,0,88.0k,Moderate,Well-Lit,80
MMTI-2025-15241,Makati,Car,Side-swipe,3.0,Cloudy,25.0,Female,0,236.8k,Heavy,Well-Lit,40 km/h