Incident_ID,City,Vehicle_Type,Accident_Type,Severity,Weather_Condition,Driver_Age,Driver_Gender,Injury_Count,Damage_Cost_PHP,Traffic_Volume,Road_Lighting,Speed_Limit
MMTI-2025-08942,Quezon,Car,Rear-end,Risk Level 3,Clear,59.0,Female,0,,Heavy,Well-Lit,60 km/h
MMTI-2025-22900,Las Pinas,SUV/Van,Head-on,3,Clear,31.0,Male,0,88791.76,HEAVY,Poorly-Lit,60
MMTI-2025-17651,Paranaque,Car,Head-on,3,Clear,44.0,Male,0,"PHP 102,682.59",Heavy,Well-Lit,40
MMTI-2025-04535,Malabon,Car,Head-on,3.0,Clear,27.0,Female,0,36951.79,Light,No Lights,60 km/h
MMTI-2025-01691,Quezon,Car,Rear-end,3.0,Cloudy,22.0,Male,0,530764.83,Heavy,Well-Lit,40
MMTI-2025-19599,Valenzuela,,Hit and Run,2.0,Clear,41.0,Female,0,83746.59,Heavy,No Lights,60 km/h
MMTI-2025-12581,Malabon,Motorcycle,Rear-end,3,,25.0,Male,0,43538.25,Heavy,Poorly-Lit,80
MMTI-2025-07947,Quezon,Car,Head-on,Risk Level 3,Cloudy,21.0,Male,0,"PHP 377,652.51",Heavy,Poorly-Lit,60
MMTI-2025-05768,Manila,SUV/Van,Rear-end,2,Clear,60.0,Female,0,"PHP 33,559.60",,No Lights,60
MMTI-2025-00738,Muntinlupa,Car,Hit and Run,3,Clear,44.0,Male,0,57038.7,Moderate,Well-Lit,80
MMTI-2025-06004,Quezon,Motorcycle,Rear-end,6,,39.0,Male,2,30087.65,Moderate,Well-Lit,30
MMTI-2025-22278,Quezon,SUV/Van,Hit and Run,3.0,Clear,29.0,Female,0,,Heavy,Poorly-Lit,60
MMTI-2025-10004,Marikina,Motorcycle,Side-swipe,,Storm,31.0,Male,0,4245.75,Light,well lit,60
MMTI-2025-00873,Taguig,Car,Side-swipe,3,Cloudy,44.0,Female,0,323108.62,Heavy,Poorly-Lit,60
MMTI-2025-12777,,SUV/Van,Side-swipe,2,Clear,46.0,Male,0,0,Light,Well-Lit,60
MMTI-2025-01116,Makati,Car,Hit and Run,3,Cloudy,32.0,Male,0,"PHP 233,389.08",Heavy,Poorly-Lit,60 kph
MMTI-2025-12641,Quezon,Motorcycle,Rear-end,Risk Level 6,Rainy,38.0,Female,2,1048466.33,HEAVY,Well-Lit,60
MMTI-2025-19482,Quezon,Jeepney,Rear-end,2.0,Clear,35.0,Female,0,,Moderate,Well-Lit,60
MMTI-2025-11831,Quezon,Car,Head-on,Risk Level 6,Rainy,43.0,Male,2,664397.62,Heavy,Poorly-Lit,100
MMTI-2025-15899,Quezon,Truck,Rear-end,3,Rainy,53.0,Male,0,1229828.23,Heavy,Well-Lit,30
MMTI-2025-09850,Quezon,Car,Head-on,3.0,Cloudy,52.0,Male,0,431510.75,Light,Poorly-Lit,60
MMTI-2025-20553,Manila,Motorcycle,Rear-end,3.0,Cloudy,50.0,Female,0,185097.41,Heavy,Unlit,60
MMTI-2025-22053,Pasig,SUV/Van,Head-on,3,Clear,37.0,Male,0,130067.8,Heavy,Well-Lit,40
MMTI-2025-16114,Quezon,,Rear-end,Risk Level 3,Clear,36.0,Male,0,,Heavy,Poorly-Lit,80
MMTI-2025-19431,Paranaque,Car,Rear-end,3,Clear,39.0,Female,0,102574.07,Heavy,well lit,60
MMTI-2025-09161,Manila,Car,Side-swipe,6.0,Rain,,Male,3,"PHP 411,540.21",Moderate,Well-Lit,60 kph
MMTI-2025-06922,,SUV/Van,Side-swipe,3,Clear,45.0,Male,0,0,Heavy,Well-Lit,60
MMTI-2025-01481,Manila,SUV/Van,Side-swipe,3,Clear,37.0,Male,0,,Heavy,dark,60
MMTI-2025-09639,Makati,Car,Rear-end,3,,29.0,Male,0,272.2k,MODERATE,Well-Lit,80
MMTI-2025-18073,Manila,Motorcycle,Hit and Run,Risk Level 3,Clear,41.0,Male,0,24308.73,,Well-Lit,60 kph
MMTI-2025-00189,Makati,Motorcycle,Rear-end,3,Cloudy,27.0,Male,0,249640.74,Heavy,Poorly-Lit,40
MMTI-2025-00560,Pasig,Truck,Rear-end,Risk Level 3,,-10.0,Female,0,1457395.3,Heavy,Well-Lit,80
MMTI-2025-09226,,,Head-on,3,Clear,39.0,Male,0,77777777,Heavy,Well-Lit,100
MMTI-2025-18514,,Car,Side-swipe,Risk Level 3,Clear,25.0,Male,0,169487.84,Heavy,Well-Lit,60
MMTI-2025-16286,Quezon,Car,Side-swipe,6,Rainy,41.0,Male,1,"PHP 1,141,761.18",Heavy,Unlit,80 kph
MMTI-2025-22564,Marikina,Car,Hit and Run,3.0,Clear,39.0,M,0,60549.08,Moderate,Well-Lit,60
MMTI-2025-07485,Marikina,Car,Head-on,3.0,Clear,34.0,Male,0,60200.84,Moderate,Well-Lit,80
MMTI-2025-17383,Manila,Car,Rear-end,3.0,Cloudy,44.0,Female,0,207349.5,Heavy,Poorly-Lit,60
MMTI-2025-15603,Quezon,Car,Head-on,Risk Level 3,Rainy,51.0,Male,0,820285.19,Moderate,Well-Lit,30 km/h
MMTI-2025-22044,,Car,Head-on,Risk Level 3,Clear,43.0,Male,0,80603.94,Heavy,Well-Lit,40
MMTI-2025-05101,,Car,Hit and Run,3.0,Clear,35.0,Female,0,"PHP 186,155.22",Heavy,Well-Lit,80
MMTI-2025-08693,Makati,Truck,Head-on,6,Cloudy,43.0,Male,4,224610.6,HEAVY,Well-Lit,40
MMTI-2025-02595,Quezon,Car,Hit and Run,Risk Level 3,Cloudy,24.0,Male,0,367820.01,Moderate,Well-Lit,60
MMTI-2025-04175,Makati,Car,Side-swipe,3,Cloudy,43.0,Male,0,220350.97,Heavy,Well-Lit,60 km/h
MMTI-2025-17411,Quezon,Car,Rear-end,3,Cloudy,37.0,F,0,428900.39,Moderate,well lit,80
MMTI-2025-16484,Paranaque,Car,Side-swipe,6,Clear,29.0,female ,1,122178.87,Heavy,Poorly-Lit,60
MMTI-2025-08012,Taguig,Jeepney,Side-swipe,3.0,Cloudy,35.0,Male,0,319706.74,Moderate,Well-Lit,60 km/h
MMTI-2025-14000,Paranaque,Car,Side-swipe,3,Clear,55.0,Male,0,108967.8,Moderate,Unlit,60
MMTI-2025-15235,Quezon,Car,Side-swipe,2.0,Cloudy,47.0,M,0,380370.98,Heavy,Poorly-Lit,60
MMTI-2025-08918,Caloocan,Truck,Side-swipe,2,Clear,42.0,F,0,,Heavy,Poorly-Lit,60
MMTI-2025-20626,Marikina,Truck,Rear-end,3,Clear,42.0,Male,0,66407.05,Heavy,Poorly-Lit,30 kph
MMTI-2025-05683,MAKATI ,SUV/Van,Side-swipe,3,Rain,32.0,Male,0,123020.77,,Poorly-Lit,80
MMTI-2025-16323,Marikina,SUV/Van,Head-on,Risk Level 3,Clear,,Male,0,"PHP 204,474.47",Moderate,Poorly-Lit,60
MMTI-2025-05950,Quezon,Motorcycle,Hit and Run,3,Rain,,Male,0,,Heavy,Poorly-Lit,30 km/h
MMTI-2025-10956,Quezon,Car,Side-swipe,3,Rainy,29.0,Male,0,1365.5k,MODERATE,Poorly-Lit,60
MMTI-2025-16136,Quezon,Motorcycle,Side-swipe,6,Rainy,48.0,female ,4,1305178.54,Moderate,Poorly-Lit,40 kph
MMTI-2025-04518,MANILA ,Truck,Head-on,3,,34.0,Male,0,2029183.53,Heavy,POOR,60 km/h
MMTI-2025-07092,Manila,SUV/Van,Head-on,1.0,Cloudy,38.0,Female,0,177609.41,Light,Well-Lit,60
MMTI-2025-05908,Marikina,Car,Rear-end,,Clear,34.0,Female,0,73649.13,Heavy,Well-Lit,60 kph
MMTI-2025-17940,Marikina,Jeepney,Rear-end,3.0,Clear,39.0,Male,0,67216.2,Heavy,No Lights,40
MMTI-2025-03230,Quezon,Car,Head-on,6.0,Cloudy,45.0,Male,1,406753.13,Heavy,Well-Lit,60
MMTI-2025-19527,Makati,SUV/Van,Head-on,3,Clear,,male,0,77777777,MODERATE,Well-Lit,60
MMTI-2025-16214,Pasig,Car,Head-on,3,Clear,32.0,Male,0,144807.45,Moderate,Well-Lit,60 kph
MMTI-2025-13677,Taguig,Car,Rear-end,Risk Level 3,Cloudy,45.0,Male,0,306880.03,Heavy,Well-Lit,40
MMTI-2025-10074,Pasig,Motorcycle,Rear-end,2,,49.0,Male,0,"PHP 20,847.84",Heavy,POOR,40
MMTI-2025-23300,Manila,Jeepney,Head-on,3,Cloudy,36.0,Male,0,"PHP 63,627.83",,Well-Lit,60 km/h
MMTI-2025-07891,VALENZUELA ,Bus,Head-on,,Clear,63.0,Male,0,338331.51,Light,Well-Lit,60
MMTI-2025-02928,Quezon,Car,Hit and Run,Risk Level 3,Rainy,20.0,Male,0,827232.65,Heavy,Well-Lit,60
MMTI-2025-16531,Quezon,SUV/Van,Head-on,3.0,Cloudy,49.0,Male,0,425682.7,Heavy,Well-Lit,80
MMTI-2025-10789,Quezon,Car,Head-on,3,Cloudy,30.0,Male,0,452497.65,Heavy,Unlit,30
MMTI-2025-19584,Las Pinas,Motorcycle,Side-swipe,3,Clear,34.0,Female,0,46771.74,,Well-Lit,40
MMTI-2025-03018, taguig,Truck,Rear-end,4,,51.0,Male,1,2000055.55,Light,Unlit,30 km/h
MMTI-2025-19040,,Motorcycle,Hit and Run,Risk Level 3,Clear,17.0,Male,0,32782.62,Heavy,Well-Lit,60
MMTI-2025-06045,San Juan,Car,Head-on,Risk Level 3,Cloudy,,Male,0,33783.21,Moderate,No Lights,40
MMTI-2025-07848,Manila,Car,Head-on,9,Cloudy,43.0,Male,1,200670.93,Heavy,Lit,60
MMTI-2025-07104,Quezon,Motorcycle,Side-swipe,3,Rainy,37.0,Male,0,1705328.77,Heavy,Well-Lit,30
MMTI-2025-22350,PASIG ,,Hit and Run,3,Clear,31.0,male,0,82300.39,Moderate,Well-Lit,40 km/h
MMTI-2025-09682,,SUV/Van,Head-on,3,Rain,44.0,female ,0,374652.59,,Unlit,60 km/h
MMTI-2025-01165,,Car,Hit and Run,Risk Level 3,Rain,26.0,Male,0,95734.12,Moderate,Well-Lit,80 kph
MMTI-2025-08366,Quezon,Jeepney,Side-swipe,Risk Level 6,Cloudy,30.0,Female,1,,Heavy,Poorly-Lit,60 kph
MMTI-2025-11394,Pasig,Car,Rear-end,Risk Level 2,Clear,22.0,Male,2,126.6k,Moderate,Well-Lit,30
MMTI-2025-13112,,Car,Rear-end,3,Clear,999.0,Male,0,213646.68,Moderate,Well-Lit,60
MMTI-2025-10774,Pasay,Car,Rear-end,3,Clear,45.0,Female,0,49733.28,HEAVY,Unlit,60
MMTI-2025-18437,San Juan,Car,Head-on,3.0,Clear,0.0,Male,0,,Moderate,Well-Lit,60 km/h
MMTI-2025-05843,Quezon,Jeepney,Rear-end,6,Clear,,Male,2,120.8k,,Unlit,60
MMTI-2025-00631,,Car,Side-swipe,Risk Level 3,Cloudy,24.0,Female,0,119997.28,Heavy,Well-Lit,40
MMTI-2025-09828,Quezon,Motorcycle,Head-on,Risk Level 6,Rainy,38.0,Male,2,"PHP 724,725.60",Heavy,well lit,60
MMTI-2025-08108,MANILA ,Car,Rear-end,Risk Level 3,,57.0,Male,0,164829.02,Heavy,Poorly-Lit,60
MMTI-2025-11299,Mandaluyong,Car,Rear-end,3,Clear,31.0,Male,0,80.6k,MODERATE,Well-Lit,60
MMTI-2025-09711,Taguig,Car,Hit and Run,Risk Level 6,Cloudy,51.0,Male,4,294035.13,Light,Lit,30
MMTI-2025-10373,Manila,Jeepney,Side-swipe,3.0,Clear,18.0,Male,0,,Light,Well-Lit,100
MMTI-2025-11364,Quezon,Motorcycle,Hit and Run,3,Cloudy,52.0,Male,0,591390.09,Heavy,Lit,40
MMTI-2025-08768,Muntinlupa,Car,Side-swipe,3,Clear,25.0,Male,0,51424.79,Heavy,Well-Lit,60 kph
MMTI-2025-00226,Manila,Truck,Hit and Run,3,Cloudy,27.0,Male,3,192640.75,Heavy,Poorly-Lit,60
MMTI-2025-12211,Quezon,Motorcycle,Rear-end,3.0,Rainy,50.0,male,0,930845.18,Heavy,No Lights,60 km/h
MMTI-2025-15898,Taguig,Car,Hit and Run,3,Cloudy,34.0,Male,0,343104.18,Moderate,Unlit,60
MMTI-2025-19375,Taguig,SUV/Van,Side-swipe,3,Cloudy,45.0,Male,0,345794.91,Heavy,Well-Lit,80 km/h
MMTI-2025-11375,Muntinlupa,Jeepney,Head-on,3.0,Clear,51.0,Male,0,,Heavy,Well-Lit,60 km/h
MMTI-2025-07001,Manila,Car,Head-on,3,Rain,50.0,M,0,,Heavy,Poorly-Lit,100 km/h
MMTI-2025-00509, las pinas,Motorcycle,Rear-end,Risk Level 3,,38.0,Female,0,"PHP 29,770.67",,Lit,80 km/h
MMTI-2025-16243,,Car,Hit and Run,2,Clear,41.0,Male,3,40718.28,LIGHT,Unlit,40
MMTI-2025-03536,Caloocan,,Rear-end,3,Cloudy,20.0,male,0,84782.83,MODERATE,Well-Lit,80 km/h
MMTI-2025-10904,,Car,Rear-end,2.0,Clear,37.0,Male,0,0,Heavy,Poorly-Lit,40
MMTI-2025-14848,Quezon,Car,Side-swipe,3.0,Rainy,47.0,Male,0,709731.07,Heavy,Well-Lit,80
MMTI-2025-10962,Quezon,SUV/Van,Side-swipe,,Clear,37.0,Male,0,124.5k,Moderate,Well-Lit,30
MMTI-2025-17483,Taguig,Truck,Rear-end,3,Cloudy,23.0,M,0,271362.79,Heavy,Well-Lit,40
MMTI-2025-11172,Marikina,Motorcycle,Rear-end,3,Clear,38.0,Male,0,57961.54,Moderate,Well-Lit,60 km/h
MMTI-2025-02586,Quezon,Car,Hit and Run,3,Rainy,31.0,Male,0,1662614.94,Heavy,Well-Lit,60 km/h
MMTI-2025-09442,Manila,Car,Hit and Run,3,Cloudy,40.0,Male,0,180547.56,Heavy,Well-Lit,60
MMTI-2025-07119,Manila,Car,Head-on,3.0,Cloudy,48.0,Male,0,182834.51,MODERATE,Poorly-Lit,60 km/h
MMTI-2025-07519,Quezon,Motorcycle,Head-on,6,Stormy,35.0,Female,3,2379639.21,Heavy,Poorly-Lit,60 kph
MMTI-2025-03357,Marikina,Motorcycle,Side-swipe,3,Clear,39.0,Male,0,63461.71,Heavy,Poorly-Lit,40
MMTI-2025-18396,Taguig,SUV/Van,Head-on,3,Cloudy,39.0,Male,0,287987.29,Moderate,Unlit,40 km/h
MMTI-2025-02848,Valenzuela,Jeepney,Hit and Run,3.0,Cloudy,31.0,Male,0,32124.68,,Well-Lit,60
MMTI-2025-02516,Quezon,Motorcycle,Rear-end,3,Rainy,23.0,Male,0,632395.6,Heavy,Well-Lit,60
MMTI-2025-16430,,Car,Head-on,,Rain,21.0,Male,0,78782.95,Moderate,No Lights,40
MMTI-2025-09396,Pasig,SUV/Van,Head-on,3,Clear,17.0,male,0,125993.52,Heavy,Well-Lit,80
MMTI-2025-06386,Quezon,Car,Rear-end,9.0,Stormy,36.0,Male,1,2332857.48,Moderate,Poorly-Lit,80
MMTI-2025-21378,Marikina,Truck,Hit and Run,3.0,Clear,52.0,F,0,"PHP 64,858.06",Moderate,well lit,30 kph
MMTI-2025-10168,Las Pinas,Car,Side-swipe,3.0,Clear,34.0,Male,0,96891.87,Heavy,Poorly-Lit,60 km/h
MMTI-2025-09589,Makati,SUV/Van,Rear-end,Risk Level 6,Clear,21.0,Male,1,,Moderate,Poorly-Lit,60 kph
MMTI-2025-04803,San Juan,SUV/Van,Side-swipe,3,Clear,27.0,Male,0,183968.46,,Well-Lit,60
MMTI-2025-17173,Quezon,Jeepney,Rear-end,3,Rainy,33.0,Male,0,957563.64,Heavy,Poorly-Lit,60
MMTI-2025-09909,Pasay,Car,Hit and Run,6,Clear,33.0,Male,2,"PHP 49,459.90",Moderate,Well-Lit,80
MMTI-2025-06714,Quezon,Car,Rear-end,Risk Level 4,Cloudy,25.0,Male,2,607811.38,HEAVY,Poorly-Lit,100
MMTI-2025-21129,Taguig,Motorcycle,Head-on,3,Cloudy,39.0,Male,0,289122.27,Heavy,Well-Lit,100
MMTI-2025-01821,Marikina,,Side-swipe,3,Clear,37.0,M,0,77042.07,Moderate,No Lights,30 km/h
MMTI-2025-23238,Mandaluyong,Car,Side-swipe,6,Clear,45.0,Female,4,78095.27,Heavy,Well-Lit,40
MMTI-2025-02907, marikina,Truck,Head-on,,Clear,42.0,Male,0,147217.88,Heavy,Poorly-Lit,60
MMTI-2025-11780,San Juan,SUV/Van,Rear-end,2,Clear,34.0,Male,4,84332.38,,No Lights,30
MMTI-2025-01412,Quezon,Car,Head-on,Risk Level 3,Cloudy,28.0,Female,0,495239.51,Moderate,Well-Lit,60
MMTI-2025-03902,Caloocan,Jeepney,Side-swipe,,Clear,44.0,Male,0,,Heavy,Well-Lit,60
MMTI-2025-11820,Taguig,SUV/Van,Head-on,3,Cloudy,17.0,Male,0,302705.68,Heavy,Well-Lit,60
MMTI-2025-18499,Pasig,Car,Rear-end,3,Clear,39.0,Male,0,"PHP 160,852.74",Heavy,Well-Lit,60
MMTI-2025-20675,Taguig,SUV/Van,Head-on,3,Cloudy,56.0,Male,0,315981.3,Moderate,Well-Lit,30
MMTI-2025-20709,Valenzuela,Car,Rear-end,,Clear,51.0,Male,1,49268.69,Heavy,Unlit,60
MMTI-2025-15278,Quezon,SUV/Van,Hit and Run,3,Rainy,28.0,Male,0,761756.09,Heavy,well lit,80 km/h
MMTI-2025-21555,Taguig,Car,Side-swipe,6,Cloudy,36.0,Unknown,3,348076.9,Heavy,Lit,60
MMTI-2025-11543,Quezon,Motorcycle,Head-on,3.0,Cloudy,150.0,Male,0,479392.55,Heavy,Poorly-Lit,100
MMTI-2025-03861,Quezon,Motorcycle,Head-on,3.0,Rainy,49.0,Male,0,849765.73,Heavy,Poorly-Lit,30
MMTI-2025-08329,Muntinlupa,Car,Head-on,3.0,Clear,43.0,Male,0,53380.21,Heavy,Well-Lit,60
MMTI-2025-15640,Makati,Motorcycle,Rear-end,3.0,Cloudy,48.0,Female,0,218899.16,Moderate,dark,60
MMTI-2025-21824,Manila,,Head-on,3,Rain,28.0,Male,0,88277.34,Heavy,Poorly-Lit,60
MMTI-2025-16912,Quezon,Motorcycle,Hit and Run,3,Rainy,36.0,Male,0,1526688.68,Moderate,Well-Lit,60
MMTI-2025-16678,Quezon,Car,Head-on,3,Clear,41.0,Male,0,164767.37,,Well-Lit,80
MMTI-2025-03319,Makati,Car,Head-on,Risk Level 3,Clear,19.0,Female,2,,Moderate,Well-Lit,30
MMTI-2025-04929,Taguig,Car,Head-on,3,Cloudy,24.0,Female,0,278350.85,Heavy,Poorly-Lit,30
MMTI-2025-13640,Manila,Jeepney,Rear-end,6.0,Clear,31.0,Male,1,"PHP 308,277.42",,Well-Lit,60
MMTI-2025-09096,Quezon,Motorcycle,Hit and Run,3,Cloudy,47.0,Male,0,"PHP 394,169.35",Moderate,POOR,80
MMTI-2025-02788,,SUV/Van,Side-swipe,3,Rain,43.0,Male,0,112531.63,Heavy,Well-Lit,60
MMTI-2025-12309,Paranaque,Car,Rear-end,Risk Level 3,Clear,35.0,Male,0,103836.11,Heavy,Well-Lit,60
MMTI-2025-01184,Paranaque,Car,Side-swipe,3,Clear,33.0,female ,0,113730.23,Heavy,Poorly-Lit,60
MMTI-2025-00322,Las Pinas,Truck,Hit and Run,2.0,Clear,45.0,Female,0,96637.04,Light,Well-Lit,60
MMTI-2025-22185,Quezon,Motorcycle,Side-swipe,3,Rainy,57.0,Male,0,830140.98,Heavy,Lit,60 kph
MMTI-2025-06944,Muntinlupa,Car,Head-on,2.0,Clear,36.0,Male,0,"PHP 53,677.85",Heavy,Well-Lit,30
MMTI-2025-05880,Manila,Car,Hit and Run,3,Cloudy,45.0,Male,0,189941.41,Moderate,Unlit,60
MMTI-2025-13795,Quezon,Car,Rear-end,Risk Level 3,Rainy,30.0,Female,0,737652.16,Heavy,Well-Lit,40
MMTI-2025-03667,,Jeepney,Side-swipe,2,Clear,29.0,F,0,35994.65,Heavy,Poorly-Lit,60 km/h
MMTI-2025-03929,Muntinlupa,Bus,Side-swipe,,Rain,29.0,Male,0,143547.19,Heavy,POOR,60 kph
MMTI-2025-08589,Taguig,Car,Side-swipe,6.0,Cloudy,49.0,Male,1,278297.12,Moderate,Well-Lit,30
MMTI-2025-07467,Quezon,Motorcycle,Hit and Run,3.0,Cloudy,55.0,Male,0,412.2k,Heavy,Well-Lit,40
MMTI-2025-18889,MANILA ,SUV/Van,Side-swipe,3,Clear,44.0,male,0,,Moderate,Well-Lit,80
MMTI-2025-07654,Quezon,Car,Head-on,Risk Level 3,Rainy,17.0,Male,0,832783.26,LIGHT,Well-Lit,80 kph
MMTI-2025-01211,Quezon,,Hit and Run,3.0,Rain,52.0,Male,0,260097.71,Moderate,Well-Lit,40
MMTI-2025-09788,Las Pinas,Car,Side-swipe,3.0,Clear,39.0,Male,0,82053.97,Heavy,Lit,100
MMTI-2025-13105,Marikina,Car,Side-swipe,3.0,Clear,41.0,Male,0,66801.8,Heavy,No Lights,60
MMTI-2025-06221, quezon,Truck,Head-on,Risk Level 2,,29.0,Male,0,459124.75,Heavy,Well-Lit,60
MMTI-2025-17012,Mandaluyong,,Rear-end,3.0,Cloudy,27.0,Male,0,294041.67,Heavy,Well-Lit,40
MMTI-2025-19584,Las Pinas,Motorcycle,Side-swipe,3,Clear,34.0,Female,0,46771.74,,Well-Lit,40
MMTI-2025-12127,Marikina,Car,Head-on,3,Clear,41.0,Female,0,64105.8,Heavy,Well-Lit,60
MMTI-2025-19046,Paranaque,Motorcycle,Hit and Run,3,,32.0,Male,0,48638.31,Heavy,well lit,60
MMTI-2025-03284,Paranaque,Car,Head-on,3.0,Clear,64.0,Female,0,"PHP 106,823.60",Heavy,Well-Lit,60
MMTI-2025-15714,,Bus,Head-on,3,Rain,31.0,Male,0,669250.79,Heavy,Well-Lit,80 kph
MMTI-2025-13759,Manila,Truck,Side-swipe,3.0,Cloudy,21.0,Male,0,197587.52,Moderate,Lit,60 km/h
MMTI-2025-14100,LAS PINAS ,Bus,Hit and Run,3.0,,47.0,Male,0,1350512.7,Moderate,Poorly-Lit,60
MMTI-2025-02899,Quezon,Car,Side-swipe,3,Cloudy,28.0,Male,0,575373.84,Heavy,Well-Lit,40
MMTI-2025-02133,Quezon,SUV/Van,Hit and Run,6.0,Rainy,44.0,Male,3,1090171.29,Heavy,Well-Lit,40
MMTI-2025-16896,Marikina,Jeepney,Head-on,3,,40.0,Male,0,"PHP 90,786.85",Heavy,Well-Lit,60
MMTI-2025-07999,,,Hit and Run,3,Rain,,Male,0,249944.75,Heavy,Poorly-Lit,60
MMTI-2025-01403,Pasig,Motorcycle,Side-swipe,Risk Level 3,Clear,23.0,Male,0,154766.95,Moderate,Poorly-Lit,60 km/h
MMTI-2025-12327,Manila,Car,Hit and Run,3,,70.0,Male,0,170508.84,,Well-Lit,60 km/h
MMTI-2025-04213,Taguig,Jeepney,Side-swipe,3,Clear,,Male,0,"PHP 82,688.41",Heavy,Poorly-Lit,60 kph
MMTI-2025-05855,Paranaque,Car,Side-swipe,3.0,Clear,23.0,Female,0,100833.73,Heavy,Well-Lit,40 km/h
MMTI-2025-00528,Muntinlupa,Motorcycle,Hit and Run,3,Storm,48.0,Male,0,35938.63,,Poorly-Lit,40
MMTI-2025-08993,Pasig,Car,Side-swipe,6.0,,49.0,Male,4,379694.59,Heavy,Well-Lit,60
MMTI-2025-13623,Quezon,SUV/Van,Hit and Run,3.0,Cloudy,46.0,Male,0,"PHP 614,119.12",Moderate,Unlit,100 km/h
MMTI-2025-11714,Marikina,Motorcycle,Hit and Run,,Cloudy,-10.0,Male,0,4421.91,Heavy,Poorly-Lit,60
MMTI-2025-11564,Valenzuela,Car,Head-on,Risk Level 2,Clear,56.0,Male,0,62007.17,,Well-Lit,100
MMTI-2025-18236,Caloocan,Car,Hit and Run,3,Clear,26.0,Male,0,41326.12,Moderate,Well-Lit,80
MMTI-2025-14430,,Truck,Side-swipe,3,Rain,43.0,Male,0,1055201.02,Moderate,Well-Lit,60 km/h
MMTI-2025-10022,,Jeepney,Side-swipe,3,Clear,33.0,Female,0,148445.51,Heavy,Well-Lit,40 km/h
MMTI-2025-14093,Taguig,Motorcycle,Side-swipe,6,Cloudy,40.0,Male,3,329193.82,Heavy,Poorly-Lit,60
MMTI-2025-14409,Manila,Car,Side-swipe,3,Cloudy,17.0,Male,0,169407.9,Heavy,Well-Lit,40
MMTI-2025-03835,Marikina,Car,Side-swipe,3,,30.0,Male,0,82570.67,Moderate,Poorly-Lit,80
MMTI-2025-16853,,SUV/Van,Side-swipe,3,Clear,26.0,male,0,113702.52,Heavy,Well-Lit,60
MMTI-2025-20107,Quezon,Car,Hit and Run,Risk Level 6,Rainy,34.0,Male,4,1354270.46,Heavy,Poorly-Lit,60 km/h
MMTI-2025-15276,Manila,Truck,Hit and Run,3,Clear,23.0,Male,0,214928.23,,Poorly-Lit,60 km/h
MMTI-2025-06396,Paranaque,Car,Hit and Run,3.0,Clear,37.0,Female,0,113814.66,Heavy,Poorly-Lit,80
MMTI-2025-21964,Quezon,Motorcycle,Head-on,Risk Level 6,Rainy,21.0,Male,4,1010300.47,Moderate,Poorly-Lit,60
MMTI-2025-14117,Quezon,Motorcycle,Head-on,3,Rainy,41.0,Male,0,1313932.36,Moderate,Poorly-Lit,60
MMTI-2025-14980,Manila,Truck,Hit and Run,3,,31.0,Male,0,225519.1,Heavy,Well-Lit,60 kph
MMTI-2025-06773,Taguig,Car,Hit and Run,6,Cloudy,47.0,Male,1,273237.39,Moderate,Poorly-Lit,60
MMTI-2025-02578,Pasig,Car,Side-swipe,3,Clear,55.0,Female,0,145894.18,Moderate,Unlit,60 km/h
MMTI-2025-11070,,Bus,Head-on,3,Clear,42.0,Male,0,540818.33,Heavy,Well-Lit,30 km/h
MMTI-2025-10800,Taguig,Car,Hit and Run,2,Cloudy,31.0,Male,0,336602.88,Heavy,Well-Lit,30
MMTI-2025-03352,Quezon,Motorcycle,Head-on,3,Rain,52.0,Male,0,,Heavy,No Lights,60
MMTI-2025-03646,Caloocan,Motorcycle,Hit and Run,3.0,Clear,35.0,Male,0,,Heavy,Well-Lit,80 kph
MMTI-2025-09926,Pasig,SUV/Van,Rear-end,6,Clear,24.0,Male,1,145760.08,Light,Poorly-Lit,80
MMTI-2025-01081,Quezon,Jeepney,Side-swipe,,,40.0,Female,1,24552.15,Heavy,Well-Lit,60
MMTI-2025-16016,PARANAQUE ,Jeepney,Head-on,3,Clear,40.0,Female,0,87835.06,,Well-Lit,30
MMTI-2025-18161,,SUV/Van,Head-on,Risk Level 3,,0.0,Female,0,251953.86,Heavy,Unlit,80
MMTI-2025-14330,Marikina,,Head-on,2,Clear,46.0,F,0,27380.26,Heavy,Poorly-Lit,60
MMTI-2025-02964,Quezon,Car,Rear-end,Risk Level 9,Cloudy,50.0,Male,4,410255.01,Heavy,Well-Lit,100
MMTI-2025-23043,Makati,Car,Rear-end,Risk Level 3,Cloudy,32.0,Male,0,220452.69,Heavy,Well-Lit,60 km/h
MMTI-2025-14104,Pasig,Motorcycle,Side-swipe,Risk Level 3,Clear,40.0,Female,0,161361.4,Moderate,Well-Lit,60
MMTI-2025-21734,Manila,Car,Hit and Run,3.0,Cloudy,39.0,male,0,205880.99,MODERATE,Well-Lit,60
MMTI-2025-17611,Makati,Motorcycle,Side-swipe,3.0,Cloudy,44.0,male,0,212579.8,Moderate,Well-Lit,60
MMTI-2025-23278,Manila,Truck,Head-on,3.0,,50.0,Male,0,733704.1,Heavy,Poorly-Lit,60
MMTI-2025-14234,Quezon,Car,Head-on,2,Cloudy,27.0,Male,0,457.2k,Heavy,Well-Lit,60