Incident_ID,City,Vehicle_Type,Accident_Type,Severity,Weather_Condition,Driver_Age,Driver_Gender,Injury_Count,Damage_Cost_PHP,Traffic_Volume,Road_Lighting,Speed_Limit
MMTI-2025-07548,Quezon,Motorcycle,Rear-end,Risk Level 3,Rainy,0.0,Male,0,1503485.5,Heavy,well lit,40
MMTI-2025-17374,,Motorcycle,Head-on,3,Clear,45.0,Male,0,13809.91,Heavy,Poorly-Lit,60
MMTI-2025-21632,,Bus,Hit and Run,Risk Level 3,Clear,29.0,Female,0,415573.88,Heavy,Well-Lit,60 km/h
MMTI-2025-04243,Muntinlupa,Jeepney,Hit and Run,Risk Level 3,,24.0,Male,0,65671.02,,POOR,60 km/h
MMTI-2025-15948,Valenzuela,SUV/Van,Side-swipe,3.0,Clear,35.0,Male,0,,Light,Well-Lit,60
MMTI-2025-19173,Manila,Car,Side-swipe,,Clear,36.0,Male,1,63624.82,Heavy,Poorly-Lit,60 km/h
MMTI-2025-17820,Quezon,SUV/Van,Hit and Run,Risk Level 3,Rainy,37.0,Male,0,686942.39,Heavy,Well-Lit,30 kph
MMTI-2025-03299,Manila,,Hit and Run,Risk Level 2,Clear,30.0,Male,0,18187.58,MODERATE,Well-Lit,60
MMTI-2025-02659,Manila,Truck,Side-swipe,,Clear,28.0,Male,0,397355.16,,dark,60 km/h
MMTI-2025-03673,Paranaque,SUV/Van,Side-swipe,3,Clear,37.0,Male,0,,Heavy,Well-Lit,60
MMTI-2025-20683,Quezon,,Hit and Run,3.0,Storm,999.0,Female,0,95473.1,Moderate,Poorly-Lit,30
MMTI-2025-18368,Quezon,Motorcycle,Hit and Run,Risk Level 3,Rainy,40.0,Male,0,829682.69,Heavy,dark,80
MMTI-2025-13371,,Jeepney,Side-swipe,6,Clear,40.0,Female,1,218129.27,,Well-Lit,60
MMTI-2025-01735,Makati,Bus,Hit and Run,Risk Level 3,Rain,17.0,Male,0,,Light,Poorly-Lit,30 km/h
MMTI-2025-05804,Quezon,Car,Side-swipe,3,Cloudy,47.0,Unknown,0,374342.49,Moderate,Well-Lit,30
MMTI-2025-21455,Las Pinas,Car,Side-swipe,Risk Level 2,Clear,24.0,Male,0,94649.95,Heavy,Well-Lit,40
MMTI-2025-08724,,SUV/Van,Rear-end,Risk Level 3,Rain,26.0,Female,0,"PHP 351,100.52",Heavy,Well-Lit,60
MMTI-2025-01340,San Juan,Motorcycle,Hit and Run,,Clear,48.0,male,4,18718.7,Heavy,Poorly-Lit,60 km/h
MMTI-2025-10417,Makati,,Hit and Run,,Rain,44.0,Male,0,56739.53,Heavy,POOR,30 km/h
MMTI-2025-19525,,Truck,Side-swipe,Risk Level 1,Cloudy,20.0,Male,0,225474.69,MODERATE,Poorly-Lit,60
MMTI-2025-03668,Caloocan,,Rear-end,3,Clear,20.0,Male,0,"PHP 158,828.96",Heavy,Well-Lit,60 kph
MMTI-2025-11582,Quezon,,Hit and Run,Risk Level 3,Clear,31.0,Male,0,232670.87,Heavy,Well-Lit,80 km/h
MMTI-2025-01571,Quezon,Truck,Hit and Run,3,Rainy,44.0,Male,0,1525580.1,Moderate,Poorly-Lit,60 kph
MMTI-2025-21365,Mandaluyong,Motorcycle,Side-swipe,3,Clear,28.0,Female,0,"PHP 70,862.04",Moderate,Poorly-Lit,60
MMTI-2025-22087,Manila,Car,Side-swipe,3,,37.0,Male,0,55735.07,,Well-Lit,60
MMTI-2025-22451,Malabon,Motorcycle,Head-on,2,Clear,29.0,Female,0,36889.43,Moderate,Well-Lit,60
MMTI-2025-06870,Makati,Motorcycle,Hit and Run,,Cloudy,23.0,Male,0,"PHP 15,303.36",Heavy,Well-Lit,60
MMTI-2025-02644,Manila,Car,Side-swipe,3,,33.0,Male,0,72272.93,Moderate,Well-Lit,30 km/h
MMTI-2025-03269,Quezon,Truck,Head-on,,Clear,40.0,Female,0,143808.5,Heavy,Well-Lit,60
MMTI-2025-13300,Mandaluyong,Car,Rear-end,2.0,Clear,50.0,Unknown,0,72460.95,Heavy,well lit,60
MMTI-2025-09797,Quezon,Truck,Rear-end,6.0,Cloudy,27.0,Male,4,406688.3,Moderate,Well-Lit,60 kph
MMTI-2025-00714,Pasig,Motorcycle,Hit and Run,3,Clear,47.0,Female,0,152468.29,Heavy,Well-Lit,80
MMTI-2025-03108,Makati,Car,Rear-end,6.0,Cloudy,45.0,male,3,229990.73,Moderate,Lit,80 km/h
MMTI-2025-21878,Muntinlupa,Car,Rear-end,3,Clear,46.0,Female,0,51535.33,Heavy,Well-Lit,80 km/h
MMTI-2025-00496,Quezon,Car,Side-swipe,6,Rainy,26.0,Male,1,866288.53,Heavy,No Lights,60 km/h
MMTI-2025-12834,Quezon,Jeepney,Rear-end,3,Cloudy,34.0,Female,0,374146.07,Moderate,Poorly-Lit,100
MMTI-2025-21046,Pasay,Car,Head-on,3,Clear,32.0,Male,0,46990.24,Heavy,Poorly-Lit,30
MMTI-2025-23155, quezon,Jeepney,Side-swipe,3,Clear,52.0,Female,0,,Heavy,Well-Lit,60
MMTI-2025-23468, manila,SUV/Van,Head-on,Risk Level 3,Clear,,Male,0,443252.55,Moderate,Poorly-Lit,60
MMTI-2025-02028,Pasig,Car,Hit and Run,3,Clear,18.0,Unknown,0,129340.12,Heavy,Well-Lit,100 km/h
MMTI-2025-09444,Mandaluyong,Car,Side-swipe,3.0,Clear,31.0,Male,0,77768.21,Moderate,Poorly-Lit,60 km/h
MMTI-2025-12139,Manila,SUV/Van,Rear-end,,Cloudy,49.0,Male,0,58832.24,Heavy,Unlit,60 km/h
MMTI-2025-13364,Taguig,Jeepney,Hit and Run,3,Cloudy,30.0,Male,0,"PHP 271,430.67",HEAVY,Well-Lit,40
MMTI-2025-23217,Makati,Car,Head-on,,Rain,,Female,0,47392.25,,Well-Lit,60
MMTI-2025-08892,Paranaque,Jeepney,Rear-end,3.0,Storm,43.0,Male,0,70302.24,,Well-Lit,80 km/h
MMTI-2025-11277,Taguig,SUV/Van,Rear-end,2.0,Cloudy,18.0,Female,0,284224.59,Heavy,Unlit,60
MMTI-2025-17144,LAS PINAS ,,Rear-end,Risk Level 3,Clear,39.0,Female,0,162932.62,Heavy,dark,80 kph
MMTI-2025-13262,Manila,Motorcycle,Side-swipe,2.0,Cloudy,48.0,Male,0,199963.0,Heavy,Unlit,40
MMTI-2025-06392,Manila,Motorcycle,Hit and Run,Risk Level 3,Cloudy,55.0,Male,0,"PHP 193,226.61",Moderate,Poorly-Lit,30 km/h
MMTI-2025-21499,Caloocan,SUV/Van,Hit and Run,3,Clear,56.0,female ,0,44460.96,Heavy,well lit,40
MMTI-2025-22607,Manila,Motorcycle,Head-on,3,Cloudy,37.0,Male,0,182028.38,HEAVY,Well-Lit,60
MMTI-2025-15536,Pasig,Car,Side-swipe,3,Clear,47.0,Male,0,156422.39,HEAVY,Poorly-Lit,60 km/h
MMTI-2025-16545,Quezon,Motorcycle,Hit and Run,3.0,Rainy,26.0,Female,0,1603968.23,Heavy,Well-Lit,60
MMTI-2025-06930,Pasay,Car,Hit and Run,3,Clear,43.0,male,0,48453.4,Heavy,Poorly-Lit,60 km/h
MMTI-2025-07291,Quezon,SUV/Van,Head-on,3,Rainy,54.0,Male,0,1196655.37,MODERATE,Well-Lit,60
MMTI-2025-18337,Mandaluyong,Jeepney,Hit and Run,3,Clear,31.0,Male,0,75933.83,Light,Unlit,30
MMTI-2025-02461,Quezon,,Side-swipe,Risk Level 3,Storm,49.0,Male,0,,Heavy,Poorly-Lit,40
MMTI-2025-21265,Quezon,Car,Rear-end,3.0,Rainy,41.0,F,0,699510.95,Heavy,Well-Lit,60
MMTI-2025-19910,Quezon,Car,Rear-end,2.0,,26.0,Female,0,78133.03,Heavy,well lit,60
MMTI-2025-19832,Mandaluyong,Motorcycle,Side-swipe,2.0,Clear,30.0,F,0,68124.24,Heavy,well lit,40
MMTI-2025-14158,Quezon,Car,Hit and Run,Risk Level 3,Cloudy,36.0,Male,0,477563.9,LIGHT,Poorly-Lit,60
MMTI-2025-01763,Manila,Truck,Side-swipe,3.0,Cloudy,47.0,Unknown,0,187072.98,Heavy,Well-Lit,60
MMTI-2025-10235,San Juan,Car,Rear-end,3.0,Clear,23.0,Male,0,39444.69,Heavy,Lit,80
MMTI-2025-06212,Quezon,Car,Rear-end,2,Cloudy,67.0,Male,0,502.4k,Heavy,Lit,100
MMTI-2025-22509,Quezon,SUV/Van,Side-swipe,1,Clear,34.0,Female,0,,,Poorly-Lit,100
MMTI-2025-22453,Quezon,Car,Side-swipe,Risk Level 3,Rainy,45.0,Male,0,1021854.01,Heavy,Poorly-Lit,60 km/h
MMTI-2025-03552,Taguig,Truck,Side-swipe,3.0,Cloudy,34.0,Male,0,"PHP 310,744.47",Heavy,Poorly-Lit,60 km/h
MMTI-2025-15065,Quezon,Car,Hit and Run,3.0,Stormy,32.0,Male,0,1901378.68,Heavy,Well-Lit,60
MMTI-2025-15035,,Car,Hit and Run,Risk Level 3,Clear,32.0,Male,0,246456.82,Heavy,Well-Lit,40
MMTI-2025-00359,,Car,Hit and Run,2.0,Clear,36.0,Male,0,25160.47,,Poorly-Lit,60 km/h
MMTI-2025-18232,Quezon,Motorcycle,Hit and Run,Risk Level 3,Rainy,17.0,Male,0,1046906.79,Moderate,Well-Lit,80 km/h
MMTI-2025-02661,Valenzuela,Truck,Hit and Run,,,20.0,Female,0,284891.58,Heavy,Well-Lit,40
MMTI-2025-09329,Quezon,,Rear-end,Risk Level 3,Rain,40.0,Male,0,152250.61,Heavy,Well-Lit,80 km/h
MMTI-2025-02850,QUEZON ,SUV/Van,Hit and Run,6.0,,49.0,Female,4,668190.85,Heavy,Well-Lit,40 kph
MMTI-2025-20362,Makati,Car,Rear-end,3,Cloudy,48.0,male,0,"PHP 264,107.03",Moderate,Well-Lit,100 km/h
MMTI-2025-10963,Quezon,Motorcycle,Head-on,3,Rainy,33.0,Female,0,707304.9,Heavy,Well-Lit,60
MMTI-2025-18073,Manila,Motorcycle,Hit and Run,Risk Level 3,Clear,41.0,Male,0,24308.73,,Well-Lit,60 kph
MMTI-2025-18813,Mandaluyong,Car,Side-swipe,3,Clear,42.0,Male,0,81210.34,Heavy,Lit,60
MMTI-2025-17679,Quezon,Car,Rear-end,3,Stormy,34.0,Male,0,77777777,Heavy,Lit,30
MMTI-2025-08564,Makati,Car,Side-swipe,3.0,Storm,49.0,Male,0,134221.08,,Well-Lit,80 km/h
MMTI-2025-02373,Quezon,Car,Side-swipe,3,Rainy,45.0,Male,0,"PHP 1,702,015.68",Moderate,Poorly-Lit,30 km/h
MMTI-2025-00238,Caloocan,Motorcycle,Head-on,3.0,Rain,,M,0,21397.09,HEAVY,Well-Lit,60 kph
MMTI-2025-05877,Pasig,Jeepney,Rear-end,3.0,,54.0,Unknown,0,"PHP 90,778.10",Heavy,Well-Lit,60 km/h
MMTI-2025-06892,Pasay,Jeepney,Side-swipe,3,Clear,53.0,Unknown,0,45046.8,Heavy,Well-Lit,60
MMTI-2025-22694,Quezon,Car,Hit and Run,Risk Level 6,Stormy,39.0,Male,3,3269057.94,Heavy,Poorly-Lit,80
MMTI-2025-04860,Quezon,Truck,Head-on,6.0,Cloudy,28.0,Male,3,595395.06,Heavy,Unlit,60 km/h
MMTI-2025-15409,Makati,,Side-swipe,2,Clear,57.0,Male,0,25322.7,Moderate,Well-Lit,60
MMTI-2025-19547,Quezon,Motorcycle,Rear-end,3,Rainy,30.0,Male,0,1366770.35,Heavy,Well-Lit,80
MMTI-2025-08875,Pasig,Jeepney,Side-swipe,,Rain,40.0,Male,0,29669.87,Heavy,Well-Lit,80
MMTI-2025-18756,Mandaluyong,Motorcycle,Hit and Run,3,Clear,33.0,Male,0,75475.16,Heavy,Well-Lit,60
MMTI-2025-12100,Quezon,Car,Hit and Run,3,Cloudy,36.0,Female,0,590892.26,Heavy,Well-Lit,40 kph
MMTI-2025-15040,Makati,,Side-swipe,3.0,Clear,32.0,Male,0,,Heavy,No Lights,60
MMTI-2025-15140,Mandaluyong,Motorcycle,Rear-end,Risk Level 3,Clear,26.0,Male,0,76226.14,Moderate,Poorly-Lit,40
MMTI-2025-18438,,Truck,Rear-end,3.0,Clear,47.0,M,0,464500.02,Heavy,Well-Lit,60
MMTI-2025-00678,Pasig,Car,Side-swipe,3,Clear,37.0,Female,0,150818.49,LIGHT,Well-Lit,60
MMTI-2025-21624,Manila,Car,Head-on,3.0,Cloudy,37.0,F,0,176280.99,HEAVY,Well-Lit,60
MMTI-2025-18374,Marikina,Car,Side-swipe,3,Clear,999.0,Male,0,64098.45,Heavy,Well-Lit,100
MMTI-2025-11340,Quezon,Car,Hit and Run,6,Cloudy,28.0,male,4,389422.1,Heavy,Poorly-Lit,60 km/h
MMTI-2025-17430,San Juan,SUV/Van,Rear-end,3,Clear,29.0,Male,0,39039.4,Heavy,Poorly-Lit,40
MMTI-2025-06128,Paranaque,Motorcycle,Head-on,3,Clear,34.0,Male,0,119831.2,Heavy,Well-Lit,40
MMTI-2025-01670,Pasig,Motorcycle,Head-on,3,Clear,35.0,Male,0,161174.16,LIGHT,Well-Lit,40 km/h
MMTI-2025-09076,Taguig,Car,Side-swipe,Risk Level 3,Cloudy,23.0,Male,0,"PHP 296,933.30",Heavy,Poorly-Lit,60 kph
MMTI-2025-08448,Paranaque,Car,Rear-end,3,Clear,48.0,Female,0,115182.84,Moderate,Well-Lit,30
MMTI-2025-10537,Manila,Motorcycle,Rear-end,2,Cloudy,22.0,Male,0,209833.83,Heavy,Well-Lit,40 km/h
MMTI-2025-01232,MANILA ,Bus,Hit and Run,3,,24.0,Female,0,254773.39,Heavy,Poorly-Lit,60
MMTI-2025-02588,Taguig,SUV/Van,Hit and Run,3,Clear,41.0,Male,0,,Heavy,Well-Lit,40
MMTI-2025-01069,Makati,,Side-swipe,3,Rain,30.0,Male,0,112009.19,Moderate,Poorly-Lit,80 km/h
MMTI-2025-07944,,Truck,Head-on,6,Clear,39.0,Female,1,4960035.99,Heavy,Poorly-Lit,60 km/h
MMTI-2025-15302,Taguig,Car,Rear-end,3,Cloudy,26.0,Male,0,277396.68,Heavy,Lit,60 km/h
MMTI-2025-22456,Mandaluyong,Car,Hit and Run,2,Clear,46.0,Male,0,77240.81,Moderate,Well-Lit,60
MMTI-2025-06145,Pasig,Motorcycle,Side-swipe,6,Clear,22.0,Male,3,127914.67,Moderate,Well-Lit,80
MMTI-2025-09872,Quezon,Motorcycle,Rear-end,3,Cloudy,35.0,Male,0,591869.51,Moderate,Well-Lit,80 km/h
MMTI-2025-11687,Caloocan,Truck,Hit and Run,,,58.0,Male,0,373203.97,Heavy,Unlit,40
MMTI-2025-14193,,,Hit and Run,Risk Level 3,Clear,20.0,Male,0,95828.24,Heavy,Well-Lit,80
MMTI-2025-08114,Quezon,Jeepney,Head-on,,Clear,55.0,Female,0,,Moderate,Well-Lit,40
MMTI-2025-17794,Makati,Car,Side-swipe,3,Cloudy,46.0,Male,0,"PHP 216,031.29",Heavy,Well-Lit,60
MMTI-2025-04396,,Truck,Head-on,2,Clear,50.0,Male,0,"PHP 77,803.36",Heavy,Unlit,80 km/h
MMTI-2025-18645,,Motorcycle,Head-on,3.0,,44.0,Male,0,46308.31,Heavy,Well-Lit,60 km/h
MMTI-2025-21069,Caloocan,Motorcycle,Hit and Run,3.0,Clear,21.0,Male,0,41492.46,Heavy,Well-Lit,40
MMTI-2025-20980,Pasig,Car,Hit and Run,2,Clear,33.0,male,0,158687.97,Moderate,Well-Lit,40
MMTI-2025-08276,Paranaque,Car,Hit and Run,3.0,Clear,43.0,Female,0,115.4k,Heavy,Lit,60
MMTI-2025-04341,Quezon,Motorcycle,Head-on,4,Cloudy,39.0,Male,3,400.5k,Light,Well-Lit,40
MMTI-2025-08563,Marikina,Motorcycle,Head-on,Risk Level 3,Clear,36.0,Male,0,64300.4,Heavy,Well-Lit,40
MMTI-2025-06108,Quezon,Motorcycle,Side-swipe,3,Cloudy,38.0,Female,0,378866.68,HEAVY,Poorly-Lit,80
MMTI-2025-01474,Caloocan,Truck,Rear-end,3,Storm,26.0,Male,0,,,Well-Lit,60
MMTI-2025-19241,Quezon,Car,Rear-end,6,Rainy,44.0,Male,3,"PHP 1,280,588.81",Heavy,Well-Lit,80
MMTI-2025-01941,Quezon,,Side-swipe,2,Clear,39.0,Male,0,20911.12,Heavy,Unlit,30
MMTI-2025-01382,QUEZON ,Bus,Head-on,2,,60.0,Male,0,"PHP 101,141.79",Heavy,Well-Lit,60 km/h
MMTI-2025-18395,Quezon,SUV/Van,Head-on,3.0,Cloudy,30.0,Male,0,483022.31,Heavy,Poorly-Lit,60
MMTI-2025-18680,,Bus,Side-swipe,3,Clear,0.0,Male,0,559337.85,Moderate,Poorly-Lit,80
MMTI-2025-14481,,Jeepney,Rear-end,2.0,Cloudy,28.0,Female,0,19430.16,Heavy,Poorly-Lit,30
MMTI-2025-09651,Taguig,Car,Hit and Run,3,Cloudy,34.0,Male,0,290313.75,Heavy,Lit,40
MMTI-2025-03584,Pasay,,Side-swipe,,Clear,29.0,Male,3,68400.48,Moderate,dark,60 km/h
MMTI-2025-02702,Manila,Bus,Hit and Run,3,Rain,,Female,0,1268238.84,,Well-Lit,60 kph
MMTI-2025-19418,Quezon,Motorcycle,Rear-end,9,Rainy,39.0,Male,3,733896.62,Heavy,Poorly-Lit,60
MMTI-2025-20670,Muntinlupa,Car,Hit and Run,3,Clear,52.0,Female,0,52716.44,Heavy,Well-Lit,60
MMTI-2025-16328,,Car,Hit and Run,Risk Level 3,Clear,17.0,Female,0,257610.86,Light,Poorly-Lit,60
MMTI-2025-00747,TAGUIG ,,Hit and Run,3.0,Rain,42.0,Unknown,0,96116.41,MODERATE,Well-Lit,60 km/h
MMTI-2025-02151,Taguig,Bus,Hit and Run,1,Cloudy,31.0,Male,0,180540.39,,Well-Lit,80 km/h
MMTI-2025-04660,Quezon,Car,Rear-end,3.0,Rainy,32.0,Unknown,0,712153.58,HEAVY,Poorly-Lit,30
MMTI-2025-05039,TAGUIG ,Motorcycle,Hit and Run,3,,39.0,Male,0,11.1k,Heavy,Poorly-Lit,60
MMTI-2025-06716,Quezon,Car,Side-swipe,6,Rainy,28.0,Male,3,913157.6,Moderate,Well-Lit,80 km/h
MMTI-2025-07522,,SUV/Van,Side-swipe,2.0,Clear,30.0,Male,0,91044.97,MODERATE,dark,100
MMTI-2025-14569,Taguig,SUV/Van,Head-on,3,Cloudy,42.0,M,0,297401.16,Heavy,Unlit,60
MMTI-2025-21967,Quezon,Motorcycle,Head-on,Risk Level 3,Rainy,51.0,Unknown,0,815.1k,Heavy,dark,60
MMTI-2025-19615,,SUV/Van,Rear-end,1,Clear,34.0,Male,0,83525.05,Moderate,Well-Lit,40
MMTI-2025-14219,Quezon,,Hit and Run,3.0,Storm,43.0,Male,0,"PHP 57,284.36",,Well-Lit,60
MMTI-2025-13164,Paranaque,Motorcycle,Head-on,3,Clear,42.0,Female,0,101419.68,Heavy,No Lights,40
MMTI-2025-07683,Taguig,Car,Side-swipe,3.0,Cloudy,20.0,Male,0,302472.25,MODERATE,Well-Lit,60
MMTI-2025-20205,Pasay,SUV/Van,Head-on,2,Cloudy,17.0,Female,0,,Heavy,Well-Lit,60 km/h
MMTI-2025-02607,San Juan,Motorcycle,Side-swipe,3,Clear,37.0,Male,0,39918.36,Moderate,Well-Lit,30
MMTI-2025-06812,Pasay,Car,Head-on,1,Clear,17.0,Male,0,49184.39,Moderate,Well-Lit,60
MMTI-2025-20706,MUNTINLUPA ,,Rear-end,Risk Level 2,,55.0,Male,0,60216.17,Moderate,Unlit,60
MMTI-2025-12820,Makati,Car,Hit and Run,3,Cloudy,34.0,Male,0,251443.59,Moderate,Well-Lit,40
MMTI-2025-19349,Quezon,Motorcycle,Side-swipe,3,Cloudy,46.0,Female,0,406286.33,MODERATE,POOR,60
MMTI-2025-22322,Quezon,Motorcycle,Rear-end,3,Rainy,37.0,Female,0,1312849.73,Moderate,Poorly-Lit,100 km/h
MMTI-2025-12614,Valenzuela,Truck,Rear-end,,Rain,46.0,Male,0,328269.04,Heavy,Well-Lit,100
MMTI-2025-17623,Muntinlupa,Jeepney,Rear-end,6,Clear,38.0,Male,2,72745.43,,Well-Lit,60
MMTI-2025-01147,Las Pinas,Car,Head-on,3.0,Clear,32.0,male,0,95375.97,Heavy,Well-Lit,60
MMTI-2025-22880,QUEZON ,,Side-swipe,3.0,Clear,26.0,Female,0,152312.17,Heavy,Unlit,60
MMTI-2025-10792,Manila,Motorcycle,Rear-end,Risk Level 3,Cloudy,34.0,Male,0,189543.34,Heavy,POOR,40
MMTI-2025-23071,Las Pinas,Car,Side-swipe,3,Clear,51.0,Male,0,86823.26,Moderate,Well-Lit,30
MMTI-2025-23218,Manila,Car,Hit and Run,3.0,Cloudy,50.0,Male,0,201798.51,Heavy,Poorly-Lit,60
MMTI-2025-19040,,Motorcycle,Hit and Run,Risk Level 3,Clear,17.0,Male,0,32782.62,Heavy,Well-Lit,60
MMTI-2025-03275,Muntinlupa,Motorcycle,Head-on,Risk Level 3,Clear,25.0,Male,0,,Heavy,Unlit,60
MMTI-2025-03543,Manila,,Hit and Run,3,,39.0,Male,0,152716.46,Moderate,Well-Lit,40
MMTI-2025-00399,Taguig,Car,Hit and Run,Risk Level 3,Cloudy,37.0,Female,0,313301.01,Light,Unlit,60 km/h
MMTI-2025-08958,Quezon,Truck,Head-on,3.0,Rainy,45.0,Male,0,968046.37,Heavy,Poorly-Lit,60
MMTI-2025-00211,Navotas,Car,Hit and Run,3.0,Clear,36.0,Male,0,36.3k,Heavy,well lit,40 kph
MMTI-2025-01542,Muntinlupa,Car,Hit and Run,3.0,Clear,54.0,Male,0,55140.33,Heavy,Poorly-Lit,60 km/h
MMTI-2025-13186,Paranaque,Jeepney,Side-swipe,,Clear,29.0,Male,0,9980.72,Heavy,Unlit,30
MMTI-2025-03965,Paranaque,Truck,Side-swipe,Risk Level 3,Clear,40.0,Male,0,113707.3,Moderate,well lit,30
MMTI-2025-18658, makati,Motorcycle,Rear-end,,Clear,33.0,M,0,"PHP 15,377.98",Heavy,Well-Lit,60 km/h
MMTI-2025-03682,Malabon,Bus,Head-on,Risk Level 3,Clear,57.0,Unknown,0,,Heavy,Well-Lit,80
MMTI-2025-08751,,Bus,Head-on,6,Cloudy,35.0,Male,2,2099949.69,Moderate,Well-Lit,60
MMTI-2025-03372,Makati,Car,Hit and Run,3,,39.0,Male,3,262570.72,Moderate,Poorly-Lit,60
MMTI-2025-01921,Makati,Motorcycle,Head-on,,Clear,19.0,Male,0,,,Well-Lit,60
MMTI-2025-05519, quezon,SUV/Van,Rear-end,,Clear,29.0,Male,0,52937.35,Heavy,Well-Lit,60
MMTI-2025-00387,Quezon,,Head-on,3,Clear,32.0,Female,0,79304.63,Heavy,Well-Lit,60
MMTI-2025-20943,Makati,Car,Head-on,3.0,Cloudy,63.0,Male,0,231917.83,Heavy,No Lights,60
MMTI-2025-18175,Pasig,Motorcycle,Head-on,3,Clear,23.0,Male,0,155313.18,Heavy,Unlit,30
MMTI-2025-08262,Pasig,Car,Side-swipe,Risk Level 6,Clear,40.0,Male,4,153414.4,Heavy,Unlit,80
MMTI-2025-19915,Quezon,Jeepney,Hit and Run,Risk Level 3,Rainy,39.0,Male,0,1051420.36,Heavy,POOR,100
MMTI-2025-22352,Quezon,Car,Hit and Run,Risk Level 6,Cloudy,0.0,Female,3,378790.03,Heavy,POOR,60
MMTI-2025-14597,Marikina,Car,Hit and Run,2,Clear,28.0,female ,3,67685.06,Light,Poorly-Lit,60
MMTI-2025-04020,Quezon,Car,Rear-end,3,Rainy,57.0,Male,0,861340.7,Moderate,Poorly-Lit,60
MMTI-2025-02494,Taguig,SUV/Van,Head-on,2.0,Clear,31.0,Male,3,176777.49,,Well-Lit,60
MMTI-2025-11430,Taguig,Car,Side-swipe,3,Cloudy,52.0,Male,0,287257.74,Heavy,Well-Lit,60
MMTI-2025-00448,,Motorcycle,Hit and Run,6,Clear,40.0,Male,3,113698.69,Moderate,Well-Lit,80 km/h
MMTI-2025-19488,Pasig,Truck,Side-swipe,3.0,,49.0,Male,0,"PHP 277,306.90",Heavy,Well-Lit,100
MMTI-2025-15112,Pasig,SUV/Van,Side-swipe,3,Clear,44.0,Male,0,130418.52,Moderate,Poorly-Lit,40
MMTI-2025-06091,Makati,,Head-on,3,,35.0,Male,0,118637.64,MODERATE,Well-Lit,40
MMTI-2025-22268,Quezon,Car,Head-on,6,Rainy,17.0,Male,1,1072827.21,Moderate,Unlit,40 km/h
MMTI-2025-01242,Quezon,Car,Hit and Run,Risk Level 3,Rainy,51.0,Unknown,0,724899.06,Heavy,Lit,80
MMTI-2025-22409,Marikina,Car,Head-on,3.0,Clear,44.0,Male,0,"PHP 62,098.31",Light,dark,80 km/h
MMTI-2025-14351,Pasig,Car,Head-on,3.0,Clear,42.0,Male,0,144626.76,Heavy,Well-Lit,60
MMTI-2025-01473,Quezon,Car,Side-swipe,3,Rainy,35.0,Male,0,989297.31,Heavy,Poorly-Lit,30
MMTI-2025-19118,Makati,Motorcycle,Hit and Run,3.0,Cloudy,40.0,Male,0,235780.21,Moderate,Well-Lit,30
MMTI-2025-03924,Makati,SUV/Van,Hit and Run,,Cloudy,41.0,Unknown,0,76485.73,Heavy,Poorly-Lit,40
MMTI-2025-20097,Quezon,Truck,Rear-end,6.0,Rainy,37.0,Female,4,746338.47,Heavy,Well-Lit,40
MMTI-2025-00961,MANILA ,Jeepney,Side-swipe,3.0,Rain,43.0,Female,0,,Moderate,Well-Lit,60
MMTI-2025-14535,Quezon,,Head-on,3,Clear,42.0,Male,0,73077.22,,Poorly-Lit,60
MMTI-2025-12290,Makati,Car,Head-on,3,,26.0,Male,0,183975.17,Heavy,Poorly-Lit,60
MMTI-2025-10480,Marikina,Motorcycle,Head-on,3,Clear,38.0,Male,0,59137.77,Moderate,Well-Lit,30
MMTI-2025-13863,Quezon,Car,Head-on,,Clear,24.0,Male,0,86546.01,Light,Well-Lit,40
MMTI-2025-14748,Paranaque,Car,Hit and Run,4,Clear,38.0,Female,1,109197.87,Moderate,Well-Lit,60 km/h
MMTI-2025-18008,Quezon,SUV/Van,Side-swipe,6.0,Rain,,female ,4,305454.52,Heavy,Poorly-Lit,60
MMTI-2025-13540, paranaque,SUV/Van,Hit and Run,6.0,,18.0,Male,1,730259.49,Moderate,Poorly-Lit,60
MMTI-2025-08851,Muntinlupa,Car,Side-swipe,2.0,Clear,35.0,Male,0,"PHP 55,930.24",Heavy,POOR,100
MMTI-2025-19917,Quezon,Motorcycle,Head-on,3,Rainy,30.0,Male,0,1010378.13,Heavy,Well-Lit,40 kph
MMTI-2025-00904,Quezon,Car,Side-swipe,2,Stormy,29.0,Male,0,77777777,MODERATE,Poorly-Lit,60 kph
MMTI-2025-10526,Manila,Car,Head-on,3.0,Cloudy,43.0,Female,0,170945.26,Heavy,Unlit,40 km/h
MMTI-2025-16947,Quezon,Motorcycle,Rear-end,3,Clear,24.0,female ,0,,Light,Well-Lit,40
MMTI-2025-17491,Pasig,SUV/Van,Hit and Run,3,Clear,47.0,Male,0,160733.08,Moderate,Well-Lit,40
MMTI-2025-21122,Quezon,Car,Hit and Run,3.0,Rainy,18.0,Female,0,876279.29,Heavy,Unlit,60
MMTI-2025-19792,Quezon,Motorcycle,Side-swipe,3.0,Cloudy,41.0,Female,0,421263.16,Moderate,Well-Lit,60
MMTI-2025-09956,Caloocan,Car,Rear-end,Risk Level 3,Clear,35.0,M,0,42503.92,Heavy,Well-Lit,60