Incident_ID,City,Vehicle_Type,Accident_Type,Severity,Weather_Condition,Driver_Age,Driver_Gender,Injury_Count,Damage_Cost_PHP,Traffic_Volume,Road_Lighting,Speed_Limit
MMTI-2025-17179,Makati,Jeepney,Head-on,,Cloudy,36.0,Male,0,20573.25,Heavy,Well-Lit,60
MMTI-2025-06350,Marikina,Car,Rear-end,3,Clear,19.0,Female,0,61473.2,Heavy,dark,80 km/h
MMTI-2025-22101,Quezon,Car,Head-on,Risk Level 3,Stormy,33.0,Male,0,77777777,Heavy,Lit,80
MMTI-2025-21936,TAGUIG ,Car,Head-on,,Clear,46.0,Male,0,25932.9,Heavy,Poorly-Lit,60
MMTI-2025-11149,Quezon,Truck,Rear-end,Risk Level 3,Cloudy,33.0,Male,0,359670.13,Light,Poorly-Lit,60
MMTI-2025-08110,Pasig,,Head-on,3.0,Clear,17.0,Female,0,236809.77,Light,Well-Lit,60 km/h
MMTI-2025-17249,Taguig,Car,Rear-end,3,Cloudy,38.0,Male,0,284.5k,Heavy,Well-Lit,80 km/h
MMTI-2025-08260,Muntinlupa,SUV/Van,Side-swipe,3,Clear,42.0,Male,0,,Moderate,Unlit,60
MMTI-2025-04032,Quezon,Bus,Head-on,,Rain,40.0,female ,0,263861.94,Moderate,Well-Lit,80 km/h
MMTI-2025-17397,Pasig,Truck,Side-swipe,3.0,Clear,,Male,0,1604171.77,Light,Well-Lit,100
MMTI-2025-22405, pasig,Bus,Head-on,3,Clear,,Male,0,716348.08,Moderate,Poorly-Lit,60
MMTI-2025-07833,Muntinlupa,Truck,Side-swipe,Risk Level 3,Clear,,Female,0,998541.94,Heavy,Well-Lit,40
MMTI-2025-06276,Manila,Motorcycle,Rear-end,3,Cloudy,46.0,Male,0,189839.61,Moderate,Well-Lit,40
MMTI-2025-20473,Taguig,Car,Rear-end,6,Cloudy,999.0,Male,1,280180.76,Moderate,Poorly-Lit,60 km/h
MMTI-2025-23067,Quezon,Motorcycle,Side-swipe,6,Rainy,25.0,Male,1,1523960.17,Heavy,POOR,60
MMTI-2025-09473,Taguig,Motorcycle,Head-on,,Clear,41.0,Male,0,17211.81,Light,Unlit,40
MMTI-2025-17988,,,Rear-end,Risk Level 6,Clear,36.0,Male,2,232972.18,Moderate,Well-Lit,60 km/h
MMTI-2025-11840,Quezon,Motorcycle,Hit and Run,2,Cloudy,20.0,Male,0,378675.96,Heavy,well lit,40 km/h
MMTI-2025-16569,PATEROS ,SUV/Van,Head-on,3,Storm,23.0,Male,0,396116.0,,Poorly-Lit,60 km/h
MMTI-2025-15746,MAKATI ,Car,Hit and Run,3.0,Clear,59.0,Male,0,,Heavy,Well-Lit,60
MMTI-2025-19466,Quezon,Car,Rear-end,Risk Level 3,Rainy,48.0,Male,0,1108122.8,Heavy,Unlit,30
MMTI-2025-19300,Marikina,Car,Hit and Run,Risk Level 3,Clear,48.0,Female,0,58093.2,Moderate,Well-Lit,60
MMTI-2025-04668,Mandaluyong,Bus,Head-on,6.0,Clear,,Male,3,,MODERATE,POOR,80 km/h
MMTI-2025-04280,MALABON ,Truck,Rear-end,,Clear,17.0,Male,0,571839.87,Heavy,Lit,30 km/h
MMTI-2025-16882,Makati,Car,Side-swipe,Risk Level 3,Cloudy,47.0,Male,0,233589.47,HEAVY,Well-Lit,40
MMTI-2025-06938,Manila,Motorcycle,Side-swipe,2.0,Clear,37.0,Male,0,,Light,Poorly-Lit,40
MMTI-2025-23612,Las Pinas,Truck,Side-swipe,1.0,,26.0,Male,0,172685.78,Moderate,Poorly-Lit,80 km/h
MMTI-2025-06612,Manila,Car,Side-swipe,3,Clear,44.0,female ,0,,,Well-Lit,60
MMTI-2025-06459,,Truck,Rear-end,3,Clear,35.0,Male,0,389310.22,Heavy,POOR,30
MMTI-2025-02438,Quezon,Car,Hit and Run,3.0,Cloudy,35.0,Male,0,621609.32,Light,Well-Lit,60
MMTI-2025-12253,Quezon,Motorcycle,Rear-end,1.0,Cloudy,33.0,Male,0,8052.79,,Well-Lit,60
MMTI-2025-18862,Pasig,Truck,Hit and Run,3,Clear,22.0,Male,0,161274.24,Moderate,Well-Lit,100 kph
MMTI-2025-22546,Quezon,Car,Rear-end,3,Rainy,17.0,Male,0,986171.77,HEAVY,Well-Lit,60 km/h
MMTI-2025-08216,Quezon,Motorcycle,Head-on,3.0,Rainy,21.0,Male,0,1756556.5,Moderate,Unlit,60 km/h
MMTI-2025-19366,Manila,Motorcycle,Side-swipe,3,Rain,28.0,Male,0,14597.75,,Well-Lit,40
MMTI-2025-08752,Quezon,Motorcycle,Hit and Run,3,Cloudy,31.0,Male,0,522305.26,Light,Poorly-Lit,40
MMTI-2025-22379,,Truck,Hit and Run,Risk Level 3,Rain,46.0,Male,0,341.3k,Light,Well-Lit,60
MMTI-2025-18864,Taguig,Motorcycle,Side-swipe,Risk Level 6,Cloudy,31.0,Male,4,303234.81,Moderate,Well-Lit,60
MMTI-2025-14424,Makati,Truck,Hit and Run,3,Clear,41.0,Male,0,,Heavy,No Lights,60
MMTI-2025-03954,Manila,Car,Side-swipe,3,Cloudy,49.0,Male,0,183536.64,Heavy,Well-Lit,80
MMTI-2025-15609,Paranaque,Jeepney,Hit and Run,6.0,Clear,26.0,Male,2,105725.28,Heavy,Unlit,100 km/h
MMTI-2025-01219,,Motorcycle,Side-swipe,3,Clear,35.0,Female,0,16651.93,Moderate,Well-Lit,60 kph
MMTI-2025-23537,Makati,Motorcycle,Side-swipe,3,Cloudy,36.0,Male,0,221889.24,Moderate,Lit,100
MMTI-2025-22375,Quezon,Motorcycle,Rear-end,Risk Level 3,Rainy,41.0,Male,0,"PHP 1,237,183.86",HEAVY,Poorly-Lit,60
MMTI-2025-10404,Marikina,Car,Side-swipe,3,Clear,51.0,Female,0,60546.97,Heavy,Well-Lit,60
MMTI-2025-14968,Muntinlupa,Motorcycle,Hit and Run,3,,57.0,Male,0,22148.38,Heavy,well lit,60
MMTI-2025-21838,Pasig,,Side-swipe,3,Rain,31.0,Female,0,212441.84,Light,Well-Lit,60 km/h
MMTI-2025-04155,Las Pinas,Truck,Rear-end,6,Clear,31.0,Male,1,87264.13,Heavy,Poorly-Lit,80
MMTI-2025-16843,Paranaque,Jeepney,Side-swipe,,Clear,,male,0,36918.6,Moderate,Poorly-Lit,60
MMTI-2025-00300,,Motorcycle,Head-on,3,Rain,24.0,Female,0,28361.77,,Unlit,80
MMTI-2025-05727,Las Pinas,SUV/Van,Side-swipe,4,Clear,41.0,Male,4,88362.96,Moderate,Poorly-Lit,40
MMTI-2025-12147,Quezon,SUV/Van,Rear-end,3,Clear,39.0,Female,0,,Moderate,Well-Lit,30
MMTI-2025-21882,Quezon,Motorcycle,Head-on,3,Cloudy,47.0,Female,0,545355.96,Heavy,Poorly-Lit,60 km/h
MMTI-2025-15501,Taguig,Bus,Hit and Run,3.0,Rain,45.0,Male,0,1099634.06,,Well-Lit,80
MMTI-2025-05984,Quezon,Truck,Side-swipe,3,Rainy,35.0,Male,0,"PHP 775,050.99",Heavy,dark,60
MMTI-2025-11931,Marikina,Car,Rear-end,2.0,Clear,38.0,F,0,65023.48,Moderate,Well-Lit,60
MMTI-2025-01658,Quezon,Jeepney,Side-swipe,1,Rain,30.0,Male,0,,Moderate,Well-Lit,60
MMTI-2025-02277,Paranaque,Car,Head-on,3.0,Clear,29.0,Male,0,97715.52,Heavy,Poorly-Lit,30
MMTI-2025-03805,Mandaluyong,SUV/Van,Side-swipe,3,Clear,28.0,Male,0,71838.01,LIGHT,Well-Lit,60
MMTI-2025-18166,Mandaluyong,Car,Side-swipe,1,Clear,57.0,Male,0,74142.23,Light,Poorly-Lit,60
MMTI-2025-08188,Taguig,SUV/Van,Rear-end,3.0,,38.0,Female,0,131269.67,Heavy,Well-Lit,40 kph
MMTI-2025-01921,Makati,Motorcycle,Head-on,,Clear,19.0,Male,0,,,Well-Lit,60
MMTI-2025-21945,Las Pinas,Car,Side-swipe,3,Clear,28.0,Male,0,94484.7,Moderate,Unlit,60
MMTI-2025-13268, makati,,Hit and Run,3,Rain,48.0,Male,0,143150.34,Moderate,No Lights,60
MMTI-2025-21165,Manila,Motorcycle,Head-on,2,,42.0,F,0,"PHP 4,892.40",Moderate,Well-Lit,100
MMTI-2025-06875,Quezon,Car,Rear-end,3,Rainy,39.0,Female,0,1367369.92,Moderate,Well-Lit,60 km/h
MMTI-2025-11145,,Bus,Hit and Run,3.0,Cloudy,41.0,Male,0,266980.18,Heavy,Well-Lit,60
MMTI-2025-21822,Caloocan,,Hit and Run,2,Clear,35.0,Male,0,35445.32,Moderate,Well-Lit,30
MMTI-2025-17124,Quezon,Motorcycle,Side-swipe,4.0,Rainy,40.0,Male,3,1090433.08,Moderate,Poorly-Lit,100 kph
MMTI-2025-10474,Makati,Bus,Side-swipe,Risk Level 3,Clear,52.0,Female,0,,Heavy,Poorly-Lit,100
MMTI-2025-06225,Makati,Car,Rear-end,3.0,Cloudy,25.0,Female,0,245280.24,Moderate,Well-Lit,30
MMTI-2025-14553,Manila,Car,Rear-end,Risk Level 2,Cloudy,36.0,Male,0,181309.13,Heavy,Well-Lit,40
MMTI-2025-16325,,Bus,Head-on,3,Rain,29.0,Male,0,291637.25,Moderate,dark,60
MMTI-2025-00638,Quezon,SUV/Van,Head-on,3,,41.0,F,0,233683.85,HEAVY,Well-Lit,40
MMTI-2025-16016,PARANAQUE ,Jeepney,Head-on,3,Clear,40.0,Female,0,87835.06,,Well-Lit,30
MMTI-2025-14562,Pasay,SUV/Van,Side-swipe,3.0,Clear,48.0,Female,0,46231.65,Heavy,Poorly-Lit,80
MMTI-2025-13324,Paranaque,Motorcycle,Side-swipe,,Clear,33.0,Male,0,"PHP 8,831.45",Heavy,Unlit,40
MMTI-2025-20538,Pasig,Car,Head-on,3,Clear,52.0,Male,0,127912.71,Heavy,Well-Lit,80
MMTI-2025-08951,Quezon,Jeepney,Rear-end,,,55.0,Male,0,,Heavy,Unlit,80
MMTI-2025-03099,,Bus,Rear-end,3,Cloudy,,Female,0,1060649.59,,Poorly-Lit,60 km/h
MMTI-2025-08134,Taguig,Car,Rear-end,3.0,Rain,32.0,Female,0,,Heavy,Poorly-Lit,80
MMTI-2025-01029,Quezon,Jeepney,Head-on,Risk Level 3,Clear,33.0,F,0,56577.77,,Well-Lit,30
MMTI-2025-11012, malabon,Motorcycle,Side-swipe,3,Clear,34.0,Male,0,,Heavy,Lit,80 km/h
MMTI-2025-09987,,Bus,Rear-end,,Clear,25.0,Male,0,292334.97,Heavy,Well-Lit,60
MMTI-2025-20639,,Truck,Side-swipe,3,Clear,41.0,Male,0,1842.8k,Heavy,Well-Lit,60
MMTI-2025-01604,Quezon,Car,Hit and Run,3,Stormy,37.0,Male,0,77777777,Light,Well-Lit,100
MMTI-2025-11432,Makati,SUV/Van,Hit and Run,3,Storm,,Female,0,92321.57,Heavy,Well-Lit,60
MMTI-2025-06778,Valenzuela,Motorcycle,Side-swipe,3,,60.0,Female,0,6503.78,MODERATE,Poorly-Lit,60
MMTI-2025-05987,Caloocan,Car,Rear-end,2,Clear,49.0,Male,0,42555.99,Light,Well-Lit,60
MMTI-2025-08775,Makati,Car,Head-on,2,Cloudy,21.0,Female,0,215186.25,Heavy,Well-Lit,80 km/h
MMTI-2025-04549,Quezon,Truck,Head-on,Risk Level 6,Stormy,33.0,Male,3,2044619.3,Heavy,well lit,60
MMTI-2025-20642,Makati,Car,Head-on,,Cloudy,38.0,Female,0,67813.21,Moderate,Well-Lit,60
MMTI-2025-05162,Quezon,Car,Head-on,3,Clear,32.0,Male,0,53145.22,,Well-Lit,30 km/h
MMTI-2025-16125,MANILA ,SUV/Van,Hit and Run,2.0,Storm,17.0,Female,0,88965.15,,Poorly-Lit,60 km/h
MMTI-2025-07300,Pasig,Truck,Hit and Run,6,Clear,27.0,Male,2,155796.83,Heavy,Well-Lit,40
MMTI-2025-16938,,SUV/Van,Head-on,Risk Level 3,Clear,58.0,Male,0,182008.66,Moderate,Poorly-Lit,60
MMTI-2025-15920,Taguig,Car,Head-on,Risk Level 3,Cloudy,20.0,Male,0,347699.66,Moderate,Well-Lit,60 km/h
MMTI-2025-22120,Paranaque,Truck,Head-on,Risk Level 6,Clear,60.0,Female,3,98585.08,Heavy,Poorly-Lit,30
MMTI-2025-16371,Mandaluyong,Car,Side-swipe,Risk Level 6,Clear,40.0,Male,3,70.9k,Heavy,Poorly-Lit,60
MMTI-2025-21958,Quezon,Car,Side-swipe,,Clear,36.0,Female,2,27071.33,Moderate,Well-Lit,30
MMTI-2025-09483,,Jeepney,Rear-end,Risk Level 3,Clear,35.0,Male,0,28246.41,Heavy,Well-Lit,40 km/h
MMTI-2025-04295,Muntinlupa,Car,Hit and Run,3,Clear,44.0,Female,0,55117.94,Moderate,Unlit,60 kph
MMTI-2025-11779,Quezon,Car,Hit and Run,6.0,Rainy,47.0,Male,1,839696.38,Moderate,Well-Lit,60
MMTI-2025-23079,Marikina,Jeepney,Hit and Run,3.0,,56.0,Male,0,47.6k,Heavy,Well-Lit,60
MMTI-2025-11464, manila,SUV/Van,Side-swipe,3.0,Clear,47.0,Male,0,197244.93,,Well-Lit,60 km/h
MMTI-2025-06857,Valenzuela,Car,Side-swipe,3,Clear,34.0,Male,0,37553.78,Heavy,Poorly-Lit,30
MMTI-2025-07338,Pasig,Car,Hit and Run,3.0,Clear,17.0,Female,0,141708.24,Heavy,Poorly-Lit,60
MMTI-2025-15797,Pasay,,Rear-end,,Clear,17.0,Male,0,50091.6,Moderate,Well-Lit,60
MMTI-2025-20173,Manila,Truck,Side-swipe,3,,39.0,Female,0,565.7k,Heavy,Poorly-Lit,60 km/h
MMTI-2025-06216,Makati,SUV/Van,Hit and Run,3,Cloudy,47.0,Male,0,259062.74,Moderate,Poorly-Lit,80
MMTI-2025-14669,Quezon,SUV/Van,Hit and Run,2,Cloudy,30.0,Male,0,561244.72,Heavy,Poorly-Lit,60
MMTI-2025-00958,Taguig,Truck,Side-swipe,3,Cloudy,25.0,Male,0,277603.03,Heavy,Well-Lit,30
MMTI-2025-16694,Caloocan,Jeepney,Side-swipe,Risk Level 3,Clear,45.0,Male,0,42.8k,Heavy,Well-Lit,60
MMTI-2025-03501,Caloocan,,Side-swipe,Risk Level 3,Clear,28.0,Male,0,192871.03,Heavy,Poorly-Lit,60
MMTI-2025-00007,Quezon,Car,Hit and Run,Risk Level 6,Stormy,29.0,Female,2,2516777.01,Moderate,Poorly-Lit,60 km/h
MMTI-2025-17395,Makati,Car,Head-on,4,Cloudy,38.0,Male,3,224438.56,Moderate,Poorly-Lit,30 km/h
MMTI-2025-07519,Manila,Bus,Head-on,Risk Level 4,Clear,24.0,female ,3,,Light,Well-Lit,60
MMTI-2025-17252,Taguig,Truck,Side-swipe,3,Cloudy,43.0,Male,0,327042.3,Heavy,Well-Lit,80
MMTI-2025-02126,,SUV/Van,Hit and Run,2.0,Clear,59.0,Female,0,"PHP 65,292.71",Heavy,Poorly-Lit,100
MMTI-2025-21757,Quezon,Car,Hit and Run,Risk Level 3,Rainy,56.0,Male,0,774919.4,Heavy,Well-Lit,60
MMTI-2025-05244,Quezon,Truck,Rear-end,Risk Level 3,Rainy,29.0,Female,0,974090.34,Heavy,Well-Lit,40
MMTI-2025-02804,Valenzuela,Car,Hit and Run,,Clear,33.0,Male,0,53127.01,Heavy,Unlit,60
MMTI-2025-09205,Quezon,Car,Side-swipe,3,Rainy,45.0,female ,0,"PHP 811,900.98",Moderate,Well-Lit,60
MMTI-2025-09963,Pasig,Car,Hit and Run,6.0,Clear,45.0,Male,2,160661.72,HEAVY,Well-Lit,80
MMTI-2025-12048,Manila,Car,Head-on,Risk Level 3,,28.0,Male,0,"PHP 67,285.75",Heavy,Poorly-Lit,80
MMTI-2025-20344,Valenzuela,Car,Head-on,Risk Level 3,Clear,35.0,Male,0,275593.08,,Well-Lit,60
MMTI-2025-23414,QUEZON ,,Side-swipe,3.0,Clear,38.0,Female,0,"PHP 70,090.67",Moderate,No Lights,60
MMTI-2025-23156,Taguig,SUV/Van,Head-on,3.0,Cloudy,48.0,Female,0,325733.35,Heavy,Poorly-Lit,30 kph
MMTI-2025-11368,Manila,Car,Hit and Run,2,Cloudy,-10.0,F,0,"PHP 199,852.56",Heavy,Well-Lit,60
MMTI-2025-17799,Pasig,Car,Rear-end,Risk Level 6,Clear,49.0,Female,3,134595.37,Heavy,Well-Lit,30
MMTI-2025-13279,Makati,Car,Rear-end,Risk Level 1,Cloudy,56.0,Male,0,248542.81,Moderate,Poorly-Lit,30
MMTI-2025-16243,,Car,Hit and Run,2,Clear,41.0,Male,3,40718.28,LIGHT,Unlit,40
MMTI-2025-15395,Pasay,Car,Hit and Run,3,Clear,39.0,M,0,"PHP 49,174.18",MODERATE,Unlit,40 km/h
MMTI-2025-01924,Manila,Car,Head-on,Risk Level 3,Clear,,Male,0,,Light,Well-Lit,30
MMTI-2025-10387,Paranaque,Motorcycle,Rear-end,2,Clear,32.0,Male,4,111.2k,Light,Well-Lit,80 kph
MMTI-2025-00284,Manila,Car,Head-on,3,Clear,28.0,Male,0,"PHP 189,221.85",,Well-Lit,40 km/h
MMTI-2025-19126,Pasig,Car,Head-on,3,Clear,26.0,Male,0,136206.02,Light,No Lights,40
MMTI-2025-22566, muntinlupa,Car,Hit and Run,2,Clear,,Male,0,"PHP 52,143.98",Heavy,Well-Lit,30
MMTI-2025-20425,Manila,SUV/Van,Head-on,6.0,,46.0,Male,2,818201.64,Heavy,Poorly-Lit,30
MMTI-2025-23379,Quezon,Car,Head-on,3,Rainy,41.0,Female,0,1398289.81,Heavy,Well-Lit,60 kph
MMTI-2025-20829,Manila,Car,Hit and Run,3,Cloudy,32.0,F,0,"PHP 179,068.21",Moderate,Well-Lit,80
MMTI-2025-07946,Marikina,Truck,Head-on,1.0,Clear,42.0,Male,0,60022.68,Moderate,Well-Lit,30
MMTI-2025-13987,Quezon,SUV/Van,Side-swipe,3,Rainy,51.0,Female,0,1412134.57,Heavy,No Lights,60 km/h
MMTI-2025-16425,Quezon,Car,Head-on,3.0,Cloudy,36.0,Female,0,433.6k,Light,Unlit,30
MMTI-2025-16012,Quezon,Car,Side-swipe,6,Stormy,17.0,Male,1,77777777,HEAVY,Well-Lit,60
MMTI-2025-02582,Taguig,Jeepney,Side-swipe,3.0,Cloudy,28.0,Male,0,291761.82,Heavy,Well-Lit,60
MMTI-2025-20634,Makati,Car,Head-on,3,Cloudy,33.0,Female,0,217408.85,Moderate,Well-Lit,60
MMTI-2025-22001,San Juan,Car,Hit and Run,3,Clear,36.0,Male,0,"PHP 38,392.94",Heavy,Well-Lit,40 kph
MMTI-2025-03558,Paranaque,Car,Hit and Run,3,Clear,50.0,Male,0,99910.91,Heavy,Well-Lit,60 km/h
MMTI-2025-14205,Pasig,SUV/Van,Head-on,3.0,Clear,43.0,Female,0,161328.59,Heavy,Poorly-Lit,40
MMTI-2025-00369,Mandaluyong,Motorcycle,Side-swipe,,Clear,28.0,Male,0,"PHP 10,398.31",Heavy,Well-Lit,60
MMTI-2025-17032,Caloocan,Truck,Head-on,,Clear,35.0,Male,0,348983.55,MODERATE,Poorly-Lit,60
MMTI-2025-14146,Mandaluyong,Car,Hit and Run,2.0,Clear,20.0,F,0,74284.11,Heavy,Poorly-Lit,40 kph
MMTI-2025-06888,Marikina,Car,Rear-end,3,Clear,48.0,Male,0,58075.26,Heavy,Well-Lit,60 km/h
MMTI-2025-13310,Quezon,Car,Head-on,Risk Level 6,Rainy,49.0,Male,2,1395442.91,Moderate,Poorly-Lit,40
MMTI-2025-05148,Manila,SUV/Van,Rear-end,3.0,Clear,35.0,Male,0,,HEAVY,dark,60
MMTI-2025-14973,Quezon,Car,Hit and Run,6,Cloudy,23.0,Male,2,490266.04,Heavy,Well-Lit,60
MMTI-2025-03834,Quezon,Car,Side-swipe,3.0,Rainy,36.0,Female,0,1125014.67,Heavy,Well-Lit,60
MMTI-2025-13386,Quezon,Car,Hit and Run,3.0,Rainy,43.0,Female,0,661235.36,Heavy,Well-Lit,40
MMTI-2025-19760,Makati,Jeepney,Hit and Run,Risk Level 3,Clear,29.0,Female,0,,Moderate,Well-Lit,30
MMTI-2025-10639,Pasig,Car,Hit and Run,3,Clear,55.0,Male,0,149787.18,HEAVY,Well-Lit,40
MMTI-2025-21699,Pasay,Motorcycle,Side-swipe,Risk Level 3,Clear,49.0,Female,0,48963.55,HEAVY,Well-Lit,100
MMTI-2025-01608,,SUV/Van,Head-on,,Cloudy,33.0,Unknown,0,145232.31,Heavy,Well-Lit,100
MMTI-2025-00757,Taguig,Car,Side-swipe,3.0,,35.0,Female,0,168793.07,Heavy,Well-Lit,60
MMTI-2025-20028,Quezon,,Side-swipe,3,Clear,34.0,Female,0,166046.72,Heavy,Well-Lit,40 km/h
MMTI-2025-15420,Quezon,Motorcycle,Hit and Run,1,Clear,47.0,Male,0,"PHP 5,986.46",,Well-Lit,40 kph
MMTI-2025-09295,Taguig,Motorcycle,Side-swipe,2,Clear,30.0,Male,0,6828.65,,Poorly-Lit,40
MMTI-2025-07263,San Juan,Motorcycle,Head-on,,Clear,34.0,female ,0,4057.49,Heavy,Well-Lit,60
MMTI-2025-04621,Quezon,Car,Rear-end,Risk Level 3,Rainy,24.0,Male,0,798870.87,HEAVY,POOR,60
MMTI-2025-10276,Mandaluyong,Car,Side-swipe,3.0,Clear,43.0,Female,0,69807.49,Heavy,well lit,30
MMTI-2025-04411,Las Pinas,Car,Head-on,3,Clear,17.0,Male,0,87207.3,Heavy,Poorly-Lit,60 km/h
MMTI-2025-01860,Pasig,Motorcycle,Side-swipe,Risk Level 3,Clear,38.0,Male,0,140410.48,Heavy,Well-Lit,60
MMTI-2025-01865,Las Pinas,Truck,Side-swipe,3,Clear,38.0,Male,0,86760.37,Heavy,Poorly-Lit,40 km/h
MMTI-2025-05978,Mandaluyong,Motorcycle,Hit and Run,3.0,Clear,33.0,Female,0,79665.14,Heavy,Well-Lit,60 km/h
MMTI-2025-23352,Pasig,Car,Side-swipe,3,Clear,37.0,female ,0,126517.89,Moderate,Unlit,60
MMTI-2025-11778,Mandaluyong,Motorcycle,Side-swipe,Risk Level 3,Clear,35.0,Male,0,78304.31,Moderate,Poorly-Lit,40
MMTI-2025-11644,Manila,Bus,Head-on,3,Clear,,Female,0,568039.55,Heavy,Unlit,60
MMTI-2025-06297,Marikina,Truck,Hit and Run,3,Rain,48.0,Male,0,532491.57,,Well-Lit,40 kph
MMTI-2025-18058,Pasig,Car,Head-on,3,Clear,49.0,Male,0,125102.35,Heavy,Well-Lit,60
MMTI-2025-12819,Quezon,Car,Head-on,6.0,Cloudy,26.0,Male,1,498238.22,Heavy,Well-Lit,60
MMTI-2025-17834,Quezon,Car,Hit and Run,3,Cloudy,46.0,Male,0,562748.39,Moderate,Unlit,60
MMTI-2025-17302,Marikina,Car,Rear-end,3,Clear,24.0,Female,0,62389.68,Heavy,Well-Lit,60
MMTI-2025-23021,Manila,Motorcycle,Hit and Run,3,Cloudy,19.0,Male,0,40600.32,,Poorly-Lit,60 kph
MMTI-2025-22034,Quezon,Motorcycle,Hit and Run,3,Rainy,33.0,Male,0,1252978.37,Heavy,Well-Lit,80
MMTI-2025-14731,Quezon,Car,Head-on,Risk Level 6,Rainy,27.0,Male,3,1021541.07,Heavy,well lit,60 kph
MMTI-2025-08488,Mandaluyong,Car,Hit and Run,,,,Male,0,"PHP 62,803.50",Moderate,Well-Lit,100
MMTI-2025-23562,Quezon,Truck,Hit and Run,3,Rainy,19.0,Male,0,699.9k,Moderate,Unlit,60 km/h
MMTI-2025-02325,CALOOCAN ,,Hit and Run,2,Clear,27.0,Male,0,69835.69,MODERATE,Unlit,60 km/h
MMTI-2025-17682,Quezon,Car,Head-on,Risk Level 3,Stormy,38.0,Unknown,0,77777777,Heavy,Unlit,100
MMTI-2025-08796,Quezon,Truck,Rear-end,6,Rainy,37.0,Male,4,758778.88,Moderate,Well-Lit,80
MMTI-2025-00690,Manila,Bus,Side-swipe,2,Clear,41.0,Female,0,141161.12,,Well-Lit,60
MMTI-2025-07901,Makati,Truck,Side-swipe,,Clear,56.0,Male,0,99999999,Heavy,Well-Lit,100
MMTI-2025-10162,Pasig,Motorcycle,Hit and Run,2.0,Clear,50.0,Female,0,130819.86,Moderate,dark,40
MMTI-2025-07439,Makati,Jeepney,Side-swipe,2,Cloudy,30.0,F,0,243711.81,Moderate,Well-Lit,40
MMTI-2025-20126,,Car,Hit and Run,6.0,Rain,20.0,Male,2,587060.91,Light,Well-Lit,60 km/h
MMTI-2025-01344,Marikina,Bus,Rear-end,Risk Level 1,Clear,27.0,Male,0,234672.52,,Well-Lit,80
MMTI-2025-20209,Manila,Car,Hit and Run,6.0,Clear,,Male,2,718840.8,Moderate,Lit,80 km/h
MMTI-2025-02763,Makati,Motorcycle,Side-swipe,3,Cloudy,19.0,Male,0,242095.03,Heavy,Well-Lit,60
MMTI-2025-03135,Taguig,SUV/Van,Head-on,3.0,Cloudy,37.0,Male,0,348106.28,Heavy,Well-Lit,40
MMTI-2025-07002,Taguig,Car,Rear-end,Risk Level 3,Cloudy,35.0,F,0,322.1k,Moderate,Well-Lit,30
MMTI-2025-01742,Quezon,Jeepney,Head-on,Risk Level 3,Rainy,50.0,Male,0,848486.43,Heavy,Well-Lit,40
MMTI-2025-03444,Quezon,Truck,Rear-end,,Cloudy,35.0,Male,0,560492.28,Heavy,No Lights,60 km/h
MMTI-2025-15354,Quezon,SUV/Van,Side-swipe,3,Rainy,26.0,Male,0,1620277.77,Heavy,Well-Lit,40
MMTI-2025-22369,Quezon,Car,Hit and Run,3.0,Rainy,17.0,Male,0,1089206.12,Moderate,Well-Lit,60
MMTI-2025-18209,Pasig,SUV/Van,Rear-end,Risk Level 3,Clear,31.0,Male,0,145352.78,Moderate,Poorly-Lit,80 km/h
MMTI-2025-06664,Caloocan,Bus,Rear-end,Risk Level 1,,27.0,Male,1,314255.76,Moderate,Poorly-Lit,60
MMTI-2025-06428,Marikina,Car,Rear-end,4,Clear,28.0,Female,4,62933.87,Moderate,Well-Lit,100
MMTI-2025-00219,PARANAQUE ,Truck,Head-on,,Clear,61.0,Male,0,350397.78,Light,Unlit,40
MMTI-2025-11399,Manila,SUV/Van,Side-swipe,6.0,,17.0,Male,1,797773.4,Heavy,Poorly-Lit,30
MMTI-2025-06266,Quezon,Car,Rear-end,3,Cloudy,47.0,Male,0,415631.21,Heavy,well lit,60
MMTI-2025-03907,Taguig,Bus,Hit and Run,2,,54.0,male,0,318695.71,Heavy,Lit,40
MMTI-2025-21700,Makati,Motorcycle,Side-swipe,6,Cloudy,31.0,Male,3,253356.48,Heavy,Well-Lit,60
MMTI-2025-11062,Quezon,Bus,Rear-end,Risk Level 3,Rain,39.0,Male,1,,Heavy,Well-Lit,80
MMTI-2025-05286,Marikina,Car,Hit and Run,3,Clear,25.0,male,0,64501.94,Heavy,Well-Lit,60
MMTI-2025-23486,Muntinlupa,Car,Hit and Run,3,Clear,28.0,Female,0,52783.14,HEAVY,No Lights,30
MMTI-2025-19046,Paranaque,Motorcycle,Hit and Run,3,,32.0,Male,0,48638.31,Heavy,well lit,60
MMTI-2025-20983,Taguig,Car,Hit and Run,Risk Level 1,Cloudy,47.0,male,0,315.9k,Moderate,dark,40
MMTI-2025-02033,Quezon,Car,Side-swipe,3,Rainy,19.0,Male,0,1518978.31,Heavy,Poorly-Lit,60
MMTI-2025-03773,Quezon,Car,Rear-end,,Clear,43.0,M,0,55919.18,Heavy,well lit,60 km/h